food_id,food_name,source,protein_g,fat_g,carbs_g,fiber_g,calories,food_type
171686,"Acerola, (west indian cherry), raw",SR Legacy,0.4,0.3,7.69,1.1,32.0,vegan
168061,Acorn stew (Apache),SR Legacy,6.81,3.47,9.22,0.7,95.0,vegan
169823,"Agutuk, fish with shortening (Alaskan ice cream) (Alaska Native)",SR Legacy,9.0,43.5,10.5,,470.0,non_vegetarian
168976,"Agutuk, fish/berry with seal oil (Alaskan ice cream) (Alaska Native)",SR Legacy,3.4,31.8,13.4,0.5,353.0,non_vegetarian
168977,"Agutuk, meat-caribou (Alaskan ice cream) (Alaska Native)",SR Legacy,21.7,18.6,0.9,,258.0,non_vegetarian
2768188,"Alaska Pollock, raw",Foundation Foods,17.33,0.9925,0.0565,0.0,78.4785,non_vegetarian
175098,"Alcoholic beverage, liqueur, coffee with cream, 34 proof",SR Legacy,2.8,15.7,20.9,0.0,327.0,vegetarian
174141,"Alcoholic beverage, malt beer, hard lemonade",SR Legacy,0.0,0.0,10.07,0.0,68.0,vegan
167723,"Alcoholic beverage, rice (sake)",SR Legacy,0.5,0.0,5.0,0.0,134.0,vegan
168384,"Alfalfa seeds, sprouted, raw",SR Legacy,3.99,0.69,2.1,1.9,23.0,vegan
2262074,"Almond butter, creamy",Foundation Foods,20.78734,53.04,21.23666,9.718,645.456,vegetarian
2257045,"Almond milk, unsweetened, plain, refrigerated",Foundation Foods,0.65625,1.558,0.67075,0.0,19.33,vegetarian
1750338,"Almond milk, unsweetened, plain, shelf stable",Foundation Foods,0.5546875,1.221,0.3371125,0.0,14.5562,vegetarian
170683,"Amaranth grain, cooked",SR Legacy,3.8,1.58,18.69,2.1,102.0,vegan
170682,"Amaranth grain, uncooked",SR Legacy,13.56,7.02,65.25,6.7,371.0,vegan
168492,"Amaranth leaves, cooked, boiled, drained, with salt",SR Legacy,2.11,0.18,4.11,,21.0,vegan
169202,"Amaranth leaves, cooked, boiled, drained, without salt",SR Legacy,2.11,0.18,4.11,,21.0,vegan
168385,"Amaranth leaves, raw",SR Legacy,2.46,0.33,4.02,,23.0,vegan
2747652,"Anchovies, canned in olive oil, with salt, drained",Foundation Foods,26.9375,9.853,2.4095,,206.065,vegan
172345,"Animal fat, bacon grease",SR Legacy,0.0,99.5,0.0,0.0,897.0,non_vegetarian
167771,"Apple juice, canned or bottled, unsweetened, with added ascorbic acid",SR Legacy,0.1,0.13,11.3,0.2,46.0,vegan
167800,"Apple juice, canned or bottled, unsweetened, with added ascorbic acid, calcium, and potassium",SR Legacy,0.12,0.17,11.49,0.3,48.0,vegan
173933,"Apple juice, canned or bottled, unsweetened, without added ascorbic acid",SR Legacy,0.1,0.13,11.3,0.2,46.0,vegan
173935,"Apple juice, frozen concentrate, unsweetened, diluted with 3 volume water without added ascorbic acid",SR Legacy,0.14,0.1,11.54,0.1,47.0,vegan
167775,"Apple juice, frozen concentrate, unsweetened, diluted with 3 volume water, with added ascorbic acid",SR Legacy,0.14,0.1,11.54,0.1,47.0,vegan
168188,"Apple juice, frozen concentrate, unsweetened, undiluted, with added ascorbic acid",SR Legacy,0.51,0.37,41.0,,166.0,vegan
173934,"Apple juice, frozen concentrate, unsweetened, undiluted, without added ascorbic acid",SR Legacy,0.51,0.37,41.0,0.4,166.0,vegan
2003590,"Apple juice, with added vitamin C, from concentrate, shelf stable",Foundation Foods,0.0859375,0.2863,11.3639625,,48.3763,vegan
169831,"APPLEBEE'S, 9 oz house sirloin steak",SR Legacy,26.85,9.08,0.0,,189.0,vegan
169841,"APPLEBEE'S, chicken tenders platter",SR Legacy,19.62,16.24,17.98,1.0,297.0,non_vegetarian
169012,"APPLEBEE'S, chicken tenders, from kids' menu",SR Legacy,19.25,16.15,18.36,1.2,296.0,non_vegetarian
169018,"APPLEBEE'S, chili",SR Legacy,12.56,9.79,4.57,1.4,157.0,vegan
169020,"APPLEBEE'S, coleslaw",SR Legacy,0.79,7.09,13.17,2.8,120.0,vegan
169840,"APPLEBEE'S, crunchy onion rings",SR Legacy,4.58,19.61,40.17,3.1,356.0,vegan
169008,"APPLEBEE'S, Double Crunch Shrimp",SR Legacy,12.31,18.9,25.96,2.6,323.0,non_vegetarian
169017,"APPLEBEE'S, fish, hand battered",SR Legacy,13.23,9.14,16.65,0.9,202.0,non_vegetarian
169009,"APPLEBEE'S, french fries",SR Legacy,3.31,13.17,39.5,3.9,290.0,vegan
169010,"APPLEBEE'S, KRAFT, Macaroni & Cheese, from kid's menu",SR Legacy,5.01,4.34,21.08,1.3,143.0,vegetarian
169011,"APPLEBEE'S, mozzarella sticks",SR Legacy,14.87,18.37,22.87,2.1,316.0,vegan
173930,"Apples, canned, sweetened, sliced, drained, heated",SR Legacy,0.18,0.43,16.84,2.0,67.0,vegan
171690,"Apples, dehydrated (low moisture), sulfured, stewed",SR Legacy,0.28,0.12,19.91,2.6,74.0,vegan
173931,"Apples, dehydrated (low moisture), sulfured, uncooked",SR Legacy,1.32,0.58,93.53,12.4,346.0,vegan
171693,"Apples, dried, sulfured, stewed, with added sugar",SR Legacy,0.2,0.07,20.73,1.9,83.0,vegan
171692,"Apples, dried, sulfured, stewed, without added sugar",SR Legacy,0.22,0.07,15.32,2.0,57.0,vegan
171691,"Apples, dried, sulfured, uncooked",SR Legacy,0.93,0.32,65.89,8.7,243.0,vegan
173932,"Apples, frozen, unsweetened, heated (Includes foods for USDA's Food Distribution Program)",SR Legacy,0.29,0.33,12.0,1.3,47.0,vegan
171694,"Apples, frozen, unsweetened, unheated (Includes foods for USDA's Food Distribution Program)",SR Legacy,0.28,0.32,12.31,1.3,48.0,vegan
1105897,"Apples, fuji, with skin, raw",Foundation Foods,0.15,0.16,15.7,2.1,65.0,vegan
1105781,"Apples, gala, with skin, raw",Foundation Foods,0.13,0.15,14.8,2.1,61.0,vegan
1105664,"Apples, granny smith, with skin, raw",Foundation Foods,0.27,0.14,14.2,2.5,59.0,vegan
1105547,"Apples, honeycrisp, with skin, raw",Foundation Foods,0.1,0.1,14.7,1.7,60.0,vegetarian
167793,"Apples, raw, fuji, with skin (Includes foods for USDA's Food Distribution Program)",SR Legacy,0.2,0.18,15.22,2.1,63.0,vegan
168204,"Apples, raw, gala, with skin (Includes foods for USDA's Food Distribution Program)",SR Legacy,0.25,0.12,13.68,2.3,57.0,vegan
168202,"Apples, raw, golden delicious, with skin",SR Legacy,0.28,0.15,13.6,2.4,57.0,vegan
168203,"Apples, raw, granny smith, with skin (Includes foods for USDA's Food Distribution Program)",SR Legacy,0.44,0.19,13.61,2.8,58.0,vegan
168201,"Apples, raw, red delicious, with skin (Includes foods for USDA's Food Distribution Program)",SR Legacy,0.27,0.2,14.06,2.3,59.0,vegan
171688,"Apples, raw, with skin (Includes foods for USDA's Food Distribution Program)",SR Legacy,0.26,0.17,13.81,2.4,52.0,vegan
171689,"Apples, raw, without skin",SR Legacy,0.27,0.13,12.76,1.3,48.0,vegan
173928,"Apples, raw, without skin, cooked, boiled",SR Legacy,0.26,0.36,13.64,2.4,53.0,vegan
173929,"Apples, raw, without skin, cooked, microwave",SR Legacy,0.28,0.42,14.41,2.8,56.0,vegan
1105430,"Apples, red delicious, with skin, raw",Foundation Foods,0.19,0.21,14.8,2.0,62.0,vegan
167773,"Applesauce, canned, sweetened, with salt",SR Legacy,0.18,0.18,19.91,1.2,76.0,vegan
171696,"Applesauce, canned, sweetened, without salt",SR Legacy,0.16,0.17,17.49,1.2,68.0,vegan
167772,"Applesauce, canned, unsweetened, with added ascorbic acid",SR Legacy,0.17,0.1,11.27,1.1,42.0,vegan
171695,"Applesauce, canned, unsweetened, without added ascorbic acid (Includes foods for USDA's Food Distribution Program)",SR Legacy,0.17,0.1,11.27,1.1,42.0,vegan
2263892,"Applesauce, unsweetened, with added vitamin C",Foundation Foods,0.2734375,0.1625,12.2615625,,51.6025,vegan
171704,"Apricot nectar, canned, with added ascorbic acid",SR Legacy,0.17,0.45,13.63,0.1,56.0,vegan
2710815,"Apricot, with skin, raw",Foundation Foods,0.96125,0.405,10.23875,1.51,48.445,vegan
171701,"Apricots, canned, extra heavy syrup pack, without skin, solids and liquids",SR Legacy,0.55,0.04,24.85,1.6,96.0,vegan
173938,"Apricots, canned, extra light syrup pack, with skin, solids and liquids (Includes foods for USDA's Food Distribution Program)",SR Legacy,0.6,0.1,12.5,1.6,49.0,vegan
171699,"Apricots, canned, heavy syrup pack, with skin, solids and liquids",SR Legacy,0.53,0.08,21.47,1.6,83.0,vegan
171700,"Apricots, canned, heavy syrup pack, without skin, solids and liquids",SR Legacy,0.51,0.09,21.45,1.6,83.0,vegan
167768,"Apricots, canned, heavy syrup, drained",SR Legacy,0.64,0.11,21.31,2.7,83.0,vegan
173937,"Apricots, canned, juice pack, with skin, solids and liquids",SR Legacy,0.63,0.04,12.34,1.6,48.0,vegan
173939,"Apricots, canned, light syrup pack, with skin, solids and liquids",SR Legacy,0.53,0.05,16.49,1.6,63.0,vegan
171698,"Apricots, canned, water pack, with skin, solids and liquids",SR Legacy,0.71,0.16,6.39,1.6,27.0,vegan
173936,"Apricots, canned, water pack, without skin, solids and liquids",SR Legacy,0.69,0.03,5.48,1.1,22.0,vegan
173940,"Apricots, dehydrated (low-moisture), sulfured, stewed",SR Legacy,1.93,0.24,32.62,,126.0,vegan
171702,"Apricots, dehydrated (low-moisture), sulfured, uncooked",SR Legacy,4.9,0.62,82.89,,320.0,vegan
173943,"Apricots, dried, sulfured, stewed, with added sugar",SR Legacy,1.17,0.15,29.26,4.1,113.0,vegan
173942,"Apricots, dried, sulfured, stewed, without added sugar",SR Legacy,1.2,0.18,22.15,2.6,85.0,vegan
173941,"Apricots, dried, sulfured, uncooked",SR Legacy,3.39,0.51,62.64,7.3,241.0,vegan
171703,"Apricots, frozen, sweetened",SR Legacy,0.7,0.1,25.1,2.2,98.0,vegan
171697,"Apricots, raw",SR Legacy,1.4,0.39,11.12,2.0,48.0,vegan
170791,"ARBY'S, roast beef sandwich, classic",SR Legacy,15.17,10.3,22.21,1.3,242.0,non_vegetarian
173245,"Archway Home Style Cookies, Coconut Macaroon",SR Legacy,3.02,22.55,61.23,5.1,460.0,vegan
173246,"Archway Home Style Cookies, Date Filled Oatmeal",SR Legacy,4.67,12.05,68.16,2.1,400.0,vegan
173248,"Archway Home Style Cookies, Frosty Lemon",SR Legacy,4.41,17.11,64.78,0.7,430.0,vegan
173249,"Archway Home Style Cookies, Iced Molasses",SR Legacy,3.5,14.43,69.12,1.0,420.0,vegan
175072,"Archway Home Style Cookies, Iced Oatmeal",SR Legacy,4.89,16.53,66.76,2.0,435.0,vegan
175073,"Archway Home Style Cookies, Molasses",SR Legacy,4.25,12.06,69.41,1.2,403.0,vegan
175074,"Archway Home Style Cookies, Oatmeal",SR Legacy,5.48,14.08,68.17,2.9,421.0,vegan
175075,"Archway Home Style Cookies, Oatmeal Raisin",SR Legacy,5.17,12.08,69.27,2.7,406.0,vegan
173250,"Archway Home Style Cookies, Old Fashioned Molasses",SR Legacy,4.27,11.83,70.55,1.1,406.0,vegan
173252,"Archway Home Style Cookies, Peanut Butter",SR Legacy,9.0,24.28,58.48,2.8,480.0,vegetarian
173253,"Archway Home Style Cookies, Raspberry Filled",SR Legacy,4.35,13.26,65.92,2.2,400.0,vegan
175076,"Archway Home Style Cookies, Strawberry Filled",SR Legacy,4.35,13.26,65.92,2.2,400.0,vegan
175070,"Archway Home Style Cookies, Sugar Free Oatmeal",SR Legacy,5.54,20.92,67.2,1.9,442.0,vegan
170684,Arrowroot flour,SR Legacy,0.3,0.1,88.15,3.4,357.0,vegan
169311,"Artichokes, (globe or french), cooked, boiled, drained, with salt",SR Legacy,2.89,0.34,11.39,5.7,51.0,vegan
168386,"Artichokes, (globe or french), cooked, boiled, drained, without salt",SR Legacy,2.89,0.34,11.95,5.7,53.0,vegan
169312,"Artichokes, (globe or french), frozen, cooked, boiled, drained, with salt",SR Legacy,3.11,0.5,9.18,4.6,45.0,vegan
168388,"Artichokes, (globe or french), frozen, cooked, boiled, drained, without salt",SR Legacy,3.11,0.5,9.18,4.6,45.0,vegan
168387,"Artichokes, (globe or french), frozen, unprepared",SR Legacy,2.63,0.43,7.75,3.9,38.0,vegan
169205,"Artichokes, (globe or french), raw",SR Legacy,3.27,0.15,10.51,5.4,47.0,vegan
175078,"Artificial Blueberry Muffin Mix, dry",SR Legacy,4.7,8.7,77.45,,407.0,vegan
2710822,"Arugula, baby, raw",Foundation Foods,1.64875,0.325,5.36825,2.28,30.993,vegan
169387,"Arugula, raw",SR Legacy,2.58,0.66,3.65,1.6,25.0,vegan
169207,"Asparagus, canned, drained solids",SR Legacy,2.14,0.65,2.46,1.6,19.0,vegan
169314,"Asparagus, canned, no salt added, solids and liquids",SR Legacy,1.8,0.18,2.48,1.0,15.0,vegan
169206,"Asparagus, canned, regular pack, solids and liquids",SR Legacy,1.8,0.18,2.48,1.0,15.0,vegan
168390,"Asparagus, cooked, boiled, drained",SR Legacy,2.4,0.22,4.11,2.0,22.0,vegan
169313,"Asparagus, cooked, boiled, drained, with salt",SR Legacy,2.4,0.22,4.11,2.0,22.0,vegan
168494,"Asparagus, frozen, cooked, boiled, drained, with salt",SR Legacy,2.95,0.42,1.92,1.6,18.0,vegan
169209,"Asparagus, frozen, cooked, boiled, drained, without salt",SR Legacy,2.95,0.42,1.92,1.6,18.0,vegan
169208,"Asparagus, frozen, unprepared",SR Legacy,3.23,0.23,4.1,1.9,24.0,vegan
2710823,"Asparagus, green, raw",Foundation Foods,1.4375,0.2163,5.1012,1.883,28.1015,vegan
168389,"Asparagus, raw",SR Legacy,2.2,0.12,3.88,2.1,20.0,vegan
167690,"Babyfood, apple yogurt dessert, strained",SR Legacy,0.8,1.6,19.5,0.5,93.0,vegetarian
171351,"Babyfood, apple-banana juice",SR Legacy,0.2,0.1,12.3,0.2,51.0,vegan
173517,"Babyfood, apples with ham, strained",SR Legacy,2.6,0.9,10.9,1.8,62.0,non_vegetarian
173511,"Babyfood, apples, dices, toddler",SR Legacy,0.19,0.36,11.56,1.9,50.0,vegan
171001,"Babyfood, Baby MUM MUM Rice Biscuits",SR Legacy,12.5,0.87,83.21,0.0,391.0,vegan
167733,"Babyfood, banana apple dessert, strained",SR Legacy,0.3,0.2,16.3,1.0,68.0,vegan
168090,"Babyfood, banana juice with low fat yogurt",SR Legacy,2.5,0.8,17.54,0.4,86.0,vegetarian
167732,"Babyfood, banana no tapioca, strained",SR Legacy,1.0,0.2,21.34,1.6,91.0,vegan
170999,"Babyfood, banana with mixed berries, strained",SR Legacy,1.01,0.36,21.31,1.0,92.0,vegan
173519,"Babyfood, beverage, GERBER, GRADUATES, FRUIT SPLASHERS",SR Legacy,0.0,0.0,7.35,0.0,29.0,vegan
173518,"Babyfood, carrots and beef, strained",SR Legacy,3.4,2.5,5.7,2.6,59.0,non_vegetarian
169871,"Babyfood, carrots, toddler",SR Legacy,0.6,0.3,5.23,2.3,21.0,vegan
171358,"Babyfood, cereal, barley, dry fortified",SR Legacy,13.2,6.6,69.4,6.6,376.0,vegan
172296,"Babyfood, cereal, barley, prepared with whole milk",SR Legacy,3.73,3.26,9.94,0.6,84.0,vegetarian
169048,"Babyfood, cereal, brown rice, dry, instant",SR Legacy,8.7,3.0,85.98,6.5,406.0,vegan
171366,"Babyfood, cereal, egg yolks and bacon, junior",SR Legacy,2.5,5.0,6.2,0.9,79.0,non_vegetarian
173528,"Babyfood, cereal, high protein, prepared with whole milk",SR Legacy,8.7,3.8,11.6,,111.0,vegetarian
170973,"Babyfood, cereal, high protein, with apple and orange, dry",SR Legacy,25.4,6.5,57.6,7.1,374.0,vegan
173533,"Babyfood, cereal, high protein, with apple and orange, prepared with whole milk",SR Legacy,6.9,3.9,13.4,,112.0,vegetarian
173529,"Babyfood, cereal, mixed, prepared with whole milk",SR Legacy,4.14,3.38,12.3,0.8,96.0,vegetarian
170967,"Babyfood, cereal, mixed, with applesauce and bananas, junior, fortified",SR Legacy,0.71,0.51,18.79,1.0,84.0,vegan
170966,"Babyfood, cereal, mixed, with applesauce and bananas, strained",SR Legacy,0.71,0.51,18.38,1.0,82.0,vegan
170965,"Babyfood, cereal, mixed, with bananas, dry",SR Legacy,10.7,4.6,77.1,7.8,391.0,vegan
173530,"Babyfood, cereal, mixed, with bananas, prepared with whole milk",SR Legacy,3.82,3.46,10.0,0.4,86.0,vegetarian
173532,"Babyfood, cereal, mixed, with honey, prepared with whole milk",SR Legacy,5.0,3.6,15.9,,115.0,vegetarian
171360,"Babyfood, cereal, oatmeal, dry fortified",SR Legacy,10.99,6.36,73.48,7.3,394.0,vegan
173509,"Babyfood, cereal, Oatmeal, dry, GERBER, SINGLE GRAIN, fortified",SR Legacy,10.94,6.42,73.57,7.0,396.0,vegan
173531,"Babyfood, cereal, oatmeal, prepared with whole milk",SR Legacy,5.0,4.1,15.3,1.1,116.0,vegetarian
171363,"Babyfood, cereal, oatmeal, with applesauce and bananas, junior, fortified",SR Legacy,0.89,0.89,16.03,0.9,76.0,vegan
171362,"Babyfood, cereal, oatmeal, with applesauce and bananas, strained",SR Legacy,0.89,0.89,15.62,0.9,75.0,vegan
171361,"Babyfood, cereal, oatmeal, with bananas, dry",SR Legacy,6.67,6.67,78.07,5.2,399.0,vegan
172297,"Babyfood, cereal, oatmeal, with bananas, prepared with whole milk",SR Legacy,3.82,3.46,10.0,0.4,86.0,vegetarian
170968,"Babyfood, cereal, oatmeal, with honey, dry",SR Legacy,13.5,7.0,69.3,,391.0,vegetarian
172298,"Babyfood, cereal, oatmeal, with honey, prepared with whole milk",SR Legacy,5.0,3.9,15.3,,115.0,vegetarian
167731,"Babyfood, cereal, rice with pears and apple, dry, instant fortified",SR Legacy,6.6,0.9,88.5,2.6,389.0,vegan
170969,"Babyfood, cereal, rice, dry fortified",SR Legacy,6.65,2.19,83.14,1.3,390.0,vegan
172299,"Babyfood, cereal, rice, prepared with whole milk",SR Legacy,3.45,3.38,10.31,0.0,85.0,vegetarian
170970,"Babyfood, cereal, rice, with applesauce and bananas, strained",SR Legacy,1.2,0.4,17.1,1.0,80.0,vegan
170974,"Babyfood, cereal, rice, with bananas, dry",SR Legacy,8.7,4.2,79.9,1.0,404.0,vegan
173534,"Babyfood, cereal, rice, with bananas, prepared with whole milk",SR Legacy,3.57,3.32,10.49,0.1,86.0,vegetarian
172300,"Babyfood, cereal, rice, with honey, prepared with whole milk",SR Legacy,3.9,3.3,17.1,,115.0,vegetarian
171359,"Babyfood, cereal, whole wheat, with apples, dry fortified",SR Legacy,6.6,4.8,83.2,6.7,402.0,vegan
171364,"Babyfood, cereal, with egg yolks, junior",SR Legacy,1.9,1.8,7.1,0.9,52.0,vegetarian
170971,"Babyfood, cereal, with egg yolks, strained",SR Legacy,1.9,1.8,7.0,0.9,51.0,vegetarian
171365,"Babyfood, cereal, with eggs, strained",SR Legacy,2.2,1.5,8.0,,58.0,vegetarian
170978,"Babyfood, cherry cobbler, junior",SR Legacy,0.3,0.1,19.2,0.2,78.0,vegan
171368,"Babyfood, cookie, baby, fruit",SR Legacy,6.8,12.6,73.7,3.4,435.0,vegan
172317,"Babyfood, corn and sweet potatoes, strained",SR Legacy,1.26,0.28,15.23,1.8,68.0,vegan
170972,"Babyfood, crackers, vegetable",SR Legacy,8.4,19.6,66.85,4.0,477.0,vegan
169872,"Babyfood, dessert, banana pudding, strained",SR Legacy,1.0,0.8,14.14,0.8,68.0,vegan
168135,"Babyfood, dessert, banana yogurt, strained",SR Legacy,1.1,0.52,17.35,0.5,78.0,vegetarian
168134,"Babyfood, dessert, blueberry yogurt, strained",SR Legacy,0.5,0.7,17.05,0.4,77.0,vegetarian
171373,"Babyfood, dessert, cherry vanilla pudding, junior",SR Legacy,0.2,0.2,18.4,0.3,69.0,vegan
170979,"Babyfood, dessert, cherry vanilla pudding, strained",SR Legacy,0.2,0.3,17.8,0.3,68.0,vegan
171380,"Babyfood, dessert, custard pudding, vanilla, junior",SR Legacy,1.76,0.98,17.58,0.2,86.0,vegetarian
171379,"Babyfood, dessert, custard pudding, vanilla, strained",SR Legacy,1.6,2.0,16.0,0.0,85.0,vegetarian
170977,"Babyfood, dessert, dutch apple, junior",SR Legacy,0.2,0.16,19.18,1.4,79.0,vegan
170976,"Babyfood, dessert, dutch apple, strained",SR Legacy,0.2,0.4,19.74,1.4,75.0,vegan
171377,"Babyfood, dessert, fruit dessert, without ascorbic acid, junior",SR Legacy,0.3,0.0,17.2,0.6,63.0,vegan
170983,"Babyfood, dessert, fruit dessert, without ascorbic acid, strained",SR Legacy,0.3,0.0,16.0,0.6,59.0,vegan
171374,"Babyfood, dessert, fruit pudding, orange, strained",SR Legacy,1.1,0.9,17.7,0.6,80.0,vegan
170982,"Babyfood, dessert, fruit pudding, pineapple, strained",SR Legacy,1.3,0.3,20.3,0.7,81.0,vegan
171376,"Babyfood, dessert, peach cobbler, junior",SR Legacy,0.3,0.0,18.3,0.7,67.0,vegan
171375,"Babyfood, dessert, peach cobbler, strained",SR Legacy,0.3,0.0,17.8,0.7,65.0,vegan
170981,"Babyfood, dessert, peach melba, junior",SR Legacy,0.3,0.0,16.4,,60.0,vegan
170980,"Babyfood, dessert, peach melba, strained",SR Legacy,0.2,0.0,16.5,,60.0,vegan
168133,"Babyfood, dessert, peach yogurt",SR Legacy,0.9,0.18,17.6,0.4,77.0,vegetarian
171378,"Babyfood, dessert, tropical fruit, junior",SR Legacy,0.2,0.0,16.4,,60.0,vegan
172287,"Babyfood, dinner, apples and chicken, strained",SR Legacy,2.16,1.38,10.88,1.8,65.0,non_vegetarian
172260,"Babyfood, dinner, beef and rice, toddler",SR Legacy,5.0,2.9,8.8,,82.0,non_vegetarian
173489,"Babyfood, dinner, beef lasagna, toddler",SR Legacy,4.2,2.1,10.0,,77.0,non_vegetarian
173516,"Babyfood, dinner, beef noodle, junior",SR Legacy,2.5,1.9,7.3,1.1,57.0,non_vegetarian
172258,"Babyfood, dinner, beef noodle, strained",SR Legacy,2.44,2.26,8.18,1.3,63.0,non_vegetarian
172261,"Babyfood, dinner, beef with vegetables",SR Legacy,2.03,6.93,6.36,1.8,96.0,non_vegetarian
172288,"Babyfood, dinner, broccoli and chicken, junior",SR Legacy,3.59,2.48,6.34,1.4,62.0,non_vegetarian
169054,"Babyfood, dinner, chicken and rice",SR Legacy,1.6,0.9,9.2,1.1,51.0,non_vegetarian
172264,"Babyfood, dinner, chicken noodle, junior",SR Legacy,3.53,3.23,7.8,1.7,74.0,non_vegetarian
172263,"Babyfood, dinner, chicken noodle, strained",SR Legacy,3.53,3.22,7.81,1.7,74.0,non_vegetarian
173496,"Babyfood, dinner, chicken soup, strained",SR Legacy,1.6,1.7,7.2,1.1,50.0,non_vegetarian
173497,"Babyfood, dinner, chicken stew, toddler",SR Legacy,5.2,3.7,6.4,0.6,78.0,non_vegetarian
172270,"Babyfood, dinner, macaroni and cheese, junior",SR Legacy,2.6,2.0,8.2,0.3,61.0,vegetarian
173503,"Babyfood, dinner, macaroni and cheese, strained",SR Legacy,3.14,2.11,8.95,0.7,67.0,vegetarian
173491,"Babyfood, dinner, macaroni and tomato and beef, junior",SR Legacy,2.5,1.1,9.4,1.1,59.0,non_vegetarian
173490,"Babyfood, dinner, macaroni and tomato and beef, strained",SR Legacy,2.36,1.47,9.45,1.2,61.0,non_vegetarian
168125,"Babyfood, dinner, macaroni, beef and tomato sauce, toddler",SR Legacy,4.34,1.9,11.53,1.1,82.0,non_vegetarian
172281,"Babyfood, dinner, mixed vegetable, junior",SR Legacy,1.01,0.11,7.88,1.0,34.0,vegan
173514,"Babyfood, dinner, mixed vegetable, strained",SR Legacy,1.2,0.1,9.5,,41.0,vegan
172266,"Babyfood, dinner, pasta with vegetables",SR Legacy,1.7,2.1,8.4,1.5,60.0,vegan
173492,"Babyfood, dinner, spaghetti and tomato and meat, junior",SR Legacy,2.57,1.37,11.42,1.1,68.0,non_vegetarian
173493,"Babyfood, dinner, spaghetti and tomato and meat, toddler",SR Legacy,5.3,1.0,10.8,,75.0,non_vegetarian
173521,"Babyfood, dinner, sweet potatoes and chicken, strained",SR Legacy,2.51,2.17,11.04,1.3,74.0,non_vegetarian
173500,"Babyfood, dinner, turkey and rice, junior",SR Legacy,2.37,0.92,9.57,1.0,56.0,non_vegetarian
172269,"Babyfood, dinner, turkey and rice, strained",SR Legacy,2.27,1.24,7.94,0.9,52.0,non_vegetarian
172286,"Babyfood, dinner, turkey, rice, and vegetables, toddler",SR Legacy,3.8,1.6,7.5,0.8,60.0,non_vegetarian
173495,"Babyfood, dinner, vegetables and beef, junior",SR Legacy,2.21,3.6,8.84,1.3,77.0,non_vegetarian
173494,"Babyfood, dinner, vegetables and beef, strained",SR Legacy,2.21,3.6,8.84,1.3,77.0,non_vegetarian
173513,"Babyfood, dinner, vegetables and chicken, junior",SR Legacy,2.04,1.12,8.66,1.1,53.0,non_vegetarian
173488,"Babyfood, dinner, vegetables and dumplings and beef, junior",SR Legacy,2.1,0.8,8.0,,48.0,non_vegetarian
172256,"Babyfood, dinner, vegetables and dumplings and beef, strained",SR Legacy,2.0,0.9,7.7,,48.0,non_vegetarian
172262,"Babyfood, dinner, vegetables and lamb, junior",SR Legacy,2.1,1.7,7.1,1.1,51.0,non_vegetarian
172268,"Babyfood, dinner, vegetables and noodles and turkey, junior",SR Legacy,1.8,1.5,7.6,1.1,52.0,non_vegetarian
172267,"Babyfood, dinner, vegetables and noodles and turkey, strained",SR Legacy,1.2,1.2,6.8,1.1,44.0,non_vegetarian
173502,"Babyfood, dinner, vegetables and turkey, junior",SR Legacy,1.72,1.74,7.55,0.9,53.0,non_vegetarian
173501,"Babyfood, dinner, vegetables and turkey, strained",SR Legacy,2.32,0.9,7.62,1.5,48.0,non_vegetarian
173498,"Babyfood, dinner, vegetables chicken, strained",SR Legacy,2.47,1.73,8.42,2.1,59.0,non_vegetarian
172265,"Babyfood, dinner, vegetables, noodles and chicken, junior",SR Legacy,1.7,2.2,9.1,1.1,64.0,non_vegetarian
173499,"Babyfood, dinner, vegetables, noodles and chicken, strained",SR Legacy,2.0,2.5,7.9,1.1,63.0,non_vegetarian
172252,"Babyfood, finger snacks, GERBER, GRADUATES, PUFFS, apple and cinnamon",SR Legacy,6.19,2.3,85.79,3.8,344.0,vegan
171388,"Babyfood, fortified cereal bar, fruit filling",SR Legacy,5.43,5.3,68.63,1.7,344.0,vegan
170952,"Babyfood, fruit and vegetable, apple and sweet potato",SR Legacy,0.3,0.22,15.3,1.4,64.0,vegan
171341,"Babyfood, fruit dessert, mango with tapioca",SR Legacy,0.3,0.2,19.0,1.1,70.0,vegan
168140,"Babyfood, fruit supreme dessert",SR Legacy,0.5,0.2,17.18,2.0,73.0,vegan
170958,"Babyfood, fruit, apple and blueberry, junior",SR Legacy,0.2,0.2,16.6,1.8,62.0,vegan
170957,"Babyfood, fruit, apple and blueberry, strained",SR Legacy,0.2,0.2,16.3,1.8,61.0,vegan
171346,"Babyfood, fruit, apple and raspberry, junior",SR Legacy,0.2,0.2,15.4,2.1,58.0,vegan
171345,"Babyfood, fruit, apple and raspberry, strained",SR Legacy,0.2,0.2,15.6,2.1,58.0,vegan
170948,"Babyfood, fruit, applesauce and apricots, junior",SR Legacy,0.2,0.2,12.4,1.8,47.0,vegan
170947,"Babyfood, fruit, applesauce and apricots, strained",SR Legacy,0.2,0.2,11.64,1.8,44.0,vegan
170950,"Babyfood, fruit, applesauce and cherries, junior",SR Legacy,0.0,0.0,14.1,1.1,51.0,vegan
170949,"Babyfood, fruit, applesauce and cherries, strained",SR Legacy,0.0,0.0,14.1,1.1,51.0,vegan
171344,"Babyfood, fruit, applesauce and pineapple, junior",SR Legacy,0.1,0.1,10.5,1.5,39.0,vegan
171343,"Babyfood, fruit, applesauce and pineapple, strained",SR Legacy,0.1,0.1,10.1,1.5,37.0,vegan
170951,"Babyfood, fruit, applesauce with banana, junior",SR Legacy,0.37,0.1,16.16,1.6,66.0,vegan
172278,"Babyfood, fruit, applesauce, junior",SR Legacy,0.0,0.0,10.3,1.7,37.0,vegan
173512,"Babyfood, fruit, applesauce, strained",SR Legacy,0.2,0.2,10.8,1.7,41.0,vegan
170942,"Babyfood, fruit, apricot with tapioca, junior",SR Legacy,0.3,0.0,17.3,1.5,63.0,vegan
172279,"Babyfood, fruit, apricot with tapioca, strained",SR Legacy,0.3,0.0,16.3,1.5,60.0,vegan
170998,"Babyfood, fruit, banana and strawberry, junior",SR Legacy,0.71,0.37,25.78,1.4,109.0,vegan
170953,"Babyfood, fruit, bananas and pineapple with tapioca, junior",SR Legacy,0.2,0.1,18.4,1.6,68.0,vegan
170954,"Babyfood, fruit, bananas and pineapple with tapioca, strained",SR Legacy,0.2,0.0,17.8,1.6,65.0,vegan
170956,"Babyfood, fruit, bananas with apples and pears, strained",SR Legacy,0.9,0.22,19.31,1.4,83.0,vegan
172282,"Babyfood, fruit, bananas with tapioca, junior",SR Legacy,0.4,0.2,17.8,1.6,67.0,vegan
171335,"Babyfood, fruit, bananas with tapioca, strained",SR Legacy,0.4,0.1,15.3,1.6,56.0,vegan
171348,"Babyfood, fruit, guava and papaya with tapioca, strained",SR Legacy,0.2,0.1,17.0,,63.0,vegan
171350,"Babyfood, fruit, papaya and applesauce with tapioca, strained",SR Legacy,0.2,0.1,18.9,1.4,70.0,vegan
171337,"Babyfood, fruit, peaches, junior",SR Legacy,0.94,0.33,14.48,1.3,65.0,vegan
171336,"Babyfood, fruit, peaches, strained",SR Legacy,0.94,0.33,14.48,1.3,65.0,vegan
171347,"Babyfood, fruit, pears and pineapple, junior",SR Legacy,0.3,0.2,11.4,2.6,44.0,vegan
170955,"Babyfood, fruit, pears and pineapple, strained",SR Legacy,0.3,0.1,10.9,2.6,41.0,vegan
170943,"Babyfood, fruit, pears, junior",SR Legacy,0.3,0.1,11.6,2.8,44.0,vegan
171338,"Babyfood, fruit, pears, strained",SR Legacy,0.3,0.2,10.8,2.8,42.0,vegan
170945,"Babyfood, fruit, plums with tapioca, without ascorbic acid, junior",SR Legacy,0.1,0.0,20.5,1.2,74.0,vegan
170944,"Babyfood, fruit, plums with tapioca, without ascorbic acid, strained",SR Legacy,0.1,0.0,19.7,1.2,71.0,vegan
171339,"Babyfood, fruit, prunes with tapioca, without ascorbic acid, junior",SR Legacy,0.6,0.1,18.7,2.7,70.0,vegan
170946,"Babyfood, fruit, prunes with tapioca, without ascorbic acid, strained",SR Legacy,0.6,0.1,18.5,2.7,69.0,vegan
169874,"Babyfood, fruit, tutti frutti, junior",SR Legacy,0.4,0.4,16.0,0.4,69.0,vegan
169873,"Babyfood, fruit, tutti frutti, strained",SR Legacy,0.4,0.3,15.48,0.6,66.0,vegan
173487,"Babyfood, GERBER, 2nd Foods, apple, carrot and squash, organic",SR Legacy,1.1,0.0,14.82,1.2,64.0,vegan
172254,"Babyfood, GERBER, 3rd Foods, apple, mango and kiwi",SR Legacy,0.47,0.0,12.88,2.0,48.0,vegan
169792,"Babyfood, GERBER, Banana with orange medley",SR Legacy,1.06,0.0,20.41,2.1,69.0,vegan
171371,"Babyfood, GERBER, GRADUATES Lil Biscuits Vanilla Wheat",SR Legacy,7.97,9.27,72.48,5.9,407.0,vegan
168144,"Babyfood, grape juice, no sugar, canned",SR Legacy,0.0,0.0,15.38,0.0,62.0,vegan
169049,"Babyfood, green beans and turkey, strained",SR Legacy,4.1,1.5,5.35,1.4,51.0,non_vegetarian
172273,"Babyfood, green beans, dices, toddler",SR Legacy,1.2,0.2,5.7,1.3,29.0,vegan
173478,"Babyfood, juice treats, fruit medley, toddler",SR Legacy,0.0,0.02,86.68,0.0,347.0,vegan
170959,"Babyfood, juice, apple",SR Legacy,0.0,0.1,11.7,0.1,47.0,vegan
167729,"Babyfood, juice, apple - cherry",SR Legacy,0.2,0.1,11.2,0.3,47.0,vegan
171381,"Babyfood, juice, apple and grape",SR Legacy,0.1,0.2,11.34,0.1,46.0,vegan
171352,"Babyfood, juice, apple and peach",SR Legacy,0.2,0.1,10.5,0.1,43.0,vegan
171353,"Babyfood, juice, apple and prune",SR Legacy,0.2,0.1,18.1,0.1,72.0,vegan
170985,"Babyfood, juice, apple, with calcium",SR Legacy,0.06,0.1,11.1,0.4,46.0,vegan
169042,"Babyfood, juice, apple-sweet potato",SR Legacy,0.3,0.1,11.4,0.5,47.0,vegan
170984,"Babyfood, juice, fruit punch, with calcium",SR Legacy,0.2,0.1,12.7,0.4,52.0,vegan
171357,"Babyfood, juice, mixed fruit",SR Legacy,0.1,0.1,11.7,0.1,47.0,vegan
171354,"Babyfood, juice, orange",SR Legacy,0.6,0.3,10.2,0.1,45.0,vegan
171355,"Babyfood, juice, orange and apple",SR Legacy,0.4,0.2,10.1,,43.0,vegan
170960,"Babyfood, juice, orange and apple and banana",SR Legacy,0.4,0.1,11.5,0.1,47.0,vegan
170961,"Babyfood, juice, orange and apricot",SR Legacy,0.8,0.1,10.9,0.1,46.0,vegan
170962,"Babyfood, juice, orange and banana",SR Legacy,0.7,0.1,11.9,,50.0,vegan
170963,"Babyfood, juice, orange and pineapple",SR Legacy,0.5,0.1,11.7,0.1,48.0,vegan
169043,"Babyfood, juice, orange-carrot",SR Legacy,0.5,0.1,9.9,0.4,43.0,vegan
167718,"Babyfood, juice, pear",SR Legacy,0.0,0.0,11.86,0.1,43.0,vegan
171356,"Babyfood, juice, prune and orange",SR Legacy,0.6,0.3,16.8,,70.0,vegan
172259,"Babyfood, macaroni and cheese, toddler",SR Legacy,3.5,2.6,11.2,0.5,82.0,vegetarian
170989,"Babyfood, mashed cheddar potatoes and broccoli, toddlers",SR Legacy,1.11,1.47,7.47,1.2,48.0,vegan
167720,"Babyfood, meat, beef with vegetables, toddler",SR Legacy,3.5,2.1,8.72,1.8,69.0,non_vegetarian
172244,"Babyfood, meat, beef, junior",SR Legacy,12.03,2.52,2.43,0.0,81.0,non_vegetarian
173479,"Babyfood, meat, beef, strained",SR Legacy,12.03,2.52,2.43,0.0,81.0,non_vegetarian
172249,"Babyfood, meat, chicken sticks, junior",SR Legacy,14.6,14.4,1.5,0.2,188.0,non_vegetarian
172248,"Babyfood, meat, chicken, junior",SR Legacy,14.0,9.6,0.0,0.0,146.0,non_vegetarian
173483,"Babyfood, meat, chicken, strained",SR Legacy,13.7,7.9,0.1,0.0,130.0,non_vegetarian
173480,"Babyfood, meat, ham, junior",SR Legacy,11.3,3.8,3.7,0.0,97.0,non_vegetarian
172247,"Babyfood, meat, ham, strained",SR Legacy,11.3,3.8,3.7,0.0,97.0,non_vegetarian
173482,"Babyfood, meat, lamb, junior",SR Legacy,15.2,5.2,0.0,0.0,112.0,non_vegetarian
173481,"Babyfood, meat, lamb, strained",SR Legacy,14.07,3.41,0.85,0.0,94.0,non_vegetarian
173486,"Babyfood, meat, meat sticks, junior",SR Legacy,13.4,14.6,1.1,0.2,184.0,non_vegetarian
172246,"Babyfood, meat, pork, strained",SR Legacy,14.0,7.1,0.0,0.0,124.0,non_vegetarian
173484,"Babyfood, meat, turkey sticks, junior",SR Legacy,13.7,14.2,1.4,0.2,188.0,non_vegetarian
172251,"Babyfood, meat, turkey, junior",SR Legacy,11.5,6.2,1.4,0.0,111.0,non_vegetarian
172250,"Babyfood, meat, turkey, strained",SR Legacy,11.5,6.2,1.4,0.0,111.0,non_vegetarian
172245,"Babyfood, meat, veal, strained",SR Legacy,13.12,2.45,1.51,0.0,81.0,non_vegetarian
168091,"Babyfood, mixed fruit juice with low fat yogurt",SR Legacy,2.4,0.8,14.68,0.4,74.0,vegetarian
167726,"Babyfood, mixed fruit yogurt, strained",SR Legacy,0.8,0.8,16.23,0.4,75.0,vegetarian
171367,"Babyfood, oatmeal cereal with fruit, dry, instant, toddler fortified",SR Legacy,10.5,7.05,74.1,7.8,402.0,vegan
171349,"Babyfood, peaches, dices, toddler",SR Legacy,0.5,0.2,11.8,0.8,51.0,vegan
171342,"Babyfood, pears, dices, toddler",SR Legacy,0.3,0.1,13.6,1.2,57.0,vegan
169865,"Babyfood, peas and brown rice",SR Legacy,3.4,0.5,11.49,2.5,64.0,vegan
170940,"Babyfood, peas, dices, toddler",SR Legacy,3.9,0.8,10.3,3.9,64.0,vegan
172285,"Babyfood, plums, bananas and rice, strained",SR Legacy,1.1,0.3,12.7,1.3,57.0,vegan
173508,"Babyfood, potatoes, toddler",SR Legacy,1.0,0.1,11.73,0.9,52.0,vegan
172257,"Babyfood, ravioli, cheese filled, with tomato sauce",SR Legacy,3.6,2.2,16.3,0.1,99.0,vegetarian
167728,"Babyfood, rice and apples, dry",SR Legacy,6.7,2.4,86.89,3.0,396.0,vegan
168975,"Babyfood, rice cereal, dry, EARTHS BEST ORGANIC WHOLE GRAIN, fortified only with iron",SR Legacy,7.5,4.9,78.06,0.5,386.0,vegan
173485,"Babyfood, snack, GERBER GRADUATE FRUIT  STRIPS, Real Fruit Bars",SR Legacy,0.82,2.24,76.61,2.0,330.0,vegan
171398,"Babyfood, Snack, GERBER, GRADUATES, LIL CRUNCHIES, baked whole grain corn snack",SR Legacy,0.0,28.57,61.59,0.0,503.0,vegan
173520,"Babyfood, snack, GERBER, GRADUATES, YOGURT MELTS",SR Legacy,14.29,4.0,71.82,2.3,380.0,vegetarian
172255,"Babyfood, tropical fruit medley",SR Legacy,0.31,0.14,12.22,1.3,46.0,vegan
169864,"Babyfood, vegetable and brown rice, strained",SR Legacy,1.9,1.5,12.1,1.1,69.0,vegan
173510,"Babyfood, vegetable, butternut squash and corn",SR Legacy,2.0,0.6,9.26,2.0,50.0,vegetarian
173504,"Babyfood, vegetable, green beans and potatoes",SR Legacy,2.2,1.9,9.0,1.4,62.0,vegan
173505,"Babyfood, vegetables, beets, strained",SR Legacy,1.3,0.1,7.7,1.9,34.0,vegan
173507,"Babyfood, vegetables, carrots, junior",SR Legacy,0.8,0.2,7.2,1.7,32.0,vegan
173506,"Babyfood, vegetables, carrots, strained",SR Legacy,0.8,0.1,6.0,1.7,26.0,vegan
171334,"Babyfood, vegetables, corn, creamed, junior",SR Legacy,1.4,0.4,16.25,2.1,65.0,vegetarian
172280,"Babyfood, vegetables, corn, creamed, strained",SR Legacy,1.4,0.4,14.1,2.1,57.0,vegetarian
172284,"Babyfood, vegetables, garden vegetable, strained",SR Legacy,2.3,0.2,6.8,1.5,32.0,vegan
172272,"Babyfood, vegetables, green beans, junior",SR Legacy,1.2,0.1,5.8,1.9,24.0,vegan
172271,"Babyfood, vegetables, green beans, strained",SR Legacy,1.2,0.17,6.29,2.2,27.0,vegan
172283,"Babyfood, vegetables, mix vegetables junior",SR Legacy,1.4,0.4,8.2,1.5,36.0,vegan
173515,"Babyfood, vegetables, mix vegetables strained",SR Legacy,1.0,0.5,8.25,1.5,36.0,vegan
170939,"Babyfood, vegetables, peas, strained",SR Legacy,3.27,0.43,8.36,2.0,50.0,vegan
170941,"Babyfood, vegetables, spinach, creamed, strained",SR Legacy,2.5,1.3,5.7,1.8,37.0,vegetarian
172275,"Babyfood, vegetables, squash, junior",SR Legacy,0.81,0.2,5.73,0.9,24.0,vegan
172274,"Babyfood, vegetables, squash, strained",SR Legacy,0.81,0.2,5.73,0.9,28.0,vegan
172276,"Babyfood, vegetables, sweet potatoes strained",SR Legacy,1.1,0.1,13.2,1.5,57.0,vegan
172277,"Babyfood, vegetables, sweet potatoes, junior",SR Legacy,1.1,0.1,14.0,1.5,60.0,vegan
170987,"Babyfood, yogurt, whole milk, with fruit, multigrain cereal and added DHA fortified",SR Legacy,3.4,3.53,13.22,0.3,98.0,vegetarian
170990,"Babyfood, yogurt, whole milk, with fruit, multigrain cereal and added iron fortified",SR Legacy,3.05,3.08,13.0,0.6,92.0,vegetarian
174602,Bacon and beef sticks,SR Legacy,29.1,44.2,0.8,0.0,517.0,non_vegetarian
169893,"Bacon bits, meatless",SR Legacy,32.0,25.9,28.6,10.2,476.0,non_vegetarian
172439,"Bacon, meatless",SR Legacy,11.69,29.52,5.31,2.6,309.0,non_vegetarian
168382,"Bacon, pre-sliced, reduced/low sodium, unprepared",SR Legacy,12.53,39.27,0.83,0.0,407.0,non_vegetarian
171640,"Bacon, turkey, low sodium",SR Legacy,13.33,20.0,4.8,0.0,253.0,non_vegetarian
171639,"Bacon, turkey, microwaved",SR Legacy,29.5,25.87,4.24,0.0,368.0,non_vegetarian
174592,"Bacon, turkey, unprepared",SR Legacy,15.94,16.93,1.89,,226.0,non_vegetarian
174901,"Bagels, egg",SR Legacy,10.6,2.1,53.0,2.3,278.0,vegetarian
172666,"Bagels, oat bran",SR Legacy,10.7,1.2,53.3,3.6,255.0,vegan
174899,"Bagels, plain, enriched, with calcium propionate (includes onion, poppy, sesame)",SR Legacy,10.56,1.32,52.38,1.6,264.0,vegan
174900,"Bagels, plain, enriched, with calcium propionate (includes onion, poppy, sesame), toasted",SR Legacy,11.14,1.43,57.39,1.8,287.0,vegan
175049,"Bagels, plain, enriched, without calcium propionate (includes onion, poppy, sesame)",SR Legacy,10.5,1.6,53.4,2.3,275.0,vegan
175050,"Bagels, plain, unenriched, with calcium propionate (includes onion, poppy, sesame)",SR Legacy,10.5,1.6,53.4,2.3,275.0,vegan
175051,"Bagels, plain, unenriched, without calcium propionate(includes onion, poppy, sesame)",SR Legacy,10.5,1.6,53.4,2.3,275.0,vegan
167533,"Bagels, wheat",SR Legacy,10.2,1.53,48.89,4.1,250.0,vegan
169584,"Baking chocolate, MARS SNACKFOOD US, M&M's Milk Chocolate Mini Baking Bits",SR Legacy,4.78,23.36,68.4,2.7,502.0,vegetarian
168495,"Balsam-pear (bitter gourd), leafy tips, cooked, boiled, drained, with salt",SR Legacy,3.6,0.2,6.16,1.9,32.0,vegan
168392,"Balsam-pear (bitter gourd), leafy tips, cooked, boiled, drained, without salt",SR Legacy,3.6,0.2,6.68,1.9,34.0,vegan
168391,"Balsam-pear (bitter gourd), leafy tips, raw",SR Legacy,5.3,0.69,3.29,,30.0,vegan
168496,"Balsam-pear (bitter gourd), pods, cooked, boiled, drained, with salt",SR Legacy,0.84,0.18,4.32,2.0,19.0,vegan
168394,"Balsam-pear (bitter gourd), pods, cooked, boiled, drained, without salt",SR Legacy,0.84,0.18,4.32,2.0,19.0,vegan
168393,"Balsam-pear (bitter gourd), pods, raw",SR Legacy,1.0,0.17,3.7,2.8,17.0,vegan
169212,"Bamboo shoots, canned, drained solids",SR Legacy,1.72,0.4,3.22,1.4,19.0,vegan
168497,"Bamboo shoots, cooked, boiled, drained, with salt",SR Legacy,1.53,0.22,1.52,1.0,11.0,vegan
169211,"Bamboo shoots, cooked, boiled, drained, without salt",SR Legacy,1.53,0.22,1.92,1.0,12.0,vegan
169210,"Bamboo shoots, raw",SR Legacy,2.6,0.3,5.2,2.2,27.0,vegan
173945,"Bananas, dehydrated, or banana powder",SR Legacy,3.89,1.81,88.28,9.9,346.0,vegan
790774,"Bananas, overripe, raw",Foundation Foods,0.73,0.22,20.1,1.7,85.0,vegan
173944,"Bananas, raw",SR Legacy,1.09,0.33,22.84,2.6,89.0,vegan
790991,"Bananas, ripe and slightly ripe, raw",Foundation Foods,0.74,0.29,23.0,1.7,97.0,vegan
171601,"Barbecue loaf, pork, beef",SR Legacy,15.84,8.9,6.4,0.0,173.0,non_vegetarian
169739,Barley flour or meal,SR Legacy,10.5,1.6,74.52,10.1,345.0,vegan
169740,Barley malt flour,SR Legacy,10.28,1.84,78.3,7.1,361.0,vegan
170283,"Barley, hulled",SR Legacy,12.48,2.3,73.48,17.3,354.0,vegan
170285,"Barley, pearled, cooked",SR Legacy,2.26,0.44,28.22,3.8,123.0,vegan
170284,"Barley, pearled, raw",SR Legacy,9.91,1.16,77.72,15.6,352.0,vegan
173789,"Beans, adzuki, mature seed, cooked, boiled, with salt",SR Legacy,7.52,0.1,24.77,7.3,128.0,vegan
173729,"Beans, adzuki, mature seeds, canned, sweetened",SR Legacy,3.8,0.03,55.01,,237.0,vegan
173728,"Beans, adzuki, mature seeds, cooked, boiled, without salt",SR Legacy,7.52,0.1,24.77,7.3,128.0,vegan
173727,"Beans, adzuki, mature seeds, raw",SR Legacy,19.87,0.53,62.9,12.7,329.0,vegan
168128,"Beans, baked, canned, no salt added",SR Legacy,4.8,0.4,20.49,5.5,105.0,vegan
175182,"Beans, baked, canned, plain or vegetarian",SR Legacy,4.75,0.37,21.14,4.1,94.0,vegan
175183,"Beans, baked, canned, with beef",SR Legacy,6.38,3.45,16.91,,121.0,non_vegetarian
175184,"Beans, baked, canned, with franks",SR Legacy,6.75,6.57,15.39,6.9,142.0,vegan
175185,"Beans, baked, canned, with pork",SR Legacy,5.19,1.55,19.99,5.5,106.0,non_vegetarian
173732,"Beans, baked, canned, with pork and sweet sauce",SR Legacy,4.52,0.89,21.57,4.4,105.0,non_vegetarian
173733,"Beans, baked, canned, with pork and tomato sauce",SR Legacy,5.15,0.93,18.69,4.0,94.0,non_vegetarian
173731,"Beans, baked, home prepared",SR Legacy,5.54,5.15,21.63,5.5,155.0,vegan
175188,"Beans, black turtle, mature seeds, canned",SR Legacy,6.03,0.29,16.55,6.9,91.0,vegan
175239,"Beans, black turtle, mature seeds, cooked, boiled, with salt",SR Legacy,8.18,0.35,24.35,8.3,130.0,vegan
175187,"Beans, black turtle, mature seeds, cooked, boiled, without salt",SR Legacy,8.18,0.35,24.35,8.3,130.0,vegan
175186,"Beans, black turtle, mature seeds, raw",SR Legacy,21.25,0.9,63.25,15.5,339.0,vegan
2644285,"Beans, black, canned, sodium added, drained and rinsed",Foundation Foods,6.9125,1.273,19.8135,,118.361,vegan
175238,"Beans, black, mature seeds, canned, low sodium",SR Legacy,6.03,0.29,16.55,6.9,91.0,vegan
175237,"Beans, black, mature seeds, cooked, boiled, with salt",SR Legacy,8.86,0.54,23.71,8.7,132.0,vegan
173735,"Beans, black, mature seeds, cooked, boiled, without salt",SR Legacy,8.86,0.54,23.71,8.7,132.0,vegan
173734,"Beans, black, mature seeds, raw",SR Legacy,21.6,1.42,62.36,15.5,341.0,vegan
2644287,"Beans, cannellini, canned, sodium added, drained and rinsed",Foundation Foods,7.4125,1.169,18.8185,,115.445,vegan
2644281,"Beans, cannellini, dry",Foundation Foods,21.5625,2.199,59.7955,,345.223,vegan
169065,"Beans, chili, barbecue, ranch style, cooked",SR Legacy,5.0,1.0,16.9,4.2,97.0,vegan
173737,"Beans, cranberry (roman), mature seeds, canned",SR Legacy,5.54,0.28,15.12,6.3,83.0,vegan
175240,"Beans, cranberry (roman), mature seeds, cooked, boiled, with salt",SR Legacy,9.34,0.46,24.46,8.6,136.0,vegan
173736,"Beans, cranberry (roman), mature seeds, cooked, boiled, without salt",SR Legacy,9.34,0.46,24.46,8.6,136.0,vegan
175189,"Beans, cranberry (roman), mature seeds, raw",SR Legacy,23.03,1.23,60.05,24.7,335.0,vegan
168574,"Beans, fava, in pod, raw",SR Legacy,7.92,0.73,17.63,7.5,88.0,vegan
175241,"Beans, french, mature seeds, cooked, boiled, with salt",SR Legacy,7.05,0.76,24.02,9.4,129.0,vegan
173739,"Beans, french, mature seeds, cooked, boiled, without salt",SR Legacy,7.05,0.76,24.02,9.4,129.0,vegan
173738,"Beans, french, mature seeds, raw",SR Legacy,18.81,2.02,64.11,25.2,343.0,vegan
2644294,"Beans, great northern, canned, sodium added, drained and rinsed",Foundation Foods,7.03125,1.266,19.32875,,116.834,vegan
175192,"Beans, great northern, mature seeds, canned",SR Legacy,7.37,0.39,21.02,4.9,114.0,vegan
173791,"Beans, great northern, mature seeds, canned, low sodium",SR Legacy,7.37,0.39,21.02,4.9,114.0,vegan
173790,"Beans, great northern, mature seeds, cooked, boiled, with salt",SR Legacy,8.33,0.45,21.09,7.0,118.0,vegan
175191,"Beans, great northern, mature seeds, cooked, boiled, without salt",SR Legacy,8.33,0.45,21.09,7.0,118.0,vegan
175190,"Beans, great northern, mature seeds, raw (Includes foods for USDA's Food Distribution Program)",SR Legacy,21.86,1.14,62.37,20.2,339.0,vegan
173741,"Beans, kidney, all types, mature seeds, canned",SR Legacy,5.22,0.6,14.5,4.3,84.0,non_vegetarian
173792,"Beans, kidney, all types, mature seeds, cooked, boiled, with salt",SR Legacy,8.67,0.5,22.8,6.4,127.0,non_vegetarian
173740,"Beans, kidney, all types, mature seeds, cooked, boiled, without salt",SR Legacy,8.67,0.5,22.8,6.4,127.0,non_vegetarian
175193,"Beans, kidney, all types, mature seeds, raw",SR Legacy,23.58,0.83,60.01,24.9,333.0,non_vegetarian
173793,"Beans, kidney, california red, mature seeds, cooked, boiled, with salt",SR Legacy,9.13,0.09,22.41,9.3,124.0,non_vegetarian
173743,"Beans, kidney, california red, mature seeds, cooked, boiled, without salt",SR Legacy,9.13,0.09,22.41,9.3,124.0,non_vegetarian
173742,"Beans, kidney, california red, mature seeds, raw",SR Legacy,24.37,0.25,59.8,24.9,330.0,non_vegetarian
2644289,"Beans, kidney, dark red, canned, sodium added, sugar added, drained and rinsed",Foundation Foods,7.8,1.256,21.03,,126.624,non_vegetarian
2644290,"Beans, kidney, light red, canned, sodium added, sugar added, drained and rinsed",Foundation Foods,7.30625,1.299,21.44675,,126.703,non_vegetarian
169315,"Beans, kidney, mature seeds, sprouted, cooked, boiled, drained, with salt",SR Legacy,4.83,0.58,4.72,,33.0,non_vegetarian
168395,"Beans, kidney, mature seeds, sprouted, cooked, boiled, drained, without salt",SR Legacy,4.83,0.58,4.72,,33.0,non_vegetarian
169213,"Beans, kidney, mature seeds, sprouted, raw",SR Legacy,4.2,0.5,4.1,,29.0,non_vegetarian
174285,"Beans, kidney, red, mature seeds, canned, drained solids",SR Legacy,7.98,1.05,21.49,5.5,124.0,non_vegetarian
175243,"Beans, kidney, red, mature seeds, canned, drained solids, rinsed in tap water",SR Legacy,8.12,0.93,20.8,6.0,121.0,non_vegetarian
175245,"Beans, kidney, red, mature seeds, canned, solids and liquid, low sodium",SR Legacy,5.22,0.36,14.83,5.3,81.0,non_vegetarian
175195,"Beans, kidney, red, mature seeds, canned, solids and liquids",SR Legacy,5.22,0.36,14.83,4.3,81.0,non_vegetarian
175242,"Beans, kidney, red, mature seeds, cooked, boiled, with salt",SR Legacy,8.67,0.5,22.8,7.4,127.0,non_vegetarian
175194,"Beans, kidney, red, mature seeds, cooked, boiled, without salt",SR Legacy,8.67,0.5,22.8,7.4,127.0,non_vegetarian
173744,"Beans, kidney, red, mature seeds, raw",SR Legacy,22.53,1.06,61.29,15.2,337.0,non_vegetarian
175244,"Beans, kidney, royal red, mature seeds, cooked, boiled with salt",SR Legacy,9.49,0.17,21.85,9.3,123.0,non_vegetarian
175197,"Beans, kidney, royal red, mature seeds, cooked, boiled, without salt",SR Legacy,9.49,0.17,21.85,9.3,123.0,non_vegetarian
175196,"Beans, kidney, royal red, mature seeds, raw",SR Legacy,25.33,0.45,58.33,24.9,329.0,non_vegetarian
169885,"Beans, liquid from stewed kidney beans",SR Legacy,1.8,3.2,2.8,0.1,47.0,non_vegetarian
170079,"Beans, mung, mature seeds, sprouted, canned, drained solids",SR Legacy,1.4,0.06,2.14,0.8,12.0,vegan
2644286,"Beans, navy, canned, sodium added, drained and rinsed",Foundation Foods,6.56875,1.398,19.98325,,118.79,vegan
173747,"Beans, navy, mature seeds, canned",SR Legacy,7.53,0.43,20.45,5.1,113.0,vegan
173794,"Beans, navy, mature seeds, cooked, boiled, with salt",SR Legacy,8.23,0.62,26.05,10.5,140.0,vegan
173746,"Beans, navy, mature seeds, cooked, boiled, without salt",SR Legacy,8.23,0.62,26.05,10.5,140.0,vegan
173745,"Beans, navy, mature seeds, raw",SR Legacy,22.33,1.5,60.75,15.3,337.0,vegan
168500,"Beans, navy, mature seeds, sprouted, cooked, boiled, drained, with salt",SR Legacy,7.07,0.81,15.01,,78.0,vegan
169140,"Beans, navy, mature seeds, sprouted, cooked, boiled, drained, without salt",SR Legacy,7.07,0.81,15.01,,78.0,vegan
169139,"Beans, navy, mature seeds, sprouted, raw",SR Legacy,6.15,0.7,13.05,,67.0,vegan
173795,"Beans, pink, mature seeds, cooked, boiled, with salt",SR Legacy,9.06,0.49,27.91,5.3,149.0,vegan
175198,"Beans, pink, mature seeds, cooked, boiled, without salt",SR Legacy,9.06,0.49,27.91,5.3,149.0,vegan
173748,"Beans, pink, mature seeds, raw",SR Legacy,20.96,1.13,64.19,12.7,343.0,vegan
174286,"Beans, pinto, canned, drained solids",SR Legacy,6.99,0.9,20.22,5.5,114.0,vegan
2644292,"Beans, pinto, canned, sodium added, drained and rinsed",Foundation Foods,6.69375,1.266,19.60025,,116.57,vegan
168501,"Beans, pinto, immature seeds, frozen, cooked, boiled, drained, with salt",SR Legacy,9.31,0.48,30.87,5.4,162.0,vegan
169959,"Beans, pinto, immature seeds, frozen, cooked, boiled, drained, without salt",SR Legacy,9.31,0.48,30.87,5.4,162.0,vegan
169958,"Beans, pinto, immature seeds, frozen, unprepared",SR Legacy,9.8,0.5,32.5,5.7,170.0,vegan
173797,"Beans, pinto, mature seeds, canned, drained solids, rinsed in tap water",SR Legacy,7.04,0.97,20.77,,117.0,vegan
175201,"Beans, pinto, mature seeds, canned, solids and liquids",SR Legacy,4.6,0.56,15.18,4.6,82.0,vegan
175247,"Beans, pinto, mature seeds, canned, solids and liquids, low sodium",SR Legacy,4.6,0.56,15.18,4.6,82.0,vegan
173796,"Beans, pinto, mature seeds, cooked, boiled, with salt",SR Legacy,9.01,0.65,26.22,9.0,143.0,vegan
175200,"Beans, pinto, mature seeds, cooked, boiled, without salt",SR Legacy,9.01,0.65,26.22,9.0,143.0,vegan
175199,"Beans, pinto, mature seeds, raw (Includes foods for USDA's Food Distribution Program)",SR Legacy,21.42,1.23,62.55,15.5,347.0,vegan
169319,"Beans, pinto, mature seeds, sprouted, cooked, boiled, drained, with salt",SR Legacy,1.86,0.32,3.5,,20.0,vegan
170087,"Beans, pinto, mature seeds, sprouted, cooked, boiled, drained, without salt",SR Legacy,1.86,0.32,4.1,,22.0,vegan
170086,"Beans, pinto, mature seeds, sprouted, raw",SR Legacy,5.25,0.9,11.6,,62.0,vegan
169960,"Beans, shellie, canned, solids and liquids",SR Legacy,1.76,0.19,6.19,3.4,30.0,vegan
175246,"Beans, small white, mature seeds, cooked, boiled, with salt",SR Legacy,8.97,0.64,25.81,10.4,142.0,vegan
173750,"Beans, small white, mature seeds, cooked, boiled, without salt",SR Legacy,8.97,0.64,25.81,10.4,142.0,vegan
173749,"Beans, small white, mature seeds, raw",SR Legacy,21.11,1.18,62.25,24.9,336.0,vegan
169144,"Beans, snap, canned, all styles, seasoned, solids and liquids",SR Legacy,0.83,0.2,3.49,1.5,16.0,vegan
168505,"Beans, snap, green, canned, no salt added, drained solids",SR Legacy,1.12,0.46,4.32,1.9,22.0,vegan
168502,"Beans, snap, green, canned, no salt added, solids and liquids",SR Legacy,0.8,0.1,3.5,1.5,15.0,vegan
169143,"Beans, snap, green, canned, regular pack, drained solids",SR Legacy,1.05,0.41,4.19,1.9,21.0,vegan
169142,"Beans, snap, green, canned, regular pack, solids and liquids",SR Legacy,0.72,0.17,3.27,1.5,15.0,vegan
169321,"Beans, snap, green, cooked, boiled, drained, with salt",SR Legacy,1.89,0.28,7.88,3.2,35.0,vegan
169141,"Beans, snap, green, cooked, boiled, drained, without salt",SR Legacy,1.89,0.28,7.88,3.2,35.0,vegan
169964,"Beans, snap, green, frozen, all styles, microwaved",SR Legacy,1.98,0.41,6.98,3.4,33.0,vegan
169962,"Beans, snap, green, frozen, all styles, unprepared (Includes foods for USDA's Food Distribution Program)",SR Legacy,1.79,0.21,7.54,2.6,33.0,vegan
169963,"Beans, snap, green, frozen, cooked, boiled, drained without salt",SR Legacy,1.49,0.17,6.45,3.0,28.0,vegan
169325,"Beans, snap, green, frozen, cooked, boiled, drained, with salt",SR Legacy,1.49,0.17,6.45,3.0,28.0,vegan
169965,"Beans, snap, green, microwaved",SR Legacy,2.31,0.5,6.41,3.4,33.0,vegan
2346400,"Beans, snap, green, raw",Foundation Foods,1.96875,0.275,7.41245,3.011,39.9998,vegan
169375,"Beans, snap, yellow, canned, no salt added, drained solids",SR Legacy,1.15,0.1,4.5,1.3,20.0,vegan
168504,"Beans, snap, yellow, canned, no salt added, solids and liquids",SR Legacy,0.8,0.1,3.5,1.5,15.0,vegan
169374,"Beans, snap, yellow, canned, regular pack, drained solids",SR Legacy,1.15,0.1,4.5,1.3,20.0,vegan
168503,"Beans, snap, yellow, canned, regular pack, solids and liquids",SR Legacy,0.8,0.1,3.5,1.5,15.0,vegan
169323,"Beans, snap, yellow, cooked, boiled, drained, with salt",SR Legacy,1.89,0.28,7.88,3.3,35.0,vegan
169322,"Beans, snap, yellow, cooked, boiled, drained, without salt",SR Legacy,1.89,0.28,7.88,3.3,35.0,vegan
169324,"Beans, snap, yellow, frozen, all styles, unprepared",SR Legacy,1.8,0.21,7.58,2.8,33.0,vegan
169327,"Beans, snap, yellow, frozen, cooked, boiled, drained, with salt",SR Legacy,1.49,0.17,6.45,3.0,28.0,vegan
169326,"Beans, snap, yellow, frozen, cooked, boiled, drained, without salt",SR Legacy,1.49,0.17,6.45,3.0,28.0,vegan
169320,"Beans, snap, yellow, raw",SR Legacy,1.82,0.12,7.13,3.4,31.0,vegan
175204,"Beans, white, mature seeds, canned",SR Legacy,7.26,0.29,21.2,4.8,114.0,vegan
175249,"Beans, white, mature seeds, cooked, boiled, with salt",SR Legacy,9.73,0.35,25.09,6.3,139.0,vegan
175203,"Beans, white, mature seeds, cooked, boiled, without salt",SR Legacy,9.73,0.35,25.09,6.3,139.0,vegan
175202,"Beans, white, mature seeds, raw",SR Legacy,23.36,0.85,60.27,15.2,333.0,vegan
175248,"Beans, yellow, mature seeds, cooked, boiled, with salt",SR Legacy,9.16,1.08,25.28,10.4,144.0,vegan
173752,"Beans, yellow, mature seeds, cooked, boiled, without salt",SR Legacy,9.16,1.08,25.28,10.4,144.0,vegan
173751,"Beans, yellow, mature seeds, raw",SR Legacy,22.0,2.6,60.7,25.1,345.0,vegan
169793,"Bear, black, meat (Alaska Native)",SR Legacy,20.1,8.3,0.0,,155.0,non_vegetarian
169794,"Bear, polar, meat, raw (Alaska Native)",SR Legacy,25.6,3.1,0.0,,130.0,non_vegetarian
174013,"Beef composite, separable lean only, trimmed to 1/8"" fat, choice, cooked",SR Legacy,28.73,9.16,0.0,0.0,203.0,non_vegetarian
172090,"Beef macaroni with tomato sauce, frozen entree, reduced fat",SR Legacy,5.89,1.96,17.99,1.4,113.0,non_vegetarian
172093,"Beef Pot Pie, frozen entree, prepared",SR Legacy,7.25,11.39,22.05,0.8,220.0,non_vegetarian
173330,"Beef stew, canned entree",SR Legacy,4.41,5.53,7.85,0.9,99.0,non_vegetarian
171728,"Beef, Australian, imported, grass-fed,  external fat, raw",SR Legacy,11.32,51.36,0.39,0.0,509.0,non_vegetarian
173068,"Beef, Australian, imported, grass-fed, ground, 85% lean / 15% fat, raw",SR Legacy,17.72,18.12,0.0,0.0,239.0,non_vegetarian
173969,"Beef, Australian, imported, grass-fed, loin, tenderloin steak/roast, boneless, separable lean and fat, raw",SR Legacy,20.53,7.63,0.01,0.0,151.0,non_vegetarian
173965,"Beef, Australian, imported, grass-fed, loin, tenderloin steak/roast, boneless, separable lean only, raw",SR Legacy,20.85,6.11,0.0,0.0,138.0,non_vegetarian
171733,"Beef, Australian, imported, grass-fed, loin, top loin steak/roast, boneless, separable lean and fat, raw",SR Legacy,19.9,13.17,0.11,0.0,199.0,non_vegetarian
173970,"Beef, Australian, imported, grass-fed, loin, top loin steak/roast, boneless, separable lean only, raw",SR Legacy,21.79,4.87,0.0,0.0,131.0,non_vegetarian
171739,"Beef, Australian, imported, grass-fed, loin, top sirloin cap-off steak/roast, boneless, separable lean and fat, raw",SR Legacy,21.77,4.45,0.01,0.0,127.0,non_vegetarian
171734,"Beef, Australian, imported, grass-fed, loin, top sirloin cap-off steak/roast, boneless, separable lean only, raw",SR Legacy,21.9,3.87,0.0,0.0,122.0,non_vegetarian
173975,"Beef, Australian, imported, grass-fed, rib, ribeye steak/roast lip-on, boneless, separable lean and fat, raw",SR Legacy,19.8,15.21,0.11,0.0,217.0,non_vegetarian
171735,"Beef, Australian, imported, grass-fed, rib, ribeye steak/roast lip-on, boneless, separable lean only, raw",SR Legacy,21.47,8.2,0.0,0.0,160.0,non_vegetarian
173976,"Beef, Australian, imported, grass-fed, round, bottom round steak/roast, boneless, separable lean and fat, raw",SR Legacy,21.13,6.16,0.01,0.0,140.0,non_vegetarian
173971,"Beef, Australian, imported, grass-fed, round, bottom round steak/roast, boneless, separable lean only, raw",SR Legacy,21.4,4.93,0.0,0.0,130.0,non_vegetarian
173977,"Beef, Australian, imported, grass-fed, round, top round cap-off steak/roast, boneless, separable lean and fat, raw",SR Legacy,22.24,4.4,0.0,0.0,129.0,non_vegetarian
173972,"Beef, Australian, imported, grass-fed, round, top round cap-off steak/roast, boneless, separable lean only, raw",SR Legacy,22.41,4.43,0.0,0.0,129.0,non_vegetarian
171729,"Beef, Australian, imported, grass-fed, seam fat, raw",SR Legacy,9.58,57.73,1.06,0.0,562.0,non_vegetarian
171730,"Beef, Australian, imported, Wagyu, external fat, Aust. marble score 4/5, raw",SR Legacy,6.54,63.27,0.0,0.0,596.0,non_vegetarian
173967,"Beef, Australian, imported, Wagyu, external fat, Aust. marble score 9, raw",SR Legacy,5.54,68.07,0.97,0.0,639.0,non_vegetarian
171732,"Beef, Australian, imported, Wagyu, loin, tenderloin steak/roast, boneless, separable lean and fat, Aust. marble score 4/5, raw",SR Legacy,19.71,14.09,0.0,0.0,206.0,non_vegetarian
171742,"Beef, Australian, imported, Wagyu, loin, tenderloin steak/roast, boneless, separable lean and fat, Aust. marble score 9, raw",SR Legacy,18.5,19.11,0.58,0.0,248.0,non_vegetarian
173966,"Beef, Australian, imported, Wagyu, loin, tenderloin steak/roast, boneless, separable lean only, Aust. marble score 4/5, raw",SR Legacy,20.19,12.3,0.0,0.0,191.0,non_vegetarian
173973,"Beef, Australian, imported, Wagyu, loin, tenderloin steak/roast, boneless, separable lean only, Aust. marble score 9, raw",SR Legacy,18.87,17.73,0.57,0.0,237.0,non_vegetarian
173978,"Beef, Australian, imported, Wagyu, loin, top loin steak/roast, boneless, separable lean and fat, Aust. marble score 4/5, raw",SR Legacy,17.67,24.2,0.12,0.0,289.0,non_vegetarian
173974,"Beef, Australian, imported, Wagyu, loin, top loin steak/roast, boneless, separable lean only, Aust. marble score 4/5, raw",SR Legacy,20.15,15.69,0.2,0.0,223.0,non_vegetarian
171736,"Beef, Australian, imported, Wagyu, loin, top loin steak/roast, boneless, separable lean only, Aust. marble score 9, raw",SR Legacy,16.92,29.15,0.13,0.0,331.0,non_vegetarian
173979,"Beef, Australian, imported, Wagyu, loin, top loin steak/roast, separable lean and fat, Aust. marble score 9, raw",SR Legacy,14.58,36.98,0.14,0.0,392.0,non_vegetarian
171740,"Beef, Australian, imported, Wagyu, rib, small end rib steak/roast, boneless, separable lean and fat, Aust. marble score 4/5, raw",SR Legacy,17.07,27.64,0.0,0.0,317.0,non_vegetarian
171741,"Beef, Australian, imported, Wagyu, rib, small end rib steak/roast, boneless, separable lean and fat, Aust. marble score 9, raw",SR Legacy,14.54,38.3,0.28,0.0,404.0,non_vegetarian
171737,"Beef, Australian, imported, Wagyu, rib, small end rib steak/roast, boneless, separable lean only, Aust. marble score 4/5, raw",SR Legacy,20.35,16.93,0.0,0.0,234.0,non_vegetarian
171738,"Beef, Australian, imported, Wagyu, rib, small end rib steak/roast, boneless, separable lean only, Aust. marble score 9, raw",SR Legacy,17.61,28.61,0.46,0.0,330.0,non_vegetarian
171731,"Beef, Australian, imported, Wagyu, seam fat, Aust. marble score 4/5, raw",SR Legacy,6.0,63.3,0.0,0.0,594.0,non_vegetarian
173968,"Beef, Australian, imported, Wagyu, seam fat, Aust. marble score 9, raw",SR Legacy,5.16,67.33,0.0,0.0,627.0,non_vegetarian
168118,"Beef, bologna, reduced sodium",SR Legacy,11.7,28.4,2.0,0.0,310.0,non_vegetarian
169558,"Beef, bottom sirloin, tri-tip roast, separable lean and fat, trimmed to 0"" fat, all grades, cooked, roasted",SR Legacy,26.05,11.07,0.0,0.0,211.0,non_vegetarian
168734,"Beef, bottom sirloin, tri-tip roast, separable lean and fat, trimmed to 0"" fat, all grades, raw",SR Legacy,20.64,8.55,0.0,0.0,165.0,non_vegetarian
168735,"Beef, bottom sirloin, tri-tip roast, separable lean and fat, trimmed to 0"" fat, choice, cooked, roasted",SR Legacy,25.66,12.36,0.0,0.0,221.0,non_vegetarian
168736,"Beef, bottom sirloin, tri-tip roast, separable lean and fat, trimmed to 0"" fat, choice, raw",SR Legacy,20.64,9.51,0.0,0.0,174.0,non_vegetarian
168737,"Beef, bottom sirloin, tri-tip roast, separable lean and fat, trimmed to 0"" fat, select, cooked, roasted",SR Legacy,26.44,9.78,0.0,0.0,201.0,non_vegetarian
169559,"Beef, bottom sirloin, tri-tip roast, separable lean and fat, trimmed to 0"" fat, select, raw",SR Legacy,20.64,7.68,0.0,0.0,157.0,non_vegetarian
174770,"Beef, bottom sirloin, tri-tip roast, separable lean only, trimmed to 0"" fat, all grades, raw",SR Legacy,21.26,5.63,0.0,0.0,142.0,non_vegetarian
174771,"Beef, bottom sirloin, tri-tip roast, separable lean only, trimmed to 0"" fat, choice, cooked, roasted",SR Legacy,26.34,9.73,0.0,0.0,193.0,non_vegetarian
174772,"Beef, bottom sirloin, tri-tip roast, separable lean only, trimmed to 0"" fat, choice, raw",SR Legacy,21.17,7.06,0.0,0.0,154.0,non_vegetarian
174773,"Beef, bottom sirloin, tri-tip roast, separable lean only, trimmed to 0"" fat, select, cooked, roasted",SR Legacy,27.17,6.95,0.0,0.0,179.0,non_vegetarian
173124,"Beef, bottom sirloin, tri-tip roast, separable lean only, trimmed to 0"" fat, select, raw",SR Legacy,21.34,4.21,0.0,0.0,129.0,non_vegetarian
168656,"Beef, brisket, flat half, boneless separable lean only, trimmed to 0"" fat, all grades, raw",SR Legacy,21.47,5.11,0.0,0.0,132.0,non_vegetarian
168714,"Beef, brisket, flat half, boneless, separable lean and fat, trimmed to 0"" fat, all grades, raw",SR Legacy,20.32,9.29,0.0,0.0,165.0,non_vegetarian
168743,"Beef, brisket, flat half, boneless, separable lean and fat, trimmed to 0"" fat, choice, raw",SR Legacy,20.15,9.86,0.0,0.0,169.0,non_vegetarian
169570,"Beef, brisket, flat half, boneless, separable lean and fat, trimmed to 0"" fat, select, raw",SR Legacy,20.57,8.45,0.0,0.0,158.0,non_vegetarian
168657,"Beef, brisket, flat half, boneless, separable lean only, trimmed to 0"" fat, choice, raw",SR Legacy,21.28,5.75,0.0,0.0,137.0,non_vegetarian
168658,"Beef, brisket, flat half, boneless, separable lean only, trimmed to 0"" fat, select, raw",SR Legacy,21.74,4.14,0.0,0.0,124.0,non_vegetarian
170613,"Beef, brisket, flat half, separable lean and fat, trimmed to 0"" fat, all grades, cooked, braised",SR Legacy,32.9,8.01,0.0,0.0,213.0,non_vegetarian
169440,"Beef, brisket, flat half, separable lean and fat, trimmed to 0"" fat, choice, cooked, braised",SR Legacy,32.21,9.24,0.0,0.0,221.0,non_vegetarian
169555,"Beef, brisket, flat half, separable lean and fat, trimmed to 0"" fat, select, cooked, braised",SR Legacy,33.59,6.77,0.0,0.0,205.0,non_vegetarian
169488,"Beef, brisket, flat half, separable lean and fat, trimmed to 1/8"" fat, all grades, cooked, braised",SR Legacy,28.82,18.42,0.0,0.0,289.0,non_vegetarian
168666,"Beef, brisket, flat half, separable lean and fat, trimmed to 1/8"" fat, all grades, raw",SR Legacy,17.94,22.18,0.0,0.0,277.0,non_vegetarian
173130,"Beef, brisket, flat half, separable lean and fat, trimmed to 1/8"" fat, choice, cooked, braised",SR Legacy,28.66,19.47,0.0,0.0,298.0,non_vegetarian
173128,"Beef, brisket, flat half, separable lean and fat, trimmed to 1/8"" fat, choice, raw",SR Legacy,18.12,22.15,0.12,0.0,278.0,non_vegetarian
169432,"Beef, brisket, flat half, separable lean and fat, trimmed to 1/8"" fat, select, cooked, braised",SR Legacy,28.97,17.37,0.0,0.0,280.0,non_vegetarian
173129,"Beef, brisket, flat half, separable lean and fat, trimmed to 1/8"" fat, select, raw",SR Legacy,17.77,22.21,0.0,0.0,276.0,non_vegetarian
170210,"Beef, brisket, flat half, separable lean only, trimmed to 0"" fat, all grades, cooked, braised",SR Legacy,33.26,6.99,0.0,0.0,205.0,non_vegetarian
170601,"Beef, brisket, flat half, separable lean only, trimmed to 0"" fat, choice, cooked, braised",SR Legacy,32.62,8.07,0.0,0.0,212.0,non_vegetarian
169469,"Beef, brisket, flat half, separable lean only, trimmed to 0"" fat, select, cooked, braised",SR Legacy,33.9,5.92,0.0,0.0,198.0,non_vegetarian
174047,"Beef, brisket, flat half, separable lean only, trimmed to 1/8"" fat, all grades, cooked, braised",SR Legacy,33.15,6.0,0.0,0.0,196.0,non_vegetarian
174048,"Beef, brisket, flat half, separable lean only, trimmed to 1/8"" fat, all grades, raw",SR Legacy,21.57,3.84,0.0,0.0,127.0,non_vegetarian
171818,"Beef, brisket, flat half, separable lean only, trimmed to 1/8"" fat, choice, cooked, braised",SR Legacy,33.13,6.79,0.0,0.0,203.0,non_vegetarian
174057,"Beef, brisket, flat half, separable lean only, trimmed to 1/8"" fat, choice, raw",SR Legacy,21.69,4.06,0.0,0.0,129.0,non_vegetarian
174768,"Beef, brisket, flat half, separable lean only, trimmed to 1/8"" fat, select, cooked, braised",SR Legacy,33.18,5.21,0.0,0.0,189.0,non_vegetarian
174766,"Beef, brisket, flat half, separable lean only, trimmed to 1/8"" fat, select, raw",SR Legacy,21.45,3.61,0.0,0.0,124.0,non_vegetarian
170211,"Beef, brisket, point half, separable lean and fat, trimmed to 0"" fat, all grades, cooked, braised",SR Legacy,23.53,28.5,0.0,0.0,358.0,non_vegetarian
169490,"Beef, brisket, point half, separable lean and fat, trimmed to 1/8"" fat, all grades, cooked, braised",SR Legacy,24.4,27.17,0.0,0.0,349.0,non_vegetarian
169489,"Beef, brisket, point half, separable lean and fat, trimmed to 1/8"" fat, all grades, raw",SR Legacy,17.65,20.98,0.59,0.0,267.0,non_vegetarian
170212,"Beef, brisket, point half, separable lean only, trimmed to 0"" fat, all grades, cooked, braised",SR Legacy,28.05,13.8,0.0,0.0,244.0,non_vegetarian
170611,"Beef, brisket, whole, separable lean and fat, trimmed to 0"" fat, all grades, cooked, braised",SR Legacy,26.79,19.52,0.0,0.0,291.0,non_vegetarian
168665,"Beef, brisket, whole, separable lean and fat, trimmed to 1/8"" fat, all grades, cooked, braised",SR Legacy,25.85,24.5,0.0,0.0,331.0,non_vegetarian
168664,"Beef, brisket, whole, separable lean and fat, trimmed to 1/8"" fat, all grades, raw",SR Legacy,18.42,19.06,0.56,0.0,253.0,non_vegetarian
168607,"Beef, brisket, whole, separable lean only, all grades, raw",SR Legacy,20.72,7.37,0.6,0.0,157.0,non_vegetarian
170612,"Beef, brisket, whole, separable lean only, trimmed to 0"" fat, all grades, cooked, braised",SR Legacy,29.75,10.08,0.0,0.0,218.0,non_vegetarian
169430,"Beef, carcass, separable lean and fat, choice, raw",SR Legacy,17.32,24.05,0.0,0.0,291.0,non_vegetarian
169431,"Beef, carcass, separable lean and fat, select, raw",SR Legacy,17.48,22.55,0.0,0.0,278.0,non_vegetarian
170607,"Beef, chopped, cured, smoked",SR Legacy,20.19,4.42,1.86,0.0,133.0,non_vegetarian
171227,"Beef, chuck eye Country-Style ribs, boneless, separable lean and fat, trimmed to 0"" fat, all grades, cooked, braised",SR Legacy,27.69,20.55,0.0,0.0,296.0,non_vegetarian
170831,"Beef, chuck eye Country-Style ribs, boneless, separable lean and fat, trimmed to 0"" fat, all grades, raw",SR Legacy,18.97,14.32,0.0,0.0,205.0,non_vegetarian
170829,"Beef, chuck eye Country-Style ribs, boneless, separable lean and fat, trimmed to 0"" fat, choice, cooked, braised",SR Legacy,27.16,21.56,0.0,0.0,303.0,non_vegetarian
170832,"Beef, chuck eye Country-Style ribs, boneless, separable lean and fat, trimmed to 0"" fat, choice, raw",SR Legacy,18.87,14.99,0.0,0.0,210.0,non_vegetarian
170830,"Beef, chuck eye Country-Style ribs, boneless, separable lean and fat, trimmed to 0"" fat, select, cooked, braised",SR Legacy,28.47,19.03,0.0,0.0,285.0,non_vegetarian
170833,"Beef, chuck eye Country-Style ribs, boneless, separable lean and fat, trimmed to 0"" fat, select, raw",SR Legacy,19.1,13.33,0.0,0.0,196.0,non_vegetarian
170799,"Beef, chuck eye Country-Style ribs, boneless, separable lean only, trimmed to 0"" fat, all grades, cooked, braised",SR Legacy,31.41,11.43,0.0,0.0,228.0,non_vegetarian
171195,"Beef, chuck eye Country-Style ribs, boneless, separable lean only, trimmed to 0"" fat, all grades, raw",SR Legacy,20.96,6.95,0.0,0.0,146.0,non_vegetarian
170797,"Beef, chuck eye Country-Style ribs, boneless, separable lean only, trimmed to 0"" fat, choice, cooked, braised",SR Legacy,30.95,12.22,0.0,0.0,234.0,non_vegetarian
170800,"Beef, chuck eye Country-Style ribs, boneless, separable lean only, trimmed to 0"" fat, choice, raw",SR Legacy,20.87,7.67,0.0,0.0,152.0,non_vegetarian
170798,"Beef, chuck eye Country-Style ribs, boneless, separable lean only, trimmed to 0"" fat, select, cooked, braised",SR Legacy,32.1,10.24,0.0,0.0,221.0,non_vegetarian
171194,"Beef, chuck eye Country-Style ribs, boneless, separable lean only, trimmed to 0"" fat, select, raw",SR Legacy,21.1,5.89,0.0,0.0,137.0,non_vegetarian
170820,"Beef, chuck eye roast, boneless, America's Beef Roast, separable lean and fat, trimmed to 0"" fat, all grades, cooked, roasted",SR Legacy,24.63,15.29,0.0,0.0,236.0,non_vegetarian
168660,"Beef, chuck eye roast, boneless, America's Beef Roast, separable lean and fat, trimmed to 0"" fat, all grades, raw",SR Legacy,19.18,11.48,0.0,0.0,180.0,non_vegetarian
171215,"Beef, chuck eye roast, boneless, America's Beef Roast, separable lean and fat, trimmed to 0"" fat, choice, cooked, roasted",SR Legacy,24.47,15.87,0.0,0.0,241.0,non_vegetarian
168661,"Beef, chuck eye roast, boneless, America's Beef Roast, separable lean and fat, trimmed to 0"" fat, choice, raw",SR Legacy,19.14,12.02,0.0,0.0,185.0,non_vegetarian
171216,"Beef, chuck eye roast, boneless, America's Beef Roast, separable lean and fat, trimmed to 0"" fat, select, cooked, roasted",SR Legacy,24.86,14.41,0.0,0.0,229.0,non_vegetarian
168662,"Beef, chuck eye roast, boneless, America's Beef Roast, separable lean and fat, trimmed to 0"" fat, select, raw",SR Legacy,19.25,10.67,0.0,0.0,173.0,non_vegetarian
168674,"Beef, chuck eye roast, boneless, America's Beef Roast, separable lean only, trimmed to 0"" fat, all grades, cooked, roasted",SR Legacy,26.65,8.46,0.0,0.0,183.0,non_vegetarian
169565,"Beef, chuck eye roast, boneless, America's Beef Roast, separable lean only, trimmed to 0"" fat, all grades, raw",SR Legacy,20.61,6.01,0.0,0.0,137.0,non_vegetarian
169496,"Beef, chuck eye roast, boneless, America's Beef Roast, separable lean only, trimmed to 0"" fat, choice, cooked, roasted",SR Legacy,26.41,9.36,0.0,0.0,190.0,non_vegetarian
169566,"Beef, chuck eye roast, boneless, America's Beef Roast, separable lean only, trimmed to 0"" fat, choice, raw",SR Legacy,20.67,6.21,0.0,0.0,139.0,non_vegetarian
169497,"Beef, chuck eye roast, boneless, America's Beef Roast, separable lean only, trimmed to 0"" fat, select, cooked, roasted",SR Legacy,27.02,7.12,0.0,0.0,172.0,non_vegetarian
168742,"Beef, chuck eye roast, boneless, America's Beef Roast, separable lean only, trimmed to 0"" fat, select, raw",SR Legacy,20.52,5.71,0.0,0.0,133.0,non_vegetarian
171228,"Beef, chuck eye steak, boneless, separable lean and fat, trimmed to 0"" fat, all grades, cooked, grilled",SR Legacy,24.98,19.64,0.0,0.0,277.0,non_vegetarian
171231,"Beef, chuck eye steak, boneless, separable lean and fat, trimmed to 0"" fat, all grades, raw",SR Legacy,18.86,16.35,0.0,0.0,223.0,non_vegetarian
171229,"Beef, chuck eye steak, boneless, separable lean and fat, trimmed to 0"" fat, choice, cooked, grilled",SR Legacy,24.95,20.35,0.0,0.0,283.0,non_vegetarian
170834,"Beef, chuck eye steak, boneless, separable lean and fat, trimmed to 0"" fat, choice, raw",SR Legacy,18.86,16.85,0.0,0.0,227.0,non_vegetarian
171230,"Beef, chuck eye steak, boneless, separable lean and fat, trimmed to 0"" fat, select, cooked, grilled",SR Legacy,25.03,18.57,0.0,0.0,267.0,non_vegetarian
170835,"Beef, chuck eye steak, boneless, separable lean and fat, trimmed to 0"" fat, select, raw",SR Legacy,18.86,15.6,0.0,0.0,216.0,non_vegetarian
170801,"Beef, chuck eye steak, boneless, separable lean only, trimmed to 0"" fat, all grades, cooked, grilled",SR Legacy,27.94,10.79,0.0,0.0,209.0,non_vegetarian
170804,"Beef, chuck eye steak, boneless, separable lean only, trimmed to 0"" fat, all grades, raw",SR Legacy,21.29,7.56,0.0,0.0,153.0,non_vegetarian
171196,"Beef, chuck eye steak, boneless, separable lean only, trimmed to 0"" fat, choice, cooked, grilled",SR Legacy,27.97,11.47,0.0,0.0,215.0,non_vegetarian
170802,"Beef, chuck eye steak, boneless, separable lean only, trimmed to 0"" fat, choice, raw",SR Legacy,21.31,8.29,0.0,0.0,160.0,non_vegetarian
171197,"Beef, chuck eye steak, boneless, separable lean only, trimmed to 0"" fat, select, cooked, grilled",SR Legacy,27.88,9.77,0.0,0.0,199.0,non_vegetarian
170803,"Beef, chuck eye steak, boneless, separable lean only, trimmed to 0"" fat, select, raw",SR Legacy,21.28,6.47,0.0,0.0,143.0,non_vegetarian
171203,"Beef, chuck for stew, separable lean and fat, all grades, cooked, braised",SR Legacy,32.41,6.82,0.0,0.0,191.0,non_vegetarian
171206,"Beef, chuck for stew, separable lean and fat, all grades, raw",SR Legacy,21.75,4.48,0.16,0.0,128.0,non_vegetarian
171205,"Beef, chuck for stew, separable lean and fat, choice, cooked, braised",SR Legacy,32.49,7.14,0.0,0.0,194.0,non_vegetarian
170810,"Beef, chuck for stew, separable lean and fat, choice, raw",SR Legacy,21.64,4.81,0.12,0.0,130.0,non_vegetarian
171204,"Beef, chuck for stew, separable lean and fat, select, cooked, braised",SR Legacy,32.29,6.34,0.0,0.0,186.0,non_vegetarian
170809,"Beef, chuck for stew, separable lean and fat, select, raw",SR Legacy,21.9,3.99,0.21,0.0,124.0,non_vegetarian
170213,"Beef, chuck, arm pot roast, separable lean and fat, trimmed to 0"" fat, all grades, cooked, braised",SR Legacy,28.94,19.17,0.0,0.0,297.0,non_vegetarian
170614,"Beef, chuck, arm pot roast, separable lean and fat, trimmed to 0"" fat, select, cooked, braised",SR Legacy,29.23,17.56,0.0,0.0,283.0,non_vegetarian
168667,"Beef, chuck, arm pot roast, separable lean and fat, trimmed to 1/8"" fat, all grades, cooked, braised",SR Legacy,30.12,19.22,0.0,0.0,302.0,non_vegetarian
169491,"Beef, chuck, arm pot roast, separable lean and fat, trimmed to 1/8"" fat, all grades, raw",SR Legacy,19.23,17.98,0.0,0.0,244.0,non_vegetarian
168669,"Beef, chuck, arm pot roast, separable lean and fat, trimmed to 1/8"" fat, choice, cooked, braised",SR Legacy,30.2,19.93,0.0,0.0,309.0,non_vegetarian
168668,"Beef, chuck, arm pot roast, separable lean and fat, trimmed to 1/8"" fat, choice, raw",SR Legacy,19.14,18.57,0.0,0.0,249.0,non_vegetarian
169492,"Beef, chuck, arm pot roast, separable lean and fat, trimmed to 1/8"" fat, select, cooked, braised",SR Legacy,30.05,18.5,0.0,0.0,295.0,non_vegetarian
168670,"Beef, chuck, arm pot roast, separable lean and fat, trimmed to 1/8"" fat, select, raw",SR Legacy,19.33,17.39,0.0,0.0,239.0,non_vegetarian
170615,"Beef, chuck, arm pot roast, separable lean only, trimmed to 0"" fat, choice, cooked, braised",SR Legacy,33.36,7.67,0.0,0.0,212.0,non_vegetarian
170616,"Beef, chuck, arm pot roast, separable lean only, trimmed to 0"" fat, select, cooked, braised",SR Legacy,33.37,5.8,0.0,0.0,195.0,non_vegetarian
174050,"Beef, chuck, arm pot roast, separable lean only, trimmed to 1/8"" fat, all grades, cooked, braised",SR Legacy,34.66,7.36,0.0,0.0,214.0,non_vegetarian
174051,"Beef, chuck, arm pot roast, separable lean only, trimmed to 1/8"" fat, all grades, raw",SR Legacy,22.11,4.19,0.0,0.0,132.0,non_vegetarian
171817,"Beef, chuck, arm pot roast, separable lean only, trimmed to 1/8"" fat, choice, cooked, braised",SR Legacy,34.72,8.37,0.0,0.0,224.0,non_vegetarian
174056,"Beef, chuck, arm pot roast, separable lean only, trimmed to 1/8"" fat, choice, raw",SR Legacy,21.96,5.05,0.0,0.0,139.0,non_vegetarian
174767,"Beef, chuck, arm pot roast, separable lean only, trimmed to 1/8"" fat, select, cooked, braised",SR Legacy,34.6,6.35,0.0,0.0,205.0,non_vegetarian
174765,"Beef, chuck, arm pot roast, separable lean only, trimmed to 1/8"" fat, select, raw",SR Legacy,22.26,3.32,0.0,0.0,125.0,non_vegetarian
170617,"Beef, chuck, blade roast, separable lean and fat, trimmed to 0"" fat, all grades, cooked, braised",SR Legacy,27.18,24.14,0.0,0.0,334.0,non_vegetarian
169494,"Beef, chuck, blade roast, separable lean and fat, trimmed to 1/8"" fat, all grades, cooked, braised",SR Legacy,26.78,25.12,0.0,0.0,341.0,non_vegetarian
169493,"Beef, chuck, blade roast, separable lean and fat, trimmed to 1/8"" fat, all grades, raw",SR Legacy,17.16,19.41,0.0,0.0,248.0,non_vegetarian
168671,"Beef, chuck, blade roast, separable lean and fat, trimmed to 1/8"" fat, choice, cooked, braised",SR Legacy,26.37,27.26,0.0,0.0,359.0,non_vegetarian
169495,"Beef, chuck, blade roast, separable lean and fat, trimmed to 1/8"" fat, choice, raw",SR Legacy,16.98,21.31,0.97,0.0,268.0,non_vegetarian
168673,"Beef, chuck, blade roast, separable lean and fat, trimmed to 1/8"" fat, select, cooked, braised",SR Legacy,27.33,22.35,0.0,0.0,318.0,non_vegetarian
168672,"Beef, chuck, blade roast, separable lean and fat, trimmed to 1/8"" fat, select, raw",SR Legacy,17.37,17.33,0.0,0.0,230.0,non_vegetarian
170215,"Beef, chuck, blade roast, separable lean only, trimmed to 0"" fat, all grades, cooked, braised",SR Legacy,31.06,13.3,0.0,0.0,253.0,non_vegetarian
174027,"Beef, chuck, clod roast, separable lean and fat, trimmed to 0"" fat, all grades, cooked, roasted",SR Legacy,25.7,10.84,0.0,0.0,207.0,non_vegetarian
174023,"Beef, chuck, clod roast, separable lean and fat, trimmed to 0"" fat, choice, cooked, roasted",SR Legacy,24.61,12.26,0.0,0.0,216.0,non_vegetarian
171784,"Beef, chuck, clod roast, separable lean and fat, trimmed to 0"" fat, select, cooked, roasted",SR Legacy,27.3,8.76,0.0,0.0,196.0,non_vegetarian
174019,"Beef, chuck, clod roast, separable lean only, trimmed to 0"" fat, all grades, cooked, roasted",SR Legacy,26.82,6.34,0.0,0.0,172.0,non_vegetarian
169553,"Beef, chuck, clod roast, separable lean only, trimmed to 0"" fat, choice, cooked, roasted",SR Legacy,25.95,6.69,0.0,0.0,171.0,non_vegetarian
168730,"Beef, chuck, clod roast, separable lean only, trimmed to 0"" fat, select, cooked, roasted",SR Legacy,28.09,5.82,0.0,0.0,172.0,non_vegetarian
171780,"Beef, chuck, clod roast, separable lean only, trimmed to 1/4"" fat, all grades, cooked, roasted",SR Legacy,26.36,6.75,0.0,0.0,173.0,non_vegetarian
174018,"Beef, chuck, clod roast, separable lean only, trimmed to 1/4"" fat, all grades, raw",SR Legacy,19.63,5.02,0.0,0.0,129.0,non_vegetarian
171782,"Beef, chuck, clod steak, separable lean only, trimmed to 1/4"" fat, all grades, cooked, braised",SR Legacy,29.34,7.04,0.0,0.0,189.0,non_vegetarian
170821,"Beef, chuck, mock tender steak, boneless, separable lean and fat, trimmed to 0"" fat, all grades, cooked, braised",SR Legacy,32.07,10.18,0.0,0.0,220.0,non_vegetarian
170824,"Beef, chuck, mock tender steak, boneless, separable lean and fat, trimmed to 0"" fat, all grades, raw",SR Legacy,21.13,4.79,0.0,0.0,128.0,non_vegetarian
170822,"Beef, chuck, mock tender steak, boneless, separable lean and fat, trimmed to 0"" fat, choice, cooked, braised",SR Legacy,32.21,10.74,0.0,0.0,225.0,non_vegetarian
171220,"Beef, chuck, mock tender steak, boneless, separable lean and fat, trimmed to 0"" fat, choice, raw",SR Legacy,21.19,5.18,0.0,0.0,131.0,non_vegetarian
170823,"Beef, chuck, mock tender steak, boneless, separable lean and fat, trimmed to 0"" fat, select, cooked, braised",SR Legacy,31.86,9.34,0.0,0.0,211.0,non_vegetarian
171221,"Beef, chuck, mock tender steak, boneless, separable lean and fat, trimmed to 0"" fat, select, raw",SR Legacy,21.05,4.2,0.0,0.0,122.0,non_vegetarian
170806,"Beef, chuck, mock tender steak, boneless, separable lean only, trimmed to 0"" fat, all grades, cooked, braised",SR Legacy,33.31,6.34,0.0,0.0,190.0,non_vegetarian
171202,"Beef, chuck, mock tender steak, boneless, separable lean only, trimmed to 0"" fat, all grades, raw",SR Legacy,21.3,4.17,0.0,0.0,123.0,non_vegetarian
171201,"Beef, chuck, mock tender steak, boneless, separable lean only, trimmed to 0"" fat, choice, cooked, braised",SR Legacy,33.55,6.94,0.0,0.0,197.0,non_vegetarian
170807,"Beef, chuck, mock tender steak, boneless, separable lean only, trimmed to 0"" fat, choice, raw",SR Legacy,21.36,4.6,0.0,0.0,127.0,non_vegetarian
170805,"Beef, chuck, mock tender steak, boneless, separable lean only, trimmed to 0"" fat, select, cooked, braised",SR Legacy,32.96,5.44,0.0,0.0,181.0,non_vegetarian
170808,"Beef, chuck, mock tender steak, boneless, separable lean only, trimmed to 0"" fat, select, raw",SR Legacy,21.22,3.53,0.0,0.0,117.0,non_vegetarian
174025,"Beef, chuck, mock tender steak, separable lean and fat, trimmed to 0"" fat, all grades, cooked, broiled",SR Legacy,25.87,5.52,0.0,0.0,160.0,non_vegetarian
171783,"Beef, chuck, mock tender steak, separable lean and fat, trimmed to 0"" fat, USDA choice, cooked, broiled",SR Legacy,25.73,5.72,0.0,0.0,161.0,non_vegetarian
174020,"Beef, chuck, mock tender steak, separable lean and fat, trimmed to 0"" fat, USDA select, cooked, broiled",SR Legacy,26.08,5.24,0.0,0.0,159.0,non_vegetarian
174016,"Beef, chuck, mock tender steak, separable lean only, trimmed to 0"" fat, all grades, cooked, broiled",SR Legacy,25.9,5.42,0.0,0.0,159.0,non_vegetarian
169561,"Beef, chuck, mock tender steak, separable lean only, trimmed to 0"" fat, choice, cooked, broiled",SR Legacy,25.74,5.69,0.0,0.0,161.0,non_vegetarian
169562,"Beef, chuck, mock tender steak, separable lean only, trimmed to 0"" fat, select, cooked, broiled",SR Legacy,26.13,5.02,0.0,0.0,157.0,non_vegetarian
2646174,"Beef, chuck, roast, boneless, choice, raw",Foundation Foods,18.4,17.8,0.0,,231.7048,non_vegetarian
171222,"Beef, chuck, short ribs, boneless, separable lean and fat, trimmed to 0"" fat, all grades, cooked, braised",SR Legacy,25.48,22.58,0.0,0.0,305.0,non_vegetarian
170826,"Beef, chuck, short ribs, boneless, separable lean and fat, trimmed to 0"" fat, all grades, raw",SR Legacy,17.48,18.33,0.0,0.0,235.0,non_vegetarian
171223,"Beef, chuck, short ribs, boneless, separable lean and fat, trimmed to 0"" fat, choice, cooked, braised",SR Legacy,25.26,24.05,0.0,0.0,317.0,non_vegetarian
170827,"Beef, chuck, short ribs, boneless, separable lean and fat, trimmed to 0"" fat, choice, raw",SR Legacy,17.22,19.03,0.0,0.0,240.0,non_vegetarian
170825,"Beef, chuck, short ribs, boneless, separable lean and fat, trimmed to 0"" fat, select, cooked, braised",SR Legacy,25.81,20.38,0.0,0.0,287.0,non_vegetarian
170828,"Beef, chuck, short ribs, boneless, separable lean and fat, trimmed to 0"" fat, select, raw",SR Legacy,17.87,17.28,0.0,0.0,227.0,non_vegetarian
169569,"Beef, chuck, short ribs, boneless, separable lean only, trimmed to 0"" fat, all grades, cooked, braised",SR Legacy,28.82,13.8,0.0,0.0,240.0,non_vegetarian
170796,"Beef, chuck, short ribs, boneless, separable lean only, trimmed to 0"" fat, all grades, raw",SR Legacy,19.68,10.02,0.05,0.0,169.0,non_vegetarian
169567,"Beef, chuck, short ribs, boneless, separable lean only, trimmed to 0"" fat, choice, cooked, braised",SR Legacy,28.84,14.95,0.0,0.0,250.0,non_vegetarian
170783,"Beef, chuck, short ribs, boneless, separable lean only, trimmed to 0"" fat, choice, raw",SR Legacy,19.38,10.7,0.29,0.0,175.0,non_vegetarian
169568,"Beef, chuck, short ribs, boneless, separable lean only, trimmed to 0"" fat, select, cooked, braised",SR Legacy,28.79,12.08,0.0,0.0,224.0,non_vegetarian
171193,"Beef, chuck, short ribs, boneless, separable lean only, trimmed to 0"" fat, select, raw",SR Legacy,20.14,8.99,0.0,0.0,161.0,non_vegetarian
173366,"Beef, chuck, shoulder clod, shoulder tender, medallion, separable lean and fat, trimmed to 0"" fat, all grades, cooked, grilled",SR Legacy,26.22,7.2,0.0,0.0,177.0,non_vegetarian
173365,"Beef, chuck, shoulder clod, shoulder tender, medallion, separable lean and fat, trimmed to 0"" fat, all grades, raw",SR Legacy,20.54,6.22,0.0,0.0,144.0,non_vegetarian
173355,"Beef, chuck, shoulder clod, shoulder tender, medallion, separable lean and fat, trimmed to 0"" fat, choice, cooked, grilled",SR Legacy,26.07,7.68,0.0,0.0,181.0,non_vegetarian
172122,"Beef, chuck, shoulder clod, shoulder tender, medallion, separable lean and fat, trimmed to 0"" fat, choice, raw",SR Legacy,20.51,6.36,0.0,0.0,145.0,non_vegetarian
172136,"Beef, chuck, shoulder clod, shoulder tender, medallion, separable lean and fat, trimmed to 0"" fat, select, cooked, grilled",SR Legacy,26.45,6.43,0.33,0.0,172.0,non_vegetarian
173356,"Beef, chuck, shoulder clod, shoulder tender, medallion, separable lean and fat, trimmed to 0"" fat, select, raw",SR Legacy,20.93,5.79,0.0,0.0,142.0,non_vegetarian
172133,"Beef, chuck, shoulder clod, shoulder top and center steaks, separable lean and fat, trimmed to 0"" fat, all grades, cooked, grilled",SR Legacy,26.3,7.66,0.12,0.0,182.0,non_vegetarian
172132,"Beef, chuck, shoulder clod, shoulder top and center steaks, separable lean and fat, trimmed to 0"" fat, all grades, raw",SR Legacy,20.67,5.88,0.0,0.0,141.0,non_vegetarian
173358,"Beef, chuck, shoulder clod, shoulder top and center steaks, separable lean and fat, trimmed to 0"" fat, choice, cooked, grilled",SR Legacy,26.07,8.11,0.0,0.0,184.0,non_vegetarian
173357,"Beef, chuck, shoulder clod, shoulder top and center steaks, separable lean and fat, trimmed to 0"" fat, choice, raw",SR Legacy,20.39,6.12,0.0,0.0,143.0,non_vegetarian
172124,"Beef, chuck, shoulder clod, shoulder top and center steaks, separable lean and fat, trimmed to 0"" fat, select, cooked, grilled",SR Legacy,26.66,6.94,0.0,0.0,176.0,non_vegetarian
172123,"Beef, chuck, shoulder clod, shoulder top and center steaks, separable lean and fat, trimmed to 0"" fat, select, raw",SR Legacy,21.13,5.51,0.0,0.0,140.0,non_vegetarian
173368,"Beef, chuck, shoulder clod, top blade, steak, separable lean and fat, trimmed to 0"" fat, all grades, cooked, grilled",SR Legacy,24.93,12.79,0.0,0.0,222.0,non_vegetarian
172134,"Beef, chuck, shoulder clod, top blade, steak, separable lean and fat, trimmed to 0"" fat, all grades, raw",SR Legacy,18.99,10.52,0.0,0.0,176.0,non_vegetarian
172126,"Beef, chuck, shoulder clod, top blade, steak, separable lean and fat, trimmed to 0"" fat, choice, cooked, grilled",SR Legacy,24.7,13.59,0.0,0.0,228.0,non_vegetarian
172125,"Beef, chuck, shoulder clod, top blade, steak, separable lean and fat, trimmed to 0"" fat, choice, raw",SR Legacy,18.75,11.33,0.0,0.0,182.0,non_vegetarian
173360,"Beef, chuck, shoulder clod, top blade, steak, separable lean and fat, trimmed to 0"" fat, select, cooked, grilled",SR Legacy,25.29,11.52,0.0,0.0,212.0,non_vegetarian
173359,"Beef, chuck, shoulder clod, top blade, steak, separable lean and fat, trimmed to 0"" fat, select, raw",SR Legacy,19.38,9.22,0.0,0.0,166.0,non_vegetarian
174026,"Beef, chuck, top blade, separable lean and fat, trimmed to 0"" fat, all grades, cooked, broiled",SR Legacy,25.73,11.73,0.0,0.0,216.0,non_vegetarian
174021,"Beef, chuck, top blade, separable lean and fat, trimmed to 0"" fat, choice, cooked, broiled",SR Legacy,25.77,12.93,0.0,0.0,227.0,non_vegetarian
174022,"Beef, chuck, top blade, separable lean and fat, trimmed to 0"" fat, select, cooked, broiled",SR Legacy,25.67,9.99,0.0,0.0,200.0,non_vegetarian
174017,"Beef, chuck, top blade, separable lean only, trimmed to 0"" fat, all grades, cooked, broiled",SR Legacy,26.13,10.16,0.0,0.0,203.0,non_vegetarian
168738,"Beef, chuck, top blade, separable lean only, trimmed to 0"" fat, choice, cooked, broiled",SR Legacy,26.11,11.65,0.0,0.0,217.0,non_vegetarian
168739,"Beef, chuck, top blade, separable lean only, trimmed to 0"" fat, select, cooked, broiled",SR Legacy,26.16,8.0,0.0,0.0,184.0,non_vegetarian
170816,"Beef, chuck, under blade center steak, boneless, Denver Cut, separable lean and fat, trimmed to 0"" fat, all grades, cooked, grilled",SR Legacy,26.18,13.54,0.21,0.0,227.0,non_vegetarian
171213,"Beef, chuck, under blade center steak, boneless, Denver Cut, separable lean and fat, trimmed to 0"" fat, all grades, raw",SR Legacy,18.99,11.64,0.36,0.0,182.0,non_vegetarian
171211,"Beef, chuck, under blade center steak, boneless, Denver Cut, separable lean and fat, trimmed to 0"" fat, choice, cooked, grilled",SR Legacy,26.1,14.41,0.4,0.0,236.0,non_vegetarian
171214,"Beef, chuck, under blade center steak, boneless, Denver Cut, separable lean and fat, trimmed to 0"" fat, choice, raw",SR Legacy,18.85,12.4,0.53,0.0,189.0,non_vegetarian
171212,"Beef, chuck, under blade center steak, boneless, Denver Cut, separable lean and fat, trimmed to 0"" fat, select, cooked, grilled",SR Legacy,26.3,12.25,0.0,0.0,215.0,non_vegetarian
170817,"Beef, chuck, under blade center steak, boneless, Denver Cut, separable lean and fat, trimmed to 0"" fat, select, raw",SR Legacy,19.2,10.5,0.09,0.0,172.0,non_vegetarian
170605,"Beef, chuck, under blade center steak, boneless, Denver Cut, separable lean only, trimmed to 0"" fat, all grades, cooked, grilled",SR Legacy,26.5,12.64,0.14,0.0,220.0,non_vegetarian
170205,"Beef, chuck, under blade center steak, boneless, Denver Cut, separable lean only, trimmed to 0"" fat, all grades, raw",SR Legacy,19.42,9.99,0.49,0.0,170.0,non_vegetarian
170201,"Beef, chuck, under blade center steak, boneless, Denver Cut, separable lean only, trimmed to 0"" fat, choice, cooked, grilled",SR Legacy,26.49,13.42,0.28,0.0,228.0,non_vegetarian
170608,"Beef, chuck, under blade center steak, boneless, Denver Cut, separable lean only, trimmed to 0"" fat, choice, raw",SR Legacy,19.23,10.96,0.67,0.0,178.0,non_vegetarian
170203,"Beef, chuck, under blade center steak, boneless, Denver Cut, separable lean only, trimmed to 0"" fat, select, cooked, grilled",SR Legacy,26.53,11.46,0.0,0.0,209.0,non_vegetarian
168653,"Beef, chuck, under blade center steak, boneless, Denver Cut, separable lean only, trimmed to 0"" fat, select, raw",SR Legacy,19.71,8.54,0.21,0.0,157.0,non_vegetarian
170813,"Beef, chuck, under blade pot roast or steak, boneless, separable lean and fat, trimmed to 0"" fat, all grades, raw",SR Legacy,19.17,13.26,0.0,0.0,196.0,non_vegetarian
170814,"Beef, chuck, under blade pot roast or steak, boneless, separable lean and fat, trimmed to 0"" fat, choice, raw",SR Legacy,19.15,13.93,0.0,0.0,202.0,non_vegetarian
170815,"Beef, chuck, under blade pot roast or steak, boneless, separable lean and fat, trimmed to 0"" fat, select, raw",SR Legacy,19.2,12.27,0.0,0.0,187.0,non_vegetarian
169445,"Beef, chuck, under blade pot roast or steak, boneless, separable lean only, trimmed to 0"" fat, all grades, raw",SR Legacy,21.13,6.07,0.31,0.0,140.0,non_vegetarian
169446,"Beef, chuck, under blade pot roast or steak, boneless, separable lean only, trimmed to 0"" fat, choice, raw",SR Legacy,21.19,6.51,0.39,0.0,145.0,non_vegetarian
170603,"Beef, chuck, under blade pot roast or steak, boneless, separable lean only, trimmed to 0"" fat, select, raw",SR Legacy,21.03,5.41,0.19,0.0,134.0,non_vegetarian
171208,"Beef, chuck, under blade pot roast, boneless, separable lean and fat, trimmed to 0"" fat, all grades, cooked, braised",SR Legacy,26.7,20.49,0.0,0.0,291.0,non_vegetarian
170618,"Beef, chuck, under blade pot roast, boneless, separable lean and fat, trimmed to 0"" fat, choice, cooked, braised",SR Legacy,26.39,21.48,0.0,0.0,306.0,non_vegetarian
170214,"Beef, chuck, under blade pot roast, boneless, separable lean and fat, trimmed to 0"" fat, select, cooked, braised",SR Legacy,27.17,19.02,0.0,0.0,288.0,non_vegetarian
169444,"Beef, chuck, under blade pot roast, boneless, separable lean only, trimmed to 0"" fat, all grades, cooked, braised",SR Legacy,30.54,10.46,0.0,0.0,216.0,non_vegetarian
170216,"Beef, chuck, under blade pot roast, boneless, separable lean only, trimmed to 0"" fat, choice, cooked, braised",SR Legacy,30.45,11.14,0.0,0.0,231.0,non_vegetarian
170217,"Beef, chuck, under blade pot roast, boneless, separable lean only, trimmed to 0"" fat, select, cooked, braised",SR Legacy,30.68,9.44,0.0,0.0,216.0,non_vegetarian
171217,"Beef, chuck, under blade steak, boneless, separable lean and fat, trimmed to 0"" fat, all grades, cooked, braised",SR Legacy,28.23,18.0,0.0,0.0,275.0,non_vegetarian
171218,"Beef, chuck, under blade steak, boneless, separable lean and fat, trimmed to 0"" fat, choice, cooked, braised",SR Legacy,27.6,19.3,0.0,0.0,284.0,non_vegetarian
171219,"Beef, chuck, under blade steak, boneless, separable lean and fat, trimmed to 0"" fat, select, cooked, braised",SR Legacy,29.18,16.05,0.0,0.0,261.0,non_vegetarian
171207,"Beef, chuck, under blade steak, boneless, separable lean only, trimmed to 0"" fat, all grades, cooked, braised",SR Legacy,31.35,10.41,0.0,0.0,219.0,non_vegetarian
170811,"Beef, chuck, under blade steak, boneless, separable lean only, trimmed to 0"" fat, choice, cooked, braised",SR Legacy,30.91,10.91,0.0,0.0,222.0,non_vegetarian
170812,"Beef, chuck, under blade steak, boneless, separable lean only, trimmed to 0"" fat, select, cooked, braised",SR Legacy,32.01,9.66,0.0,0.0,215.0,non_vegetarian
170609,"Beef, composite of trimmed retail cuts, separable lean and fat, trimmed to 0"" fat, all grades, cooked",SR Legacy,28.4,12.42,0.0,0.0,230.0,non_vegetarian
174757,"Beef, composite of trimmed retail cuts, separable lean and fat, trimmed to 0"" fat, all grades, raw",SR Legacy,20.95,9.3,0.0,0.0,167.0,non_vegetarian
170206,"Beef, composite of trimmed retail cuts, separable lean and fat, trimmed to 0"" fat, choice, cooked",SR Legacy,28.17,12.53,0.0,0.0,233.0,non_vegetarian
174014,"Beef, composite of trimmed retail cuts, separable lean and fat, trimmed to 0"" fat, choice, raw",SR Legacy,21.34,10.08,0.0,0.0,176.0,non_vegetarian
170207,"Beef, composite of trimmed retail cuts, separable lean and fat, trimmed to 0"" fat, select, cooked",SR Legacy,28.61,9.18,0.0,0.0,203.0,non_vegetarian
171777,"Beef, composite of trimmed retail cuts, separable lean and fat, trimmed to 0"" fat, select, raw",SR Legacy,21.2,8.0,0.0,0.0,157.0,non_vegetarian
169484,"Beef, composite of trimmed retail cuts, separable lean and fat, trimmed to 1/8"" fat, all grades, cooked",SR Legacy,26.11,16.59,0.0,0.0,259.0,non_vegetarian
169483,"Beef, composite of trimmed retail cuts, separable lean and fat, trimmed to 1/8"" fat, all grades, raw",SR Legacy,20.01,14.42,0.0,0.0,215.0,non_vegetarian
169486,"Beef, composite of trimmed retail cuts, separable lean and fat, trimmed to 1/8"" fat, choice, cooked",SR Legacy,25.85,17.68,0.0,0.0,268.0,non_vegetarian
169485,"Beef, composite of trimmed retail cuts, separable lean and fat, trimmed to 1/8"" fat, choice, raw",SR Legacy,19.79,15.42,0.0,0.0,224.0,non_vegetarian
168663,"Beef, composite of trimmed retail cuts, separable lean and fat, trimmed to 1/8"" fat, select, cooked",SR Legacy,26.06,15.09,0.0,0.0,245.0,non_vegetarian
169487,"Beef, composite of trimmed retail cuts, separable lean and fat, trimmed to 1/8"" fat, select, raw",SR Legacy,19.06,12.4,0.0,0.0,193.0,non_vegetarian
170208,"Beef, composite of trimmed retail cuts, separable lean only, trimmed to 0"" fat, all grades, cooked",SR Legacy,29.9,8.37,0.0,0.0,203.0,non_vegetarian
174760,"Beef, composite of trimmed retail cuts, separable lean only, trimmed to 0"" fat, all grades, raw",SR Legacy,22.15,5.54,0.0,0.0,138.0,non_vegetarian
170209,"Beef, composite of trimmed retail cuts, separable lean only, trimmed to 0"" fat, choice, cooked",SR Legacy,29.51,8.87,0.0,0.0,206.0,non_vegetarian
174015,"Beef, composite of trimmed retail cuts, separable lean only, trimmed to 0"" fat, choice, raw",SR Legacy,21.55,7.24,0.0,0.0,151.0,non_vegetarian
170610,"Beef, composite of trimmed retail cuts, separable lean only, trimmed to 0"" fat, select, cooked",SR Legacy,29.88,7.12,0.0,0.0,188.0,non_vegetarian
171776,"Beef, composite of trimmed retail cuts, separable lean only, trimmed to 0"" fat, select, raw",SR Legacy,22.03,4.99,0.0,0.0,133.0,non_vegetarian
174759,"Beef, composite of trimmed retail cuts, separable lean only, trimmed to 1/8"" fat, all grades, cooked",SR Legacy,28.95,8.15,0.0,0.0,194.0,non_vegetarian
174758,"Beef, composite of trimmed retail cuts, separable lean only, trimmed to 1/8"" fat, all grades, raw",SR Legacy,22.15,5.38,0.0,0.0,140.0,non_vegetarian
174012,"Beef, composite of trimmed retail cuts, separable lean only, trimmed to 1/8"" fat, choice, raw",SR Legacy,22.01,6.05,0.0,0.0,142.0,non_vegetarian
171778,"Beef, composite of trimmed retail cuts, separable lean only, trimmed to 1/8"" fat, select, cooked",SR Legacy,27.51,6.37,0.0,0.0,167.0,non_vegetarian
171779,"Beef, composite of trimmed retail cuts, separable lean only, trimmed to 1/8"" fat, select, raw",SR Legacy,22.37,4.55,0.0,0.0,130.0,non_vegetarian
173332,"Beef, corned beef hash, with potato, canned",SR Legacy,8.73,10.24,9.27,1.1,164.0,non_vegetarian
170198,"Beef, cured, breakfast strips, cooked",SR Legacy,31.3,34.4,1.4,0.0,449.0,non_vegetarian
170197,"Beef, cured, breakfast strips, raw or unheated",SR Legacy,12.5,38.8,0.7,0.0,406.0,non_vegetarian
170200,"Beef, cured, corned beef, brisket, cooked",SR Legacy,18.17,18.98,0.47,0.0,251.0,non_vegetarian
170199,"Beef, cured, corned beef, brisket, raw",SR Legacy,14.68,14.9,0.14,0.0,198.0,non_vegetarian
170602,"Beef, cured, corned beef, canned",SR Legacy,27.1,14.93,0.0,0.0,250.0,non_vegetarian
170604,"Beef, cured, dried",SR Legacy,31.1,1.94,2.76,0.0,153.0,non_vegetarian
170202,"Beef, cured, luncheon meat, jellied",SR Legacy,19.0,3.3,0.0,0.0,111.0,non_vegetarian
170204,"Beef, cured, pastrami",SR Legacy,21.8,5.82,0.36,0.0,147.0,non_vegetarian
2646175,"Beef, flank, steak, boneless, choice, raw",Foundation Foods,20.13125,9.399,0.0,,163.8998,non_vegetarian
168733,"Beef, flank, steak, separable lean and fat, trimmed to 0"" fat, all grades, cooked, broiled",SR Legacy,27.66,8.23,0.0,0.0,192.0,non_vegetarian
169563,"Beef, flank, steak, separable lean and fat, trimmed to 0"" fat, all grades, raw",SR Legacy,21.22,7.17,0.0,0.0,155.0,non_vegetarian
169434,"Beef, flank, steak, separable lean and fat, trimmed to 0"" fat, choice, cooked, braised",SR Legacy,26.98,16.44,0.0,0.0,263.0,non_vegetarian
169435,"Beef, flank, steak, separable lean and fat, trimmed to 0"" fat, choice, cooked, broiled",SR Legacy,27.55,9.31,0.0,0.0,202.0,non_vegetarian
169433,"Beef, flank, steak, separable lean and fat, trimmed to 0"" fat, choice, raw",SR Legacy,21.22,8.29,0.0,0.0,165.0,non_vegetarian
169554,"Beef, flank, steak, separable lean and fat, trimmed to 0"" fat, select, cooked, broiled",SR Legacy,27.78,7.15,0.0,0.0,183.0,non_vegetarian
169564,"Beef, flank, steak, separable lean and fat, trimmed to 0"" fat, select, raw",SR Legacy,21.22,6.06,0.0,0.0,145.0,non_vegetarian
174774,"Beef, flank, steak, separable lean only, trimmed to 0"" fat, all grades, cooked, broiled",SR Legacy,27.89,7.4,0.0,0.0,186.0,non_vegetarian
174776,"Beef, flank, steak, separable lean only, trimmed to 0"" fat, all grades, raw",SR Legacy,21.57,5.47,0.0,0.0,141.0,non_vegetarian
168610,"Beef, flank, steak, separable lean only, trimmed to 0"" fat, choice, cooked, braised",SR Legacy,28.02,13.0,0.0,0.0,237.0,non_vegetarian
168611,"Beef, flank, steak, separable lean only, trimmed to 0"" fat, choice, cooked, broiled",SR Legacy,27.82,8.32,0.0,0.0,194.0,non_vegetarian
168609,"Beef, flank, steak, separable lean only, trimmed to 0"" fat, choice, raw",SR Legacy,21.72,6.29,0.0,0.0,149.0,non_vegetarian
174775,"Beef, flank, steak, separable lean only, trimmed to 0"" fat, select, cooked, broiled",SR Legacy,27.96,6.48,0.0,0.0,178.0,non_vegetarian
174777,"Beef, flank, steak, separable lean only, trimmed to 0"" fat, select, raw",SR Legacy,21.43,5.0,0.0,0.0,137.0,non_vegetarian
168608,"Beef, grass-fed, ground, raw",SR Legacy,19.42,12.73,0.0,0.0,198.0,non_vegetarian
169429,"Beef, grass-fed, strip steaks, lean only, raw",SR Legacy,23.07,2.69,0.0,0.0,117.0,non_vegetarian
169473,"Beef, ground, 70% lean meat / 30% fat, crumbles, cooked, pan-browned",SR Legacy,25.56,17.86,0.0,0.0,270.0,non_vegetarian
169474,"Beef, ground, 70% lean meat / 30% fat, loaf, cooked, baked",SR Legacy,23.87,15.37,0.0,0.0,241.0,non_vegetarian
168650,"Beef, ground, 70% lean meat / 30% fat, patty cooked, pan-broiled",SR Legacy,22.86,15.54,0.0,0.0,238.0,non_vegetarian
168651,"Beef, ground, 70% lean meat / 30% fat, patty, cooked, broiled",SR Legacy,25.38,18.66,0.0,0.0,277.0,non_vegetarian
168652,"Beef, ground, 70% lean meat / 30% fat, raw",SR Legacy,14.35,30.0,0.0,0.0,332.0,non_vegetarian
174040,"Beef, ground, 75% lean meat / 25% fat, crumbles, cooked, pan-browned",SR Legacy,26.28,18.21,0.0,0.0,277.0,non_vegetarian
171801,"Beef, ground, 75% lean meat / 25% fat, loaf, cooked, baked",SR Legacy,24.56,16.5,0.0,0.0,254.0,non_vegetarian
174038,"Beef, ground, 75% lean meat / 25% fat, patty, cooked, broiled",SR Legacy,25.56,18.87,0.0,0.0,279.0,non_vegetarian
174039,"Beef, ground, 75% lean meat / 25% fat, patty, cooked, pan-broiled",SR Legacy,23.45,16.44,0.0,0.0,248.0,non_vegetarian
174037,"Beef, ground, 75% lean meat / 25% fat, raw",SR Legacy,15.76,25.0,0.0,0.0,293.0,non_vegetarian
171799,"Beef, ground, 80% lean meat / 20% fat, crumbles, cooked, pan-browned",SR Legacy,27.0,17.36,0.0,0.0,272.0,non_vegetarian
171800,"Beef, ground, 80% lean meat / 20% fat, loaf, cooked, baked",SR Legacy,25.25,16.17,0.0,0.0,254.0,non_vegetarian
171797,"Beef, ground, 80% lean meat / 20% fat, patty, cooked, broiled",SR Legacy,25.75,17.78,0.0,0.0,270.0,non_vegetarian
171798,"Beef, ground, 80% lean meat / 20% fat, patty, cooked, pan-broiled",SR Legacy,24.04,15.94,0.0,0.0,246.0,non_vegetarian
174036,"Beef, ground, 80% lean meat / 20% fat, raw",SR Legacy,17.17,20.0,0.0,0.0,254.0,non_vegetarian
174034,"Beef, ground, 85% lean meat / 15% fat, crumbles, cooked, pan-browned",SR Legacy,27.73,15.3,0.0,0.0,256.0,non_vegetarian
174035,"Beef, ground, 85% lean meat / 15% fat, loaf, cooked, baked",SR Legacy,25.93,14.36,0.0,0.0,240.0,non_vegetarian
174032,"Beef, ground, 85% lean meat / 15% fat, patty, cooked, broiled",SR Legacy,25.93,15.41,0.0,0.0,250.0,non_vegetarian
174033,"Beef, ground, 85% lean meat / 15% fat, patty, cooked, pan-broiled",SR Legacy,24.62,14.02,0.0,0.0,232.0,non_vegetarian
171796,"Beef, ground, 85% lean meat / 15% fat, raw (Includes foods for USDA's Food Distribution Program)",SR Legacy,18.59,15.0,0.0,0.0,215.0,non_vegetarian
171794,"Beef, ground, 90% lean meat / 10% fat, crumbles, cooked, pan-browned",SR Legacy,28.45,12.04,0.0,0.0,230.0,non_vegetarian
171795,"Beef, ground, 90% lean meat / 10% fat, loaf, cooked, baked",SR Legacy,26.62,11.1,0.0,0.0,214.0,non_vegetarian
174031,"Beef, ground, 90% lean meat / 10% fat, patty, cooked, broiled",SR Legacy,26.11,11.75,0.0,0.0,217.0,non_vegetarian
171793,"Beef, ground, 90% lean meat / 10% fat, patty, cooked, pan-broiled",SR Legacy,25.21,10.68,0.0,0.0,204.0,non_vegetarian
174030,"Beef, ground, 90% lean meat / 10% fat, raw",SR Legacy,20.0,10.0,0.0,0.0,176.0,non_vegetarian
174755,"Beef, ground, 93% lean meat / 7% fat, crumbles, cooked, pan-browned",SR Legacy,28.88,9.51,0.0,0.0,209.0,non_vegetarian
174754,"Beef, ground, 93% lean meat / 7% fat, loaf, cooked, baked",SR Legacy,27.03,8.43,0.0,0.0,192.0,non_vegetarian
174752,"Beef, ground, 93% lean meat / 7% fat, patty, cooked, broiled",SR Legacy,26.22,8.94,0.0,0.0,193.0,non_vegetarian
173110,"Beef, ground, 93% lean meat / 7% fat, raw",SR Legacy,20.85,7.0,0.0,0.0,152.0,non_vegetarian
174753,"Beef, ground, 93% lean meat /7% fat, patty, cooked, pan-broiled",SR Legacy,25.56,8.01,0.06,0.0,182.0,non_vegetarian
174028,"Beef, ground, 95% lean meat / 5% fat, crumbles, cooked, pan-browned",SR Legacy,29.17,7.58,0.0,0.0,193.0,non_vegetarian
174029,"Beef, ground, 95% lean meat / 5% fat, loaf, cooked, baked",SR Legacy,27.31,6.37,0.0,0.0,174.0,non_vegetarian
171791,"Beef, ground, 95% lean meat / 5% fat, patty, cooked, broiled",SR Legacy,26.29,6.8,0.0,0.0,174.0,non_vegetarian
171792,"Beef, ground, 95% lean meat / 5% fat, patty, cooked, pan-broiled",SR Legacy,25.8,5.94,0.0,0.0,164.0,non_vegetarian
171790,"Beef, ground, 95% lean meat / 5% fat, raw",SR Legacy,21.41,5.0,0.0,0.0,137.0,non_vegetarian
174756,"Beef, ground, 97% lean meat / 3% fat, crumbles, cooked, pan-browned",SR Legacy,29.46,5.46,0.0,0.0,175.0,non_vegetarian
173114,"Beef, ground, 97% lean meat / 3% fat, loaf, cooked, baked",SR Legacy,27.58,4.06,0.0,0.0,154.0,non_vegetarian
173112,"Beef, ground, 97% lean meat / 3% fat, patty, cooked, broiled",SR Legacy,26.36,4.46,0.0,0.0,153.0,non_vegetarian
173111,"Beef, ground, 97% lean meat / 3% fat, raw",SR Legacy,21.98,3.0,0.0,0.0,121.0,non_vegetarian
173113,"Beef, ground, 97% lean meat /3% fat, patty, cooked, pan-broiled",SR Legacy,26.03,3.65,0.0,0.0,144.0,non_vegetarian
169447,"Beef, ground, patties, frozen, cooked, broiled",SR Legacy,23.05,21.83,0.0,0.0,295.0,non_vegetarian
172161,"Beef, ground, unspecified fat content, cooked",SR Legacy,25.07,14.53,0.62,0.0,240.0,non_vegetarian
169571,"Beef, loin, bottom sirloin butt, tri-tip roast, separable lean only, trimmed to 0"" fat, all grades, cooked, roasted",SR Legacy,26.75,8.34,0.0,0.0,182.0,non_vegetarian
174024,"Beef, loin, bottom sirloin butt, tri-tip steak, separable lean and fat, trimmed to 0"" fat, all grades, cooked, broiled",SR Legacy,29.97,15.18,0.0,0.0,265.0,non_vegetarian
173991,"Beef, loin, tenderloin roast, boneless, separable lean and fat, trimmed to 0"" fat, all grades, cooked, roasted",SR Legacy,27.31,8.14,0.0,0.0,183.0,non_vegetarian
173987,"Beef, loin, tenderloin roast, boneless, separable lean and fat, trimmed to 0"" fat, all grades, raw",SR Legacy,21.67,6.93,0.0,0.0,149.0,non_vegetarian
171753,"Beef, loin, tenderloin roast, boneless, separable lean and fat, trimmed to 0"" fat, choice, cooked, roasted",SR Legacy,27.26,8.82,0.0,0.0,188.0,non_vegetarian
171748,"Beef, loin, tenderloin roast, boneless, separable lean and fat, trimmed to 0"" fat, choice, raw",SR Legacy,21.5,7.4,0.0,0.0,153.0,non_vegetarian
171754,"Beef, loin, tenderloin roast, boneless, separable lean and fat, trimmed to 0"" fat, select, cooked, roasted",SR Legacy,27.38,7.12,0.0,0.0,174.0,non_vegetarian
171749,"Beef, loin, tenderloin roast, boneless, separable lean and fat, trimmed to 0"" fat, select, raw",SR Legacy,21.91,6.21,0.0,0.0,144.0,non_vegetarian
174004,"Beef, loin, tenderloin roast, boneless, separable lean only, trimmed to 0"" fat, all grades, cooked, roasted",SR Legacy,27.51,7.49,0.0,0.0,177.0,non_vegetarian
171765,"Beef, loin, tenderloin roast, boneless, separable lean only, trimmed to 0"" fat, all grades, raw",SR Legacy,21.94,5.74,0.0,0.0,139.0,non_vegetarian
174005,"Beef, loin, tenderloin roast, boneless, separable lean only, trimmed to 0"" fat, choice, cooked, roasted",SR Legacy,27.48,8.13,0.0,0.0,183.0,non_vegetarian
174000,"Beef, loin, tenderloin roast, boneless, separable lean only, trimmed to 0"" fat, choice, raw",SR Legacy,21.78,6.16,0.0,0.0,143.0,non_vegetarian
174001,"Beef, loin, tenderloin roast, boneless, separable lean only, trimmed to 0"" fat, select, raw",SR Legacy,22.16,5.1,0.0,0.0,135.0,non_vegetarian
174006,"Beef, loin, tenderloin roast, separable lean only, boneless, trimmed to 0"" fat, select, cooked, roasted",SR Legacy,27.55,6.54,0.0,0.0,169.0,non_vegetarian
170237,"Beef, loin, tenderloin steak, boneless, separable lean and fat, trimmed to 0"" fat, all grades, cooked, grilled",SR Legacy,30.5,8.91,0.0,0.0,211.0,non_vegetarian
173988,"Beef, loin, tenderloin steak, boneless, separable lean and fat, trimmed to 0"" fat, all grades, raw",SR Legacy,21.72,6.67,0.0,0.0,147.0,non_vegetarian
170238,"Beef, loin, tenderloin steak, boneless, separable lean and fat, trimmed to 0"" fat, choice, cooked, grilled",SR Legacy,30.21,9.71,0.0,0.0,217.0,non_vegetarian
173989,"Beef, loin, tenderloin steak, boneless, separable lean and fat, trimmed to 0"" fat, choice, raw",SR Legacy,21.57,7.1,0.0,0.0,150.0,non_vegetarian
170640,"Beef, loin, tenderloin steak, boneless, separable lean and fat, trimmed to 0"" fat, select, cooked, grilled",SR Legacy,30.93,7.7,0.0,0.0,202.0,non_vegetarian
173990,"Beef, loin, tenderloin steak, boneless, separable lean and fat, trimmed to 0"" fat, select, raw",SR Legacy,21.95,6.02,0.0,0.0,142.0,non_vegetarian
170641,"Beef, loin, tenderloin steak, boneless, separable lean only, trimmed to 0"" fat, all grades, cooked, grilled",SR Legacy,30.7,8.32,0.0,0.0,198.0,non_vegetarian
171767,"Beef, loin, tenderloin steak, boneless, separable lean only, trimmed to 0"" fat, all grades, raw",SR Legacy,21.94,5.74,0.0,0.0,139.0,non_vegetarian
170642,"Beef, loin, tenderloin steak, boneless, separable lean only, trimmed to 0"" fat, choice, cooked, grilled",SR Legacy,30.45,9.03,0.0,0.0,211.0,non_vegetarian
171768,"Beef, loin, tenderloin steak, boneless, separable lean only, trimmed to 0"" fat, choice, raw",SR Legacy,21.78,6.16,0.0,0.0,143.0,non_vegetarian
170643,"Beef, loin, tenderloin steak, boneless, separable lean only, trimmed to 0"" fat, select, cooked, grilled",SR Legacy,31.09,7.25,0.0,0.0,198.0,non_vegetarian
171769,"Beef, loin, tenderloin steak, boneless, separable lean only, trimmed to 0"" fat, select, raw",SR Legacy,22.16,5.1,0.0,0.0,135.0,non_vegetarian
170239,"Beef, loin, top loin steak, boneless, lip off, separable lean and fat, trimmed to 0"" fat, all grades, cooked, grilled",SR Legacy,28.57,11.15,0.0,0.0,223.0,non_vegetarian
171750,"Beef, loin, top loin steak, boneless, lip off, separable lean and fat, trimmed to 0"" fat, all grades, raw",SR Legacy,22.43,8.17,0.0,0.0,163.0,non_vegetarian
170240,"Beef, loin, top loin steak, boneless, lip off, separable lean and fat, trimmed to 0"" fat, choice, cooked, grilled",SR Legacy,28.19,12.51,0.0,0.0,233.0,non_vegetarian
171751,"Beef, loin, top loin steak, boneless, lip off, separable lean and fat, trimmed to 0"" fat, choice, raw",SR Legacy,22.19,9.16,0.0,0.0,171.0,non_vegetarian
168631,"Beef, loin, top loin steak, boneless, lip off, separable lean and fat, trimmed to 0"" fat, select, cooked, grilled",SR Legacy,29.16,9.12,0.0,0.0,207.0,non_vegetarian
171752,"Beef, loin, top loin steak, boneless, lip off, separable lean and fat, trimmed to 0"" fat, select, raw",SR Legacy,22.79,6.67,0.0,0.0,151.0,non_vegetarian
168632,"Beef, loin, top loin steak, boneless, lip off, separable lean only, trimmed to 0"" fat, all grades, cooked, grilled",SR Legacy,29.53,8.41,0.0,0.0,202.0,non_vegetarian
174002,"Beef, loin, top loin steak, boneless, lip off, separable lean only, trimmed to 0"" fat, all grades, raw",SR Legacy,23.07,5.67,0.0,0.0,143.0,non_vegetarian
169455,"Beef, loin, top loin steak, boneless, lip off, separable lean only, trimmed to 0"" fat, choice, cooked, grilled",SR Legacy,29.22,9.52,0.0,0.0,211.0,non_vegetarian
174003,"Beef, loin, top loin steak, boneless, lip off, separable lean only, trimmed to 0"" fat, choice, raw",SR Legacy,22.93,6.34,0.0,0.0,149.0,non_vegetarian
169456,"Beef, loin, top loin steak, boneless, lip off, separable lean only, trimmed to 0"" fat, select, cooked, grilled",SR Legacy,29.99,6.74,0.0,0.0,189.0,non_vegetarian
171766,"Beef, loin, top loin steak, boneless, lip off, separable lean only, trimmed to 0"" fat, select, raw",SR Legacy,23.3,4.66,0.0,0.0,135.0,non_vegetarian
174714,"Beef, loin, top loin steak, boneless, lip-on, separable lean and fat, trimmed to 1/8"" fat, all grades, cooked, grilled",SR Legacy,26.18,17.69,0.0,0.0,264.0,non_vegetarian
171775,"Beef, loin, top loin steak, boneless, lip-on, separable lean and fat, trimmed to 1/8"" fat, all grades, raw",SR Legacy,21.29,12.68,0.0,0.0,199.0,non_vegetarian
174712,"Beef, loin, top loin steak, boneless, lip-on, separable lean and fat, trimmed to 1/8"" fat, choice, cooked, grilled",SR Legacy,25.69,19.19,0.0,0.0,275.0,non_vegetarian
173072,"Beef, loin, top loin steak, boneless, lip-on, separable lean and fat, trimmed to 1/8"" fat, choice, raw",SR Legacy,21.13,13.36,0.0,0.0,205.0,non_vegetarian
174713,"Beef, loin, top loin steak, boneless, lip-on, separable lean and fat, trimmed to 1/8"" fat, select, cooked, grilled",SR Legacy,26.92,15.44,0.0,0.0,247.0,non_vegetarian
171774,"Beef, loin, top loin steak, boneless, lip-on, separable lean and fat, trimmed to 1/8"" fat, select, raw",SR Legacy,21.54,11.65,0.0,0.0,191.0,non_vegetarian
173071,"Beef, loin, top loin steak, boneless, lip-on, separable lean only, trimmed to 1/8"" fat, all grades, cooked, grilled",SR Legacy,29.06,9.11,0.0,0.0,198.0,non_vegetarian
174011,"Beef, loin, top loin steak, boneless, lip-on, separable lean only, trimmed to 1/8"" fat, all grades, raw",SR Legacy,23.07,5.67,0.0,0.0,143.0,non_vegetarian
173069,"Beef, loin, top loin steak, boneless, lip-on, separable lean only, trimmed to 1/8"" fat, choice, cooked, grilled",SR Legacy,28.66,10.34,0.0,0.0,208.0,non_vegetarian
174010,"Beef, loin, top loin steak, boneless, lip-on, separable lean only, trimmed to 1/8"" fat, choice, raw",SR Legacy,22.93,6.34,0.0,0.0,149.0,non_vegetarian
173070,"Beef, loin, top loin steak, boneless, lip-on, separable lean only, trimmed to 1/8"" fat, select, cooked, grilled",SR Legacy,29.67,7.26,0.0,0.0,184.0,non_vegetarian
174009,"Beef, loin, top loin steak, boneless, lip-on, separable lean only, trimmed to 1/8"" fat, select, raw",SR Legacy,23.3,4.66,0.0,0.0,135.0,non_vegetarian
169539,"Beef, loin, top loin, separable lean and fat, trimmed to 1/8"" fat, all grades, cooked, grilled",SR Legacy,26.44,16.78,0.0,0.0,264.0,non_vegetarian
169540,"Beef, loin, top loin, separable lean and fat, trimmed to 1/8"" fat, choice, raw",SR Legacy,19.32,17.1,0.0,0.0,237.0,non_vegetarian
168720,"Beef, loin, top loin, separable lean and fat, trimmed to 1/8"" fat, select, cooked, grilled",SR Legacy,26.72,15.11,0.0,0.0,250.0,non_vegetarian
168719,"Beef, loin, top loin, separable lean and fat, trimmed to 1/8"" fat, select, raw",SR Legacy,20.59,15.04,0.0,0.0,224.0,non_vegetarian
173061,"Beef, loin, top sirloin cap steak, boneless, separable lean and fat, trimmed to 1/8"" fat, all grades, cooked, grilled",SR Legacy,26.0,15.0,0.8,0.0,242.0,non_vegetarian
174706,"Beef, loin, top sirloin cap steak, boneless, separable lean and fat, trimmed to 1/8"" fat, all grades, raw",SR Legacy,19.9,12.4,0.0,0.0,191.0,non_vegetarian
174704,"Beef, loin, top sirloin cap steak, boneless, separable lean and fat, trimmed to 1/8"" fat, choice, cooked, grilled",SR Legacy,26.3,14.3,1.1,0.0,238.0,non_vegetarian
174707,"Beef, loin, top sirloin cap steak, boneless, separable lean and fat, trimmed to 1/8"" fat, choice, raw",SR Legacy,19.7,13.4,0.0,0.0,199.0,non_vegetarian
174705,"Beef, loin, top sirloin cap steak, boneless, separable lean and fat, trimmed to 1/8"" fat, select, cooked, grilled",SR Legacy,25.5,16.1,0.4,0.0,249.0,non_vegetarian
173062,"Beef, loin, top sirloin cap steak, boneless, separable lean and fat, trimmed to 1/8"" fat, select, raw",SR Legacy,20.1,10.9,0.0,0.0,179.0,non_vegetarian
172170,"Beef, loin, top sirloin cap steak, boneless, separable lean only, trimmed to 1/8"" fat, all grades, cooked, grilled",SR Legacy,28.26,7.23,0.73,0.0,181.0,non_vegetarian
172173,"Beef, loin, top sirloin cap steak, boneless, separable lean only, trimmed to 1/8"" fat, all grades, raw",SR Legacy,21.38,5.36,0.0,0.0,134.0,non_vegetarian
172171,"Beef, loin, top sirloin cap steak, boneless, separable lean only, trimmed to 1/8"" fat, choice, cooked, grilled",SR Legacy,28.19,7.96,1.07,0.0,189.0,non_vegetarian
172174,"Beef, loin, top sirloin cap steak, boneless, separable lean only, trimmed to 1/8"" fat, choice, raw",SR Legacy,21.34,5.82,0.0,0.0,138.0,non_vegetarian
172172,"Beef, loin, top sirloin cap steak, boneless, separable lean only, trimmed to 1/8"" fat, select, cooked, grilled",SR Legacy,28.36,6.14,0.22,0.0,170.0,non_vegetarian
173409,"Beef, loin, top sirloin cap steak, boneless, separable lean only, trimmed to 1/8"" fat, select, raw",SR Legacy,21.44,4.68,0.0,0.0,128.0,non_vegetarian
174693,"Beef, loin, top sirloin filet, boneless, separable lean only, trimmed to 0"" fat, all grades, cooked, grilled",SR Legacy,30.58,5.37,0.0,0.0,171.0,non_vegetarian
174694,"Beef, loin, top sirloin filet, boneless, separable lean only, trimmed to 0"" fat, choice, cooked, grilled",SR Legacy,30.45,5.83,0.0,0.0,174.0,non_vegetarian
173050,"Beef, loin, top sirloin filet, boneless, separable lean only, trimmed to 0"" fat, select, cooked, grilled",SR Legacy,30.78,4.68,0.0,0.0,165.0,non_vegetarian
173051,"Beef, loin, top sirloin petite roast, boneless, separable lean only, trimmed to 0"" fat, all grades, cooked, roasted",SR Legacy,29.12,5.92,0.0,0.0,170.0,non_vegetarian
173407,"Beef, loin, top sirloin petite roast, boneless, separable lean only, trimmed to 0"" fat, choice, cooked, roasted",SR Legacy,28.97,6.37,0.0,0.0,173.0,non_vegetarian
173052,"Beef, loin, top sirloin petite roast, boneless, separable lean only, trimmed to 0"" fat, select, cooked, roasted",SR Legacy,29.35,5.25,0.0,0.0,165.0,non_vegetarian
173053,"Beef, loin, top sirloin petite roast/filet, boneless, separable lean only, trimmed to 0"" fat, all grades, raw",SR Legacy,23.04,3.98,0.0,0.0,128.0,non_vegetarian
173408,"Beef, loin, top sirloin petite roast/filet, boneless, separable lean only, trimmed to 0"" fat, choice, raw",SR Legacy,23.03,4.4,0.0,0.0,132.0,non_vegetarian
174695,"Beef, loin, top sirloin petite roast/filet, boneless, separable lean only, trimmed to 0"" fat, select, raw",SR Legacy,23.05,3.35,0.0,0.0,122.0,non_vegetarian
173097,"Beef, New Zealand, imported, bolar blade, separable lean and fat, cooked, fast roasted",SR Legacy,31.3,11.37,0.0,0.0,228.0,non_vegetarian
173098,"Beef, New Zealand, imported, bolar blade, separable lean and fat, raw",SR Legacy,21.29,8.22,0.0,0.0,159.0,non_vegetarian
174715,"Beef, New Zealand, imported, bolar blade, separable lean only, cooked, fast roasted",SR Legacy,33.53,6.57,0.0,0.0,193.0,non_vegetarian
174716,"Beef, New Zealand, imported, bolar blade, separable lean only, raw",SR Legacy,22.09,4.49,0.0,0.0,129.0,non_vegetarian
174739,"Beef, New Zealand, imported, brisket navel end, separable lean and fat, cooked, braised",SR Legacy,20.14,41.33,0.0,0.0,453.0,non_vegetarian
174740,"Beef, New Zealand, imported, brisket navel end, separable lean and fat, raw",SR Legacy,15.81,31.27,0.0,0.0,345.0,non_vegetarian
174717,"Beef, New Zealand, imported, brisket navel end, separable lean only, cooked, braised",SR Legacy,29.35,16.37,0.0,0.0,265.0,non_vegetarian
174718,"Beef, New Zealand, imported, brisket navel end, separable lean only, raw",SR Legacy,19.74,12.75,0.0,0.0,194.0,non_vegetarian
174741,"Beef, New Zealand, imported, brisket point end, separable lean and fat, cooked, braised",SR Legacy,31.94,13.6,0.0,0.0,250.0,non_vegetarian
174742,"Beef, New Zealand, imported, brisket point end, separable lean and fat, raw",SR Legacy,20.05,9.23,0.0,0.0,163.0,non_vegetarian
173073,"Beef, New Zealand, imported, brisket point end, separable lean only, cooked, braised",SR Legacy,34.51,7.05,0.0,0.0,202.0,non_vegetarian
173074,"Beef, New Zealand, imported, brisket point end, separable lean only, raw",SR Legacy,20.92,4.62,0.0,0.0,125.0,non_vegetarian
173099,"Beef, New Zealand, imported, chuck eye roll, separable lean and fat, cooked, braised",SR Legacy,29.92,14.74,0.0,0.0,252.0,non_vegetarian
173100,"Beef, New Zealand, imported, chuck eye roll, separable lean and fat, raw",SR Legacy,19.38,11.45,0.0,0.0,181.0,non_vegetarian
173076,"Beef, New Zealand, imported, chuck eye roll, separable lean only, cooked, braised",SR Legacy,32.08,8.89,0.0,0.0,208.0,non_vegetarian
173075,"Beef, New Zealand, imported, chuck eye roll, separable lean only, raw",SR Legacy,20.46,5.41,0.0,0.0,131.0,non_vegetarian
173101,"Beef, New Zealand, imported, cube roll, separable lean and fat, cooked, fast roasted",SR Legacy,27.79,19.45,0.03,0.0,286.0,non_vegetarian
173102,"Beef, New Zealand, imported, cube roll, separable lean and fat, raw",SR Legacy,18.22,16.31,1.26,0.0,225.0,non_vegetarian
174719,"Beef, New Zealand, imported, cube roll, separable lean only, cooked, fast roasted",SR Legacy,30.09,13.22,0.0,0.0,239.0,non_vegetarian
174720,"Beef, New Zealand, imported, cube roll, separable lean only, raw",SR Legacy,19.77,8.51,1.38,0.0,161.0,non_vegetarian
174743,"Beef, New Zealand, imported, eye round, separable lean and fat, cooked, slow roasted",SR Legacy,29.49,5.57,0.0,0.0,168.0,non_vegetarian
174744,"Beef, New Zealand, imported, eye round, separable lean and fat, raw",SR Legacy,19.88,4.92,1.32,0.0,129.0,non_vegetarian
174721,"Beef, New Zealand, imported, eye round, separable lean only, cooked, slow roasted",SR Legacy,29.68,4.98,0.0,0.0,164.0,non_vegetarian
174722,"Beef, New Zealand, imported, eye round, separable lean only, raw",SR Legacy,20.15,3.35,1.35,0.0,116.0,non_vegetarian
174745,"Beef, New Zealand, imported, flank, separable lean and fat, cooked, braised",SR Legacy,30.13,9.73,0.0,0.0,208.0,non_vegetarian
174746,"Beef, New Zealand, imported, flank, separable lean and fat, raw",SR Legacy,20.12,8.9,0.0,0.0,161.0,non_vegetarian
173077,"Beef, New Zealand, imported, flank, separable lean only, cooked, braised",SR Legacy,30.75,7.92,0.0,0.0,194.0,non_vegetarian
173078,"Beef, New Zealand, imported, flank, separable lean only, raw",SR Legacy,20.53,6.67,0.0,0.0,142.0,non_vegetarian
174747,"Beef, New Zealand, imported, flat, separable lean and fat, cooked, braised",SR Legacy,31.86,13.79,0.0,0.0,252.0,non_vegetarian
173103,"Beef, New Zealand, imported, flat, separable lean and fat, raw",SR Legacy,20.57,10.55,0.0,0.0,177.0,non_vegetarian
173079,"Beef, New Zealand, imported, flat, separable lean only, cooked, braised",SR Legacy,33.22,10.3,0.0,0.0,226.0,non_vegetarian
173080,"Beef, New Zealand, imported, flat, separable lean only, raw",SR Legacy,21.3,7.69,0.0,0.0,154.0,non_vegetarian
173104,"Beef, New Zealand, imported, hind shin, separable lean and fat, cooked, braised",SR Legacy,29.82,8.5,0.07,0.0,196.0,non_vegetarian
173105,"Beef, New Zealand, imported, hind shin, separable lean and fat, raw",SR Legacy,20.61,7.2,0.0,0.0,147.0,non_vegetarian
174724,"Beef, New Zealand, imported, hind shin, separable lean only, cooked, braised",SR Legacy,31.23,4.64,0.0,0.0,167.0,non_vegetarian
174725,"Beef, New Zealand, imported, hind shin, separable lean only, raw",SR Legacy,21.46,3.12,0.0,0.0,114.0,non_vegetarian
174726,"Beef, New Zealand, imported, inside, raw",SR Legacy,22.16,4.36,0.1,0.0,128.0,non_vegetarian
173082,"Beef, New Zealand, imported, intermuscular fat, cooked",SR Legacy,7.9,57.22,3.39,0.0,560.0,non_vegetarian
173083,"Beef, New Zealand, imported, intermuscular fat, raw",SR Legacy,6.97,63.78,0.01,0.0,602.0,non_vegetarian
173085,"Beef, New Zealand, imported, knuckle, cooked, fast fried",SR Legacy,27.51,7.58,0.0,0.0,178.0,non_vegetarian
174730,"Beef, New Zealand, imported, manufacturing beef, cooked, boiled",SR Legacy,24.21,3.26,0.0,0.0,126.0,non_vegetarian
173086,"Beef, New Zealand, imported, manufacturing beef, raw",SR Legacy,21.23,3.68,0.23,0.0,119.0,non_vegetarian
173106,"Beef, New Zealand, imported, oyster blade, separable lean and fat, cooked, braised",SR Legacy,29.79,8.68,0.0,0.0,197.0,non_vegetarian
174735,"Beef, New Zealand, imported, oyster blade, separable lean and fat, raw",SR Legacy,21.27,10.31,0.0,0.0,178.0,non_vegetarian
173087,"Beef, New Zealand, imported, oyster blade, separable lean only, cooked, braised",SR Legacy,29.87,8.46,0.0,0.0,196.0,non_vegetarian
173088,"Beef, New Zealand, imported, oyster blade, separable lean only, raw",SR Legacy,21.83,7.56,0.0,0.0,155.0,non_vegetarian
173089,"Beef, New Zealand, imported, ribs prepared, cooked, fast roasted",SR Legacy,27.23,9.74,0.09,0.0,197.0,non_vegetarian
174731,"Beef, New Zealand, imported, ribs prepared, raw",SR Legacy,21.31,6.78,0.0,0.0,146.0,non_vegetarian
174748,"Beef, New Zealand, imported, rump centre, separable lean and fat, cooked, fast fried",SR Legacy,30.01,7.96,0.0,0.0,192.0,non_vegetarian
174750,"Beef, New Zealand, imported, rump centre, separable lean and fat, raw",SR Legacy,21.65,6.5,0.0,0.0,145.0,non_vegetarian
174732,"Beef, New Zealand, imported, rump centre, separable lean only, cooked, fast fried",SR Legacy,30.17,7.48,0.0,0.0,188.0,non_vegetarian
174749,"Beef, New Zealand, imported, rump centre, separable lean only, raw",SR Legacy,21.74,6.05,0.0,0.0,141.0,non_vegetarian
174751,"Beef, New Zealand, imported, striploin, separable lean and fat, cooked, fast fried",SR Legacy,24.89,22.33,0.02,0.0,301.0,non_vegetarian
173107,"Beef, New Zealand, imported, striploin, separable lean and fat, raw",SR Legacy,18.49,19.53,0.6,0.0,252.0,non_vegetarian
174733,"Beef, New Zealand, imported, striploin, separable lean only, cooked, fast fried",SR Legacy,28.53,11.4,0.0,0.0,217.0,non_vegetarian
174734,"Beef, New Zealand, imported, striploin, separable lean only, raw",SR Legacy,20.93,7.0,0.74,0.0,150.0,non_vegetarian
173090,"Beef, New Zealand, imported, subcutaneous fat, cooked",SR Legacy,6.5,78.3,0.0,0.0,731.0,non_vegetarian
173091,"Beef, New Zealand, imported, subcutaneous fat, raw",SR Legacy,8.5,72.38,0.0,0.0,685.0,non_vegetarian
173092,"Beef, New Zealand, imported, sweetbread, cooked, boiled",SR Legacy,12.53,29.79,0.0,0.0,318.0,non_vegetarian
173093,"Beef, New Zealand, imported, sweetbread, raw",SR Legacy,11.51,28.6,0.0,0.0,303.0,non_vegetarian
173108,"Beef, New Zealand, imported, tenderloin, separable lean and fat, cooked, fast fried",SR Legacy,29.26,9.35,0.27,0.0,202.0,non_vegetarian
173109,"Beef, New Zealand, imported, tenderloin, separable lean and fat, raw",SR Legacy,21.04,6.88,0.0,0.0,146.0,non_vegetarian
173094,"Beef, New Zealand, imported, tenderloin, separable lean only, cooked, fast fried",SR Legacy,29.37,9.01,0.27,0.0,200.0,non_vegetarian
174736,"Beef, New Zealand, imported, tenderloin, separable lean only, raw",SR Legacy,21.19,6.1,0.0,0.0,140.0,non_vegetarian
174728,"Beef, New Zealand, imported, variety meats and by-products liver, cooked, boiled",SR Legacy,23.3,4.68,3.78,0.0,150.0,non_vegetarian
173081,"Beef, New Zealand, imported, variety meats and by-products, heart, cooked, boiled",SR Legacy,31.29,6.0,0.0,0.0,179.0,non_vegetarian
174723,"Beef, New Zealand, imported, variety meats and by-products, heart, raw",SR Legacy,18.52,3.4,0.0,0.0,105.0,non_vegetarian
173084,"Beef, New Zealand, imported, variety meats and by-products, kidney, cooked, boiled",SR Legacy,27.28,5.27,0.0,0.0,157.0,non_vegetarian
174727,"Beef, New Zealand, imported, variety meats and by-products, kidney, raw",SR Legacy,15.68,2.64,0.0,0.0,87.0,non_vegetarian
174729,"Beef, New Zealand, imported, variety meats and by-products, liver, raw",SR Legacy,20.5,4.05,3.6,0.0,133.0,non_vegetarian
174737,"Beef, New Zealand, imported, variety meats and by-products, tongue, cooked, boiled",SR Legacy,18.31,20.34,3.68,0.0,271.0,non_vegetarian
174738,"Beef, New Zealand, imported, variety meats and by-products, tongue, raw",SR Legacy,17.77,19.09,0.0,0.0,243.0,non_vegetarian
173095,"Beef, New Zealand, imported, variety meats and by-products, tripe cooked, boiled",SR Legacy,19.0,2.98,0.0,0.0,103.0,non_vegetarian
173096,"Beef, New Zealand, imported, variety meats and by-products, tripe uncooked, raw",SR Legacy,14.86,1.98,0.0,0.0,77.0,non_vegetarian
173395,"Beef, plate steak, boneless, inside skirt, separable lean and fat, trimmed to 0"" fat, all grades, cooked, grilled",SR Legacy,29.36,14.2,0.0,0.0,245.0,non_vegetarian
172158,"Beef, plate steak, boneless, inside skirt, separable lean and fat, trimmed to 0"" fat, all grades, raw",SR Legacy,20.38,11.71,0.0,0.0,187.0,non_vegetarian
173396,"Beef, plate steak, boneless, inside skirt, separable lean and fat, trimmed to 0"" fat, choice, cooked, grilled",SR Legacy,28.9,15.3,0.0,0.0,253.0,non_vegetarian
172159,"Beef, plate steak, boneless, inside skirt, separable lean and fat, trimmed to 0"" fat, choice, raw",SR Legacy,20.06,12.78,0.0,0.0,195.0,non_vegetarian
172157,"Beef, plate steak, boneless, inside skirt, separable lean and fat, trimmed to 0"" fat, select, cooked, grilled",SR Legacy,30.06,12.54,0.0,0.0,233.0,non_vegetarian
172160,"Beef, plate steak, boneless, inside skirt, separable lean and fat, trimmed to 0"" fat, select, raw",SR Legacy,20.87,10.11,0.0,0.0,174.0,non_vegetarian
173373,"Beef, plate steak, boneless, inside skirt, separable lean only, trimmed to 0"" fat, all grades, cooked, grilled",SR Legacy,29.99,12.69,0.0,0.0,234.0,non_vegetarian
173374,"Beef, plate steak, boneless, inside skirt, separable lean only, trimmed to 0"" fat, all grades, raw",SR Legacy,21.17,8.82,0.0,0.0,164.0,non_vegetarian
173375,"Beef, plate steak, boneless, inside skirt, separable lean only, trimmed to 0"" fat, choice, cooked, grilled",SR Legacy,29.56,13.72,0.0,0.0,242.0,non_vegetarian
172137,"Beef, plate steak, boneless, inside skirt, separable lean only, trimmed to 0"" fat, choice, raw",SR Legacy,20.89,9.76,0.0,0.0,171.0,non_vegetarian
172138,"Beef, plate steak, boneless, inside skirt, separable lean only, trimmed to 0"" fat, select, cooked, grilled",SR Legacy,30.64,11.16,0.0,0.0,223.0,non_vegetarian
172139,"Beef, plate steak, boneless, inside skirt, separable lean only, trimmed to 0"" fat, select, raw",SR Legacy,21.61,7.41,0.0,0.0,153.0,non_vegetarian
173397,"Beef, plate steak, boneless, outside skirt, separable lean and fat, trimmed to 0"" fat, all grades, cooked, grilled",SR Legacy,27.06,20.47,0.0,0.0,292.0,non_vegetarian
173400,"Beef, plate steak, boneless, outside skirt, separable lean and fat, trimmed to 0"" fat, all grades, raw",SR Legacy,17.98,17.59,0.35,0.0,232.0,non_vegetarian
173398,"Beef, plate steak, boneless, outside skirt, separable lean and fat, trimmed to 0"" fat, choice, cooked, grilled",SR Legacy,26.46,21.62,0.0,0.0,300.0,non_vegetarian
172162,"Beef, plate steak, boneless, outside skirt, separable lean and fat, trimmed to 0"" fat, choice, raw",SR Legacy,17.69,18.44,0.35,0.0,238.0,non_vegetarian
173399,"Beef, plate steak, boneless, outside skirt, separable lean and fat, trimmed to 0"" fat, select, cooked, grilled",SR Legacy,27.95,18.75,0.0,0.0,281.0,non_vegetarian
172163,"Beef, plate steak, boneless, outside skirt, separable lean and fat, trimmed to 0"" fat, select, raw",SR Legacy,18.43,16.31,0.36,0.0,222.0,non_vegetarian
172140,"Beef, plate steak, boneless, outside skirt, separable lean only, trimmed to 0"" fat, all grades, cooked, grilled",SR Legacy,27.68,19.01,0.0,0.0,282.0,non_vegetarian
173376,"Beef, plate steak, boneless, outside skirt, separable lean only, trimmed to 0"" fat, all grades, raw",SR Legacy,18.74,14.53,0.19,0.0,206.0,non_vegetarian
173377,"Beef, plate steak, boneless, outside skirt, separable lean only, trimmed to 0"" fat, choice, cooked, grilled",SR Legacy,27.03,20.28,0.0,0.0,291.0,non_vegetarian
173378,"Beef, plate steak, boneless, outside skirt, separable lean only, trimmed to 0"" fat, choice, raw",SR Legacy,18.47,15.26,0.17,0.0,212.0,non_vegetarian
173379,"Beef, plate steak, boneless, outside skirt, separable lean only, trimmed to 0"" fat, select, cooked, grilled",SR Legacy,28.65,17.1,0.0,0.0,268.0,non_vegetarian
172141,"Beef, plate steak, boneless, outside skirt, separable lean only, trimmed to 0"" fat, select, raw",SR Legacy,19.14,13.44,0.23,0.0,198.0,non_vegetarian
171787,"Beef, plate, inside skirt steak, separable lean and fat, trimmed to 0"" fat, all grades, cooked, broiled",SR Legacy,26.13,12.05,0.0,0.0,220.0,non_vegetarian
168744,"Beef, plate, inside skirt steak, separable lean only, trimmed to 0"" fat, all grades, cooked, broiled",SR Legacy,26.66,10.06,0.0,0.0,205.0,non_vegetarian
171788,"Beef, plate, outside skirt steak, separable lean and fat, trimmed to 0"" fat, all grades, cooked, broiled",SR Legacy,23.51,17.13,0.0,0.0,255.0,non_vegetarian
168745,"Beef, plate, outside skirt steak, separable lean only, trimmed to 0"" fat, all grades, cooked, broiled",SR Legacy,24.18,14.37,0.0,0.0,233.0,non_vegetarian
168606,"Beef, retail cuts, separable fat, cooked",SR Legacy,10.65,70.33,0.0,0.0,680.0,non_vegetarian
168605,"Beef, retail cuts, separable fat, raw",SR Legacy,8.21,70.89,0.0,0.0,674.0,non_vegetarian
172150,"Beef, rib eye roast, bone-in, lip-on, separable lean and fat, trimmed to 1/8"" fat, all grades, cooked, roasted",SR Legacy,23.47,22.91,0.0,0.0,300.0,non_vegetarian
173388,"Beef, rib eye roast, bone-in, lip-on, separable lean and fat, trimmed to 1/8"" fat, choice, cooked, roasted",SR Legacy,23.53,23.61,0.0,0.0,307.0,non_vegetarian
172149,"Beef, rib eye roast, bone-in, lip-on, separable lean and fat, trimmed to 1/8"" fat, select, cooked, roasted",SR Legacy,23.36,21.85,0.0,0.0,290.0,non_vegetarian
170836,"Beef, rib eye roast, bone-in, lip-on, separable lean only, trimmed to 1/8"" fat, all grades, cooked, roasted",SR Legacy,27.12,13.64,0.0,0.0,231.0,non_vegetarian
171210,"Beef, rib eye roast, bone-in, lip-on, separable lean only, trimmed to 1/8"" fat, choice, cooked, roasted",SR Legacy,27.18,14.55,0.0,0.0,240.0,non_vegetarian
170837,"Beef, rib eye roast, bone-in, lip-on, separable lean only, trimmed to 1/8"" fat, select, cooked, roasted",SR Legacy,27.03,12.29,0.0,0.0,219.0,non_vegetarian
172153,"Beef, rib eye roast, boneless, lip-on, separable lean and fat, trimmed to 1/8"" fat, all grades, cooked, roasted",SR Legacy,24.3,21.66,0.0,0.0,292.0,non_vegetarian
172154,"Beef, rib eye roast, boneless, lip-on, separable lean and fat, trimmed to 1/8"" fat, choice, cooked, roasted",SR Legacy,23.92,22.98,0.0,0.0,303.0,non_vegetarian
172155,"Beef, rib eye roast, boneless, lip-on, separable lean and fat, trimmed to 1/8"" fat, select, cooked, roasted",SR Legacy,24.85,19.68,0.0,0.0,277.0,non_vegetarian
171239,"Beef, rib eye roast, boneless, lip-on, separable lean only, trimmed to 1/8"" fat, all grades, cooked, roasted",SR Legacy,28.21,11.68,0.0,0.0,218.0,non_vegetarian
170842,"Beef, rib eye roast, boneless, lip-on, separable lean only, trimmed to 1/8"" fat, choice, cooked, roasted",SR Legacy,27.87,13.01,0.0,0.0,229.0,non_vegetarian
173372,"Beef, rib eye roast, boneless, lip-on, separable lean only, trimmed to 1/8"" fat, select, cooked, roasted",SR Legacy,28.72,9.68,0.0,0.0,202.0,non_vegetarian
173387,"Beef, rib eye steak, bone-in, lip-on, separable lean and fat, trimmed to 1/8"" fat, all grades, cooked, grilled",SR Legacy,22.9,24.2,0.0,0.0,309.0,non_vegetarian
173385,"Beef, rib eye steak, bone-in, lip-on, separable lean and fat, trimmed to 1/8"" fat, choice, cooked, grilled",SR Legacy,22.71,24.7,0.0,0.0,313.0,non_vegetarian
173386,"Beef, rib eye steak, bone-in, lip-on, separable lean and fat, trimmed to 1/8"" fat, select, cooked, grilled",SR Legacy,23.19,23.47,0.0,0.0,304.0,non_vegetarian
171236,"Beef, rib eye steak, bone-in, lip-on, separable lean only, trimmed to 1/8"" fat, all grades, cooked, grilled",SR Legacy,27.4,12.43,0.0,0.0,221.0,non_vegetarian
171237,"Beef, rib eye steak, bone-in, lip-on, separable lean only, trimmed to 1/8"" fat, choice, cooked, grilled",SR Legacy,27.03,13.44,0.0,0.0,229.0,non_vegetarian
171238,"Beef, rib eye steak, bone-in, lip-on, separable lean only, trimmed to 1/8"" fat, select, cooked, grilled",SR Legacy,27.96,10.91,0.0,0.0,210.0,non_vegetarian
172164,"Beef, rib eye steak, boneless, lip off, separable lean and fat, trimmed to 0"" fat, all grades, cooked, grilled",SR Legacy,24.85,19.02,0.0,0.0,271.0,non_vegetarian
173402,"Beef, rib eye steak, boneless, lip off, separable lean and fat, trimmed to 0"" fat, all grades, raw",SR Legacy,19.26,16.71,0.12,0.0,228.0,non_vegetarian
172165,"Beef, rib eye steak, boneless, lip off, separable lean and fat, trimmed to 0"" fat, choice, cooked, grilled",SR Legacy,23.89,21.1,0.0,0.0,285.0,non_vegetarian
173403,"Beef, rib eye steak, boneless, lip off, separable lean and fat, trimmed to 0"" fat, choice, raw",SR Legacy,18.69,18.43,0.2,0.0,241.0,non_vegetarian
173401,"Beef, rib eye steak, boneless, lip off, separable lean and fat, trimmed to 0"" fat, select, cooked, grilled",SR Legacy,26.29,15.9,0.0,0.0,248.0,non_vegetarian
173404,"Beef, rib eye steak, boneless, lip off, separable lean and fat, trimmed to 0"" fat, select, raw",SR Legacy,20.12,14.14,0.0,0.0,208.0,non_vegetarian
172142,"Beef, rib eye steak, boneless, lip off, separable lean only, trimmed to 0"" fat, all grades, cooked, grilled",SR Legacy,28.11,10.37,0.0,0.0,206.0,non_vegetarian
172143,"Beef, rib eye steak, boneless, lip off, separable lean only, trimmed to 0"" fat, all grades, raw",SR Legacy,21.85,7.41,0.0,0.0,154.0,non_vegetarian
172144,"Beef, rib eye steak, boneless, lip off, separable lean only, trimmed to 0"" fat, choice, cooked, grilled",SR Legacy,27.39,11.75,0.0,0.0,215.0,non_vegetarian
173380,"Beef, rib eye steak, boneless, lip off, separable lean only, trimmed to 0"" fat, choice, raw",SR Legacy,21.44,8.5,0.0,0.0,162.0,non_vegetarian
173381,"Beef, rib eye steak, boneless, lip off, separable lean only, trimmed to 0"" fat, select, cooked, grilled",SR Legacy,29.18,8.31,0.0,0.0,191.0,non_vegetarian
173382,"Beef, rib eye steak, boneless, lip off, separable lean only, trimmed to 0"" fat, select, raw",SR Legacy,22.46,5.78,0.0,0.0,142.0,non_vegetarian
173392,"Beef, rib eye steak, boneless, lip-on, separable lean and fat, trimmed to 1/8"" fat, all grades, cooked, grilled",SR Legacy,23.69,21.81,0.0,0.0,291.0,non_vegetarian
173390,"Beef, rib eye steak, boneless, lip-on, separable lean and fat, trimmed to 1/8"" fat, choice, cooked, grilled",SR Legacy,22.92,23.52,0.0,0.0,303.0,non_vegetarian
173391,"Beef, rib eye steak, boneless, lip-on, separable lean and fat, trimmed to 1/8"" fat, select, cooked, grilled",SR Legacy,24.83,19.25,0.0,0.0,273.0,non_vegetarian
171209,"Beef, rib eye steak, boneless, lip-on, separable lean only, trimmed to 1/8"" fat, all grades, cooked, grilled",SR Legacy,27.97,10.57,0.0,0.0,207.0,non_vegetarian
171232,"Beef, rib eye steak, boneless, lip-on, separable lean only, trimmed to 1/8"" fat, choice, cooked, grilled",SR Legacy,27.3,11.97,0.0,0.0,217.0,non_vegetarian
171233,"Beef, rib eye steak, boneless, lip-on, separable lean only, trimmed to 1/8"" fat, select, cooked, grilled",SR Legacy,28.98,8.48,0.0,0.0,192.0,non_vegetarian
172151,"Beef, rib eye steak/roast, bone-in, lip-on, separable lean and fat, trimmed to 1/8"" fat, all grades, raw",SR Legacy,18.13,20.31,0.0,0.0,255.0,non_vegetarian
172152,"Beef, rib eye steak/roast, bone-in, lip-on, separable lean and fat, trimmed to 1/8"" fat, choice, raw",SR Legacy,17.92,20.96,0.0,0.0,260.0,non_vegetarian
173389,"Beef, rib eye steak/roast, bone-in, lip-on, separable lean and fat, trimmed to 1/8"" fat, select, raw",SR Legacy,18.44,19.34,0.0,0.0,248.0,non_vegetarian
171234,"Beef, rib eye steak/roast, bone-in, lip-on, separable lean only, trimmed to 1/8"" fat, all grades, raw",SR Legacy,21.22,9.04,0.0,0.0,166.0,non_vegetarian
171235,"Beef, rib eye steak/roast, bone-in, lip-on, separable lean only, trimmed to 1/8"" fat, choice, raw",SR Legacy,20.93,9.97,0.0,0.0,173.0,non_vegetarian
170838,"Beef, rib eye steak/roast, bone-in, lip-on, separable lean only, trimmed to 1/8"" fat, select, raw",SR Legacy,21.65,7.64,0.0,0.0,155.0,non_vegetarian
172156,"Beef, rib eye steak/roast, boneless, lip-on, separable lean and fat, trimmed to 1/8"" fat, all grades, raw",SR Legacy,18.85,18.73,0.0,0.0,244.0,non_vegetarian
173393,"Beef, rib eye steak/roast, boneless, lip-on, separable lean and fat, trimmed to 1/8"" fat, choice, raw",SR Legacy,18.39,19.95,0.0,0.0,253.0,non_vegetarian
173394,"Beef, rib eye steak/roast, boneless, lip-on, separable lean and fat, trimmed to 1/8"" fat, select, raw",SR Legacy,19.55,16.9,0.0,0.0,230.0,non_vegetarian
170839,"Beef, rib eye steak/roast, boneless, lip-on, separable lean only, trimmed to 1/8"" fat, all grades, raw",SR Legacy,21.99,7.54,0.0,0.0,156.0,non_vegetarian
170840,"Beef, rib eye steak/roast, boneless, lip-on, separable lean only, trimmed to 1/8"" fat, choice, raw",SR Legacy,21.62,8.29,0.0,0.0,161.0,non_vegetarian
170841,"Beef, rib eye steak/roast, boneless, lip-on, separable lean only, trimmed to 1/8"" fat, select, raw",SR Legacy,22.55,6.41,0.0,0.0,148.0,non_vegetarian
169557,"Beef, rib eye, small end (ribs 10-12), separable lean and fat, trimmed to 0"" fat, all grades, cooked, broiled",SR Legacy,27.27,14.74,0.0,0.0,249.0,non_vegetarian
169556,"Beef, rib eye, small end (ribs 10-12), separable lean and fat, trimmed to 0"" fat, select, cooked, broiled",SR Legacy,27.95,12.71,0.0,0.0,234.0,non_vegetarian
168621,"Beef, rib eye, small end (ribs 10-12), separable lean only, trimmed to 0"" fat, select, raw",SR Legacy,21.17,6.57,0.0,0.0,149.0,non_vegetarian
172166,"Beef, rib, back ribs, bone-in, separable lean and fat, trimmed to 0"" fat, all grades, cooked, braised",SR Legacy,24.23,29.21,0.0,0.0,360.0,non_vegetarian
172169,"Beef, rib, back ribs, bone-in, separable lean and fat, trimmed to 0"" fat, all grades, raw",SR Legacy,16.15,28.42,0.78,0.0,324.0,non_vegetarian
172167,"Beef, rib, back ribs, bone-in, separable lean and fat, trimmed to 0"" fat, choice, cooked, braised",SR Legacy,23.34,30.95,0.0,0.0,372.0,non_vegetarian
173405,"Beef, rib, back ribs, bone-in, separable lean and fat, trimmed to 0"" fat, choice, raw",SR Legacy,15.75,29.89,0.9,0.0,336.0,non_vegetarian
172168,"Beef, rib, back ribs, bone-in, separable lean and fat, trimmed to 0"" fat, select, cooked, braised",SR Legacy,25.56,26.59,0.0,0.0,341.0,non_vegetarian
173406,"Beef, rib, back ribs, bone-in, separable lean and fat, trimmed to 0"" fat, select, raw",SR Legacy,16.75,26.23,0.6,0.0,305.0,non_vegetarian
173383,"Beef, rib, back ribs, bone-in, separable lean only, trimmed to 0"" fat, all grades, cooked, braised",SR Legacy,28.36,20.57,0.0,0.0,299.0,non_vegetarian
172145,"Beef, rib, back ribs, bone-in, separable lean only, trimmed to 0"" fat, all grades, raw",SR Legacy,19.11,17.91,0.46,0.0,239.0,non_vegetarian
172146,"Beef, rib, back ribs, bone-in, separable lean only, trimmed to 0"" fat, choice, cooked, braised",SR Legacy,27.75,21.72,0.0,0.0,306.0,non_vegetarian
172147,"Beef, rib, back ribs, bone-in, separable lean only, trimmed to 0"" fat, choice, raw",SR Legacy,18.72,19.36,0.64,0.0,252.0,non_vegetarian
172148,"Beef, rib, back ribs, bone-in, separable lean only, trimmed to 0"" fat, select, cooked, braised",SR Legacy,29.28,18.84,0.0,0.0,287.0,non_vegetarian
173384,"Beef, rib, back ribs, bone-in, separable lean only, trimmed to 0"" fat, select, raw",SR Legacy,19.71,15.73,0.2,0.0,221.0,non_vegetarian
168648,"Beef, rib, eye, small end (ribs 10- 12) separable lean only, trimmed to 0"" fat, select, cooked, broiled",SR Legacy,29.93,6.05,0.0,0.0,182.0,non_vegetarian
169436,"Beef, rib, eye, small end (ribs 10-12), separable lean and fat, trimmed to 0"" fat, choice, cooked, broiled",SR Legacy,26.58,16.76,0.0,0.0,265.0,non_vegetarian
168612,"Beef, rib, eye, small end (ribs 10-12), separable lean and fat, trimmed to 0"" fat, choice, raw",SR Legacy,17.51,22.07,0.0,0.0,274.0,non_vegetarian
169438,"Beef, rib, eye, small end (ribs 10-12), separable lean only, trimmed to 0"" fat, choice, cooked, broiled",SR Legacy,28.88,9.01,0.0,0.0,205.0,non_vegetarian
169437,"Beef, rib, eye, small end (ribs 10-12), separable lean only, trimmed to 0"" fat, choice, raw",SR Legacy,20.13,8.3,0.0,0.0,161.0,non_vegetarian
170619,"Beef, rib, large end (ribs 6-9), separable lean and fat, trimmed to 0"" fat, choice, cooked, roasted",SR Legacy,22.8,30.49,0.0,0.0,372.0,non_vegetarian
170620,"Beef, rib, large end (ribs 6-9), separable lean and fat, trimmed to 0"" fat, select, cooked, roasted",SR Legacy,23.48,25.54,0.0,0.0,331.0,non_vegetarian
168681,"Beef, rib, large end (ribs 6-9), separable lean and fat, trimmed to 1/8"" fat, all grades, cooked, broiled",SR Legacy,21.55,27.22,0.0,0.0,338.0,non_vegetarian
168682,"Beef, rib, large end (ribs 6-9), separable lean and fat, trimmed to 1/8"" fat, all grades, cooked, roasted",SR Legacy,23.01,28.51,0.0,0.0,355.0,non_vegetarian
168680,"Beef, rib, large end (ribs 6-9), separable lean and fat, trimmed to 1/8"" fat, all grades, raw",SR Legacy,16.26,27.29,0.0,0.0,316.0,non_vegetarian
169506,"Beef, rib, large end (ribs 6-9), separable lean and fat, trimmed to 1/8"" fat, choice, cooked, broiled",SR Legacy,20.86,31.18,0.0,0.0,370.0,non_vegetarian
169507,"Beef, rib, large end (ribs 6-9), separable lean and fat, trimmed to 1/8"" fat, choice, cooked, roasted",SR Legacy,22.5,31.28,0.0,0.0,378.0,non_vegetarian
169505,"Beef, rib, large end (ribs 6-9), separable lean and fat, trimmed to 1/8"" fat, choice, raw",SR Legacy,16.03,29.34,0.0,0.0,333.0,non_vegetarian
168686,"Beef, rib, large end (ribs 6-9), separable lean and fat, trimmed to 1/8"" fat, prime, cooked, broiled",SR Legacy,20.65,34.97,0.0,0.0,404.0,non_vegetarian
168687,"Beef, rib, large end (ribs 6-9), separable lean and fat, trimmed to 1/8"" fat, prime, cooked, roasted",SR Legacy,22.86,32.74,0.0,0.0,393.0,non_vegetarian
168685,"Beef, rib, large end (ribs 6-9), separable lean and fat, trimmed to 1/8"" fat, prime, raw",SR Legacy,15.77,33.26,0.0,0.0,367.0,non_vegetarian
168683,"Beef, rib, large end (ribs 6-9), separable lean and fat, trimmed to 1/8"" fat, select, cooked, broiled",SR Legacy,21.55,25.71,0.0,0.0,324.0,non_vegetarian
168684,"Beef, rib, large end (ribs 6-9), separable lean and fat, trimmed to 1/8"" fat, select, cooked, roasted",SR Legacy,23.4,25.84,0.0,0.0,333.0,non_vegetarian
169508,"Beef, rib, large end (ribs 6-9), separable lean and fat, trimmed to 1/8"" fat, select, raw",SR Legacy,16.52,24.85,0.0,0.0,295.0,non_vegetarian
170621,"Beef, rib, large end (ribs 6-9), separable lean only, trimmed to 0"" fat, all grades, cooked, roasted",SR Legacy,27.53,13.4,0.0,0.0,238.0,non_vegetarian
170622,"Beef, rib, large end (ribs 6-9), separable lean only, trimmed to 0"" fat, choice, cooked, roasted",SR Legacy,27.53,15.0,0.0,0.0,253.0,non_vegetarian
170218,"Beef, rib, large end (ribs 6-9), separable lean only, trimmed to 0"" fat, select, cooked, roasted",SR Legacy,27.53,11.4,0.0,0.0,220.0,non_vegetarian
168613,"Beef, rib, shortribs, separable lean and fat, choice, cooked, braised",SR Legacy,21.57,41.98,0.0,0.0,471.0,non_vegetarian
169439,"Beef, rib, shortribs, separable lean and fat, choice, raw",SR Legacy,14.4,36.23,0.4,0.0,390.0,non_vegetarian
168615,"Beef, rib, shortribs, separable lean only, choice, cooked, braised",SR Legacy,30.76,18.13,0.0,0.0,295.0,non_vegetarian
168614,"Beef, rib, shortribs, separable lean only, choice, raw",SR Legacy,19.05,10.19,0.4,0.0,175.0,non_vegetarian
170219,"Beef, rib, small end (ribs 10-12), separable lean and fat, trimmed to 0"" fat, all grades, cooked, broiled",SR Legacy,27.27,14.74,0.0,0.0,249.0,non_vegetarian
170220,"Beef, rib, small end (ribs 10-12), separable lean and fat, trimmed to 0"" fat, choice, cooked, broiled",SR Legacy,24.73,22.84,0.0,0.0,312.0,non_vegetarian
170221,"Beef, rib, small end (ribs 10-12), separable lean and fat, trimmed to 0"" fat, select, cooked, broiled",SR Legacy,24.91,19.79,0.0,0.0,285.0,non_vegetarian
169510,"Beef, rib, small end (ribs 10-12), separable lean and fat, trimmed to 1/8"" fat, all grades, cooked, broiled",SR Legacy,25.85,20.04,0.0,0.0,291.0,non_vegetarian
169511,"Beef, rib, small end (ribs 10-12), separable lean and fat, trimmed to 1/8"" fat, all grades, cooked, roasted",SR Legacy,22.54,27.14,0.0,0.0,341.0,non_vegetarian
169509,"Beef, rib, small end (ribs 10-12), separable lean and fat, trimmed to 1/8"" fat, all grades, raw",SR Legacy,19.33,19.06,0.0,0.0,254.0,non_vegetarian
168688,"Beef, rib, small end (ribs 10-12), separable lean and fat, trimmed to 1/8"" fat, choice, cooked, broiled",SR Legacy,24.53,22.09,0.0,0.0,304.0,non_vegetarian
168689,"Beef, rib, small end (ribs 10-12), separable lean and fat, trimmed to 1/8"" fat, choice, cooked, roasted",SR Legacy,22.28,29.21,0.0,0.0,359.0,non_vegetarian
169512,"Beef, rib, small end (ribs 10-12), separable lean and fat, trimmed to 1/8"" fat, choice, raw",SR Legacy,19.09,20.13,0.0,0.0,263.0,non_vegetarian
169515,"Beef, rib, small end (ribs 10-12), separable lean and fat, trimmed to 1/8"" fat, prime, cooked, broiled",SR Legacy,24.13,27.86,0.0,0.0,354.0,non_vegetarian
169516,"Beef, rib, small end (ribs 10-12), separable lean and fat, trimmed to 1/8"" fat, prime, cooked, roasted",SR Legacy,22.15,35.12,0.0,0.0,411.0,non_vegetarian
169514,"Beef, rib, small end (ribs 10-12), separable lean and fat, trimmed to 1/8"" fat, prime, raw",SR Legacy,16.74,29.18,0.06,0.0,335.0,non_vegetarian
168691,"Beef, rib, small end (ribs 10-12), separable lean and fat, trimmed to 1/8"" fat, select, cooked, broiled",SR Legacy,27.17,18.0,0.0,0.0,278.0,non_vegetarian
169513,"Beef, rib, small end (ribs 10-12), separable lean and fat, trimmed to 1/8"" fat, select, cooked, roasted",SR Legacy,22.76,25.02,0.0,0.0,323.0,non_vegetarian
168690,"Beef, rib, small end (ribs 10-12), separable lean and fat, trimmed to 1/8"" fat, select, raw",SR Legacy,19.56,18.0,0.0,0.0,246.0,non_vegetarian
170623,"Beef, rib, small end (ribs 10-12), separable lean only, trimmed to 0"" fat, all grades, cooked, broiled",SR Legacy,29.41,7.53,0.0,0.0,193.0,non_vegetarian
170624,"Beef, rib, small end (ribs 10-12), separable lean only, trimmed to 0"" fat, choice, cooked, broiled",SR Legacy,28.04,11.7,0.0,0.0,225.0,non_vegetarian
170625,"Beef, rib, small end (ribs 10-12), separable lean only, trimmed to 0"" fat, select, cooked, broiled",SR Legacy,28.04,8.7,0.0,0.0,198.0,non_vegetarian
173123,"Beef, rib, small end (ribs 10-12), separable lean only, trimmed to 1/8"" fat, all grades, cooked, broiled",SR Legacy,29.58,7.63,0.0,0.0,195.0,non_vegetarian
171810,"Beef, rib, small end (ribs 10-12), separable lean only, trimmed to 1/8"" fat, all grades, raw",SR Legacy,22.33,5.04,0.0,0.0,141.0,non_vegetarian
174761,"Beef, rib, small end (ribs 10-12), separable lean only, trimmed to 1/8"" fat, choice, raw",SR Legacy,22.12,5.91,0.0,0.0,148.0,non_vegetarian
174042,"Beef, rib, small end (ribs 10-12), separable lean only, trimmed to 1/8"" fat, select, cooked, broiled",SR Legacy,30.87,6.22,0.0,0.0,188.0,non_vegetarian
171802,"Beef, rib, small end (ribs 10-12), separable lean only, trimmed to 1/8"" fat, select, raw",SR Legacy,22.53,4.2,0.0,0.0,134.0,non_vegetarian
174764,"Beef, rib, small end (ribs 10-12), separable lean only, trimmed to 1/8""fat, choice, cooked, broiled",SR Legacy,28.29,9.05,0.0,0.0,202.0,non_vegetarian
169499,"Beef, rib, whole (ribs 6-12), separable lean and fat, trimmed to 1/8"" fat, all grades, cooked, broiled",SR Legacy,22.42,26.75,0.0,0.0,337.0,non_vegetarian
169500,"Beef, rib, whole (ribs 6-12), separable lean and fat, trimmed to 1/8"" fat, all grades, cooked, roasted",SR Legacy,22.77,28.11,0.0,0.0,351.0,non_vegetarian
169498,"Beef, rib, whole (ribs 6-12), separable lean and fat, trimmed to 1/8"" fat, all grades, raw",SR Legacy,16.53,26.1,0.0,0.0,306.0,non_vegetarian
168676,"Beef, rib, whole (ribs 6-12), separable lean and fat, trimmed to 1/8"" fat, choice, cooked, broiled",SR Legacy,22.26,28.5,0.0,0.0,352.0,non_vegetarian
168677,"Beef, rib, whole (ribs 6-12), separable lean and fat, trimmed to 1/8"" fat, choice, cooked, roasted",SR Legacy,22.6,29.79,0.0,0.0,365.0,non_vegetarian
168675,"Beef, rib, whole (ribs 6-12), separable lean and fat, trimmed to 1/8"" fat, choice, raw",SR Legacy,16.34,27.93,0.0,0.0,322.0,non_vegetarian
169504,"Beef, rib, whole (ribs 6-12), separable lean and fat, trimmed to 1/8"" fat, prime, cooked, broiled",SR Legacy,21.95,32.38,0.0,0.0,386.0,non_vegetarian
168679,"Beef, rib, whole (ribs 6-12), separable lean and fat, trimmed to 1/8"" fat, prime, cooked, roasted",SR Legacy,22.57,33.7,0.0,0.0,400.0,non_vegetarian
169503,"Beef, rib, whole (ribs 6-12), separable lean and fat, trimmed to 1/8"" fat, prime, raw",SR Legacy,16.15,31.66,0.0,0.0,355.0,non_vegetarian
169501,"Beef, rib, whole (ribs 6-12), separable lean and fat, trimmed to 1/8"" fat, select, cooked, broiled",SR Legacy,22.73,24.2,0.0,0.0,315.0,non_vegetarian
169502,"Beef, rib, whole (ribs 6-12), separable lean and fat, trimmed to 1/8"" fat, select, cooked, roasted",SR Legacy,23.1,25.63,0.0,0.0,330.0,non_vegetarian
168678,"Beef, rib, whole (ribs 6-12), separable lean and fat, trimmed to 1/8"" fat, select, raw",SR Legacy,16.75,23.95,0.0,0.0,288.0,non_vegetarian
174696,"Beef, ribeye  petite roast/filet, boneless, separable lean only, trimmed to 0"" fat, all grades, raw",SR Legacy,22.66,4.66,0.04,0.0,133.0,non_vegetarian
174697,"Beef, ribeye  petite roast/filet, boneless, separable lean only, trimmed to 0"" fat, choice, raw",SR Legacy,22.52,5.29,0.18,0.0,138.0,non_vegetarian
174698,"Beef, ribeye  petite roast/filet, boneless, separable lean only, trimmed to 0"" fat, select, raw",SR Legacy,22.89,3.72,0.0,0.0,125.0,non_vegetarian
173054,"Beef, ribeye cap steak, boneless, separable lean only, trimmed to 0"" fat, all grades, cooked, grilled",SR Legacy,24.66,15.7,1.53,0.0,246.0,non_vegetarian
173057,"Beef, ribeye cap steak, boneless, separable lean only, trimmed to 0"" fat, all grades, raw",SR Legacy,19.7,10.6,1.51,0.0,180.0,non_vegetarian
173055,"Beef, ribeye cap steak, boneless, separable lean only, trimmed to 0"" fat, choice, cooked, grilled",SR Legacy,24.24,17.21,1.81,0.0,259.0,non_vegetarian
174699,"Beef, ribeye cap steak, boneless, separable lean only, trimmed to 0"" fat, choice, raw",SR Legacy,19.46,11.4,1.75,0.0,187.0,non_vegetarian
173056,"Beef, ribeye cap steak, boneless, separable lean only, trimmed to 0"" fat, select, cooked, grilled",SR Legacy,25.28,13.43,1.1,0.0,226.0,non_vegetarian
174700,"Beef, ribeye cap steak, boneless, separable lean only, trimmed to 0"" fat, select, raw",SR Legacy,20.05,9.39,1.15,0.0,169.0,non_vegetarian
174701,"Beef, ribeye filet, boneless, separable lean only, trimmed to 0"" fat, all grades, cooked, grilled",SR Legacy,28.77,9.2,0.17,0.0,199.0,non_vegetarian
174702,"Beef, ribeye filet, boneless, separable lean only, trimmed to 0"" fat, choice, cooked, grilled",SR Legacy,28.35,10.26,0.51,0.0,208.0,non_vegetarian
174703,"Beef, ribeye filet, boneless, separable lean only, trimmed to 0"" fat, select, cooked, grilled",SR Legacy,29.39,7.61,0.0,0.0,186.0,non_vegetarian
173058,"Beef, ribeye petite roast, boneless, separable lean only, trimmed to 0"" fat, all grades, cooked, roasted",SR Legacy,28.15,7.31,0.0,0.0,178.0,non_vegetarian
173059,"Beef, ribeye petite roast, boneless, separable lean only, trimmed to 0"" fat, choice, cooked, roasted",SR Legacy,28.0,8.42,0.0,0.0,188.0,non_vegetarian
173060,"Beef, ribeye petite roast, boneless, separable lean only, trimmed to 0"" fat, select, cooked, roasted",SR Legacy,28.37,5.65,0.0,0.0,164.0,non_vegetarian
2646172,"Beef, ribeye, steak, boneless, choice, raw",Foundation Foods,18.74375,20.04,0.0,,254.11,non_vegetarian
171806,"Beef, round, bottom round , roast, separable lean only, trimmed to 1/8"" fat, select, cooked, roasted",SR Legacy,28.45,4.67,0.0,0.0,164.0,non_vegetarian
170227,"Beef, round, bottom round roast, separable lean only, trimmed to 0"" fat, select, cooked, roasted",SR Legacy,28.29,5.33,0.0,0.0,169.0,non_vegetarian
170222,"Beef, round, bottom round, roast, separable lean and fat, trimmed to 0"" fat, all grades, cooked, roasted",SR Legacy,27.42,7.72,0.0,0.0,187.0,non_vegetarian
170224,"Beef, round, bottom round, roast, separable lean and fat, trimmed to 0"" fat, choice, cooked, roasted",SR Legacy,26.76,9.37,0.0,0.0,199.0,non_vegetarian
170627,"Beef, round, bottom round, roast, separable lean and fat, trimmed to 0"" fat, select, cooked, roasted",SR Legacy,28.08,6.06,0.0,0.0,175.0,non_vegetarian
168696,"Beef, round, bottom round, roast, separable lean and fat, trimmed to 1/8"" fat, all grades, cooked, roasted",SR Legacy,26.41,11.64,0.0,0.0,218.0,non_vegetarian
168699,"Beef, round, bottom round, roast, separable lean and fat, trimmed to 1/8"" fat, choice, cooked, roasted",SR Legacy,26.05,12.44,0.0,0.0,223.0,non_vegetarian
169522,"Beef, round, bottom round, roast, separable lean and fat, trimmed to 1/8"" fat, select, cooked, roasted",SR Legacy,26.77,10.85,0.0,0.0,212.0,non_vegetarian
170629,"Beef, round, bottom round, roast, separable lean only, trimmed to 0"" fat, all grades, cooked, roasted",SR Legacy,27.76,6.48,0.0,0.0,177.0,non_vegetarian
170631,"Beef, round, bottom round, roast, separable lean only, trimmed to 0"" fat, choice, cooked, roasted",SR Legacy,27.23,7.63,0.0,0.0,185.0,non_vegetarian
174052,"Beef, round, bottom round, roast, separable lean only, trimmed to 1/8"" fat, all grades, cooked",SR Legacy,28.0,5.72,0.0,0.0,163.0,non_vegetarian
174046,"Beef, round, bottom round, roast, separable lean only, trimmed to 1/8"" fat, all grades, raw",SR Legacy,22.19,4.31,0.0,0.0,128.0,non_vegetarian
174059,"Beef, round, bottom round, roast, separable lean only, trimmed to 1/8"" fat, choice, cooked, roasted",SR Legacy,27.56,6.77,0.0,0.0,179.0,non_vegetarian
174058,"Beef, round, bottom round, roast, separable lean only, trimmed to 1/8"" fat, choice, raw",SR Legacy,22.22,4.96,0.0,0.0,140.0,non_vegetarian
173122,"Beef, round, bottom round, roast, separable lean only, trimmed to 1/8"" fat, select, raw",SR Legacy,22.18,3.66,0.0,0.0,128.0,non_vegetarian
170626,"Beef, round, bottom round, steak, separable lean and fat, trimmed to 0"" fat, all grades, cooked, braised",SR Legacy,33.56,8.86,0.0,0.0,223.0,non_vegetarian
170223,"Beef, round, bottom round, steak, separable lean and fat, trimmed to 0"" fat, choice, cooked, braised",SR Legacy,32.73,10.0,0.0,0.0,230.0,non_vegetarian
170225,"Beef, round, bottom round, steak, separable lean and fat, trimmed to 0"" fat, select, cooked, braised",SR Legacy,34.39,7.72,0.0,0.0,217.0,non_vegetarian
169520,"Beef, round, bottom round, steak, separable lean and fat, trimmed to 1/8"" fat, all grades, cooked, braised",SR Legacy,32.76,11.87,0.0,0.0,247.0,non_vegetarian
169519,"Beef, round, bottom round, steak, separable lean and fat, trimmed to 1/8"" fat, all grades, raw",SR Legacy,20.7,11.54,0.0,0.0,192.0,non_vegetarian
168698,"Beef, round, bottom round, steak, separable lean and fat, trimmed to 1/8"" fat, choice, cooked, braised",SR Legacy,32.85,12.56,0.0,0.0,254.0,non_vegetarian
168697,"Beef, round, bottom round, steak, separable lean and fat, trimmed to 1/8"" fat, choice, raw",SR Legacy,20.71,12.15,0.0,0.0,198.0,non_vegetarian
169521,"Beef, round, bottom round, steak, separable lean and fat, trimmed to 1/8"" fat, select, cooked, braised",SR Legacy,32.67,11.19,0.0,0.0,240.0,non_vegetarian
168700,"Beef, round, bottom round, steak, separable lean and fat, trimmed to 1/8"" fat, select, raw",SR Legacy,20.68,10.93,0.0,0.0,187.0,non_vegetarian
170628,"Beef, round, bottom round, steak, separable lean only, trimmed to 0"" fat, all grades, cooked, braised",SR Legacy,34.0,7.67,0.0,0.0,214.0,non_vegetarian
170630,"Beef, round, bottom round, steak, separable lean only, trimmed to 0"" fat, choice, cooked, braised",SR Legacy,33.08,9.03,0.0,0.0,223.0,non_vegetarian
170226,"Beef, round, bottom round, steak, separable lean only, trimmed to 0"" fat, select, cooked, braised",SR Legacy,34.93,6.3,0.0,0.0,206.0,non_vegetarian
174053,"Beef, round, bottom round, steak, separable lean only, trimmed to 1/8"" fat, all grades, cooked, braised",SR Legacy,34.34,7.73,0.0,0.0,216.0,non_vegetarian
173115,"Beef, round, bottom round, steak, separable lean only, trimmed to 1/8"" fat, choice, cooked, braised",SR Legacy,34.22,9.02,0.0,0.0,228.0,non_vegetarian
174045,"Beef, round, bottom round, steak, separable lean only, trimmed to 1/8"" fat, select, cooked, braised",SR Legacy,34.46,6.43,0.0,0.0,205.0,non_vegetarian
170228,"Beef, round, eye of round roast, boneless, separable lean and fat, trimmed to 0"" fat, all grades, cooked, roasted",SR Legacy,29.66,4.46,0.0,0.0,167.0,non_vegetarian
171745,"Beef, round, eye of round roast, boneless, separable lean and fat, trimmed to 0"" fat, all grades, raw",SR Legacy,23.27,3.44,0.0,0.0,124.0,non_vegetarian
170229,"Beef, round, eye of round roast, boneless, separable lean and fat, trimmed to 0"" fat, choice, cooked, roasted",SR Legacy,29.79,4.83,0.0,0.0,171.0,non_vegetarian
171746,"Beef, round, eye of round roast, boneless, separable lean and fat, trimmed to 0"" fat, choice, raw",SR Legacy,23.26,3.74,0.0,0.0,127.0,non_vegetarian
170632,"Beef, round, eye of round roast, boneless, separable lean and fat, trimmed to 0"" fat, select, cooked, roasted",SR Legacy,29.45,3.97,0.0,0.0,162.0,non_vegetarian
171747,"Beef, round, eye of round roast, boneless, separable lean and fat, trimmed to 0"" fat, select, raw",SR Legacy,23.28,3.0,0.0,0.0,120.0,non_vegetarian
170633,"Beef, round, eye of round roast, boneless, separable lean only, trimmed to 0"" fat, all grades, cooked, roasted",SR Legacy,29.85,3.9,0.0,0.0,163.0,non_vegetarian
173998,"Beef, round, eye of round roast, boneless, separable lean only, trimmed to 0"" fat, all grades, raw",SR Legacy,23.37,3.04,0.0,0.0,121.0,non_vegetarian
170634,"Beef, round, eye of round roast, boneless, separable lean only, trimmed to 0"" fat, choice, cooked, roasted",SR Legacy,29.94,4.26,0.0,0.0,166.0,non_vegetarian
173999,"Beef, round, eye of round roast, boneless, separable lean only, trimmed to 0"" fat, choice, raw",SR Legacy,23.35,3.38,0.0,0.0,124.0,non_vegetarian
170635,"Beef, round, eye of round roast, boneless, separable lean only, trimmed to 0"" fat, select, cooked, roasted",SR Legacy,29.52,3.43,0.0,0.0,157.0,non_vegetarian
171761,"Beef, round, eye of round roast, boneless, separable lean only, trimmed to 0"" fat, select, raw",SR Legacy,23.41,2.52,0.0,0.0,116.0,non_vegetarian
173985,"Beef, round, eye of round steak, boneless separable lean and fat, trimmed to 0"" fat, choice, raw",SR Legacy,23.24,3.83,0.0,0.0,127.0,non_vegetarian
173993,"Beef, round, eye of round steak, boneless, separable lean and fat, trimmed to 0"" fat, all grades, cooked, grilled",SR Legacy,29.66,4.47,0.0,0.0,159.0,non_vegetarian
173984,"Beef, round, eye of round steak, boneless, separable lean and fat, trimmed to 0"" fat, all grades, raw",SR Legacy,23.26,3.48,0.0,0.0,124.0,non_vegetarian
173994,"Beef, round, eye of round steak, boneless, separable lean and fat, trimmed to 0"" fat, choice, cooked, grilled",SR Legacy,29.79,4.83,0.0,0.0,163.0,non_vegetarian
173995,"Beef, round, eye of round steak, boneless, separable lean and fat, trimmed to 0"" fat, select, cooked, grilled",SR Legacy,29.47,3.98,0.0,0.0,154.0,non_vegetarian
173986,"Beef, round, eye of round steak, boneless, separable lean and fat, trimmed to 0"" fat, select, raw",SR Legacy,23.3,2.95,0.0,0.0,120.0,non_vegetarian
171772,"Beef, round, eye of round steak, boneless, separable lean only, trimmed to 0"" fat, all grades, cooked, grilled",SR Legacy,29.85,3.9,0.0,0.0,155.0,non_vegetarian
171762,"Beef, round, eye of round steak, boneless, separable lean only, trimmed to 0"" fat, all grades, raw",SR Legacy,23.37,3.04,0.0,0.0,121.0,non_vegetarian
171773,"Beef, round, eye of round steak, boneless, separable lean only, trimmed to 0"" fat, choice, cooked, grilled",SR Legacy,29.94,4.26,0.0,0.0,158.0,non_vegetarian
171763,"Beef, round, eye of round steak, boneless, separable lean only, trimmed to 0"" fat, choice, raw",SR Legacy,23.35,3.38,0.0,0.0,124.0,non_vegetarian
174008,"Beef, round, eye of round steak, boneless, separable lean only, trimmed to 0"" fat, select, cooked, grilled",SR Legacy,29.52,3.43,0.0,0.0,149.0,non_vegetarian
171764,"Beef, round, eye of round steak, boneless, separable lean only, trimmed to 0"" fat, select, raw",SR Legacy,23.41,2.52,0.0,0.0,116.0,non_vegetarian
169524,"Beef, round, eye of round, roast, separable lean and fat, trimmed to 1/8"" fat, all grades, cooked, roasted",SR Legacy,28.31,9.65,0.0,0.0,208.0,non_vegetarian
169523,"Beef, round, eye of round, roast, separable lean and fat, trimmed to 1/8"" fat, all grades, raw",SR Legacy,21.49,8.24,0.0,0.0,166.0,non_vegetarian
168702,"Beef, round, eye of round, roast, separable lean and fat, trimmed to 1/8"" fat, choice, cooked, roasted",SR Legacy,28.48,10.05,0.0,0.0,212.0,non_vegetarian
168701,"Beef, round, eye of round, roast, separable lean and fat, trimmed to 1/8"" fat, choice, raw",SR Legacy,21.68,8.91,0.0,0.0,173.0,non_vegetarian
168704,"Beef, round, eye of round, roast, separable lean and fat, trimmed to 1/8"" fat, select, cooked, roasted",SR Legacy,28.13,9.26,0.0,0.0,204.0,non_vegetarian
168703,"Beef, round, eye of round, roast, separable lean and fat, trimmed to 1/8"" fat, select, raw",SR Legacy,21.3,7.57,0.08,0.0,160.0,non_vegetarian
171809,"Beef, round, eye of round, roast, separable lean only, trimmed to 1/8"" fat, all grades, cooked, roasted",SR Legacy,29.73,4.71,0.0,0.0,169.0,non_vegetarian
174049,"Beef, round, eye of round, roast, separable lean only, trimmed to 1/8"" fat, all grades, raw",SR Legacy,22.6,3.0,0.0,0.0,124.0,non_vegetarian
174060,"Beef, round, eye of round, roast, separable lean only, trimmed to 1/8"" fat, choice, cooked, roasted",SR Legacy,29.87,5.3,0.0,0.0,175.0,non_vegetarian
171819,"Beef, round, eye of round, roast, separable lean only, trimmed to 1/8"" fat, choice, raw",SR Legacy,22.88,3.38,0.0,0.0,128.0,non_vegetarian
171807,"Beef, round, eye of round, roast, separable lean only, trimmed to 1/8"" fat, select, cooked, roasted",SR Legacy,29.59,4.11,0.0,0.0,163.0,non_vegetarian
173120,"Beef, round, eye of round, roast, separable lean only, trimmed to 1/8"" fat, select, raw",SR Legacy,22.31,2.62,0.0,0.0,119.0,non_vegetarian
168695,"Beef, round, full cut, separable lean and fat, trimmed to 1/8"" fat, choice, cooked, broiled",SR Legacy,27.54,12.98,0.0,0.0,235.0,non_vegetarian
168694,"Beef, round, full cut, separable lean and fat, trimmed to 1/8"" fat, choice, raw",SR Legacy,20.56,11.92,0.0,0.0,195.0,non_vegetarian
169518,"Beef, round, full cut, separable lean and fat, trimmed to 1/8"" fat, select, cooked, broiled",SR Legacy,27.58,11.08,0.0,0.0,218.0,non_vegetarian
169517,"Beef, round, full cut, separable lean and fat, trimmed to 1/8"" fat, select, raw",SR Legacy,20.56,10.68,0.0,0.0,184.0,non_vegetarian
168616,"Beef, round, full cut, separable lean only, trimmed to 1/4"" fat, choice, cooked, broiled",SR Legacy,29.21,7.31,0.0,0.0,191.0,non_vegetarian
168617,"Beef, round, full cut, separable lean only, trimmed to 1/4"" fat, select, cooked, broiled",SR Legacy,29.25,5.22,0.0,0.0,172.0,non_vegetarian
173370,"Beef, round, knuckle, tip center, steak, separable lean and fat, trimmed to 0"" fat, all grades, cooked, grilled",SR Legacy,27.12,6.78,0.0,0.0,177.0,non_vegetarian
173369,"Beef, round, knuckle, tip center, steak, separable lean and fat, trimmed to 0"" fat, all grades, raw",SR Legacy,20.93,5.89,0.0,0.0,143.0,non_vegetarian
173362,"Beef, round, knuckle, tip center, steak, separable lean and fat, trimmed to 0"" fat, choice, cooked, grilled",SR Legacy,26.88,8.13,0.0,0.0,188.0,non_vegetarian
173361,"Beef, round, knuckle, tip center, steak, separable lean and fat, trimmed to 0"" fat, choice, raw",SR Legacy,20.74,6.85,0.0,0.0,150.0,non_vegetarian
172127,"Beef, round, knuckle, tip center, steak, separable lean and fat, trimmed to 0"" fat, select, cooked, grilled",SR Legacy,26.61,5.32,0.0,0.0,162.0,non_vegetarian
173363,"Beef, round, knuckle, tip center, steak, separable lean and fat, trimmed to 0"" fat, select, raw",SR Legacy,20.98,5.21,0.0,0.0,137.0,non_vegetarian
172120,"Beef, round, knuckle, tip side, steak, separable lean and fat , trimmed to 0"" fat, select, raw",SR Legacy,21.96,3.24,0.0,0.0,123.0,non_vegetarian
172131,"Beef, round, knuckle, tip side, steak, separable lean and fat, trimmed to 0"" fat, all grades, cooked, grilled",SR Legacy,29.08,4.84,0.0,0.0,168.0,non_vegetarian
173367,"Beef, round, knuckle, tip side, steak, separable lean and fat, trimmed to 0"" fat, all grades, raw",SR Legacy,21.69,4.0,0.0,0.0,129.0,non_vegetarian
172119,"Beef, round, knuckle, tip side, steak, separable lean and fat, trimmed to 0"" fat, choice, cooked, grilled",SR Legacy,28.79,5.71,0.0,0.0,174.0,non_vegetarian
173354,"Beef, round, knuckle, tip side, steak, separable lean and fat, trimmed to 0"" fat, choice, raw",SR Legacy,21.41,4.66,0.0,0.0,133.0,non_vegetarian
172121,"Beef, round, knuckle, tip side, steak, separable lean and fat, trimmed to 0"" fat, select, cooked, grilled",SR Legacy,29.24,3.91,0.0,0.0,160.0,non_vegetarian
172135,"Beef, round, outside round, bottom round, steak, separable lean and fat, trimmed to 0"" fat, all grades, cooked, grilled",SR Legacy,27.52,7.1,0.0,0.0,182.0,non_vegetarian
173371,"Beef, round, outside round, bottom round, steak, separable lean and fat, trimmed to 0"" fat, all grades, raw",SR Legacy,21.59,5.53,0.0,0.0,142.0,non_vegetarian
172129,"Beef, round, outside round, bottom round, steak, separable lean and fat, trimmed to 0"" fat, choice, cooked, grilled",SR Legacy,27.22,8.3,0.0,0.0,191.0,non_vegetarian
172128,"Beef, round, outside round, bottom round, steak, separable lean and fat, trimmed to 0"" fat, choice, raw",SR Legacy,21.24,6.59,0.0,0.0,150.0,non_vegetarian
173364,"Beef, round, outside round, bottom round, steak, separable lean and fat, trimmed to 0"" fat, select, cooked, grilled",SR Legacy,28.01,5.17,0.0,0.0,166.0,non_vegetarian
172130,"Beef, round, outside round, bottom round, steak, separable lean and fat, trimmed to 0"" fat, select, raw",SR Legacy,22.15,3.83,0.0,0.0,129.0,non_vegetarian
170230,"Beef, round, tip round, roast, separable lean and fat, trimmed to 0"" fat, all grades, cooked, roasted",SR Legacy,26.79,8.21,0.0,0.0,188.0,non_vegetarian
169470,"Beef, round, tip round, roast, separable lean and fat, trimmed to 0"" fat, all grades, raw",SR Legacy,20.48,7.01,0.0,0.0,151.0,non_vegetarian
170231,"Beef, round, tip round, roast, separable lean and fat, trimmed to 0"" fat, choice, cooked, roasted",SR Legacy,27.01,8.9,0.0,0.0,196.0,non_vegetarian
168646,"Beef, round, tip round, roast, separable lean and fat, trimmed to 0"" fat, choice, raw",SR Legacy,20.16,7.73,0.0,0.0,156.0,non_vegetarian
170232,"Beef, round, tip round, roast, separable lean and fat, trimmed to 0"" fat, select, cooked, roasted",SR Legacy,26.57,7.53,0.0,0.0,181.0,non_vegetarian
168647,"Beef, round, tip round, roast, separable lean and fat, trimmed to 0"" fat, select, raw",SR Legacy,20.8,6.28,0.0,0.0,145.0,non_vegetarian
169526,"Beef, round, tip round, roast, separable lean and fat, trimmed to 1/8"" fat, all grades, cooked, roasted",SR Legacy,27.45,11.34,0.0,0.0,219.0,non_vegetarian
169528,"Beef, round, tip round, roast, separable lean and fat, trimmed to 1/8"" fat, choice, cooked, roasted",SR Legacy,27.27,12.34,0.0,0.0,228.0,non_vegetarian
168706,"Beef, round, tip round, roast, separable lean and fat, trimmed to 1/8"" fat, select, cooked, roasted",SR Legacy,27.63,10.24,0.0,0.0,210.0,non_vegetarian
170233,"Beef, round, tip round, roast, separable lean only, trimmed to 0"" fat, all grades, cooked, roasted",SR Legacy,27.53,6.2,0.0,0.0,174.0,non_vegetarian
173125,"Beef, round, tip round, roast, separable lean only, trimmed to 0"" fat, all grades, raw",SR Legacy,21.07,3.95,0.0,0.0,126.0,non_vegetarian
170636,"Beef, round, tip round, roast, separable lean only, trimmed to 0"" fat, choice, cooked, roasted",SR Legacy,27.68,6.42,0.0,0.0,176.0,non_vegetarian
173126,"Beef, round, tip round, roast, separable lean only, trimmed to 0"" fat, choice, raw",SR Legacy,20.76,4.55,0.0,0.0,130.0,non_vegetarian
170637,"Beef, round, tip round, roast, separable lean only, trimmed to 0"" fat, select, cooked, roasted",SR Legacy,27.37,4.38,0.0,0.0,149.0,non_vegetarian
173127,"Beef, round, tip round, roast, separable lean only, trimmed to 0"" fat, select, raw",SR Legacy,21.38,3.35,0.0,0.0,122.0,non_vegetarian
169525,"Beef, round, tip round, separable lean and fat, trimmed to 1/8"" fat, all grades, raw",SR Legacy,19.6,11.67,0.0,0.0,189.0,non_vegetarian
169527,"Beef, round, tip round, separable lean and fat, trimmed to 1/8"" fat, choice, raw",SR Legacy,19.48,12.83,0.0,0.0,199.0,non_vegetarian
168705,"Beef, round, tip round, separable lean and fat, trimmed to 1/8"" fat, select, raw",SR Legacy,19.74,10.39,0.0,0.0,178.0,non_vegetarian
171755,"Beef, round, top round roast, boneless, separable lean and fat, trimmed to 0"" fat, all grades, cooked, roasted",SR Legacy,29.9,4.49,0.0,0.0,160.0,non_vegetarian
173982,"Beef, round, top round roast, boneless, separable lean and fat, trimmed to 0"" fat, all grades, raw",SR Legacy,23.45,3.5,0.0,0.0,125.0,non_vegetarian
171756,"Beef, round, top round roast, boneless, separable lean and fat, trimmed to 0"" fat, choice, cooked, roasted",SR Legacy,30.08,4.79,0.0,0.0,163.0,non_vegetarian
173983,"Beef, round, top round roast, boneless, separable lean and fat, trimmed to 0"" fat, choice, raw",SR Legacy,23.46,3.81,0.0,0.0,128.0,non_vegetarian
173992,"Beef, round, top round roast, boneless, separable lean and fat, trimmed to 0"" fat, select, cooked, roasted",SR Legacy,30.97,3.72,0.0,0.0,157.0,non_vegetarian
171744,"Beef, round, top round roast, boneless, separable lean and fat, trimmed to 0"" fat, select, raw",SR Legacy,23.44,3.04,0.0,0.0,121.0,non_vegetarian
174007,"Beef, round, top round roast, boneless, separable lean only, trimmed to 0"" fat, all grades, cooked, roasted",SR Legacy,30.09,3.77,0.0,0.0,162.0,non_vegetarian
171760,"Beef, round, top round roast, boneless, separable lean only, trimmed to 0"" fat, all grades, raw",SR Legacy,23.59,2.94,0.0,0.0,121.0,non_vegetarian
171770,"Beef, round, top round roast, boneless, separable lean only, trimmed to 0"" fat, choice, cooked, roasted",SR Legacy,30.24,4.11,0.06,0.0,158.0,non_vegetarian
173996,"Beef, round, top round roast, boneless, separable lean only, trimmed to 0"" fat, choice, raw",SR Legacy,23.59,3.26,0.0,0.0,124.0,non_vegetarian
171771,"Beef, round, top round roast, boneless, separable lean only, trimmed to 0"" fat, select, cooked, roasted",SR Legacy,29.81,3.37,0.0,0.0,150.0,non_vegetarian
173997,"Beef, round, top round roast, boneless, separable lean only, trimmed to 0"" fat, select, raw",SR Legacy,23.59,2.45,0.0,0.0,116.0,non_vegetarian
169560,"Beef, round, top round steak, boneless, separable lean and fat, trimmed to 0"" fat, all grades, cooked, grilled",SR Legacy,29.96,4.28,0.0,0.0,167.0,non_vegetarian
171743,"Beef, round, top round steak, boneless, separable lean and fat, trimmed to 0"" fat, all grades, raw",SR Legacy,23.49,3.34,0.0,0.0,124.0,non_vegetarian
168740,"Beef, round, top round steak, boneless, separable lean and fat, trimmed to 0"" fat, choice, cooked, grilled",SR Legacy,30.12,4.62,0.0,0.0,170.0,non_vegetarian
173980,"Beef, round, top round steak, boneless, separable lean and fat, trimmed to 0"" fat, choice, raw",SR Legacy,23.49,3.66,0.0,0.0,127.0,non_vegetarian
168741,"Beef, round, top round steak, boneless, separable lean and fat, trimmed to 0"" fat, select, cooked, grilled",SR Legacy,29.7,3.85,0.0,0.0,162.0,non_vegetarian
173981,"Beef, round, top round steak, boneless, separable lean and fat, trimmed to 0"" fat, select, raw",SR Legacy,23.49,2.85,0.0,0.0,120.0,non_vegetarian
168649,"Beef, round, top round steak, boneless, separable lean only, trimmed to 0"" fat, all grades, cooked, grilled",SR Legacy,30.09,3.77,0.0,0.0,162.0,non_vegetarian
171757,"Beef, round, top round steak, boneless, separable lean only, trimmed to 0"" fat, all grades, raw",SR Legacy,23.59,2.94,0.0,0.0,121.0,non_vegetarian
169471,"Beef, round, top round steak, boneless, separable lean only, trimmed to 0"" fat, choice, cooked, grilled",SR Legacy,30.24,4.11,0.0,0.0,166.0,non_vegetarian
171758,"Beef, round, top round steak, boneless, separable lean only, trimmed to 0"" fat, choice, raw",SR Legacy,23.59,3.26,0.0,0.0,124.0,non_vegetarian
169472,"Beef, round, top round steak, boneless, separable lean only, trimmed to 0"" fat, select, cooked, grilled",SR Legacy,29.81,3.37,0.0,0.0,158.0,non_vegetarian
171759,"Beef, round, top round steak, boneless, separable lean only, trimmed to 0"" fat, select, raw",SR Legacy,23.59,2.45,0.0,0.0,116.0,non_vegetarian
169531,"Beef, round, top round steak, separable lean and fat, trimmed to 1/8"" fat, all grades, cooked, broiled",SR Legacy,30.67,9.0,0.0,0.0,204.0,non_vegetarian
2646173,"Beef, round, top round, boneless, choice, raw",Foundation Foods,21.475,5.703,0.852,,140.635,non_vegetarian
170638,"Beef, round, top round, separable lean and fat, trimmed to 0"" fat, all grades, cooked, braised",SR Legacy,35.62,6.31,0.0,0.0,209.0,non_vegetarian
170639,"Beef, round, top round, separable lean and fat, trimmed to 0"" fat, choice, cooked, braised",SR Legacy,35.62,7.09,0.0,0.0,216.0,non_vegetarian
170234,"Beef, round, top round, separable lean and fat, trimmed to 0"" fat, select, cooked, braised",SR Legacy,35.62,5.33,0.0,0.0,200.0,non_vegetarian
169530,"Beef, round, top round, separable lean and fat, trimmed to 1/8"" fat, all grades, cooked, braised",SR Legacy,34.34,10.13,0.0,0.0,238.0,non_vegetarian
168709,"Beef, round, top round, separable lean and fat, trimmed to 1/8"" fat, choice, cooked, braised",SR Legacy,34.09,11.61,0.0,0.0,250.0,non_vegetarian
168711,"Beef, round, top round, separable lean and fat, trimmed to 1/8"" fat, choice, cooked, pan-fried",SR Legacy,32.99,13.83,0.0,0.0,266.0,non_vegetarian
169534,"Beef, round, top round, separable lean and fat, trimmed to 1/8"" fat, prime, raw",SR Legacy,22.24,8.67,0.0,0.0,173.0,non_vegetarian
168713,"Beef, round, top round, separable lean and fat, trimmed to 1/8"" fat, select, cooked, braised",SR Legacy,34.6,8.54,0.0,0.0,225.0,non_vegetarian
170235,"Beef, round, top round, separable lean only, trimmed to 0"" fat, choice, cooked, braised",SR Legacy,36.12,5.8,0.0,0.0,207.0,non_vegetarian
170236,"Beef, round, top round, separable lean only, trimmed to 0"" fat, select, cooked, braised",SR Legacy,36.12,4.0,0.0,0.0,190.0,non_vegetarian
168708,"Beef, round, top round, separable lean only, trimmed to 1/8"" fat, choice, cooked, pan-fried",SR Legacy,33.93,8.33,2.03,0.0,228.0,non_vegetarian
169529,"Beef, round, top round, steak, separable lean and fat, trimmed to 1/8"" fat, all grades, raw",SR Legacy,22.06,7.93,0.0,0.0,166.0,non_vegetarian
168710,"Beef, round, top round, steak, separable lean and fat, trimmed to 1/8"" fat, choice, cooked, broiled",SR Legacy,30.7,10.27,0.0,0.0,224.0,non_vegetarian
169532,"Beef, round, top round, steak, separable lean and fat, trimmed to 1/8"" fat, choice, raw",SR Legacy,21.94,8.19,0.0,0.0,168.0,non_vegetarian
169535,"Beef, round, top round, steak, separable lean and fat, trimmed to 1/8"" fat, prime, cooked, broiled",SR Legacy,31.27,10.1,0.0,0.0,225.0,non_vegetarian
169533,"Beef, round, top round, steak, separable lean and fat, trimmed to 1/8"" fat, select, cooked, broiled",SR Legacy,30.63,7.73,0.0,0.0,201.0,non_vegetarian
168712,"Beef, round, top round, steak, separable lean and fat, trimmed to 1/8"" fat, select, raw",SR Legacy,22.18,7.68,0.0,0.0,164.0,non_vegetarian
171815,"Beef, round, top round, steak, separable lean only, trimmed to 1/8"" fat, all grades, cooked, broiled",SR Legacy,31.82,5.45,0.0,0.0,185.0,non_vegetarian
171816,"Beef, round, top round, steak, separable lean only, trimmed to 1/8"" fat, all grades, raw",SR Legacy,22.91,4.09,0.0,0.0,135.0,non_vegetarian
174061,"Beef, round, top round, steak, separable lean only, trimmed to 1/8"" fat, choice, cooked, broiled",SR Legacy,32.04,6.25,0.0,0.0,193.0,non_vegetarian
171820,"Beef, round, top round, steak, separable lean only, trimmed to 1/8"" fat, choice, raw",SR Legacy,22.69,4.78,0.0,0.0,140.0,non_vegetarian
171808,"Beef, round, top round, steak, separable lean only, trimmed to 1/8"" fat, select, cooked, broiled",SR Legacy,31.61,4.65,0.0,0.0,177.0,non_vegetarian
173121,"Beef, round, top round, steak, separable lean only, trimmed to 1/8"" fat, select, raw",SR Legacy,23.13,3.37,0.0,0.0,129.0,non_vegetarian
170600,"Beef, sandwich steaks, flaked, chopped, formed and thinly sliced, raw",SR Legacy,16.5,27.0,0.0,0.0,309.0,non_vegetarian
169442,"Beef, shank crosscuts, separable lean only, trimmed to 1/4"" fat, choice, cooked, simmered",SR Legacy,33.68,6.36,0.0,0.0,201.0,non_vegetarian
169441,"Beef, shank crosscuts, separable lean only, trimmed to 1/4"" fat, choice, raw",SR Legacy,21.75,3.85,0.0,0.0,128.0,non_vegetarian
2727572,"Beef, short loin (NY strip steak), raw",Foundation Foods,21.325,11.54,0.2212,,190.0448,non_vegetarian
169459,"Beef, short loin, porterhouse steak, separable lean and fat, trimmed to 0"" fat, all grades, cooked, broiled",SR Legacy,23.96,19.27,0.0,0.0,276.0,non_vegetarian
169460,"Beef, short loin, porterhouse steak, separable lean and fat, trimmed to 0"" fat, USDA choice, cooked, broiled",SR Legacy,23.61,20.15,0.0,0.0,283.0,non_vegetarian
169461,"Beef, short loin, porterhouse steak, separable lean and fat, trimmed to 0"" fat, USDA select, cooked, broiled",SR Legacy,24.47,17.98,0.0,0.0,267.0,non_vegetarian
172115,"Beef, short loin, porterhouse steak, separable lean and fat, trimmed to 1/8"" fat, all grades, cooked, grilled",SR Legacy,25.4,18.57,0.0,0.0,276.0,non_vegetarian
173350,"Beef, short loin, porterhouse steak, separable lean and fat, trimmed to 1/8"" fat, all grades, raw",SR Legacy,20.49,14.06,0.0,0.0,214.0,non_vegetarian
168716,"Beef, short loin, porterhouse steak, separable lean and fat, trimmed to 1/8"" fat, choice, cooked, grilled",SR Legacy,24.85,19.78,0.0,0.0,284.0,non_vegetarian
168715,"Beef, short loin, porterhouse steak, separable lean and fat, trimmed to 1/8"" fat, choice, raw",SR Legacy,20.36,14.58,0.0,0.0,218.0,non_vegetarian
172117,"Beef, short loin, porterhouse steak, separable lean and fat, trimmed to 1/8"" fat, select, cooked, grilled",SR Legacy,26.21,16.75,0.0,0.0,263.0,non_vegetarian
172116,"Beef, short loin, porterhouse steak, separable lean and fat, trimmed to 1/8"" fat, select, raw",SR Legacy,20.69,13.27,0.0,0.0,208.0,non_vegetarian
168637,"Beef, short loin, porterhouse steak, separable lean only,  trimmed to 1/8"" fat, all grades, cooked, grilled",SR Legacy,28.16,10.32,0.0,0.0,213.0,non_vegetarian
168638,"Beef, short loin, porterhouse steak, separable lean only, trimmed to 0"" fat, all grades, cooked, broiled",SR Legacy,26.07,11.18,0.0,0.0,212.0,non_vegetarian
168639,"Beef, short loin, porterhouse steak, separable lean only, trimmed to 0"" fat, choice, cooked, broiled",SR Legacy,25.51,12.8,0.0,0.0,224.0,non_vegetarian
169463,"Beef, short loin, porterhouse steak, separable lean only, trimmed to 0"" fat, select, cooked, broiled",SR Legacy,26.89,8.81,0.0,0.0,194.0,non_vegetarian
169462,"Beef, short loin, porterhouse steak, separable lean only, trimmed to 1/8"" fat, all grades, raw",SR Legacy,22.32,6.6,0.0,0.0,155.0,non_vegetarian
168618,"Beef, short loin, porterhouse steak, separable lean only, trimmed to 1/8"" fat, choice, cooked, grilled",SR Legacy,27.65,11.36,0.0,0.0,221.0,non_vegetarian
169443,"Beef, short loin, porterhouse steak, separable lean only, trimmed to 1/8"" fat, choice, raw",SR Legacy,22.13,7.39,0.0,0.0,161.0,non_vegetarian
168641,"Beef, short loin, porterhouse steak, separable lean only, trimmed to 1/8"" fat, select, cooked, grilled",SR Legacy,28.92,8.76,0.0,0.0,203.0,non_vegetarian
168640,"Beef, short loin, porterhouse steak, separable lean only, trimmed to 1/8"" fat, select, raw",SR Legacy,22.61,5.41,0.0,0.0,145.0,non_vegetarian
168643,"Beef, short loin, t-bone steak, bone-in, separable lean only, trimmed to 1/8"" fat, all grades, cooked, grilled",SR Legacy,27.86,10.37,0.0,0.0,212.0,non_vegetarian
168642,"Beef, short loin, t-bone steak, bone-in, separable lean only, trimmed to 1/8"" fat, all grades, raw",SR Legacy,22.22,6.5,0.0,0.0,153.0,non_vegetarian
168620,"Beef, short loin, t-bone steak, bone-in, separable lean only, trimmed to 1/8"" fat, choice, cooked, grilled",SR Legacy,27.48,11.05,0.0,0.0,217.0,non_vegetarian
168619,"Beef, short loin, t-bone steak, bone-in, separable lean only, trimmed to 1/8"" fat, choice, raw",SR Legacy,22.1,7.27,0.0,0.0,160.0,non_vegetarian
169467,"Beef, short loin, t-bone steak, bone-in, separable lean only, trimmed to 1/8"" fat, select, cooked, grilled",SR Legacy,28.45,9.35,0.0,0.0,206.0,non_vegetarian
168645,"Beef, short loin, t-bone steak, bone-in, separable lean only, trimmed to 1/8"" fat, select, raw",SR Legacy,22.41,5.34,0.0,0.0,144.0,non_vegetarian
169464,"Beef, short loin, t-bone steak, separable lean and fat, trimmed to 0"" fat, all grades, cooked, broiled",SR Legacy,24.18,15.93,0.0,0.0,247.0,non_vegetarian
169465,"Beef, short loin, t-bone steak, separable lean and fat, trimmed to 0"" fat, USDA choice, cooked, broiled",SR Legacy,24.05,17.26,0.0,0.0,258.0,non_vegetarian
169466,"Beef, short loin, t-bone steak, separable lean and fat, trimmed to 0"" fat, USDA select, cooked, broiled",SR Legacy,24.38,14.0,0.0,0.0,230.0,non_vegetarian
173351,"Beef, short loin, t-bone steak, separable lean and fat, trimmed to 1/8"" fat, all grades, cooked, grilled",SR Legacy,24.6,20.36,0.0,0.0,289.0,non_vegetarian
172118,"Beef, short loin, t-bone steak, separable lean and fat, trimmed to 1/8"" fat, all grades, raw",SR Legacy,20.11,15.18,0.0,0.0,223.0,non_vegetarian
169537,"Beef, short loin, t-bone steak, separable lean and fat, trimmed to 1/8"" fat, choice, cooked, grilled",SR Legacy,24.21,21.13,0.0,0.0,294.0,non_vegetarian
168717,"Beef, short loin, t-bone steak, separable lean and fat, trimmed to 1/8"" fat, choice, raw",SR Legacy,20.0,15.83,0.0,0.0,228.0,non_vegetarian
173353,"Beef, short loin, t-bone steak, separable lean and fat, trimmed to 1/8"" fat, select, cooked, grilled",SR Legacy,25.18,19.22,0.0,0.0,281.0,non_vegetarian
173352,"Beef, short loin, t-bone steak, separable lean and fat, trimmed to 1/8"" fat, select, raw",SR Legacy,20.28,14.19,0.0,0.0,215.0,non_vegetarian
168644,"Beef, short loin, t-bone steak, separable lean only, trimmed to 0"" fat, choice, cooked, broiled",SR Legacy,25.98,9.61,0.0,0.0,198.0,non_vegetarian
169468,"Beef, short loin, t-bone steak, separable lean only, trimmed to 0"" fat, select, cooked, broiled",SR Legacy,26.0,7.36,0.0,0.0,177.0,non_vegetarian
171814,"Beef, short loin, top loin steak, separable lean only, trimmed to 1/8"" fat, all grades, raw",SR Legacy,22.93,5.15,0.0,0.0,138.0,non_vegetarian
169541,"Beef, short loin, top loin, separable lean and fat, trimmed to 1/8"" fat, prime, cooked, broiled",SR Legacy,25.92,22.12,0.0,0.0,310.0,non_vegetarian
169538,"Beef, short loin, top loin, steak, separable lean and fat, trimmed to 1/8"" fat, all grades, raw",SR Legacy,20.61,15.49,0.0,0.0,228.0,non_vegetarian
168718,"Beef, short loin, top loin, steak, separable lean and fat, trimmed to 1/8"" fat, choice, cooked, grilled",SR Legacy,26.16,18.45,0.0,0.0,278.0,non_vegetarian
168721,"Beef, short loin, top loin, steak, separable lean and fat, trimmed to 1/8"" fat, prime, raw",SR Legacy,19.0,22.17,0.0,0.0,281.0,non_vegetarian
171813,"Beef, short loin, top loin, steak, separable lean only, trimmed to 1/8"" fat, all grades, cooked, broiled",SR Legacy,29.3,7.09,0.0,0.0,189.0,non_vegetarian
173119,"Beef, short loin, top loin, steak, separable lean only, trimmed to 1/8"" fat, choice, cooked, broiled",SR Legacy,29.16,8.45,0.0,0.0,201.0,non_vegetarian
173116,"Beef, short loin, top loin, steak, separable lean only, trimmed to 1/8"" fat, choice, raw",SR Legacy,22.78,6.43,0.0,0.0,155.0,non_vegetarian
171805,"Beef, short loin, top loin, steak, separable lean only, trimmed to 1/8"" fat, select, cooked, grilled",SR Legacy,29.44,5.73,0.0,0.0,177.0,non_vegetarian
174041,"Beef, short loin, top loin, steak, separable lean only, trimmed to 1/8"" fat, select, raw",SR Legacy,23.07,3.88,0.0,0.0,133.0,non_vegetarian
173349,"Beef, shoulder pot roast or steak, boneless, separable lean and fat, trimmed to 0"" fat, all grades, raw",SR Legacy,21.39,4.97,0.0,0.0,130.0,non_vegetarian
170818,"Beef, shoulder pot roast or steak, boneless, separable lean and fat, trimmed to 0"" fat, choice, raw",SR Legacy,21.17,5.33,0.07,0.0,133.0,non_vegetarian
170819,"Beef, shoulder pot roast or steak, boneless, separable lean and fat, trimmed to 0"" fat, select, raw",SR Legacy,21.72,4.44,0.0,0.0,127.0,non_vegetarian
169480,"Beef, shoulder pot roast or steak, boneless, separable lean only, trimmed to 0"" fat, all grades, raw",SR Legacy,21.64,4.09,0.0,0.0,123.0,non_vegetarian
169481,"Beef, shoulder pot roast or steak, boneless, separable lean only, trimmed to 0"" fat, choice, raw",SR Legacy,21.45,4.35,0.11,0.0,125.0,non_vegetarian
169482,"Beef, shoulder pot roast or steak, boneless, separable lean only, trimmed to 0"" fat, select, raw",SR Legacy,21.93,3.7,0.0,0.0,121.0,non_vegetarian
171224,"Beef, shoulder pot roast, boneless, separable lean and fat, trimmed to 0"" fat, all grades, cooked, braised",SR Legacy,31.03,8.92,0.0,0.0,204.0,non_vegetarian
171225,"Beef, shoulder pot roast, boneless, separable lean and fat, trimmed to 0"" fat, choice, cooked, braised",SR Legacy,30.93,9.25,0.0,0.0,207.0,non_vegetarian
171226,"Beef, shoulder pot roast, boneless, separable lean and fat, trimmed to 0"" fat, select, cooked, braised",SR Legacy,31.18,8.41,0.0,0.0,200.0,non_vegetarian
171200,"Beef, shoulder pot roast, boneless, separable lean only, trimmed to 0"" fat, all grades, cooked, braised",SR Legacy,31.48,7.78,0.0,0.0,196.0,non_vegetarian
171198,"Beef, shoulder pot roast, boneless, separable lean only, trimmed to 0"" fat, choice, cooked, braised",SR Legacy,31.32,8.3,0.0,0.0,200.0,non_vegetarian
171199,"Beef, shoulder pot roast, boneless, separable lean only, trimmed to 0"" fat, select, cooked, braised",SR Legacy,31.71,7.02,0.0,0.0,190.0,non_vegetarian
171789,"Beef, shoulder steak, boneless, separable lean and fat, trimmed to 0"" fat, all grades, cooked, grilled",SR Legacy,28.29,6.8,0.0,0.0,182.0,non_vegetarian
171785,"Beef, shoulder steak, boneless, separable lean and fat, trimmed to 0"" fat, choice, cooked, grilled",SR Legacy,28.22,7.25,0.0,0.0,186.0,non_vegetarian
171786,"Beef, shoulder steak, boneless, separable lean and fat, trimmed to 0"" fat, select, cooked, grilled",SR Legacy,28.41,6.14,0.0,0.0,177.0,non_vegetarian
171781,"Beef, shoulder steak, boneless, separable lean only, trimmed to 0"" fat, all grades, cooked, grilled",SR Legacy,28.6,5.82,0.0,0.0,175.0,non_vegetarian
168731,"Beef, shoulder steak, boneless, separable lean only, trimmed to 0"" fat, choice, cooked, grilled",SR Legacy,28.54,6.25,0.0,0.0,178.0,non_vegetarian
168732,"Beef, shoulder steak, boneless, separable lean only, trimmed to 0"" fat, select, cooked, grilled",SR Legacy,28.71,5.17,0.0,0.0,169.0,non_vegetarian
169479,"Beef, shoulder top blade steak, boneless, separable lean and fat, trimmed to 0"" fat, all grades, cooked, grilled",SR Legacy,27.59,11.07,0.0,0.0,210.0,non_vegetarian
168693,"Beef, shoulder top blade steak, boneless, separable lean and fat, trimmed to 0"" fat, all grades, raw",SR Legacy,20.16,7.25,0.0,0.0,146.0,non_vegetarian
168659,"Beef, shoulder top blade steak, boneless, separable lean and fat, trimmed to 0"" fat, choice, cooked, grilled",SR Legacy,27.51,12.26,0.0,0.0,220.0,non_vegetarian
168707,"Beef, shoulder top blade steak, boneless, separable lean and fat, trimmed to 0"" fat, choice, raw",SR Legacy,20.07,7.94,0.0,0.0,152.0,non_vegetarian
168692,"Beef, shoulder top blade steak, boneless, separable lean and fat, trimmed to 0"" fat, select, cooked, grilled",SR Legacy,27.7,9.29,0.0,0.0,194.0,non_vegetarian
169536,"Beef, shoulder top blade steak, boneless, separable lean and fat, trimmed to 0"" fat, select, raw",SR Legacy,20.28,6.21,0.0,0.0,137.0,non_vegetarian
168654,"Beef, shoulder top blade steak, boneless, separable lean only, trimmed to 0"" fat, all grades, cooked, grilled",SR Legacy,28.15,9.23,0.0,0.0,196.0,non_vegetarian
169477,"Beef, shoulder top blade steak, boneless, separable lean only, trimmed to 0"" fat, all grades, raw",SR Legacy,20.36,6.42,0.0,0.0,139.0,non_vegetarian
169475,"Beef, shoulder top blade steak, boneless, separable lean only, trimmed to 0"" fat, choice, cooked, grilled",SR Legacy,28.28,9.83,0.0,0.0,202.0,non_vegetarian
169478,"Beef, shoulder top blade steak, boneless, separable lean only, trimmed to 0"" fat, choice, raw",SR Legacy,20.35,6.88,0.0,0.0,143.0,non_vegetarian
169476,"Beef, shoulder top blade steak, boneless, separable lean only, trimmed to 0"" fat, select, cooked, grilled",SR Legacy,27.96,8.34,0.0,0.0,187.0,non_vegetarian
168655,"Beef, shoulder top blade steak, boneless, separable lean only, trimmed to 0"" fat, select, raw",SR Legacy,20.39,5.73,0.0,0.0,133.0,non_vegetarian
169544,"Beef, tenderloin, roast, separable lean and fat, trimmed to 1/8"" fat, all grades, cooked, roasted",SR Legacy,23.9,24.6,0.0,0.0,324.0,non_vegetarian
168723,"Beef, tenderloin, roast, separable lean and fat, trimmed to 1/8"" fat, choice, cooked, roasted",SR Legacy,23.9,25.39,0.0,0.0,331.0,non_vegetarian
169549,"Beef, tenderloin, roast, separable lean and fat, trimmed to 1/8"" fat, prime, cooked, roasted",SR Legacy,24.04,26.67,0.0,0.0,343.0,non_vegetarian
169546,"Beef, tenderloin, roast, separable lean and fat, trimmed to 1/8"" fat, select, cooked, roasted",SR Legacy,23.9,23.7,0.0,0.0,316.0,non_vegetarian
169547,"Beef, tenderloin, separable lean and fat, trimmed to 1/8"" fat, prime, raw",SR Legacy,18.15,21.83,0.0,0.0,274.0,non_vegetarian
169543,"Beef, tenderloin, steak, separable lean and fat, trimmed to 1/8"" fat, all grades, cooked, broiled",SR Legacy,26.46,17.12,0.0,0.0,267.0,non_vegetarian
169542,"Beef, tenderloin, steak, separable lean and fat, trimmed to 1/8"" fat, all grades, raw",SR Legacy,19.61,18.16,0.0,0.0,247.0,non_vegetarian
168722,"Beef, tenderloin, steak, separable lean and fat, trimmed to 1/8"" fat, choice, cooked, broiled",SR Legacy,26.43,17.78,0.0,0.0,273.0,non_vegetarian
169545,"Beef, tenderloin, steak, separable lean and fat, trimmed to 1/8"" fat, choice, raw",SR Legacy,19.82,17.88,0.0,0.0,246.0,non_vegetarian
169548,"Beef, tenderloin, steak, separable lean and fat, trimmed to 1/8"" fat, prime, cooked, broiled",SR Legacy,25.26,22.21,0.0,0.0,308.0,non_vegetarian
168725,"Beef, tenderloin, steak, separable lean and fat, trimmed to 1/8"" fat, select, cooked, broiled",SR Legacy,26.48,16.53,0.0,0.0,262.0,non_vegetarian
168724,"Beef, tenderloin, steak, separable lean and fat, trimmed to 1/8"" fat, select, raw",SR Legacy,19.37,18.46,0.0,0.0,249.0,non_vegetarian
171811,"Beef, tenderloin, steak, separable lean only, trimmed to 1/8"" fat, all grades, cooked, broiled",SR Legacy,29.04,8.39,0.0,0.0,200.0,non_vegetarian
171812,"Beef, tenderloin, steak, separable lean only, trimmed to 1/8"" fat, all grades, raw",SR Legacy,22.12,6.52,0.0,0.0,153.0,non_vegetarian
173117,"Beef, tenderloin, steak, separable lean only, trimmed to 1/8"" fat, choice, cooked, broiled",SR Legacy,29.01,9.1,0.0,0.0,206.0,non_vegetarian
174762,"Beef, tenderloin, steak, separable lean only, trimmed to 1/8"" fat, choice, raw",SR Legacy,22.17,7.07,0.0,0.0,158.0,non_vegetarian
174043,"Beef, tenderloin, steak, separable lean only, trimmed to 1/8"" fat, select, cooked, broiled",SR Legacy,29.07,7.76,0.0,0.0,194.0,non_vegetarian
171803,"Beef, tenderloin, steak, separable lean only, trimmed to 1/8"" fat, select, raw",SR Legacy,22.06,5.93,0.0,0.0,148.0,non_vegetarian
173063,"Beef, top loin filet, boneless, separable lean and fat, trimmed to 1/8"" fat, all grades, cooked, grilled",SR Legacy,27.4,14.1,0.6,0.0,239.0,non_vegetarian
173064,"Beef, top loin filet, boneless, separable lean and fat, trimmed to 1/8"" fat, choice, cooked, grilled",SR Legacy,26.8,15.9,0.6,0.0,253.0,non_vegetarian
173065,"Beef, top loin filet, boneless, separable lean and fat, trimmed to 1/8"" fat, select, cooked, grilled",SR Legacy,28.3,11.6,0.4,0.0,219.0,non_vegetarian
174688,"Beef, top loin filet, boneless, separable lean only, trimmed to 1/8"" fat, all grades, cooked, grilled",SR Legacy,29.33,8.54,0.3,0.0,195.0,non_vegetarian
174689,"Beef, top loin filet, boneless, separable lean only, trimmed to 1/8"" fat, choice, cooked, grilled",SR Legacy,28.99,9.48,0.36,0.0,203.0,non_vegetarian
174690,"Beef, top loin filet, boneless, separable lean only, trimmed to 1/8"" fat, select, cooked, grilled",SR Legacy,29.85,7.12,0.2,0.0,184.0,non_vegetarian
174708,"Beef, top loin petite roast, boneless, separable lean and fat, trimmed to 1/8"" fat, all grades, cooked, roasted",SR Legacy,27.0,12.9,1.0,0.0,228.0,non_vegetarian
174709,"Beef, top loin petite roast, boneless, separable lean and fat, trimmed to 1/8"" fat, choice, cooked, roasted",SR Legacy,26.8,14.1,1.1,0.0,239.0,non_vegetarian
174710,"Beef, top loin petite roast, boneless, separable lean and fat, trimmed to 1/8"" fat, select, cooked, roasted",SR Legacy,27.1,11.2,0.9,0.0,213.0,non_vegetarian
173046,"Beef, top loin petite roast, boneless, separable lean only, trimmed to 1/8"" fat, all grades, cooked, roasted",SR Legacy,28.33,8.76,0.82,0.0,195.0,non_vegetarian
173047,"Beef, top loin petite roast, boneless, separable lean only, trimmed to 1/8"" fat, choice, cooked, roasted",SR Legacy,28.24,9.97,0.88,0.0,206.0,non_vegetarian
173048,"Beef, top loin petite roast, boneless, separable lean only, trimmed to 1/8"" fat, select, cooked, roasted",SR Legacy,28.48,6.95,0.74,0.0,179.0,non_vegetarian
174711,"Beef, top loin petite roast/filet, boneless, separable lean and fat, trimmed to 1/8"" fat, all grades, raw",SR Legacy,21.1,11.3,0.3,0.0,187.0,non_vegetarian
173066,"Beef, top loin petite roast/filet, boneless, separable lean and fat, trimmed to 1/8"" fat, choice, raw",SR Legacy,20.8,12.6,0.6,0.0,199.0,non_vegetarian
173067,"Beef, top loin petite roast/filet, boneless, separable lean and fat, trimmed to 1/8"" fat, select, raw",SR Legacy,21.6,9.3,0.0,0.0,170.0,non_vegetarian
173049,"Beef, top loin petite roast/filet, boneless, separable lean only, trimmed to 1/8"" fat, all grades, raw",SR Legacy,22.61,5.84,0.0,0.0,143.0,non_vegetarian
174691,"Beef, top loin petite roast/filet, boneless, separable lean only, trimmed to 1/8"" fat, choice, raw",SR Legacy,22.5,6.48,0.23,0.0,149.0,non_vegetarian
174692,"Beef, top loin petite roast/filet, boneless, separable lean only, trimmed to 1/8"" fat, select, raw",SR Legacy,22.77,4.88,0.0,0.0,135.0,non_vegetarian
2727574,"Beef, top sirloin steak, raw",Foundation Foods,21.975,5.708,0.218,,140.144,non_vegetarian
169457,"Beef, top sirloin, steak, separable lean and fat, trimmed to 0"" fat, all grades, cooked, broiled",SR Legacy,29.33,9.67,0.0,0.0,212.0,non_vegetarian
169458,"Beef, top sirloin, steak, separable lean and fat, trimmed to 0"" fat, choice, cooked, broiled",SR Legacy,29.02,10.54,0.0,0.0,219.0,non_vegetarian
168633,"Beef, top sirloin, steak, separable lean and fat, trimmed to 0"" fat, select, cooked, broiled",SR Legacy,29.65,8.8,0.0,0.0,206.0,non_vegetarian
168727,"Beef, top sirloin, steak, separable lean and fat, trimmed to 1/8"" fat, all grades, cooked, broiled",SR Legacy,26.96,14.23,0.0,0.0,243.0,non_vegetarian
168726,"Beef, top sirloin, steak, separable lean and fat, trimmed to 1/8"" fat, all grades, raw",SR Legacy,20.3,12.71,0.0,0.0,201.0,non_vegetarian
168729,"Beef, top sirloin, steak, separable lean and fat, trimmed to 1/8"" fat, choice, cooked, broiled",SR Legacy,26.8,15.75,0.0,0.0,257.0,non_vegetarian
169550,"Beef, top sirloin, steak, separable lean and fat, trimmed to 1/8"" fat, choice, cooked, pan-fried",SR Legacy,28.77,21.06,0.0,0.0,313.0,non_vegetarian
168728,"Beef, top sirloin, steak, separable lean and fat, trimmed to 1/8"" fat, choice, raw",SR Legacy,19.92,14.28,0.0,0.0,214.0,non_vegetarian
169552,"Beef, top sirloin, steak, separable lean and fat, trimmed to 1/8"" fat, select, cooked, broiled",SR Legacy,27.12,12.71,0.0,0.0,230.0,non_vegetarian
169551,"Beef, top sirloin, steak, separable lean and fat, trimmed to 1/8"" fat, select, raw",SR Legacy,20.68,11.13,0.0,0.0,189.0,non_vegetarian
168634,"Beef, top sirloin, steak, separable lean only, trimmed to 0"" fat, all grades, cooked, broiled",SR Legacy,30.55,5.79,0.0,0.0,183.0,non_vegetarian
168635,"Beef, top sirloin, steak, separable lean only, trimmed to 0"" fat, choice, cooked, broiled",SR Legacy,30.29,6.55,0.0,0.0,188.0,non_vegetarian
168636,"Beef, top sirloin, steak, separable lean only, trimmed to 0"" fat, select, cooked, broiled",SR Legacy,30.8,5.03,0.0,0.0,177.0,non_vegetarian
174054,"Beef, top sirloin, steak, separable lean only, trimmed to 1/8"" fat, all grades, cooked, broiled",SR Legacy,29.42,5.84,0.0,0.0,178.0,non_vegetarian
174055,"Beef, top sirloin, steak, separable lean only, trimmed to 1/8"" fat, all grades, raw",SR Legacy,22.09,4.08,0.0,0.0,131.0,non_vegetarian
173118,"Beef, top sirloin, steak, separable lean only, trimmed to 1/8"" fat, choice, cooked, broiled",SR Legacy,29.51,6.72,0.0,0.0,187.0,non_vegetarian
174763,"Beef, top sirloin, steak, separable lean only, trimmed to 1/8"" fat, choice, raw",SR Legacy,21.91,4.62,0.0,0.0,135.0,non_vegetarian
174044,"Beef, top sirloin, steak, separable lean only, trimmed to 1/8"" fat, select, cooked, broiled",SR Legacy,29.34,4.96,0.0,0.0,170.0,non_vegetarian
171804,"Beef, top sirloin, steak, separable lean only, trimmed to 1/8"" fat, select, raw",SR Legacy,22.27,3.54,0.0,0.0,127.0,non_vegetarian
168623,"Beef, variety meats and by-products, brain, cooked, pan-fried",SR Legacy,12.57,15.83,0.0,0.0,196.0,non_vegetarian
168624,"Beef, variety meats and by-products, brain, cooked, simmered",SR Legacy,11.67,10.53,1.48,0.0,151.0,non_vegetarian
168622,"Beef, variety meats and by-products, brain, raw",SR Legacy,10.86,10.3,1.05,0.0,143.0,non_vegetarian
169448,"Beef, variety meats and by-products, heart, cooked, simmered",SR Legacy,28.48,4.73,0.15,0.0,165.0,non_vegetarian
168625,"Beef, variety meats and by-products, heart, raw",SR Legacy,17.72,3.94,0.14,0.0,112.0,non_vegetarian
169450,"Beef, variety meats and by-products, kidneys, cooked, simmered",SR Legacy,27.27,4.65,0.0,0.0,158.0,non_vegetarian
169449,"Beef, variety meats and by-products, kidneys, raw",SR Legacy,17.4,3.09,0.29,0.0,99.0,non_vegetarian
168626,"Beef, variety meats and by-products, liver, cooked, braised",SR Legacy,29.08,5.26,5.13,0.0,191.0,non_vegetarian
168627,"Beef, variety meats and by-products, liver, cooked, pan-fried",SR Legacy,26.52,4.68,5.16,0.0,175.0,non_vegetarian
169451,"Beef, variety meats and by-products, liver, raw",SR Legacy,20.36,3.63,3.89,0.0,135.0,non_vegetarian
168629,"Beef, variety meats and by-products, lungs, cooked, braised",SR Legacy,20.4,3.7,0.0,0.0,120.0,non_vegetarian
168628,"Beef, variety meats and by-products, lungs, raw",SR Legacy,16.2,2.5,0.0,0.0,92.0,non_vegetarian
168630,"Beef, variety meats and by-products, mechanically separated beef, raw",SR Legacy,14.97,23.52,0.0,0.0,276.0,non_vegetarian
169453,"Beef, variety meats and by-products, pancreas, cooked, braised",SR Legacy,27.1,17.2,0.0,0.0,271.0,non_vegetarian
169452,"Beef, variety meats and by-products, pancreas, raw",SR Legacy,15.7,18.6,0.0,0.0,235.0,non_vegetarian
170597,"Beef, variety meats and by-products, spleen, cooked, braised",SR Legacy,25.1,4.2,0.0,0.0,145.0,non_vegetarian
169454,"Beef, variety meats and by-products, spleen, raw",SR Legacy,18.3,3.0,0.0,0.0,105.0,non_vegetarian
170193,"Beef, variety meats and by-products, suet, raw",SR Legacy,1.5,94.0,0.0,0.0,854.0,non_vegetarian
170195,"Beef, variety meats and by-products, thymus, cooked, braised",SR Legacy,21.85,24.98,0.0,0.0,319.0,non_vegetarian
170194,"Beef, variety meats and by-products, thymus, raw",SR Legacy,12.18,20.35,0.0,0.0,236.0,non_vegetarian
170598,"Beef, variety meats and by-products, tongue, cooked, simmered",SR Legacy,19.29,22.3,0.0,0.0,284.0,non_vegetarian
170196,"Beef, variety meats and by-products, tongue, raw",SR Legacy,14.9,16.09,3.68,0.0,224.0,non_vegetarian
174769,"Beef, variety meats and by-products, tripe, cooked, simmered",SR Legacy,11.71,4.05,1.99,0.0,94.0,non_vegetarian
170599,"Beef, variety meats and by-products, tripe, raw",SR Legacy,12.07,3.69,0.0,0.0,85.0,non_vegetarian
2727573,"Beef, tenderloin steak, raw",Foundation Foods,21.09375,6.456,0.18025,,143.2,non_vegetarian
171616,"Beerwurst, beer salami, pork",SR Legacy,14.24,18.8,2.06,0.0,238.0,non_vegetarian
172011,"Beerwurst, beer salami, pork and beef",SR Legacy,14.0,22.53,3.76,0.9,277.0,non_vegetarian
172961,"Beerwurst, pork and beef",SR Legacy,14.0,22.53,4.27,0.9,276.0,non_vegetarian
168508,"Beet greens, cooked, boiled, drained, with salt",SR Legacy,2.57,0.2,5.46,2.9,27.0,vegan
170376,"Beet greens, cooked, boiled, drained, without salt",SR Legacy,2.57,0.2,5.46,2.9,27.0,vegan
2747653,"Beet greens, raw",Foundation Foods,1.609375,0.1438,4.658825,2.578,26.367,vegan
169966,"Beets, canned, drained solids",SR Legacy,0.91,0.14,7.21,1.8,31.0,vegan
168507,"Beets, canned, no salt added, solids and liquids",SR Legacy,0.8,0.07,6.57,1.2,28.0,vegan
169147,"Beets, canned, regular pack, solids and liquids",SR Legacy,0.73,0.09,7.14,1.2,30.0,vegan
169146,"Beets, cooked, boiled, drained",SR Legacy,1.68,0.18,9.96,2.0,44.0,vegan
168506,"Beets, cooked, boiled. drained, with salt",SR Legacy,1.68,0.18,9.96,2.0,44.0,vegan
170479,"Beets, harvard, canned, solids and liquids",SR Legacy,0.84,0.06,18.18,2.5,73.0,vegan
170480,"Beets, pickled, canned, solids and liquids",SR Legacy,0.8,0.08,16.28,0.8,65.0,vegan
2685576,"Beets, raw",Foundation Foods,1.6875,0.3025,8.787,3.119,44.6205,vegan
174813,"Beverages, ABBOTT, EAS soy protein powder",SR Legacy,47.62,3.57,43.94,0.0,405.0,vegan
173167,"Beverages, ABBOTT, EAS whey protein powder",SR Legacy,66.67,5.13,17.95,0.0,385.0,vegetarian
174820,"Beverages, almond milk, chocolate, ready-to-drink",SR Legacy,0.63,1.25,9.38,0.4,50.0,vegetarian
168751,"Beverages, almond milk, sweetened, vanilla flavor, ready-to-drink",SR Legacy,0.42,1.04,6.59,0.4,38.0,vegetarian
174832,"Beverages, almond milk, unsweetened, shelf stable",SR Legacy,0.4,0.96,1.31,0.2,15.0,vegetarian
174112,"Beverages, Apple juice drink, light, fortified with vitamin C",SR Legacy,0.0,0.1,5.1,0.0,22.0,vegan
175110,"Beverages, ARIZONA, tea, ready-to-drink, lemon",SR Legacy,0.0,0.0,9.77,0.0,39.0,vegan
173203,"Beverages, carbonated, grape soda",SR Legacy,0.0,0.0,11.2,0.0,43.0,vegan
173205,"Beverages, carbonated, lemon-lime soda, no caffeine",SR Legacy,0.09,0.0,10.42,0.0,41.0,vegan
171875,"Beverages, carbonated, limeade, high caffeine",SR Legacy,0.0,0.11,4.11,0.0,17.0,vegan
174854,"Beverages, carbonated, orange",SR Legacy,0.0,0.0,12.3,0.0,48.0,vegan
173206,"Beverages, carbonated, SPRITE, lemon-lime, without caffeine",SR Legacy,0.05,0.02,10.14,0.0,40.0,vegan
174115,"Beverages, Carob-flavor beverage mix, powder, prepared with whole milk",SR Legacy,3.16,3.11,8.68,0.4,75.0,vegetarian
173187,"Beverages, chocolate almond milk, unsweetened, shelf-stable, fortified with vitamin D2 and E",SR Legacy,0.83,1.46,1.25,0.4,21.0,vegetarian
171873,"Beverages, chocolate drink, milk and soy based, ready to drink, fortified",SR Legacy,4.22,1.69,17.3,1.3,101.0,vegetarian
171874,"Beverages, chocolate malt powder, prepared with 1% milk, fortified",SR Legacy,3.32,0.97,8.81,0.0,57.0,vegetarian
173184,"Beverages, chocolate malt, powder, prepared with fat free milk",SR Legacy,3.25,0.17,8.64,0.0,49.0,vegetarian
174118,"Beverages, chocolate syrup, prepared with whole milk",SR Legacy,3.07,2.96,12.78,0.3,90.0,vegetarian
174159,"Beverages, chocolate-flavor beverage mix for milk, powder, with added nutrients",SR Legacy,4.55,2.27,90.28,4.5,400.0,vegetarian
174160,"Beverages, chocolate-flavor beverage mix for milk, powder, with added nutrients, prepared with whole milk",SR Legacy,3.27,3.17,11.87,0.4,89.0,vegetarian
171879,"Beverages, chocolate-flavor beverage mix, powder, prepared with whole milk",SR Legacy,3.23,3.24,11.96,0.4,85.0,vegetarian
167711,"Beverages, Chocolate-flavored drink, whey and milk based",SR Legacy,0.64,0.4,10.68,0.6,49.0,vegetarian
171912,"Beverages, citrus fruit juice drink, frozen concentrate",SR Legacy,1.2,0.1,40.2,0.2,162.0,vegan
171913,"Beverages, citrus fruit juice drink, frozen concentrate, prepared with water",SR Legacy,0.34,0.03,11.42,0.1,46.0,vegan
171882,"Beverages, Clam and tomato juice, canned",SR Legacy,0.6,0.2,10.95,0.4,48.0,non_vegetarian
175108,"Beverages, COCA-COLA, POWERADE, lemon-lime flavored, ready-to-drink",SR Legacy,0.0,0.05,7.84,0.0,32.0,vegan
174116,"Beverages, coconut milk, sweetened, fortified with calcium, vitamins A, B12, D2",SR Legacy,0.21,2.08,2.92,0.0,31.0,vegetarian
174831,"Beverages, Coconut water, ready-to-drink, unsweetened",SR Legacy,0.22,0.0,4.24,0.0,18.0,vegan
173648,"Beverages, coffee substitute, cereal grain beverage, powder, prepared with whole milk",SR Legacy,3.3,3.3,5.6,0.1,65.0,vegetarian
174154,"Beverages, coffee, instant, vanilla, sweetened, decaffeinated, with non dairy creamer",SR Legacy,0.0,13.33,86.28,0.0,465.0,vegetarian
174119,"Beverages, coffee, ready to drink, iced, mocha, milk based",SR Legacy,1.48,0.98,11.42,0.0,60.0,vegetarian
171880,"Beverages, coffee, ready to drink, milk based, sweetened",SR Legacy,1.98,1.38,12.6,0.0,71.0,vegetarian
171877,"Beverages, coffee, ready to drink, vanilla, light, milk based, sweetened",SR Legacy,2.14,1.07,4.27,0.0,36.0,vegetarian
174140,"Beverages, cranberry-apple juice drink, bottled",SR Legacy,0.0,0.11,15.85,0.0,63.0,vegan
168123,"Beverages, cranberry-apple juice drink, low calorie, with vitamin C added",SR Legacy,0.1,0.0,4.7,0.1,19.0,vegan
174142,"Beverages, cranberry-apricot juice drink, bottled",SR Legacy,0.2,0.0,16.2,0.1,64.0,vegan
171902,"Beverages, cranberry-grape juice drink, bottled",SR Legacy,0.2,0.1,14.0,0.1,56.0,vegan
174814,"Beverages, CYTOSPORT, Muscle Milk, ready-to-drink",SR Legacy,5.87,2.17,2.28,0.2,52.0,vegetarian
173659,"Beverages, drink mix, QUAKER OATS, GATORADE, orange flavor, powder",SR Legacy,0.0,1.23,94.11,0.0,388.0,vegan
171905,"Beverages, Eggnog-flavor mix, powder, prepared with whole milk",SR Legacy,2.93,3.02,14.2,0.0,95.0,vegetarian
174821,"Beverages, Energy Drink with carbonated water and high fructose corn syrup",SR Legacy,0.42,0.0,15.0,0.0,62.0,vegan
174180,"Beverages, Fruit flavored drink containing less than 3% fruit juice, with high vitamin C",SR Legacy,0.0,0.0,6.67,0.0,27.0,vegan
174179,"Beverages, Fruit flavored drink, less than 3% juice, not fortified with vitamin C",SR Legacy,0.0,0.0,16.03,0.0,64.0,vegan
171944,"Beverages, Fruit flavored drink, reduced sugar, greater than 3% fruit juice, high vitamin C, added calcium",SR Legacy,0.0,0.37,6.67,0.0,29.0,vegan
171945,"Beverages, fruit juice drink, greater than 3% fruit juice, high vitamin C and added thiamin",SR Legacy,0.13,0.0,13.16,0.1,54.0,vegan
171947,"Beverages, fruit juice drink, greater than 3% juice, high vitamin C",SR Legacy,0.13,0.11,11.35,0.1,46.0,vegan
174176,"Beverages, fruit juice drink, reduced sugar, with vitamin E added",SR Legacy,0.0,0.07,10.0,0.0,39.0,vegan
174152,"Beverages, Fruit punch drink, frozen concentrate",SR Legacy,0.2,0.0,41.4,0.4,162.0,vegan
174153,"Beverages, Fruit punch drink, frozen concentrate, prepared with water",SR Legacy,0.06,0.0,11.66,0.1,46.0,vegan
174151,"Beverages, Fruit punch drink, with added nutrients, canned",SR Legacy,0.0,0.0,11.94,0.2,47.0,vegan
171914,"Beverages, fruit punch drink, without added nutrients, canned",SR Legacy,0.0,0.0,11.97,0.0,48.0,vegan
175094,"Beverages, fruit punch juice drink, frozen concentrate",SR Legacy,0.3,0.7,43.1,0.2,175.0,vegan
175095,"Beverages, fruit punch juice drink, frozen concentrate, prepared with water",SR Legacy,0.07,0.17,11.4,0.0,42.0,vegan
175115,"Beverages, fruit punch-flavor drink, powder, without added sodium, prepared with water",SR Legacy,0.0,0.01,9.47,0.0,37.0,vegan
167681,"Beverages, fruit-flavored drink, dry powdered mix, low calorie, with aspartame",SR Legacy,0.45,0.04,87.38,0.1,218.0,vegan
167707,"Beverages, fruit-flavored drink, powder, with high vitamin C with other added vitamins, low calorie",SR Legacy,0.25,0.16,91.0,2.2,227.0,vegan
173173,"Beverages, FUZE, orange mango, fortified with vitamins A, C, E, B6",SR Legacy,0.68,0.06,9.2,0.2,38.0,vegan
171916,"Beverages, grape drink, canned",SR Legacy,0.0,0.0,15.72,0.0,61.0,vegan
173213,"Beverages, grape juice drink, canned",SR Legacy,0.0,0.0,14.55,0.1,57.0,vegan
174111,"Beverages, Kiwi Strawberry Juice Drink",SR Legacy,0.0,0.0,12.26,0.0,47.0,vegan
171878,"Beverages, Lemonade fruit juice drink light, fortified with vitamin E and C",SR Legacy,0.0,0.0,5.0,0.0,21.0,vegan
173667,"Beverages, lemonade, frozen concentrate, pink, prepared with water",SR Legacy,0.05,0.15,10.81,0.1,43.0,vegan
174858,"Beverages, Lemonade, powder",SR Legacy,0.0,1.05,97.57,0.4,376.0,vegan
174860,"Beverages, lemonade-flavor drink, powder",SR Legacy,0.0,1.01,97.9,0.0,380.0,vegan
174861,"Beverages, lemonade-flavor drink, powder, prepared with water",SR Legacy,0.0,0.07,6.9,0.0,27.0,vegan
175111,"Beverages, LIPTON BRISK, tea, black, ready-to-drink, lemon",SR Legacy,0.0,0.0,8.81,0.0,35.0,vegan
174867,"Beverages, Malted drink mix, chocolate, powder, prepared with whole milk",SR Legacy,3.37,3.29,11.2,0.5,85.0,vegetarian
174865,"Beverages, Malted drink mix, chocolate, with added nutrients, powder, prepared with whole milk",SR Legacy,3.29,3.26,11.19,0.4,87.0,vegetarian
173221,"Beverages, Malted drink mix, natural, powder, prepared with whole milk",SR Legacy,3.86,3.62,10.23,0.1,88.0,vegetarian
173219,"Beverages, Malted drink mix, natural, with added nutrients, powder, prepared with whole milk",SR Legacy,3.67,3.21,10.67,0.0,86.0,vegetarian
171939,"Beverages, Meal supplement drink, canned, peanut flavor",SR Legacy,3.5,3.07,14.74,,101.0,vegan
174174,"Beverages, milk beverage, reduced fat, flavored and sweetened, Ready-to-drink,  added calcium, vitamin A and vitamin D",SR Legacy,3.05,1.83,12.08,0.4,77.0,vegetarian
173189,"Beverages, MINUTE MAID, Lemonada, Limeade",SR Legacy,0.0,0.0,13.75,0.0,50.0,vegan
173197,"Beverages, Mixed vegetable and fruit juice drink, with added nutrients",SR Legacy,0.04,0.01,7.47,0.0,29.0,vegan
174857,"Beverages, MOTTS, Apple juice light, fortified with vitamin C",SR Legacy,0.0,0.1,5.1,0.0,22.0,vegan
174847,"Beverages, NESTEA, tea, black, ready-to-drink, lemon",SR Legacy,0.0,0.0,9.09,0.0,36.0,vegan
174147,"Beverages, OCEAN SPRAY, Cran Cherry",SR Legacy,0.19,0.0,12.76,0.6,46.0,vegan
174132,"Beverages, OCEAN SPRAY, Cran Grape",SR Legacy,0.21,0.0,13.16,0.6,54.0,vegan
171900,"Beverages, OCEAN SPRAY, Cran Lemonade",SR Legacy,0.07,0.0,11.12,0.6,45.0,vegan
171899,"Beverages, OCEAN SPRAY, Cran Raspberry Juice Drink",SR Legacy,0.28,0.0,11.96,0.6,49.0,vegan
171895,"Beverages, OCEAN SPRAY, Cranberry-Apple Juice Drink, bottled",SR Legacy,0.29,0.0,13.68,0.6,56.0,vegan
171901,"Beverages, OCEAN SPRAY, Diet Cran Cherry",SR Legacy,0.21,0.0,0.7,0.6,4.0,vegan
174136,"Beverages, OCEAN SPRAY, Light Cranberry and Raspberry Flavored Juice",SR Legacy,0.73,0.0,5.77,0.7,26.0,vegan
174150,"Beverages, OCEAN SPRAY, Light Cranberry, Concord Grape",SR Legacy,0.36,0.02,5.78,0.7,23.0,vegan
174149,"Beverages, OCEAN SPRAY, White Cranberry Peach",SR Legacy,0.13,0.01,11.88,0.6,45.0,vegan
174137,"Beverages, OCEAN SPRAY, White Cranberry Strawberry Flavored Juice Drink",SR Legacy,0.22,0.01,11.98,0.6,49.0,vegan
173223,"Beverages, orange and apricot juice drink, canned",SR Legacy,0.3,0.1,12.7,0.1,51.0,vegan
175105,"Beverages, orange breakfast drink, ready-to-drink, with added nutrients",SR Legacy,0.0,0.0,13.2,0.1,53.0,vegan
175100,"Beverages, Orange drink, breakfast type, with juice and pulp, frozen concentrate",SR Legacy,0.4,0.0,39.0,0.1,153.0,vegan
175101,"Beverages, Orange drink, breakfast type, with juice and pulp, frozen concentrate, prepared with water",SR Legacy,0.12,0.0,11.32,0.0,45.0,vegan
174868,"Beverages, orange drink, canned, with added vitamin C",SR Legacy,0.0,0.07,12.34,0.0,49.0,vegan
169044,"Beverages, Orange juice drink",SR Legacy,0.2,0.0,13.41,0.2,54.0,vegan
173178,"Beverages, Orange juice, light, No pulp",SR Legacy,0.21,0.0,5.42,0.0,21.0,vegan
173237,"Beverages, Orange-flavor drink, breakfast type, low calorie, powder",SR Legacy,3.6,0.0,85.9,3.8,217.0,vegan
173235,"Beverages, orange-flavor drink, breakfast type, powder",SR Legacy,0.0,0.0,98.94,0.4,386.0,vegan
173236,"Beverages, orange-flavor drink, breakfast type, powder, prepared with water",SR Legacy,0.0,0.0,12.65,0.1,49.0,vegan
173652,"Beverages, Orange-flavor drink, breakfast type, with pulp, frozen concentrate, prepared with water",SR Legacy,0.03,0.14,12.21,0.0,49.0,vegan
173651,"Beverages, Orange-flavor drink, breakfast type, with pulp, frozen concentrate.",SR Legacy,0.1,0.5,42.9,0.2,172.0,vegan
173224,"Beverages, pineapple and grapefruit juice drink, canned",SR Legacy,0.2,0.1,11.6,0.1,47.0,vegan
173225,"Beverages, pineapple and orange juice drink, canned",SR Legacy,1.3,0.0,11.8,0.1,50.0,vegan
175109,"Beverages, Propel Zero, fruit-flavored, non-carbonated",SR Legacy,0.0,0.0,1.14,0.0,5.0,vegan
173181,"Beverages, Protein powder soy based",SR Legacy,55.56,5.56,28.89,6.7,388.0,vegan
173180,"Beverages, Protein powder whey based",SR Legacy,78.13,1.56,6.25,3.1,352.0,vegetarian
171942,"Beverages, rice milk, unsweetened",SR Legacy,0.28,0.97,9.17,0.3,47.0,vegetarian
175102,"Beverages, shake, fast food, strawberry",SR Legacy,3.4,2.8,18.9,0.4,113.0,vegan
173218,"Beverages, SNAPPLE, tea, black and green, ready to drink, lemon, diet",SR Legacy,0.1,0.0,0.1,0.0,2.0,vegan
173215,"Beverages, SNAPPLE, tea, black and green, ready to drink, peach, diet",SR Legacy,0.1,0.0,0.1,0.0,2.0,vegan
174870,"Beverages, Strawberry-flavor beverage mix, powder, prepared with whole milk",SR Legacy,3.0,3.1,12.3,0.0,88.0,vegetarian
171892,"Beverages, tea, black, ready-to-drink, lemon, diet",SR Legacy,0.0,0.0,0.22,0.0,1.0,vegan
171888,"Beverages, tea, black, ready-to-drink, lemon, sweetened",SR Legacy,0.0,0.22,10.8,0.0,45.0,vegan
174855,"Beverages, tea, black, ready-to-drink, peach, diet",SR Legacy,0.0,0.0,0.25,0.0,1.0,vegan
174143,"Beverages, tea, green, instant, decaffeinated, lemon, unsweetened, fortified with vitamin C",SR Legacy,0.0,0.0,94.45,0.0,378.0,vegan
171883,"Beverages, tea, green, ready to drink, ginseng and honey, sweetened",SR Legacy,0.0,0.18,7.16,0.0,30.0,vegetarian
174156,"Beverages, tea, herb, brewed, chamomile",SR Legacy,0.0,0.0,0.2,0.0,1.0,non_vegetarian
173232,"Beverages, tea, herb, other than chamomile, brewed",SR Legacy,0.0,0.0,0.2,0.0,1.0,non_vegetarian
173228,"Beverages, tea, instant, decaffeinated, lemon, diet",SR Legacy,3.3,0.6,85.4,0.0,338.0,vegan
173229,"Beverages, tea, instant, decaffeinated, lemon, sweetened",SR Legacy,0.12,0.73,98.55,0.0,401.0,vegan
173231,"Beverages, tea, instant, lemon, diet",SR Legacy,0.02,0.0,0.44,0.0,2.0,vegan
175089,"Beverages, tea, instant, lemon, sweetened, powder",SR Legacy,0.12,0.73,98.55,0.7,401.0,vegan
175090,"Beverages, tea, instant, lemon, sweetened, prepared with water",SR Legacy,0.01,0.06,8.61,0.1,35.0,vegan
175088,"Beverages, tea, instant, lemon, unsweetened",SR Legacy,7.4,0.18,78.52,5.0,345.0,vegan
171918,"Beverages, tea, instant, lemon, with added ascorbic acid",SR Legacy,0.6,0.3,97.6,0.0,385.0,vegan
175091,"Beverages, tea, instant, sweetened with sodium saccharin, lemon-flavored, powder",SR Legacy,3.3,0.6,85.4,0.0,338.0,vegan
174129,"Beverages, tea, ready-to-drink, lemon, diet",SR Legacy,0.0,0.0,0.41,0.0,2.0,vegan
173188,"Beverages, The COCA-COLA company, Glaceau Vitamin Water, Revive Fruit Punch, fortified",SR Legacy,0.0,0.0,0.0,0.0,0.0,vegan
173179,"Beverages, The COCA-COLA company, Hi-C Flashin' Fruit Punch",SR Legacy,0.0,0.0,12.5,0.0,45.0,vegan
171884,"Beverages, The COCA-COLA company, Minute Maid, Lemonade",SR Legacy,0.0,0.0,12.08,0.0,46.0,vegan
173165,"Beverages, THE COCA-COLA COMPANY, NOS energy drink, Original, grape, loaded cherry, charged citrus, fortified with vitamins B6 and B12",SR Legacy,0.0,0.0,11.25,0.0,44.0,vegan
173174,"Beverages, UNILEVER, SLIMFAST Shake Mix, high protein, whey powder, 3-2-1 Plan,",SR Legacy,27.87,13.46,50.0,18.2,433.0,vegetarian
174163,"Beverages, V8 SPLASH Juice Drinks, Diet Fruit Medley",SR Legacy,0.0,0.0,1.26,,4.0,vegan
174164,"Beverages, V8 SPLASH Juice Drinks, Diet Strawberry Kiwi",SR Legacy,0.0,0.0,1.26,,4.0,vegan
171929,"Beverages, V8 SPLASH Juice Drinks, Fruit Medley",SR Legacy,0.0,0.0,7.82,,33.0,vegan
171930,"Beverages, V8 SPLASH Juice Drinks, Guava Passion Fruit",SR Legacy,0.0,0.0,7.82,,33.0,vegan
174165,"Beverages, V8 SPLASH Juice Drinks, Mango Peach",SR Legacy,0.0,0.0,8.23,,33.0,vegan
174166,"Beverages, V8 SPLASH Juice Drinks, Orange Pineapple",SR Legacy,0.0,0.0,7.41,,29.0,vegan
174168,"Beverages, V8 SPLASH Juice Drinks, Strawberry Banana",SR Legacy,0.0,0.0,7.41,,29.0,vegan
171931,"Beverages, V8 SPLASH Juice Drinks, Strawberry Kiwi",SR Legacy,0.0,0.0,7.41,,29.0,vegan
173186,"Beverages, V8 SPLASH Smoothies, Peach Mango",SR Legacy,1.22,0.0,7.76,0.0,37.0,vegan
174829,"Beverages, V8 SPLASH Smoothies, Strawberry Banana",SR Legacy,1.22,0.0,8.16,0.0,37.0,vegan
171933,"Beverages, V8 V-FUSION Juices, Peach Mango",SR Legacy,0.41,0.0,11.38,0.0,49.0,vegan
171934,"Beverages, V8 V-FUSION Juices, Strawberry Banana",SR Legacy,0.41,0.0,11.79,0.0,49.0,vegan
174175,"Beverages, vegetable and fruit juice blend, 100% juice, with added vitamins A, C, E",SR Legacy,0.3,0.01,11.15,0.0,46.0,vegan
174173,"Beverages, Vegetable and fruit juice drink, reduced calorie, with low-calorie sweetener, added vitamin C",SR Legacy,0.0,0.0,1.1,0.0,4.0,vegan
174161,"Beverages, Water with added vitamins and minerals, bottles, sweetened, assorted fruit flavors",SR Legacy,0.0,0.0,5.49,0.0,22.0,vegan
173177,"Beverages, Whey protein powder isolate",SR Legacy,58.14,1.16,29.07,0.0,359.0,vegetarian
174902,"Biscuits, plain or buttermilk, dry mix",SR Legacy,8.0,15.4,63.4,2.1,428.0,vegetarian
174903,"Biscuits, plain or buttermilk, dry mix, prepared",SR Legacy,7.3,12.1,48.4,1.8,335.0,vegetarian
172667,"Biscuits, plain or buttermilk, frozen, baked",SR Legacy,6.2,11.03,53.87,1.3,338.0,vegetarian
172670,"Biscuits, plain or buttermilk, prepared from recipe",SR Legacy,7.0,16.3,44.6,1.5,353.0,vegetarian
172668,"Biscuits, plain or buttermilk, refrigerated dough, higher fat",SR Legacy,6.66,10.58,46.32,0.7,307.0,vegetarian
172669,"Biscuits, plain or buttermilk, refrigerated dough, higher fat, baked",SR Legacy,6.79,11.22,49.05,2.8,324.0,vegetarian
174904,"Biscuits, plain or buttermilk, refrigerated dough, lower fat",SR Legacy,6.7,7.83,43.7,2.0,270.0,vegetarian
174905,"Biscuits, plain or buttermilk, refrigerated dough, lower fat, baked",SR Legacy,7.8,9.1,51.6,2.3,319.0,vegetarian
2644293,"Blackeye pea, canned, sodium added, drained and rinsed",Foundation Foods,6.925,1.296,19.1659,,116.0276,vegan
2644284,"Blackeye pea, dry",Foundation Foods,21.225,2.419,61.836,,354.015,vegan
171618,Blood sausage,SR Legacy,14.6,34.5,1.29,0.0,379.0,non_vegetarian
171619,"Bockwurst, pork, veal, raw",SR Legacy,14.03,25.87,2.95,1.0,301.0,non_vegetarian
172012,"Bologna, beef",SR Legacy,10.91,26.13,4.29,0.0,299.0,non_vegetarian
172013,"Bologna, beef and pork",SR Legacy,15.2,24.59,5.49,0.0,308.0,non_vegetarian
167685,"Bologna, beef and pork, low fat",SR Legacy,11.5,19.3,2.6,0.0,230.0,non_vegetarian
168101,"Bologna, beef, low fat",SR Legacy,11.8,14.8,5.2,0.0,204.0,non_vegetarian
173873,"Bologna, chicken, pork",SR Legacy,10.31,30.61,4.19,0.0,336.0,non_vegetarian
173872,"Bologna, chicken, pork, beef",SR Legacy,11.33,22.73,5.61,0.0,272.0,non_vegetarian
172970,"Bologna, chicken, turkey, pork",SR Legacy,9.88,26.18,5.65,0.0,298.0,non_vegetarian
171637,"Bologna, meat and poultry",SR Legacy,10.34,23.77,6.31,0.0,281.0,non_vegetarian
173856,"Bologna, pork",SR Legacy,15.3,19.87,0.73,0.0,247.0,non_vegetarian
174609,"Bologna, pork and turkey, lite",SR Legacy,13.06,16.06,3.45,0.0,211.0,non_vegetarian
174610,"Bologna, pork, turkey and beef",SR Legacy,11.56,29.25,6.66,0.0,336.0,non_vegetarian
173857,"Bologna, turkey",SR Legacy,11.42,16.05,4.68,0.5,209.0,non_vegetarian
172956,"Bratwurst, beef and pork, smoked",SR Legacy,12.2,26.34,2.0,0.0,297.0,non_vegetarian
172957,"Bratwurst, chicken, cooked",SR Legacy,19.44,10.35,0.0,0.0,176.0,non_vegetarian
172958,"Bratwurst, pork, beef and turkey, lite, smoked",SR Legacy,14.45,13.53,1.62,0.0,186.0,non_vegetarian
171622,"Bratwurst, pork, beef, link",SR Legacy,14.3,27.8,2.98,0.0,323.0,non_vegetarian
171620,"Bratwurst, pork, cooked",SR Legacy,13.72,29.18,2.85,0.0,333.0,non_vegetarian
174595,"Bratwurst, veal, cooked",SR Legacy,13.99,31.7,0.0,0.0,341.0,non_vegetarian
171621,"Braunschweiger (a liver sausage), pork",SR Legacy,14.5,28.5,3.1,0.0,327.0,non_vegetarian
174906,"Bread, banana, prepared from recipe, made with margarine",SR Legacy,4.3,10.5,54.6,1.1,326.0,vegan
169830,"Bread, blue corn, somiviki (Hopi)",SR Legacy,3.1,1.53,39.84,3.6,186.0,vegan
174075,"Bread, chapati or roti, whole wheat, commercially prepared, frozen",SR Legacy,7.85,9.2,46.13,9.7,299.0,vegan
167944,"Bread, cheese",SR Legacy,10.42,20.83,44.83,2.1,408.0,vegetarian
174908,"Bread, cornbread, dry mix, enriched (includes corn muffin mix)",SR Legacy,7.0,12.2,69.5,6.5,418.0,vegan
174909,"Bread, cornbread, dry mix, prepared with 2% milk, 80% margarine, and eggs",SR Legacy,6.59,9.58,54.46,2.3,330.0,vegetarian
172815,"Bread, cornbread, dry mix, unenriched (includes corn muffin mix)",SR Legacy,7.0,12.2,69.5,6.5,418.0,vegan
174910,"Bread, cornbread, prepared from recipe, made with low fat (2%) milk",SR Legacy,6.7,7.1,43.5,,266.0,vegetarian
172672,"Bread, cracked-wheat",SR Legacy,8.7,3.9,49.5,5.5,260.0,vegan
172673,"Bread, egg",SR Legacy,9.5,6.0,47.8,2.3,287.0,vegetarian
172674,"Bread, egg, toasted",SR Legacy,10.5,6.6,52.6,2.5,315.0,vegetarian
174091,"Bread, french or vienna, whole wheat",SR Legacy,8.33,1.04,49.1,4.2,239.0,vegan
174099,"Bread, gluten-free, white, made with potato extract, rice starch, and rice flour",SR Legacy,3.13,10.7,52.83,3.5,320.0,vegan
174100,"Bread, gluten-free, white, made with rice flour, corn starch, and/or tapioca",SR Legacy,4.31,5.24,45.78,4.3,248.0,vegan
174101,"Bread, gluten-free, white, made with tapioca starch and brown rice flour",SR Legacy,5.4,8.02,51.15,5.5,298.0,vegan
174102,"Bread, gluten-free, whole grain, made with tapioca starch and brown rice flour",SR Legacy,7.25,9.34,49.09,4.9,309.0,vegan
174077,"Bread, naan, whole wheat, commercially prepared, refrigerated",SR Legacy,10.2,6.7,46.21,4.8,286.0,vegan
172676,"Bread, oat bran",SR Legacy,10.4,4.4,39.8,4.5,236.0,vegan
172677,"Bread, oat bran, toasted",SR Legacy,11.4,4.8,43.7,4.9,259.0,vegan
172678,"Bread, oatmeal",SR Legacy,8.4,4.4,48.5,4.0,269.0,vegan
172679,"Bread, oatmeal, toasted",SR Legacy,9.2,4.8,52.7,4.3,292.0,vegan
174076,"Bread, paratha, whole wheat, commercially prepared, frozen",SR Legacy,6.36,13.2,45.35,9.6,326.0,vegan
174916,"Bread, pita, whole-wheat",SR Legacy,9.8,1.71,55.89,6.1,262.0,vegan
167943,"Bread, potato",SR Legacy,12.5,3.13,47.07,6.3,266.0,vegan
172682,"Bread, reduced-calorie, oat bran",SR Legacy,8.0,3.2,41.3,12.0,201.0,vegan
172683,"Bread, reduced-calorie, oat bran, toasted",SR Legacy,9.5,3.8,49.2,14.3,239.0,vegan
174919,"Bread, reduced-calorie, oatmeal",SR Legacy,7.6,3.5,43.3,,210.0,vegan
174920,"Bread, reduced-calorie, rye",SR Legacy,9.1,2.9,40.5,12.0,203.0,vegan
174921,"Bread, reduced-calorie, wheat",SR Legacy,13.32,2.92,42.47,11.1,217.0,vegan
174923,"Bread, rice bran",SR Legacy,8.9,4.6,43.5,4.9,243.0,vegan
175044,"Bread, rice bran, toasted",SR Legacy,9.7,5.0,47.3,5.3,264.0,vegan
172684,"Bread, rye",SR Legacy,8.5,3.3,48.3,5.8,259.0,vegan
172685,"Bread, rye, toasted",SR Legacy,9.4,3.6,53.1,6.4,284.0,vegan
167526,"Bread, salvadoran sweet cheese (quesadilla salvadorena)",SR Legacy,7.12,17.12,47.84,0.7,374.0,vegetarian
172692,"Bread, stuffing, cornbread, dry mix",SR Legacy,10.0,4.2,76.7,14.3,389.0,vegan
172693,"Bread, stuffing, cornbread, dry mix, prepared",SR Legacy,2.9,8.8,21.9,2.9,179.0,vegan
172686,"Bread, wheat",SR Legacy,10.67,4.53,47.54,4.0,274.0,vegan
171850,"Bread, wheat, sprouted",SR Legacy,13.16,0.0,33.88,5.3,188.0,vegan
171851,"Bread, wheat, sprouted, toasted",SR Legacy,14.3,0.0,36.82,5.7,205.0,vegan
172687,"Bread, wheat, toasted",SR Legacy,12.96,4.27,55.77,4.7,313.0,vegan
167532,"Bread, white wheat",SR Legacy,10.66,2.15,43.91,9.2,238.0,vegan
174927,"Bread, white, prepared from recipe, made with low fat (2%) milk",SR Legacy,7.9,5.7,49.6,2.0,285.0,vegetarian
174926,"Bread, white, prepared from recipe, made with nonfat dry milk",SR Legacy,7.7,2.6,53.6,2.0,274.0,vegetarian
335240,"Bread, whole-wheat, commercially prepared",Foundation Foods,12.3,3.55,43.1,6.0,254.0,vegan
172689,"Bread, whole-wheat, commercially prepared, toasted",SR Legacy,16.27,4.07,51.16,7.5,306.0,vegan
172690,"Bread, whole-wheat, prepared from recipe",SR Legacy,8.4,5.4,51.4,6.0,278.0,vegan
172691,"Bread, whole-wheat, prepared from recipe, toasted",SR Legacy,9.2,5.9,56.4,6.7,305.0,vegan
171714,"Breadfruit, raw",SR Legacy,1.07,0.23,27.12,4.9,103.0,vegan
167734,"Breakfast bar, corn flake crust with fruit",SR Legacy,4.4,7.5,72.8,2.1,376.0,vegan
169063,"Breakfast bars, oats, sugar, raisins, coconut (include granola bar)",SR Legacy,9.8,17.6,66.7,3.1,464.0,vegan
173754,"Broadbeans (fava beans), mature seeds, canned",SR Legacy,5.47,0.22,12.41,3.7,71.0,vegan
173798,"Broadbeans (fava beans), mature seeds, cooked, boiled, with salt",SR Legacy,7.6,0.4,19.65,5.4,110.0,vegan
173753,"Broadbeans (fava beans), mature seeds, cooked, boiled, without salt",SR Legacy,7.6,0.4,19.65,5.4,110.0,vegan
175205,"Broadbeans (fava beans), mature seeds, raw",SR Legacy,26.12,1.53,58.29,25.0,341.0,vegan
169328,"Broadbeans, immature seeds, cooked, boiled, drained, with salt",SR Legacy,4.8,0.5,10.1,,62.0,vegan
170378,"Broadbeans, immature seeds, cooked, boiled, drained, without salt",SR Legacy,4.8,0.5,10.1,3.6,62.0,vegan
170377,"Broadbeans, immature seeds, raw",SR Legacy,5.6,0.6,11.7,4.2,72.0,vegan
170382,"Broccoli raab, cooked",SR Legacy,3.83,0.52,3.12,2.8,25.0,vegan
170381,"Broccoli raab, raw",SR Legacy,3.17,0.49,2.85,2.7,22.0,vegan
169392,"Broccoli, chinese, cooked",SR Legacy,1.14,0.72,3.81,2.5,22.0,vegan
169404,"Broccoli, chinese, raw",SR Legacy,1.2,0.76,4.67,2.6,26.0,vegan
168510,"Broccoli, cooked, boiled, drained, with salt",SR Legacy,2.38,0.41,7.18,3.3,35.0,vegan
169967,"Broccoli, cooked, boiled, drained, without salt",SR Legacy,2.38,0.41,7.18,3.3,35.0,vegan
169330,"Broccoli, flower clusters, raw",SR Legacy,2.98,0.35,5.06,2.3,28.0,vegan
168511,"Broccoli, frozen, chopped, cooked, boiled, drained, with salt",SR Legacy,3.1,0.12,5.35,3.0,28.0,vegan
169969,"Broccoli, frozen, chopped, cooked, boiled, drained, without salt",SR Legacy,3.1,0.12,5.35,3.0,28.0,vegan
169968,"Broccoli, frozen, chopped, unprepared",SR Legacy,2.81,0.29,4.78,3.0,26.0,vegan
168512,"Broccoli, frozen, spears, cooked, boiled, drained, with salt",SR Legacy,3.1,0.11,5.35,3.0,28.0,vegan
170380,"Broccoli, frozen, spears, cooked, boiled, drained, without salt",SR Legacy,3.1,0.11,5.36,3.0,28.0,vegan
169970,"Broccoli, frozen, spears, unprepared (Includes foods for USDA's Food Distribution Program)",SR Legacy,3.06,0.34,5.35,3.0,29.0,vegan
169329,"Broccoli, leaves, raw",SR Legacy,2.98,0.35,5.06,2.3,28.0,vegan
321900,"Broccoli, raw",Foundation Foods,2.57,0.34,6.29,2.4,32.0,vegan
169331,"Broccoli, stalks, raw",SR Legacy,2.98,0.35,5.24,,28.0,vegan
168513,"Brussels sprouts, cooked, boiled, drained, with salt",SR Legacy,2.55,0.5,7.1,2.6,36.0,vegan
169971,"Brussels sprouts, cooked, boiled, drained, without salt",SR Legacy,2.55,0.5,7.1,2.6,36.0,vegan
169332,"Brussels sprouts, frozen, cooked, boiled, drained, with salt",SR Legacy,3.64,0.39,8.32,4.1,42.0,vegan
169973,"Brussels sprouts, frozen, cooked, boiled, drained, without salt",SR Legacy,3.64,0.39,8.32,4.1,42.0,vegan
169972,"Brussels sprouts, frozen, unprepared",SR Legacy,3.78,0.41,7.86,3.8,41.0,vegan
2685575,"Brussels sprouts, raw",Foundation Foods,3.984375,0.565,9.615625,4.785,59.485,vegan
170286,Buckwheat,SR Legacy,13.25,3.4,71.5,10.0,343.0,vegan
170687,"Buckwheat flour, whole-groat",SR Legacy,12.62,3.1,70.59,10.0,335.0,vegan
170686,"Buckwheat groats, roasted, cooked",SR Legacy,3.38,0.62,19.94,2.7,92.0,vegan
170685,"Buckwheat groats, roasted, dry",SR Legacy,11.73,2.71,74.95,10.3,346.0,vegan
2512378,"Buckwheat, whole grain",Foundation Foods,11.06534,3.039,71.13066,4.046,356.135,vegan
170287,"Bulgur, cooked",SR Legacy,3.08,0.24,18.58,4.5,83.0,vegan
170688,"Bulgur, dry",SR Legacy,12.29,1.33,75.87,12.5,342.0,vegan
2710820,"Bulgur, dry, raw",Foundation Foods,11.75625,2.421,75.88175,11.72,372.341,vegan
170329,"BURGER KING, Cheeseburger",SR Legacy,14.57,14.81,23.71,1.0,286.0,vegetarian
170731,"BURGER KING, Chicken Strips",SR Legacy,18.2,15.25,20.49,1.3,292.0,non_vegetarian
172076,"BURGER KING, CROISSAN'WICH with Egg and Cheese",SR Legacy,10.35,15.78,24.79,0.7,283.0,vegetarian
173316,"BURGER KING, CROISSAN'WICH with Sausage and Cheese",SR Legacy,13.73,25.45,23.0,0.7,376.0,non_vegetarian
173315,"BURGER KING, CROISSAN'WICH with Sausage, Egg and Cheese",SR Legacy,12.09,21.78,15.9,1.8,308.0,non_vegetarian
170374,"BURGER KING, Double Cheeseburger",SR Legacy,16.83,16.13,17.43,,282.0,vegetarian
170729,"BURGER KING, DOUBLE WHOPPER, no cheese",SR Legacy,13.94,15.66,13.74,1.4,252.0,vegetarian
170730,"BURGER KING, DOUBLE WHOPPER, with cheese",SR Legacy,14.47,17.06,13.52,1.6,266.0,vegetarian
170328,"BURGER KING, Hamburger",SR Legacy,14.85,10.55,26.76,1.0,261.0,non_vegetarian
170771,"BURGER KING, Onion Rings",SR Legacy,3.86,25.23,43.58,2.7,417.0,vegan
170331,"BURGER KING, Original Chicken Sandwich",SR Legacy,12.14,14.69,26.22,2.4,286.0,non_vegetarian
170330,"BURGER KING, Premium Fish Sandwich",SR Legacy,10.29,12.45,26.69,0.9,260.0,non_vegetarian
170727,"BURGER KING, WHOPPER, no cheese",SR Legacy,10.74,12.84,18.55,1.8,233.0,vegetarian
170728,"BURGER KING, WHOPPER, with cheese",SR Legacy,11.19,15.33,16.7,1.0,250.0,vegetarian
173336,"Burrito, bean and cheese, frozen",SR Legacy,7.07,6.3,34.01,3.4,221.0,vegetarian
173335,"Burrito, beef and bean, frozen",SR Legacy,7.26,9.61,30.84,4.2,239.0,non_vegetarian
172102,"Burrito, beef and bean, microwaved",SR Legacy,8.73,11.94,38.95,6.9,298.0,non_vegetarian
173412,"Butter oil, anhydrous",SR Legacy,0.28,99.48,0.0,0.0,876.0,vegetarian
169894,"Butter replacement, without fat, powder",SR Legacy,2.0,1.0,89.0,0.0,373.0,vegetarian
171314,"Butter, Clarified butter (ghee)",SR Legacy,0.0,100.0,0.0,0.0,900.0,vegetarian
173581,"Butter, light, stick, with salt",SR Legacy,3.3,55.1,0.0,0.0,499.0,vegetarian
172344,"Butter, light, stick, without salt",SR Legacy,3.3,55.1,0.0,0.0,499.0,vegetarian
173410,"Butter, salted",SR Legacy,0.85,81.11,0.06,0.0,717.0,vegetarian
173411,"Butter, whipped, with salt",SR Legacy,0.49,78.3,0.0,0.0,731.0,vegetarian
173430,"Butter, without salt",SR Legacy,0.85,81.11,0.06,0.0,717.0,vegetarian
170385,"Butterbur, (fuki), raw",SR Legacy,0.39,0.04,3.61,,14.0,vegetarian
170387,"Butterbur, canned",SR Legacy,0.11,0.13,0.38,,3.0,vegetarian
169334,"Butterbur, cooked, boiled, drained, with salt",SR Legacy,0.23,0.02,2.16,,8.0,vegetarian
170386,"Butterbur, cooked, boiled, drained, without salt",SR Legacy,0.23,0.02,2.16,,8.0,vegetarian
2259792,"Buttermilk, low fat",Foundation Foods,3.464978,1.081,4.811522,,42.835,vegetarian
2685572,"Cabbage, bok choy, raw",Foundation Foods,1.02375,0.2338,3.51495,1.259,20.259,vegan
168517,"Cabbage, chinese (pak-choi), cooked, boiled, drained, with salt",SR Legacy,1.56,0.16,1.78,1.0,12.0,vegan
170391,"Cabbage, chinese (pak-choi), cooked, boiled, drained, without salt",SR Legacy,1.56,0.16,1.78,1.0,12.0,vegan
170390,"Cabbage, chinese (pak-choi), raw",SR Legacy,1.5,0.2,2.18,1.0,13.0,vegan
169337,"Cabbage, chinese (pe-tsai), cooked, boiled, drained, with salt",SR Legacy,1.5,0.17,2.41,1.7,14.0,vegan
169980,"Cabbage, chinese (pe-tsai), cooked, boiled, drained, without salt",SR Legacy,1.5,0.17,2.41,1.7,14.0,vegan
169979,"Cabbage, chinese (pe-tsai), raw",SR Legacy,1.2,0.2,3.23,1.2,16.0,vegan
169335,"Cabbage, common (danish, domestic, and pointed types), freshly harvest, raw",SR Legacy,1.21,0.18,5.37,2.3,24.0,vegan
169336,"Cabbage, common (danish, domestic, and pointed types), stored, raw",SR Legacy,1.21,0.18,5.37,2.3,24.0,vegan
168514,"Cabbage, common, cooked, boiled, drained, with salt",SR Legacy,1.27,0.06,5.51,1.9,23.0,vegan
169976,"Cabbage, cooked, boiled, drained, without salt",SR Legacy,1.27,0.06,5.51,1.9,23.0,vegan
2346407,"Cabbage, green, raw",Foundation Foods,0.96125,0.2275,6.38375,,31.4275,vegan
169890,"Cabbage, japanese style, fresh, pickled",SR Legacy,1.6,0.1,5.67,3.1,30.0,vegan
170392,"Cabbage, kimchi",SR Legacy,1.1,0.5,2.4,1.6,15.0,vegan
169891,"Cabbage, mustard, salted",SR Legacy,1.1,0.1,5.63,3.1,28.0,vegan
168572,"Cabbage, napa, cooked",SR Legacy,1.1,0.17,2.23,,12.0,vegan
169975,"Cabbage, raw",SR Legacy,1.28,0.1,5.8,2.5,25.0,vegan
168515,"Cabbage, red, cooked, boiled, drained, with salt",SR Legacy,1.51,0.09,6.94,2.6,29.0,vegan
169978,"Cabbage, red, cooked, boiled, drained, without salt",SR Legacy,1.51,0.09,6.94,2.6,29.0,vegan
169977,"Cabbage, red, raw",SR Legacy,1.43,0.16,7.37,2.1,31.0,vegan
168516,"Cabbage, savoy, cooked, boiled, drained, with salt",SR Legacy,1.8,0.09,5.41,2.8,24.0,vegan
170389,"Cabbage, savoy, cooked, boiled, drained, without salt",SR Legacy,1.8,0.09,5.41,2.8,24.0,vegan
170388,"Cabbage, savoy, raw",SR Legacy,2.0,0.1,6.1,3.1,27.0,vegan
172696,"Cake, boston cream pie, commercially prepared",SR Legacy,2.4,8.5,42.9,1.4,252.0,vegetarian
172711,"Cake, cheesecake, commercially prepared",SR Legacy,5.5,22.5,25.5,0.4,321.0,vegetarian
172712,"Cake, cheesecake, prepared from mix, no-bake type",SR Legacy,5.5,12.7,35.5,1.9,274.0,vegetarian
174933,"Cake, cherry fudge with chocolate frosting",SR Legacy,2.4,12.5,38.0,0.5,264.0,vegan
172699,"Cake, coffeecake, cheese",SR Legacy,7.0,15.2,44.3,1.0,339.0,vegetarian
174937,"Cake, coffeecake, fruit",SR Legacy,5.2,10.2,51.5,2.5,311.0,vegan
174939,"Cake, fruitcake, commercially prepared",SR Legacy,2.9,9.1,61.6,3.7,324.0,vegan
172703,"Cake, pineapple upside-down, prepared from recipe",SR Legacy,3.5,12.1,50.5,0.8,319.0,vegan
172704,"Cake, pound, commercially prepared, butter (includes fresh and frozen)",SR Legacy,5.0,13.96,53.64,0.6,353.0,vegetarian
174940,"Cake, pound, commercially prepared, other than all butter, enriched",SR Legacy,5.2,17.9,52.5,1.0,389.0,vegetarian
175053,"Cake, pound, commercially prepared, other than all butter, unenriched",SR Legacy,5.2,17.9,52.5,1.0,389.0,vegetarian
174932,"Cake, pudding-type, carrot, dry mix",SR Legacy,5.1,9.8,79.2,,415.0,vegan
172705,"Cake, white, dry mix, special dietary (includes lemon-flavored)",SR Legacy,3.0,8.4,79.6,,397.0,vegan
172698,"Cake, white, prepared from recipe with coconut frosting",SR Legacy,4.4,10.3,63.2,1.0,356.0,vegan
174548,"CAMPBELL'S CHUNKY, Classic Chicken Noodle Soup",SR Legacy,3.41,1.3,5.41,1.0,47.0,non_vegetarian
174552,"CAMPBELL'S CHUNKY, Hearty Beef Barley Soup",SR Legacy,2.89,0.92,8.98,1.0,56.0,non_vegetarian
174556,"CAMPBELL'S CHUNKY, New England Clam Chowder",SR Legacy,2.46,3.85,9.01,1.2,81.0,non_vegetarian
172912,"CAMPBELL'S CHUNKY, Old Fashioned Vegetable Beef Soup",SR Legacy,3.16,1.23,6.24,1.3,49.0,non_vegetarian
171556,"CAMPBELL'S, Chicken Noodle Soup, condensed",SR Legacy,2.37,1.53,5.97,,47.0,non_vegetarian
172901,"CAMPBELL'S, Cream of Mushroom Soup, condensed",SR Legacy,1.29,5.5,6.59,0.6,81.0,vegetarian
174547,"CAMPBELL'S, Tomato Soup, condensed",SR Legacy,1.46,0.44,15.22,1.1,71.0,vegan
173634,"Canada Goose, breast meat only, skinless, raw",SR Legacy,24.31,4.02,0.0,0.0,133.0,non_vegetarian
168383,"Canadian bacon, cooked, pan-fried",SR Legacy,28.31,2.78,1.8,0.0,146.0,non_vegetarian
167869,"Canadian bacon, unprepared",SR Legacy,20.31,2.62,1.34,0.0,110.0,non_vegetarian
167781,Candied fruit,SR Legacy,0.34,0.07,82.74,1.6,322.0,vegan
167562,"Candies, ALMOND JOY Candy Bar",SR Legacy,4.13,26.93,59.51,5.0,479.0,vegan
167972,"Candies, butterscotch",SR Legacy,0.03,3.3,90.4,0.0,391.0,vegetarian
170282,"Candies, coconut bar, not chocolate covered",SR Legacy,2.13,27.65,55.87,6.4,481.0,vegan
167980,"Candies, confectioner's coating, butterscotch",SR Legacy,2.2,29.05,67.1,0.0,539.0,vegetarian
167570,"Candies, confectioner's coating, peanut butter",SR Legacy,18.3,29.8,46.88,5.0,529.0,vegetarian
167569,"Candies, confectioner's coating, yogurt",SR Legacy,5.87,27.0,63.94,0.0,522.0,vegetarian
170275,"Candies, crispy bar with peanut butter filling",SR Legacy,9.53,31.34,55.53,3.3,542.0,vegetarian
169634,"Candies, dark chocolate coated coffee beans",SR Legacy,7.5,30.0,59.95,7.5,540.0,vegan
170279,"Candies, fruit snacks, with high vitamin C",SR Legacy,0.08,0.0,87.97,0.0,352.0,vegan
167578,"Candies, fudge, peanut butter, prepared-from-recipe",SR Legacy,3.78,6.59,77.75,0.7,387.0,vegetarian
167979,"Candies, HERSHEY'S GOLDEN ALMOND SOLITAIRES",SR Legacy,11.97,37.13,46.85,4.4,569.0,vegan
169622,"Candies, HERSHEY'S MILK CHOCOLATE WITH ALMOND BITES",SR Legacy,9.76,35.73,51.72,3.6,568.0,vegetarian
169579,"Candies, HERSHEY'S POT OF GOLD Almond Bar",SR Legacy,12.82,38.46,44.89,3.8,577.0,vegan
169627,"Candies, HERSHEY'S, ALMOND JOY BITES",SR Legacy,5.58,34.5,57.54,4.3,563.0,vegan
169628,"Candies, HERSHEY, REESESTICKS crispy wafers, peanut butter, milk chocolate",SR Legacy,9.53,31.34,55.38,3.3,521.0,vegetarian
167546,"Candies, honey-combed, with peanut butter",SR Legacy,8.72,20.18,67.41,1.9,473.0,vegetarian
167991,"Candies, jellybeans",SR Legacy,0.0,0.05,93.55,0.2,375.0,vegan
169652,"Candies, MARS SNACKFOOD US, COCOAVIA Blueberry and Almond Chocolate Bar",SR Legacy,6.35,28.68,60.37,9.1,525.0,vegan
170670,"Candies, MARS SNACKFOOD US, COCOAVIA Chocolate Covered Almonds",SR Legacy,9.51,37.07,50.22,10.4,573.0,vegan
168804,"Candies, MARS SNACKFOOD US, DOVE Milk Chocolate",SR Legacy,5.94,31.72,59.78,2.4,546.0,vegetarian
168108,"Candies, MARS SNACKFOOD US, M&M's Almond Chocolate Candies",SR Legacy,7.53,27.76,60.5,5.6,522.0,vegan
169583,"Candies, MARS SNACKFOOD US, M&M's Milk Chocolate Candies",SR Legacy,4.33,21.13,71.19,2.8,492.0,vegetarian
169591,"Candies, MARS SNACKFOOD US, M&M's MINIs Milk Chocolate Candies",SR Legacy,4.78,23.36,68.4,2.7,502.0,vegetarian
167689,"Candies, MARS SNACKFOOD US, M&M's Peanut Butter Chocolate Candies",SR Legacy,10.16,29.32,56.89,4.0,529.0,vegetarian
169582,"Candies, MARS SNACKFOOD US, M&M's Peanut Chocolate Candies",SR Legacy,9.57,26.13,60.48,3.7,515.0,vegan
167994,"Candies, MARS SNACKFOOD US, MARS Almond Bar",SR Legacy,8.1,23.0,62.7,2.0,467.0,vegan
168756,"Candies, MARS SNACKFOOD US, MILKY WAY Bar",SR Legacy,4.01,17.23,71.17,1.0,456.0,vegetarian
168806,"Candies, MARS SNACKFOOD US, MILKY WAY Caramels, milk chocolate covered",SR Legacy,4.28,19.17,68.49,0.7,463.0,vegetarian
168807,"Candies, MARS SNACKFOOD US, MILKY WAY Caramels. dark chocolate covered",SR Legacy,3.82,20.42,67.56,2.8,458.0,vegetarian
167701,"Candies, MARS SNACKFOOD US, MILKY WAY Midnight Bar",SR Legacy,3.2,17.5,71.22,2.9,443.0,vegetarian
169645,"Candies, MARS SNACKFOOD US, POP'ABLES 3 MUSKETEERS Brand Bite Size Candies",SR Legacy,2.59,15.17,75.94,1.3,443.0,vegan
169644,"Candies, MARS SNACKFOOD US, POP'ABLES MILKY WAY Brand Bite Size Candies",SR Legacy,3.3,18.0,71.85,1.0,463.0,vegetarian
169643,"Candies, MARS SNACKFOOD US, POP'ABLES SNICKERS Brand Bite Size Candies",SR Legacy,7.15,24.32,61.07,2.3,480.0,vegan
168818,"Candies, MARS SNACKFOOD US, SNICKERS Almond bar",SR Legacy,5.4,22.4,64.67,2.6,472.0,vegan
169646,"Candies, MARS SNACKFOOD US, STARBURST Fruit Chews, Fruit and Creme",SR Legacy,0.41,8.36,82.43,0.0,408.0,vegan
169590,"Candies, MARS SNACKFOOD US, STARBURST Fruit Chews, Original fruits",SR Legacy,0.41,8.21,82.57,0.0,408.0,vegan
168823,"Candies, MARS SNACKFOOD US, STARBURST Fruit Chews, Tropical fruits",SR Legacy,0.41,8.31,82.76,0.0,409.0,vegan
169647,"Candies, MARS SNACKFOOD US, STARBURST Sour Fruit Chews",SR Legacy,0.39,7.78,79.73,0.0,400.0,vegan
168769,"Candies, MARS SNACKFOOD US, TWIX Peanut Butter Cookie Bars",SR Legacy,9.18,32.67,54.14,3.1,547.0,vegetarian
167587,"Candies, milk chocolate",SR Legacy,7.65,29.66,59.4,3.4,535.0,vegetarian
169637,"Candies, milk chocolate coated coffee beans",SR Legacy,7.41,33.18,55.25,5.7,549.0,vegetarian
168001,"Candies, milk chocolate coated peanuts",SR Legacy,13.1,33.5,49.7,4.7,519.0,vegetarian
169576,"Candies, milk chocolate coated raisins",SR Legacy,4.1,14.8,68.4,3.1,390.0,vegetarian
168754,"Candies, milk chocolate, with almonds",SR Legacy,9.0,34.4,53.4,6.2,526.0,vegetarian
168755,"Candies, milk chocolate, with rice cereal",SR Legacy,7.64,29.37,59.67,3.3,511.0,vegetarian
167564,"Candies, NESTLE, BIT-O'-HONEY Candy Chews",SR Legacy,2.0,7.5,80.89,0.2,388.0,vegetarian
167565,"Candies, NESTLE, BUTTERFINGER Bar",SR Legacy,5.4,18.9,72.9,2.0,459.0,vegetarian
170278,"Candies, NESTLE, BUTTERFINGER Crisp",SR Legacy,6.67,18.33,68.45,1.7,465.0,vegetarian
167581,"Candies, NESTLE, GOOBERS Chocolate Covered Peanuts",SR Legacy,9.7,34.0,53.0,9.7,512.0,vegan
169060,"Candies, nougat, with almonds",SR Legacy,3.33,1.67,92.39,3.3,398.0,vegan
169585,"Candies, peanut bar",SR Legacy,15.5,33.7,47.4,4.1,522.0,vegan
169586,"Candies, peanut brittle, prepared-from-recipe",SR Legacy,7.57,18.98,71.24,2.5,486.0,vegan
170669,"Candies, REESE's Fast Break, milk chocolate, peanut butter, soft nougats, candy bar",SR Legacy,8.93,23.21,63.9,3.6,495.0,vegetarian
168763,"Candies, REESE'S Peanut Butter Cups",SR Legacy,10.24,30.53,55.36,3.6,515.0,vegetarian
169630,"Candies, REESE'S, FAST BREAK, milk chocolate peanut butter and soft nougats",SR Legacy,8.66,23.42,61.6,2.9,474.0,vegetarian
168765,"Candies, ROLO Caramels in Milk Chocolate",SR Legacy,5.08,20.93,67.95,0.9,474.0,vegetarian
169690,"Candies, semisweet chocolate, made with butter",SR Legacy,4.2,29.7,63.4,5.9,477.0,vegetarian
170658,"Candies, soft fruit and nut squares",SR Legacy,2.31,9.52,73.81,2.4,390.0,vegan
170656,"Candies, sugar-coated almonds",SR Legacy,10.0,17.93,68.26,2.5,465.0,vegan
167978,"Candies, sweet chocolate coated fondant",SR Legacy,2.2,9.3,80.4,2.1,366.0,vegan
167984,"Candies, SYMPHONY Milk Chocolate Bar",SR Legacy,8.51,30.57,58.01,1.7,531.0,vegetarian
167947,"Candies, TOBLERONE, milk chocolate with honey and almond nougat",SR Legacy,5.71,28.57,61.21,2.5,489.0,vegetarian
167563,"Candies, TWIZZLERS CHERRY BITES",SR Legacy,2.97,1.7,79.38,0.1,338.0,vegan
167983,"Candies, TWIZZLERS NIBS CHERRY BITS",SR Legacy,2.3,2.64,79.37,0.6,347.0,vegan
167583,"Candies, TWIZZLERS Strawberry Twists Candy",SR Legacy,2.56,2.32,79.16,0.0,348.0,vegan
168770,"Candies, WHATCHAMACALLIT Candy Bar",SR Legacy,8.04,23.68,63.23,1.9,494.0,non_vegetarian
171715,"Carambola, (starfruit), raw",SR Legacy,1.04,0.33,6.73,2.8,31.0,vegan
173199,"Carbonated beverage, cream soda",SR Legacy,0.0,0.0,13.3,0.0,51.0,vegetarian
168050,"Caribou, hind quarter meat, raw (Alaska Native)",SR Legacy,22.63,3.37,0.0,0.0,122.0,non_vegetarian
169822,"Caribou, hind quarter, meat, cooked (Alaska Native)",SR Legacy,28.81,4.82,0.0,0.0,159.0,non_vegetarian
168983,"Caribou, liver, raw (Alaska Native)",SR Legacy,15.0,3.9,6.8,,122.0,non_vegetarian
167644,"Caribou, rump meat, half dried (Alaska Native)",SR Legacy,52.06,5.23,0.0,0.0,255.0,non_vegetarian
168049,"Caribou, shoulder meat, dried (Alaska Native)",SR Legacy,59.38,3.67,0.0,0.0,271.0,non_vegetarian
173952,"Carissa, (natal-plum), raw",SR Legacy,0.5,1.3,13.63,,62.0,vegan
173755,Carob flour,SR Legacy,4.62,0.65,88.88,39.8,222.0,vegan
169036,"CARRABBA'S ITALIAN GRILL, cheese ravioli with marinara sauce",SR Legacy,7.96,6.0,17.62,1.4,156.0,vegetarian
169857,"CARRABBA'S ITALIAN GRILL, chicken parmesan without cavatappi pasta",SR Legacy,19.0,10.95,7.8,0.9,206.0,non_vegetarian
168086,"CARRABBA'S ITALIAN GRILL, spaghetti with meat sauce",SR Legacy,5.87,3.92,15.71,1.5,122.0,non_vegetarian
170491,"Carrot juice, canned",SR Legacy,0.95,0.15,9.28,0.8,40.0,vegan
170500,"Carrot, dehydrated",SR Legacy,8.1,1.49,79.57,23.6,341.0,vegan
2258587,"Carrots, baby, raw",Foundation Foods,0.805,0.1375,9.0787,2.694,40.7723,vegan
168518,"Carrots, canned, no salt added, drained solids",SR Legacy,0.64,0.19,5.54,1.5,25.0,vegan
169340,"Carrots, canned, no salt added, solids and liquids",SR Legacy,0.59,0.14,5.36,1.8,23.0,vegan
170396,"Carrots, canned, regular pack, drained solids",SR Legacy,0.64,0.19,5.54,1.5,25.0,vegan
170395,"Carrots, canned, regular pack, solids and liquids",SR Legacy,0.58,0.14,5.37,1.8,23.0,vegan
169339,"Carrots, cooked, boiled, drained, with salt",SR Legacy,0.76,0.18,8.22,3.0,35.0,vegan
170394,"Carrots, cooked, boiled, drained, without salt",SR Legacy,0.76,0.18,8.22,3.0,35.0,vegan
168519,"Carrots, frozen, cooked, boiled, drained, with salt",SR Legacy,0.58,0.68,7.73,3.3,37.0,vegan
169984,"Carrots, frozen, cooked, boiled, drained, without salt",SR Legacy,0.58,0.68,7.73,3.3,37.0,vegan
746764,"Carrots, frozen, unprepared",Foundation Foods,0.81,0.47,7.92,3.2,37.0,vegan
326458,"Carrots, frozen, unprepared (Includes foods for USDA's Food Distribution Program)",Foundation Foods,0.81,0.47,7.92,3.2,37.0,vegan
2258586,"Carrots, mature, raw",Foundation Foods,0.94125,0.3506,10.26755,3.095,47.9906,vegan
170393,"Carrots, raw",SR Legacy,0.93,0.24,9.58,2.8,41.0,vegan
168520,"Cauliflower, cooked, boiled, drained, with salt",SR Legacy,1.84,0.45,4.11,2.3,23.0,vegan
170397,"Cauliflower, cooked, boiled, drained, without salt",SR Legacy,1.84,0.45,4.11,2.3,23.0,vegan
168521,"Cauliflower, frozen, cooked, boiled, drained, with salt",SR Legacy,1.61,0.22,3.16,2.7,17.0,vegan
170399,"Cauliflower, frozen, cooked, boiled, drained, without salt",SR Legacy,1.61,0.22,3.75,2.7,19.0,vegan
170398,"Cauliflower, frozen, unprepared",SR Legacy,2.01,0.27,4.68,2.3,24.0,vegan
169390,"Cauliflower, green, cooked, no salt added",SR Legacy,3.04,0.31,6.28,3.3,32.0,vegan
169391,"Cauliflower, green, cooked, with salt",SR Legacy,3.04,0.31,6.28,3.3,32.0,vegan
169389,"Cauliflower, green, raw",SR Legacy,2.95,0.3,6.09,3.2,31.0,vegan
2685573,"Cauliflower, raw",Foundation Foods,1.640625,0.2375,4.723075,1.948,27.5923,vegan
169342,"Celery, cooked, boiled, drained, with salt",SR Legacy,0.83,0.16,4.0,1.6,18.0,vegan
169989,"Celery, cooked, boiled, drained, without salt",SR Legacy,0.83,0.16,4.0,1.6,18.0,vegan
169988,"Celery, raw",SR Legacy,0.69,0.17,2.97,1.6,14.0,vegan
172973,"Cereals ready-to-eat, chocolate-flavored frosted puffed corn",SR Legacy,3.34,3.5,87.2,3.8,405.0,vegan
169039,"Cereals ready-to-eat, frosted oat cereal with marshmallows",SR Legacy,7.1,3.33,84.7,4.3,400.0,vegan
174645,"Cereals ready-to-eat, MALT-O-MEAL, Apple ZINGS",SR Legacy,4.51,2.71,87.3,2.3,390.0,vegan
172997,"Cereals ready-to-eat, MALT-O-MEAL, Blueberry MUFFIN TOPS Cereal",SR Legacy,4.9,11.48,79.91,4.7,443.0,vegan
173895,"Cereals ready-to-eat, MALT-O-MEAL, CORN BURSTS",SR Legacy,3.32,0.35,90.59,1.9,385.0,vegan
172983,"Cereals ready-to-eat, MALT-O-MEAL, Crispy Rice",SR Legacy,6.07,1.12,86.4,0.4,346.0,vegan
173001,"Cereals ready-to-eat, MALT-O-MEAL, Fruity DYNO-BITES",SR Legacy,3.9,3.15,90.1,1.0,404.0,vegan
174642,"Cereals ready-to-eat, MALT-O-MEAL, Honey BUZZERS",SR Legacy,3.45,1.72,89.66,3.4,379.0,vegetarian
172995,"Cereals ready-to-eat, MALT-O-MEAL, HONEY GRAHAM SQUARES",SR Legacy,4.46,9.97,74.68,4.4,398.0,non_vegetarian
171681,"Cereals ready-to-eat, MALT-O-MEAL, Honey Nut SCOOTERS",SR Legacy,8.59,4.51,79.62,6.3,387.0,vegetarian
171679,"Cereals ready-to-eat, MALT-O-MEAL, OAT BLENDERS with honey",SR Legacy,6.78,4.17,84.94,5.0,396.0,vegetarian
171680,"Cereals ready-to-eat, MALT-O-MEAL, OAT BLENDERS with honey & almonds",SR Legacy,7.8,4.88,77.26,6.1,379.0,vegetarian
172996,"Cereals ready-to-eat, MALT-O-MEAL, Raisin Bran Cereal",SR Legacy,7.63,1.87,80.37,10.2,342.0,vegan
172984,"Cereals ready-to-eat, MALT-O-MEAL, TOOTIE FRUITIES",SR Legacy,4.69,3.2,85.94,2.2,391.0,vegan
174644,"Cereals ready-to-eat, MOM'S BEST, Honey Nut TOASTY O'S",SR Legacy,8.6,4.51,79.84,6.3,388.0,vegetarian
173927,"Cereals ready-to-eat, MOM'S BEST, Sweetened WHEAT-FULS",SR Legacy,8.18,1.83,80.91,10.0,373.0,vegan
167725,"Cereals ready-to-eat, OAT BRAN FLAKES, HEALTH VALLEY",SR Legacy,10.0,3.0,78.0,8.0,380.0,vegan
173888,"Cereals ready-to-eat, POST Bran Flakes",SR Legacy,9.9,2.1,80.5,18.3,328.0,vegan
169870,"Cereals ready-to-eat, POST GREAT GRAINS Banana Nut Crunch",SR Legacy,9.8,8.8,70.9,11.2,390.0,vegan
173005,"Cereals ready-to-eat, POST GREAT GRAINS Cranberry Almond Crunch",SR Legacy,8.9,5.9,76.6,11.1,384.0,vegan
173020,"Cereals ready-to-eat, POST HONEY BUNCHES OF OATS with cinnamon bunches",SR Legacy,7.1,5.0,82.8,5.8,400.0,vegetarian
171650,"Cereals ready-to-eat, POST Raisin Bran Cereal",SR Legacy,7.6,1.6,78.9,13.7,324.0,vegan
173919,"Cereals ready-to-eat, POST SELECTS Blueberry Morning",SR Legacy,6.5,5.3,81.6,4.7,395.0,vegan
174653,"Cereals ready-to-eat, POST SELECTS Maple Pecan Crunch",SR Legacy,8.5,8.7,77.4,7.4,413.0,vegan
171645,"Cereals ready-to-eat, POST, FRUITY PEBBLES",SR Legacy,4.62,4.02,86.1,0.8,402.0,vegan
171647,"Cereals ready-to-eat, POST, GRAPE-NUTS Cereal",SR Legacy,11.22,1.81,80.49,13.0,361.0,vegan
171648,"Cereals ready-to-eat, POST, GRAPE-NUTS Flakes",SR Legacy,9.4,3.7,82.0,10.2,376.0,vegan
169862,"Cereals ready-to-eat, POST, GREAT GRAINS Crunchy Pecan Cereal",SR Legacy,9.0,10.5,73.0,9.7,403.0,vegan
169041,"Cereals ready-to-eat, POST, GREAT GRAINS, Raisin, Date & Pecan",SR Legacy,7.9,7.1,74.3,9.3,378.0,vegan
173015,"Cereals ready-to-eat, POST, HONEY BUNCHES OF OATS with vanilla bunches",SR Legacy,7.9,5.1,81.8,7.8,394.0,vegetarian
168138,"Cereals ready-to-eat, POST, HONEY BUNCHES OF OATS, honey roasted",SR Legacy,7.12,5.46,81.19,4.2,401.0,vegetarian
174663,"Cereals ready-to-eat, POST, HONEY BUNCHES OF OATS, pecan bunches",SR Legacy,7.0,5.4,82.0,5.2,399.0,vegetarian
169859,"Cereals ready-to-eat, POST, HONEY BUNCHES OF OATS, with almonds",SR Legacy,7.7,7.3,79.6,5.5,409.0,vegetarian
173019,"Cereals ready-to-eat, POST, HONEY BUNCHES OF OATS, with real strawberries",SR Legacy,6.7,4.9,83.3,5.4,399.0,vegetarian
173894,"Cereals ready-to-eat, POST, Honey Nut Shredded Wheat",SR Legacy,8.5,2.9,83.6,10.7,373.0,vegetarian
173889,"Cereals ready-to-eat, POST, Honeycomb Cereal",SR Legacy,6.01,2.93,86.63,3.2,394.0,vegetarian
167715,"Cereals ready-to-eat, POST, Shredded Wheat n' Bran, spoon-size",SR Legacy,10.93,2.06,80.65,14.7,339.0,vegan
173918,"Cereals ready-to-eat, POST, Shredded Wheat, lightly frosted, spoon-size",SR Legacy,7.8,1.9,83.8,9.6,352.0,vegan
173910,"Cereals ready-to-eat, POST, Shredded Wheat, original big biscuit",SR Legacy,11.37,2.01,78.96,12.4,337.0,vegan
173911,"Cereals ready-to-eat, POST, Shredded Wheat, original spoon-size",SR Legacy,11.8,2.1,81.4,12.4,351.0,vegan
173014,"Cereals ready-to-eat, QUAKER Oatmeal Squares, Golden Maple",SR Legacy,11.3,4.83,78.04,8.3,380.0,vegan
173921,"Cereals ready-to-eat, QUAKER WHOLE HEARTS oat cereal",SR Legacy,7.63,5.61,80.1,9.1,376.0,non_vegetarian
173892,"Cereals ready-to-eat, QUAKER, 100% Natural Granola, Oats, Wheat and Honey",SR Legacy,10.55,11.62,73.65,10.2,421.0,vegetarian
171644,"Cereals ready-to-eat, QUAKER, CAP'N CRUNCH'S PEANUT BUTTER CRUNCH",SR Legacy,7.1,9.23,78.65,2.7,417.0,vegetarian
174621,"Cereals ready-to-eat, QUAKER, HONEY GRAHAM OH!S",SR Legacy,3.92,7.63,83.65,2.1,412.0,non_vegetarian
174632,"Cereals ready-to-eat, QUAKER, MOTHER'S Cinnamon Oat Crunch",SR Legacy,10.6,4.56,79.79,8.1,382.0,vegan
174633,"Cereals ready-to-eat, QUAKER, MOTHER'S GRAHAM BUMPERS",SR Legacy,4.55,1.45,88.89,2.6,379.0,non_vegetarian
172985,"Cereals ready-to-eat, QUAKER, MOTHER'S PEANUT BUTTER BUMPERS Cereal",SR Legacy,7.62,7.33,79.68,2.5,407.0,vegetarian
172986,"Cereals ready-to-eat, QUAKER, MOTHER'S Toasted Oat Bran cereal",SR Legacy,11.45,5.04,75.41,8.6,372.0,vegan
174658,"Cereals ready-to-eat, QUAKER, Natural Granola Apple Cranberry Almond",SR Legacy,9.21,11.06,74.73,9.9,418.0,vegan
174622,"Cereals ready-to-eat, QUAKER, Oatmeal Squares",SR Legacy,11.38,4.83,77.77,8.3,379.0,vegan
174623,"Cereals ready-to-eat, QUAKER, Oatmeal Squares, cinnamon",SR Legacy,11.23,4.88,78.09,8.7,379.0,vegan
172975,"Cereals ready-to-eat, QUAKER, QUAKER 100% Natural Granola with Oats, Wheat, Honey, and Raisins",SR Legacy,9.66,10.38,74.67,9.4,412.0,vegetarian
173886,"Cereals ready-to-eat, QUAKER, QUAKER CRUNCHY BRAN",SR Legacy,6.37,4.06,83.68,15.3,331.0,vegan
173007,"Cereals ready-to-eat, QUAKER, QUAKER Honey Graham LIFE Cereal",SR Legacy,9.33,4.14,78.56,6.3,373.0,non_vegetarian
174620,"Cereals ready-to-eat, QUAKER, QUAKER OAT CINNAMON LIFE",SR Legacy,9.14,4.1,79.02,6.3,374.0,vegan
173891,"Cereals ready-to-eat, QUAKER, QUAKER OAT LIFE, plain",SR Legacy,9.98,4.43,77.74,6.6,374.0,vegan
171651,"Cereals ready-to-eat, QUAKER, QUAKER Puffed Rice",SR Legacy,7.01,0.9,87.78,1.4,383.0,vegan
171669,"Cereals ready-to-eat, QUAKER, QUAKER Puffed Wheat",SR Legacy,16.26,2.15,76.39,9.4,366.0,vegan
172987,"Cereals ready-to-eat, QUAKER, Shredded Wheat, bagged cereal",SR Legacy,11.24,2.01,81.01,11.8,348.0,vegan
173003,"Cereals ready-to-eat, RALSTON Corn Biscuits",SR Legacy,5.83,1.05,85.79,2.6,376.0,vegan
174648,"Cereals ready-to-eat, RALSTON Corn Flakes",SR Legacy,5.9,0.91,88.01,2.7,384.0,vegan
173887,"Cereals ready-to-eat, RALSTON CRISP RICE",SR Legacy,6.69,1.26,86.22,0.7,383.0,vegan
173002,"Cereals ready-to-eat, RALSTON Enriched Wheat Bran flakes",SR Legacy,10.21,3.36,79.77,16.9,390.0,vegan
173912,"Cereals ready-to-eat, rice, puffed, fortified",SR Legacy,6.3,0.5,89.8,1.7,402.0,vegan
171653,"Cereals ready-to-eat, SUN COUNTRY, KRETSCHMER Honey Crunch Wheat Germ",SR Legacy,26.55,7.78,58.11,10.2,372.0,vegetarian
174635,"Cereals ready-to-eat, SUN COUNTRY, KRETSCHMER Toasted Wheat Bran",SR Legacy,17.56,5.16,59.51,41.3,200.0,vegan
172988,"Cereals ready-to-eat, SUN COUNTRY, KRETSCHMER Wheat Germ, Regular",SR Legacy,31.43,9.56,49.38,11.9,366.0,vegan
169077,"Cereals ready-to-eat, wheat and bran, presweetened with nuts and fruits",SR Legacy,7.1,5.6,76.2,9.7,385.0,vegan
173896,"Cereals ready-to-eat, wheat germ, toasted, plain",SR Legacy,29.1,10.7,49.6,15.1,382.0,vegan
173913,"Cereals ready-to-eat, wheat, puffed, fortified",SR Legacy,14.7,1.2,79.6,4.4,364.0,vegan
171671,"Cereals, corn grits, white, regular and quick, enriched, cooked with water, with salt",SR Legacy,1.71,0.46,14.76,0.8,71.0,vegan
171655,"Cereals, corn grits, white, regular and quick, enriched, cooked with water, without salt",SR Legacy,1.71,0.46,14.76,0.8,71.0,vegan
171654,"Cereals, corn grits, white, regular and quick, enriched, dry",SR Legacy,7.65,1.75,79.09,4.6,370.0,vegan
171672,"Cereals, corn grits, yellow, regular and quick, enriched, cooked with water, without salt",SR Legacy,1.23,0.39,13.86,0.7,65.0,vegan
171670,"Cereals, corn grits, yellow, regular and quick, unenriched, dry",SR Legacy,8.8,1.2,79.6,1.6,371.0,vegan
171673,"Cereals, corn grits, yellow, regular, quick, enriched, cooked with water, with salt",SR Legacy,1.23,0.39,13.86,0.7,65.0,vegan
173914,"Cereals, CREAM OF RICE, cooked with water, with salt",SR Legacy,0.9,0.1,11.5,0.1,52.0,vegetarian
173900,"Cereals, CREAM OF RICE, dry",SR Legacy,6.3,0.5,82.4,0.7,370.0,vegetarian
173012,"Cereals, CREAM OF WHEAT, 1 minute cook time, cooked with water, microwaved, without salt",SR Legacy,1.95,0.37,10.67,1.5,55.0,vegetarian
173011,"Cereals, CREAM OF WHEAT, 1 minute cook time, cooked with water, stove-top, without salt",SR Legacy,1.65,0.42,11.16,0.4,56.0,vegetarian
173010,"Cereals, CREAM OF WHEAT, 1 minute cook time, dry",SR Legacy,11.77,1.47,72.63,4.4,359.0,vegetarian
173009,"Cereals, CREAM OF WHEAT, 2 1/2 minute cook time, cooked with water, microwaved, without salt",SR Legacy,1.88,0.37,10.1,0.7,52.0,vegetarian
173008,"Cereals, CREAM OF WHEAT, 2 1/2 minute cook time, cooked with water, stove-top, without salt",SR Legacy,1.44,0.2,11.74,0.7,56.0,vegetarian
174655,"Cereals, CREAM OF WHEAT, 2 1/2 minute cook time, dry",SR Legacy,11.61,1.41,71.79,4.4,355.0,vegetarian
171660,"Cereals, CREAM OF WHEAT, instant, dry",SR Legacy,10.6,1.4,75.5,3.3,366.0,vegetarian
173902,"Cereals, CREAM OF WHEAT, instant, prepared with water, without salt",SR Legacy,1.84,0.24,13.08,0.6,62.0,vegetarian
173915,"Cereals, CREAM OF WHEAT, regular (10 minute), cooked with water, with salt",SR Legacy,1.46,0.21,10.66,0.5,50.0,vegetarian
171657,"Cereals, CREAM OF WHEAT, regular (10 minute), cooked with water, without salt",SR Legacy,1.44,0.21,10.52,0.5,50.0,vegetarian
173901,"Cereals, CREAM OF WHEAT, regular, 10 minute cooking, dry",SR Legacy,10.5,1.5,76.5,3.8,370.0,vegetarian
171659,"Cereals, farina, enriched, assorted brands including CREAM OF WHEAT, quick (1-3 minutes), cooked with water, without salt",SR Legacy,1.82,0.34,10.92,0.8,55.0,vegetarian
171658,"Cereals, farina, enriched, assorted brands including CREAM OF WHEAT, quick (1-3 minutes), dry",SR Legacy,11.6,1.41,73.19,4.2,360.0,vegetarian
172998,"Cereals, MALT-O-MEAL, Farina Hot Wheat Cereal, dry",SR Legacy,10.48,0.49,77.2,2.9,365.0,vegan
172999,"Cereals, MALT-O-MEAL, Maple & Brown Sugar Hot Wheat Cereal, dry",SR Legacy,8.82,0.47,80.52,1.8,368.0,vegan
172978,"Cereals, Oat Bran, QUAKER, QUAKER/MOTHER'S Oat Bran, prepared with water, salt",SR Legacy,2.03,0.95,7.49,1.7,43.0,vegan
173920,"Cereals, oats, instant, fortified, maple and brown sugar, dry",SR Legacy,9.25,4.73,76.67,7.2,386.0,vegan
171661,"Cereals, oats, instant, fortified, plain, dry",SR Legacy,11.92,6.9,69.52,10.0,362.0,vegan
171662,"Cereals, oats, instant, fortified, plain, prepared with water (boiling water added or microwaved)",SR Legacy,2.37,1.36,11.67,1.7,68.0,vegan
171664,"Cereals, oats, instant, fortified, with cinnamon and spice, dry",SR Legacy,9.53,4.84,76.08,8.0,369.0,vegan
173906,"Cereals, oats, instant, fortified, with cinnamon and spice, prepared with water",SR Legacy,2.37,1.21,18.95,2.0,96.0,vegan
173908,"Cereals, oats, instant, fortified, with raisins and spice, prepared with water",SR Legacy,1.98,0.95,17.91,1.3,88.0,vegan
171675,"Cereals, oats, regular and quick and instant, unenriched, cooked with water (includes boiling and microwaving), with salt",SR Legacy,2.54,1.52,12.0,1.7,71.0,vegan
173904,"Cereals, oats, regular and quick, not fortified, dry",SR Legacy,13.15,6.52,67.7,10.1,379.0,vegan
173905,"Cereals, oats, regular and quick, unenriched, cooked with water (includes boiling and microwaving), without salt",SR Legacy,2.54,1.52,12.0,1.7,71.0,vegan
173898,"Cereals, QUAKER, corn grits, instant, cheddar cheese flavor, dry",SR Legacy,8.98,5.46,72.96,4.2,363.0,vegetarian
171656,"Cereals, QUAKER, corn grits, instant, plain, dry",SR Legacy,7.31,2.14,78.42,4.2,343.0,vegan
173897,"Cereals, QUAKER, corn grits, instant, plain, prepared (microwaved or boiling water added), without salt",SR Legacy,1.58,0.49,15.95,1.1,74.0,vegan
172993,"Cereals, QUAKER, Instant Grits Product with American Cheese Flavor, dry",SR Legacy,8.8,4.67,74.18,4.3,360.0,vegetarian
172977,"Cereals, QUAKER, Instant Grits, Butter flavor, dry",SR Legacy,8.12,5.64,74.83,4.7,369.0,vegetarian
173899,"Cereals, QUAKER, Instant Grits, Country Bacon flavor, dry",SR Legacy,9.93,1.73,75.39,5.1,340.0,non_vegetarian
172994,"Cereals, QUAKER, Instant Grits, Ham 'n' Cheese flavor, dry",SR Legacy,10.73,4.68,71.08,4.2,355.0,non_vegetarian
172992,"Cereals, QUAKER, Instant Grits, Redeye Gravy & Country Ham flavor, dry",SR Legacy,9.83,1.58,75.86,4.6,342.0,non_vegetarian
174660,"Cereals, QUAKER, Instant Oatmeal Organic, Regular",SR Legacy,16.0,6.3,67.0,9.8,367.0,vegan
174662,"Cereals, QUAKER, Instant Oatmeal, Apple and Cinnamon, reduced sugar",SR Legacy,10.29,5.64,72.17,9.7,358.0,vegan
171663,"Cereals, QUAKER, Instant Oatmeal, apples and cinnamon, dry",SR Legacy,8.62,4.61,76.74,8.3,366.0,vegan
174638,"Cereals, QUAKER, Instant Oatmeal, Banana Bread, dry",SR Legacy,8.97,4.85,75.7,6.7,368.0,vegan
173016,"Cereals, QUAKER, Instant Oatmeal, Cinnamon Spice, reduced sugar",SR Legacy,11.26,6.11,69.45,8.8,358.0,vegan
171682,"Cereals, QUAKER, Instant Oatmeal, Cinnamon Swirl, high fiber",SR Legacy,8.79,4.8,75.67,22.3,366.0,vegan
174636,"Cereals, QUAKER, Instant Oatmeal, Cinnamon-Spice, dry",SR Legacy,10.39,5.1,74.52,8.2,369.0,vegan
174637,"Cereals, QUAKER, Instant Oatmeal, DINOSAUR EGGS, Brown Sugar, dry",SR Legacy,8.69,7.59,73.68,6.4,384.0,vegetarian
174624,"Cereals, QUAKER, Instant Oatmeal, fruit and cream variety, dry",SR Legacy,8.3,6.37,75.42,6.0,379.0,vegetarian
174661,"Cereals, QUAKER, Instant Oatmeal, fruit and cream, variety of flavors, reduced sugar",SR Legacy,10.16,7.46,71.57,8.3,376.0,vegetarian
173907,"Cereals, QUAKER, Instant Oatmeal, maple and brown sugar, dry",SR Legacy,9.2,4.63,76.91,7.2,368.0,vegan
172991,"Cereals, QUAKER, Instant Oatmeal, Raisin and Spice, dry",SR Legacy,9.11,4.0,75.68,5.8,360.0,vegan
174625,"Cereals, QUAKER, Instant Oatmeal, raisins, dates and walnuts, dry",SR Legacy,8.82,6.98,72.41,6.9,371.0,vegan
173926,"Cereals, QUAKER, Instant Oatmeal, weight control, cinnamon",SR Legacy,16.5,6.28,64.21,13.0,361.0,vegan
174626,"Cereals, QUAKER, Oat Bran, QUAKER/MOTHER'S Oat Bran, dry",SR Legacy,17.03,7.97,62.94,14.3,364.0,vegan
174627,"Cereals, QUAKER, Oat Bran, QUAKER/MOTHER'S Oat Bran, prepared with water, no salt",SR Legacy,2.03,0.95,7.49,1.7,43.0,vegan
171684,"Cereals, QUAKER, oatmeal, REAL MEDLEYS, apple walnut, dry",SR Legacy,8.18,10.36,70.53,7.0,390.0,vegan
171683,"Cereals, QUAKER, oatmeal, REAL MEDLEYS, blueberry hazelnut, dry",SR Legacy,9.81,9.8,69.47,7.7,386.0,vegan
173925,"Cereals, QUAKER, oatmeal, REAL MEDLEYS, cherry pistachio, dry",SR Legacy,12.02,11.02,66.73,7.1,394.0,vegan
173924,"Cereals, QUAKER, oatmeal, REAL MEDLEYS, peach almond, dry",SR Legacy,10.1,9.84,68.61,7.4,387.0,vegan
171685,"Cereals, QUAKER, oatmeal, REAL MEDLEYS, summer berry, dry",SR Legacy,11.31,4.4,72.58,8.5,353.0,vegan
172972,"Cereals, QUAKER, QUAKER MultiGrain Oatmeal, dry",SR Legacy,12.64,2.73,72.62,11.9,334.0,vegan
172979,"Cereals, QUAKER, QUAKER MultiGrain Oatmeal, prepared with water, no salt",SR Legacy,2.08,0.47,13.49,2.2,61.0,vegan
172980,"Cereals, QUAKER, QUAKER MultiGrain Oatmeal, prepared with water, salt",SR Legacy,2.07,0.47,13.47,2.2,61.0,vegan
174640,"Cereals, QUAKER, Quick Oats with Iron, Dry",SR Legacy,13.7,6.87,68.18,9.4,371.0,vegan
172989,"Cereals, QUAKER, Quick Oats, Dry",SR Legacy,13.7,6.87,68.18,9.4,371.0,vegan
173923,"Cereals, QUAKER, Weight Control Instant Oatmeal, banana bread",SR Legacy,16.5,6.16,64.42,12.6,361.0,vegan
173922,"Cereals, QUAKER, Weight Control Instant Oatmeal, maple and brown sugar",SR Legacy,16.37,6.2,64.25,13.0,361.0,vegan
174641,"Cereals, QUAKER, Whole Wheat Natural Cereal, dry",SR Legacy,11.8,2.0,74.8,9.9,333.0,vegan
171678,"Cereals, ready-to-eat, MALT-O-MEAL, Blueberry Mini SPOONERS",SR Legacy,8.81,1.92,79.4,10.3,350.0,vegan
171666,"Cereals, WHEATENA, cooked with water",SR Legacy,2.0,0.5,11.8,2.7,56.0,vegan
171676,"Cereals, WHEATENA, cooked with water, with salt",SR Legacy,2.03,0.45,11.74,2.0,59.0,vegan
171665,"Cereals, WHEATENA, dry",SR Legacy,13.1,2.9,75.6,12.8,357.0,vegan
171677,"Cereals, whole wheat hot natural cereal, cooked with water, with salt",SR Legacy,2.0,0.4,13.7,1.6,62.0,vegan
171668,"Cereals, whole wheat hot natural cereal, cooked with water, without salt",SR Legacy,2.0,0.4,13.7,1.6,62.0,vegan
171667,"Cereals, whole wheat hot natural cereal, dry",SR Legacy,11.2,2.0,75.2,9.5,342.0,vegan
169344,"Chayote, fruit, cooked, boiled, drained, with salt",SR Legacy,0.62,0.48,4.5,2.8,22.0,vegan
170403,"Chayote, fruit, cooked, boiled, drained, without salt",SR Legacy,0.62,0.48,5.09,2.8,24.0,vegan
170402,"Chayote, fruit, raw",SR Legacy,0.82,0.13,4.51,1.7,19.0,vegan
170856,"Cheese food, cold pack, American",SR Legacy,19.66,24.46,8.32,0.0,331.0,vegetarian
171252,"Cheese food, pasteurized process, American, vitamin D fortified",SR Legacy,16.86,25.63,8.56,0.0,330.0,vegetarian
171291,"Cheese food, pasteurized process, American, without added vitamin D",SR Legacy,16.86,25.63,8.56,0.0,330.0,vegetarian
171253,"Cheese food, pasteurized process, swiss",SR Legacy,21.92,24.14,4.5,0.0,323.0,vegetarian
173455,"Cheese product, pasteurized process, American, reduced fat, fortified with vitamin D",SR Legacy,17.6,14.1,10.6,0.0,240.0,vegetarian
171289,"Cheese product, pasteurized process, American, vitamin D fortified",SR Legacy,16.09,23.06,8.85,0.0,307.0,vegetarian
168860,"Cheese puffs and twists, corn based, baked, low fat",SR Legacy,8.5,12.1,72.35,3.6,432.0,vegetarian
172200,"Cheese sauce, prepared from recipe",SR Legacy,10.33,14.92,5.48,0.1,197.0,vegetarian
170896,"Cheese spread, American or Cheddar cheese base, reduced fat",SR Legacy,13.41,8.88,10.71,0.0,176.0,vegetarian
169081,"Cheese spread, cream cheese base",SR Legacy,7.1,28.6,3.5,0.0,295.0,vegetarian
171254,"Cheese spread, pasteurized process, American",SR Legacy,16.41,21.23,8.73,0.0,290.0,vegetarian
172198,"Cheese substitute, mozzarella",SR Legacy,11.47,12.22,23.67,0.0,248.0,vegetarian
169901,"Cheese, american cheddar, imitation",SR Legacy,16.7,14.0,11.6,0.0,239.0,vegetarian
170863,"Cheese, American, nonfat or fat free",SR Legacy,21.05,0.0,10.53,0.0,126.0,vegetarian
747429,"Cheese, American, restaurant",Foundation Foods,17.5,31.1,6.35,,375.0,vegetarian
172175,"Cheese, blue",SR Legacy,21.4,28.74,2.34,0.0,353.0,vegetarian
172176,"Cheese, brick",SR Legacy,23.24,29.68,2.79,0.0,371.0,vegetarian
172177,"Cheese, brie",SR Legacy,20.75,27.68,0.45,0.0,334.0,vegetarian
172178,"Cheese, camembert",SR Legacy,19.8,24.26,0.46,0.0,300.0,vegetarian
173413,"Cheese, caraway",SR Legacy,25.18,29.2,3.06,0.0,376.0,vegetarian
328637,"Cheese, cheddar",Foundation Foods,23.3,34.0,2.44,,408.0,vegetarian
173414,"Cheese, cheddar (Includes foods for USDA's Food Distribution Program)",SR Legacy,22.87,33.31,3.37,0.0,403.0,vegetarian
171295,"Cheese, cheddar, nonfat or fat free",SR Legacy,32.14,0.0,7.14,0.0,157.0,vegetarian
171292,"Cheese, cheddar, reduced fat (Includes foods for USDA's Food Distribution Program)",SR Legacy,27.35,20.41,2.67,0.0,316.0,vegetarian
170899,"Cheese, cheddar, sharp, sliced",SR Legacy,24.25,33.82,2.13,0.0,410.0,vegetarian
173415,"Cheese, cheshire",SR Legacy,23.37,30.6,4.78,0.0,387.0,vegetarian
173416,"Cheese, colby",SR Legacy,23.76,32.11,2.57,0.0,394.0,vegetarian
2647443,"Cheese, cotija, solid",Foundation Foods,23.83568,27.24,2.72432,,351.4,vegetarian
172179,"Cheese, cottage, creamed, large or small curd",SR Legacy,11.12,4.3,3.38,0.0,98.0,vegetarian
172180,"Cheese, cottage, creamed, with fruit",SR Legacy,10.69,3.85,4.61,0.2,97.0,vegetarian
173417,"Cheese, cottage, lowfat, 1% milkfat",SR Legacy,12.39,1.02,2.72,0.0,72.0,vegetarian
167703,"Cheese, cottage, lowfat, 1% milkfat, lactose reduced",SR Legacy,12.4,1.0,3.2,0.6,74.0,vegetarian
168114,"Cheese, cottage, lowfat, 1% milkfat, no sodium added",SR Legacy,12.4,1.0,2.7,0.0,72.0,vegetarian
167716,"Cheese, cottage, lowfat, 1% milkfat, with vegetables",SR Legacy,10.9,1.0,3.0,0.0,67.0,vegetarian
172182,"Cheese, cottage, lowfat, 2% milkfat",SR Legacy,10.45,2.27,4.76,0.0,81.0,vegetarian
172181,"Cheese, cottage, nonfat, uncreamed, dry, large or small curd",SR Legacy,10.34,0.29,6.66,0.0,72.0,vegetarian
169078,"Cheese, cottage, with vegetables",SR Legacy,10.9,4.2,3.0,0.1,95.0,vegetarian
173418,"Cheese, cream",SR Legacy,6.15,34.44,5.52,0.0,350.0,vegetarian
172207,"Cheese, cream, fat free",SR Legacy,15.69,1.0,7.66,0.0,105.0,vegetarian
169079,"Cheese, cream, low fat",SR Legacy,7.85,16.67,6.73,0.0,208.0,vegetarian
329830,"Cheese, dry white, queso seco",Foundation Foods,24.5,24.3,2.07,,326.0,vegetarian
173419,"Cheese, edam",SR Legacy,24.99,28.57,1.43,0.0,357.0,vegetarian
173420,"Cheese, feta",SR Legacy,14.21,21.49,3.88,0.0,265.0,vegetarian
2259796,"Cheese, feta, whole milk, crumbled",Foundation Foods,19.70782,19.08,5.58318,,272.884,vegetarian
170843,"Cheese, fontina",SR Legacy,25.6,31.14,1.55,0.0,389.0,vegetarian
172223,"Cheese, fresh, queso fresco",SR Legacy,18.09,23.82,2.98,0.0,299.0,vegetarian
171240,"Cheese, gjetost",SR Legacy,9.65,29.51,42.65,0.0,466.0,vegetarian
172197,"Cheese, goat, hard type",SR Legacy,30.52,35.59,2.17,0.0,452.0,non_vegetarian
173433,"Cheese, goat, semisoft type",SR Legacy,21.58,29.84,0.12,0.0,364.0,non_vegetarian
173435,"Cheese, goat, soft type",SR Legacy,18.52,21.08,0.0,0.0,264.0,non_vegetarian
171241,"Cheese, gouda",SR Legacy,24.94,27.44,2.22,0.0,356.0,vegetarian
171242,"Cheese, gruyere",SR Legacy,29.81,32.34,0.36,0.0,413.0,vegetarian
171243,"Cheese, limburger",SR Legacy,20.05,27.25,0.49,0.0,327.0,vegetarian
173439,"Cheese, low fat, cheddar or colby",SR Legacy,24.35,7.0,1.91,0.0,173.0,vegetarian
173440,"Cheese, low-sodium, cheddar or colby",SR Legacy,24.35,32.62,1.91,0.0,398.0,vegetarian
171288,"Cheese, Mexican blend",SR Legacy,23.54,32.14,0.13,0.0,384.0,vegetarian
172216,"Cheese, Mexican, blend, reduced fat",SR Legacy,24.69,19.4,3.41,0.0,282.0,vegetarian
172201,"Cheese, mexican, queso anejo",SR Legacy,21.44,29.98,4.63,0.0,373.0,vegetarian
173437,"Cheese, mexican, queso asadero",SR Legacy,22.6,25.0,4.13,0.0,356.0,vegetarian
173438,"Cheese, mexican, queso chihuahua",SR Legacy,21.56,29.68,5.56,0.0,374.0,vegetarian
170898,"Cheese, mexican, queso cotija",SR Legacy,20.0,30.0,3.97,0.0,366.0,vegetarian
170844,"Cheese, monterey",SR Legacy,24.48,30.28,0.68,0.0,373.0,vegetarian
2647438,"Cheese, monterey jack, solid",Foundation Foods,22.6171,32.63,1.8979,,391.73,vegetarian
168098,"Cheese, monterey, low fat",SR Legacy,28.2,21.6,0.7,0.0,313.0,vegetarian
171244,"Cheese, mozzarella, low moisture, part-skim",SR Legacy,23.75,19.78,5.58,0.0,295.0,vegetarian
170900,"Cheese, mozzarella, low moisture, part-skim, shredded",SR Legacy,23.63,19.72,8.06,0.0,304.0,vegetarian
167735,"Cheese, mozzarella, low sodium",SR Legacy,27.5,17.1,3.1,0.0,280.0,vegetarian
169051,"Cheese, mozzarella, nonfat",SR Legacy,31.7,0.0,3.5,1.8,141.0,vegetarian
170847,"Cheese, mozzarella, part skim milk",SR Legacy,24.26,15.92,2.77,0.0,254.0,vegetarian
170845,"Cheese, mozzarella, whole milk",SR Legacy,22.17,22.14,2.4,0.0,299.0,vegetarian
170846,"Cheese, mozzarella, whole milk, low moisture",SR Legacy,21.6,24.64,2.47,0.0,318.0,vegetarian
171245,"Cheese, muenster",SR Legacy,23.41,30.04,1.12,0.0,368.0,vegetarian
169050,"Cheese, muenster, low fat",SR Legacy,24.7,17.6,3.5,0.0,271.0,vegetarian
171246,"Cheese, neufchatel",SR Legacy,9.15,22.78,3.59,0.0,253.0,vegetarian
2647441,"Cheese, oaxaca, solid",Foundation Foods,22.14498,22.1,2.40202,,297.088,vegetarian
173452,"Cheese, parmesan, dry grated, reduced fat",SR Legacy,20.0,20.0,1.37,0.0,265.0,vegetarian
171247,"Cheese, parmesan, grated",SR Legacy,28.42,27.84,13.91,0.0,420.0,vegetarian
2259795,"Cheese, parmesan, grated, refrigerated",Foundation Foods,30.13912,29.5,4.33188,,403.384,vegetarian
170848,"Cheese, parmesan, hard",SR Legacy,35.75,25.0,3.22,0.0,392.0,vegetarian
167705,"Cheese, parmesan, low sodium",SR Legacy,41.6,29.99,3.7,0.0,451.0,vegetarian
173431,"Cheese, parmesan, shredded",SR Legacy,37.86,27.34,3.41,0.0,415.0,vegetarian
2647439,"Cheese, pasteurized process cheese food or product, American, singles",Foundation Foods,15.5672,23.86,8.1898,,309.768,vegetarian
170853,"Cheese, pasteurized process, American, fortified with vitamin D",SR Legacy,18.13,30.71,4.78,0.0,366.0,vegetarian
169080,"Cheese, pasteurized process, American, low fat",SR Legacy,24.6,7.0,3.5,0.0,180.0,vegetarian
325198,"Cheese, pasteurized process, American, vitamin D fortified",Foundation Foods,18.0,30.6,5.27,,366.0,vegetarian
171290,"Cheese, pasteurized process, American, without added vitamin D",SR Legacy,18.13,31.79,3.7,0.0,371.0,vegetarian
168121,"Cheese, pasteurized process, cheddar or American, low sodium",SR Legacy,22.2,31.19,1.6,0.0,376.0,vegetarian
170854,"Cheese, pasteurized process, pimento",SR Legacy,22.13,31.2,1.73,0.1,375.0,vegetarian
170855,"Cheese, pasteurized process, swiss",SR Legacy,24.73,25.01,2.1,0.0,334.0,vegetarian
170849,"Cheese, port de salut",SR Legacy,23.78,28.2,0.57,0.0,352.0,vegetarian
170850,"Cheese, provolone",SR Legacy,25.58,26.62,2.14,0.0,351.0,vegetarian
172215,"Cheese, provolone, reduced fat",SR Legacy,24.7,17.6,3.5,0.0,274.0,vegetarian
2647440,"Cheese, provolone, sliced",Foundation Foods,23.45288,28.13,2.45312,,356.794,vegetarian
2647442,"Cheese, queso fresco, solid",Foundation Foods,18.8848,23.36,2.9572,,297.608,vegetarian
171248,"Cheese, ricotta, part skim milk",SR Legacy,11.39,7.91,5.14,0.0,138.0,vegetarian
170851,"Cheese, ricotta, whole milk",SR Legacy,7.54,10.18,7.27,0.0,150.0,vegetarian
171249,"Cheese, romano",SR Legacy,31.8,26.94,3.63,0.0,387.0,vegetarian
171250,"Cheese, roquefort",SR Legacy,21.54,30.64,2.0,0.0,369.0,vegetarian
171251,"Cheese, swiss",SR Legacy,26.96,30.99,1.44,0.0,393.0,vegetarian
168141,"Cheese, swiss, low fat",SR Legacy,28.4,5.1,3.4,0.0,179.0,vegetarian
168124,"Cheese, swiss, low sodium",SR Legacy,28.4,27.4,3.4,0.0,374.0,vegetarian
170897,"Cheese, Swiss, nonfat or fat free",SR Legacy,28.4,0.0,3.4,0.0,127.0,vegetarian
170852,"Cheese, tilsit",SR Legacy,24.41,25.98,1.88,0.0,340.0,vegetarian
172224,"Cheese, white, queso blanco",SR Legacy,20.38,24.31,2.53,,310.0,vegetarian
171623,"Cheesefurter, cheese smokie, pork, beef",SR Legacy,14.1,29.0,1.51,0.0,328.0,non_vegetarian
167807,"Cherry juice, tart",SR Legacy,0.31,0.54,13.7,,59.0,vegan
2710819,"Chia seeds, dry, raw",Foundation Foods,17.013,32.89,38.273,,517.154,vegan
170790,"CHICK-FIL-A, chicken sandwich",SR Legacy,16.28,11.19,20.89,1.4,249.0,non_vegetarian
171514,"Chicken breast tenders, breaded, cooked, microwaved",SR Legacy,16.35,12.89,17.56,0.0,252.0,non_vegetarian
171515,"Chicken breast tenders, breaded, uncooked",SR Legacy,14.73,15.75,15.01,1.1,263.0,non_vegetarian
173874,"Chicken breast, deli, rotisserie seasoned, sliced, prepackaged",SR Legacy,17.4,1.86,2.92,0.0,98.0,non_vegetarian
172962,"Chicken breast, fat-free, mesquite flavor, sliced",SR Legacy,16.8,0.39,2.25,0.0,80.0,non_vegetarian
172963,"Chicken breast, oven-roasted, fat-free, sliced",SR Legacy,16.79,0.39,2.17,0.0,79.0,non_vegetarian
174608,"Chicken breast, roll, oven-roasted",SR Legacy,14.59,7.65,1.79,0.0,134.0,non_vegetarian
171513,"Chicken patty, frozen, cooked",SR Legacy,14.85,19.58,12.84,0.3,287.0,non_vegetarian
171512,"Chicken patty, frozen, uncooked",SR Legacy,14.33,20.04,13.61,1.2,292.0,non_vegetarian
173331,"Chicken pot pie, frozen entree, prepared",SR Legacy,5.11,11.85,19.21,1.1,204.0,non_vegetarian
173858,Chicken spread,SR Legacy,18.01,17.56,4.05,0.3,158.0,non_vegetarian
173346,"Chicken tenders, breaded, frozen, prepared",SR Legacy,14.62,13.58,14.86,1.7,240.0,non_vegetarian
2646170,"Chicken, breast, boneless, skinless, raw",Foundation Foods,22.525,1.934,0.0,,106.034,non_vegetarian
171140,"Chicken, broiler or fryers, breast, skinless, boneless, meat only, cooked, braised",SR Legacy,32.06,3.24,0.0,0.0,157.0,non_vegetarian
171534,"Chicken, broiler or fryers, breast, skinless, boneless, meat only, cooked, grilled",SR Legacy,30.54,3.17,0.0,0.0,151.0,non_vegetarian
171077,"Chicken, broiler or fryers, breast, skinless, boneless, meat only, raw",SR Legacy,22.5,2.62,0.0,0.0,120.0,non_vegetarian
171535,"Chicken, broiler or fryers, breast, skinless, boneless, meat only, with added solution, cooked, braised",SR Legacy,28.24,3.61,0.0,0.0,145.0,non_vegetarian
171536,"Chicken, broiler or fryers, breast, skinless, boneless, meat only, with added solution, cooked, grilled",SR Legacy,29.5,3.39,0.0,0.0,148.0,non_vegetarian
174506,"Chicken, broiler, rotisserie, BBQ, back meat only",SR Legacy,21.85,13.87,0.31,0.0,212.0,non_vegetarian
171124,"Chicken, broiler, rotisserie, BBQ, back, meat and skin",SR Legacy,20.29,18.86,0.4,0.0,251.0,non_vegetarian
171125,"Chicken, broiler, rotisserie, BBQ, breast, meat and skin",SR Legacy,26.37,7.67,0.09,0.0,175.0,non_vegetarian
171445,"Chicken, broiler, rotisserie, BBQ, breast, meat only",SR Legacy,28.04,3.57,0.0,0.0,144.0,non_vegetarian
171126,"Chicken, broiler, rotisserie, BBQ, drumstick, meat and skin",SR Legacy,25.65,11.46,0.12,0.0,206.0,non_vegetarian
171114,"Chicken, broiler, rotisserie, BBQ, drumstick, meat only",SR Legacy,27.71,6.76,0.0,0.0,172.0,non_vegetarian
171524,"Chicken, broiler, rotisserie, BBQ, skin",SR Legacy,15.19,35.15,0.7,0.0,378.0,non_vegetarian
171127,"Chicken, broiler, rotisserie, BBQ, thigh, meat and skin",SR Legacy,22.51,15.08,0.12,0.0,226.0,non_vegetarian
171118,"Chicken, broiler, rotisserie, BBQ, thigh, meat only",SR Legacy,24.09,10.74,0.0,0.0,193.0,non_vegetarian
172830,"Chicken, broiler, rotisserie, BBQ, wing, meat and skin",SR Legacy,23.42,18.04,0.6,0.0,257.0,non_vegetarian
171516,"Chicken, broiler, rotisserie, BBQ, wing, meat only",SR Legacy,28.34,7.79,0.54,0.0,186.0,non_vegetarian
171521,"Chicken, broilers or fryers,  rotisserie, original seasoning, drumstick, meat and skin, cooked",SR Legacy,26.86,11.98,0.02,0.0,215.0,non_vegetarian
171470,"Chicken, broilers or fryers, back, meat and skin, cooked, fried, batter",SR Legacy,21.97,21.91,10.25,,331.0,non_vegetarian
171471,"Chicken, broilers or fryers, back, meat and skin, cooked, fried, flour",SR Legacy,27.79,20.74,6.5,,331.0,non_vegetarian
171071,"Chicken, broilers or fryers, back, meat and skin, cooked, roasted",SR Legacy,25.95,20.97,0.0,0.0,300.0,non_vegetarian
171072,"Chicken, broilers or fryers, back, meat and skin, cooked, stewed",SR Legacy,22.18,18.14,0.0,0.0,258.0,non_vegetarian
171469,"Chicken, broilers or fryers, back, meat and skin, raw",SR Legacy,14.05,28.74,0.0,0.0,319.0,non_vegetarian
171074,"Chicken, broilers or fryers, back, meat only, cooked, fried",SR Legacy,29.99,15.32,5.68,0.0,288.0,non_vegetarian
171472,"Chicken, broilers or fryers, back, meat only, cooked, roasted",SR Legacy,28.19,13.16,0.0,0.0,239.0,non_vegetarian
171473,"Chicken, broilers or fryers, back, meat only, cooked, stewed",SR Legacy,25.31,11.19,0.0,0.0,209.0,non_vegetarian
171073,"Chicken, broilers or fryers, back, meat only, raw",SR Legacy,19.56,5.92,0.0,0.0,137.0,non_vegetarian
171475,"Chicken, broilers or fryers, breast, meat and skin, cooked, fried, batter",SR Legacy,24.84,13.2,8.99,0.3,260.0,non_vegetarian
171476,"Chicken, broilers or fryers, breast, meat and skin, cooked, fried, flour",SR Legacy,31.84,8.87,1.64,0.1,222.0,non_vegetarian
171075,"Chicken, broilers or fryers, breast, meat and skin, cooked, roasted",SR Legacy,29.8,7.78,0.0,0.0,197.0,non_vegetarian
171076,"Chicken, broilers or fryers, breast, meat and skin, cooked, stewed",SR Legacy,27.39,7.42,0.0,0.0,184.0,non_vegetarian
171474,"Chicken, broilers or fryers, breast, meat and skin, raw",SR Legacy,20.85,9.25,0.0,0.0,172.0,non_vegetarian
171078,"Chicken, broilers or fryers, breast, meat only, cooked, fried",SR Legacy,33.44,4.71,0.51,0.0,187.0,non_vegetarian
171477,"Chicken, broilers or fryers, breast, meat only, cooked, roasted",SR Legacy,31.02,3.57,0.0,0.0,165.0,non_vegetarian
171478,"Chicken, broilers or fryers, breast, meat only, cooked, stewed",SR Legacy,28.98,3.03,0.0,0.0,151.0,non_vegetarian
171509,"Chicken, broilers or fryers, breast, skinless, boneless, meat only, with added solution, raw",SR Legacy,20.32,3.0,0.0,0.0,108.0,non_vegetarian
174497,"Chicken, broilers or fryers, dark meat, drumstick, meat and skin, cooked, braised",SR Legacy,22.72,10.73,0.0,0.0,187.0,non_vegetarian
172852,"Chicken, broilers or fryers, dark meat, drumstick, meat only, cooked, braised",SR Legacy,23.93,5.95,0.0,0.0,149.0,non_vegetarian
172376,"Chicken, broilers or fryers, dark meat, drumstick, meat only, cooked, roasted",SR Legacy,24.24,5.7,0.0,0.0,155.0,non_vegetarian
173614,"Chicken, broilers or fryers, dark meat, drumstick, meat only, raw",SR Legacy,19.41,3.71,0.0,0.0,116.0,non_vegetarian
171063,"Chicken, broilers or fryers, dark meat, meat and skin, cooked, fried, batter",SR Legacy,21.85,18.64,9.38,,298.0,non_vegetarian
171064,"Chicken, broilers or fryers, dark meat, meat and skin, cooked, fried, flour",SR Legacy,27.22,16.91,4.08,0.0,285.0,non_vegetarian
171065,"Chicken, broilers or fryers, dark meat, meat and skin, cooked, roasted",SR Legacy,25.97,15.78,0.0,0.0,253.0,non_vegetarian
171066,"Chicken, broilers or fryers, dark meat, meat and skin, cooked, stewed",SR Legacy,23.5,14.66,0.0,0.0,233.0,non_vegetarian
171463,"Chicken, broilers or fryers, dark meat, meat and skin, raw",SR Legacy,16.69,18.34,0.0,0.0,237.0,non_vegetarian
171068,"Chicken, broilers or fryers, dark meat, meat only, cooked, fried",SR Legacy,28.99,11.62,2.59,0.0,239.0,non_vegetarian
171069,"Chicken, broilers or fryers, dark meat, meat only, cooked, roasted",SR Legacy,27.37,9.73,0.0,0.0,205.0,non_vegetarian
171070,"Chicken, broilers or fryers, dark meat, meat only, cooked, stewed",SR Legacy,25.97,8.98,0.0,0.0,192.0,non_vegetarian
171067,"Chicken, broilers or fryers, dark meat, meat only, raw",SR Legacy,20.08,4.31,0.0,0.0,125.0,non_vegetarian
174498,"Chicken, broilers or fryers, dark meat, thigh, meat and skin, cooked, braised",SR Legacy,22.57,15.43,0.0,0.0,229.0,non_vegetarian
172853,"Chicken, broilers or fryers, dark meat, thigh, meat only, cooked, braised",SR Legacy,24.55,8.63,0.0,0.0,176.0,non_vegetarian
173627,"Chicken, broilers or fryers, dark meat, thigh, meat only, raw",SR Legacy,19.66,4.12,0.0,0.0,121.0,non_vegetarian
172374,"Chicken, broilers or fryers, drumstick, meat and skin, cooked, fried, batter",SR Legacy,21.95,15.75,8.28,0.3,268.0,non_vegetarian
173611,"Chicken, broilers or fryers, drumstick, meat and skin, cooked, fried, flour",SR Legacy,26.96,13.72,1.63,0.1,245.0,non_vegetarian
173612,"Chicken, broilers or fryers, drumstick, meat and skin, cooked, roasted",SR Legacy,23.35,10.15,0.0,0.0,191.0,non_vegetarian
173613,"Chicken, broilers or fryers, drumstick, meat and skin, cooked, stewed",SR Legacy,25.32,10.64,0.0,0.0,204.0,non_vegetarian
172373,"Chicken, broilers or fryers, drumstick, meat and skin, raw",SR Legacy,18.08,9.2,0.11,0.0,161.0,non_vegetarian
331897,"Chicken, broilers or fryers, drumstick, meat only, cooked, braised",Foundation Foods,23.9,5.95,0.0,,156.0,non_vegetarian
172375,"Chicken, broilers or fryers, drumstick, meat only, cooked, fried",SR Legacy,28.62,8.08,0.0,0.0,195.0,non_vegetarian
172377,"Chicken, broilers or fryers, drumstick, meat only, cooked, stewed",SR Legacy,27.5,5.71,0.0,0.0,169.0,non_vegetarian
171519,"Chicken, broilers or fryers, drumstick, rotisserie, original seasoning, meat only, cooked",SR Legacy,28.74,6.81,0.0,0.0,176.0,non_vegetarian
171058,"Chicken, broilers or fryers, giblets, cooked, fried",SR Legacy,32.54,13.46,4.35,0.0,277.0,non_vegetarian
171455,"Chicken, broilers or fryers, giblets, cooked, simmered",SR Legacy,27.15,4.5,0.0,0.0,157.0,non_vegetarian
171057,"Chicken, broilers or fryers, giblets, raw",SR Legacy,17.88,4.47,1.8,0.0,124.0,non_vegetarian
173615,"Chicken, broilers or fryers, leg, meat and skin, cooked, fried, batter",SR Legacy,21.77,16.17,8.72,0.3,273.0,non_vegetarian
173616,"Chicken, broilers or fryers, leg, meat and skin, cooked, fried, flour",SR Legacy,26.84,14.43,2.5,0.1,254.0,non_vegetarian
173617,"Chicken, broilers or fryers, leg, meat and skin, cooked, roasted",SR Legacy,24.03,8.99,0.0,0.0,184.0,non_vegetarian
173618,"Chicken, broilers or fryers, leg, meat and skin, cooked, stewed",SR Legacy,24.17,12.92,0.0,0.0,220.0,non_vegetarian
172378,"Chicken, broilers or fryers, leg, meat and skin, raw",SR Legacy,16.37,15.95,0.17,0.0,214.0,non_vegetarian
172379,"Chicken, broilers or fryers, leg, meat only, cooked, fried",SR Legacy,28.38,9.32,0.65,0.0,208.0,non_vegetarian
172380,"Chicken, broilers or fryers, leg, meat only, cooked, roasted",SR Legacy,24.22,7.8,0.0,0.0,174.0,non_vegetarian
172381,"Chicken, broilers or fryers, leg, meat only, cooked, stewed",SR Legacy,26.26,8.06,0.0,0.0,185.0,non_vegetarian
173619,"Chicken, broilers or fryers, leg, meat only, raw",SR Legacy,19.16,4.22,0.0,0.0,120.0,non_vegetarian
171459,"Chicken, broilers or fryers, light meat, meat and skin, cooked, fried, batter",SR Legacy,23.55,15.44,9.5,,277.0,non_vegetarian
171460,"Chicken, broilers or fryers, light meat, meat and skin, cooked, fried, flour",SR Legacy,30.45,12.09,1.82,0.1,246.0,non_vegetarian
171461,"Chicken, broilers or fryers, light meat, meat and skin, cooked, roasted",SR Legacy,29.02,10.85,0.0,0.0,222.0,non_vegetarian
171462,"Chicken, broilers or fryers, light meat, meat and skin, cooked, stewed",SR Legacy,26.14,9.97,0.0,0.0,201.0,non_vegetarian
171062,"Chicken, broilers or fryers, light meat, meat and skin, raw",SR Legacy,20.27,11.07,0.0,0.0,186.0,non_vegetarian
171465,"Chicken, broilers or fryers, light meat, meat only, cooked, fried",SR Legacy,32.82,5.54,0.42,0.0,192.0,non_vegetarian
171466,"Chicken, broilers or fryers, light meat, meat only, cooked, roasted",SR Legacy,30.91,4.51,0.0,0.0,173.0,non_vegetarian
171467,"Chicken, broilers or fryers, light meat, meat only, cooked, stewed",SR Legacy,28.88,3.99,0.0,0.0,159.0,non_vegetarian
171464,"Chicken, broilers or fryers, light meat, meat only, raw",SR Legacy,23.2,1.65,0.0,0.0,114.0,non_vegetarian
171048,"Chicken, broilers or fryers, meat and skin and giblets and neck, cooked, fried, batter",SR Legacy,22.84,17.53,9.03,,291.0,non_vegetarian
171049,"Chicken, broilers or fryers, meat and skin and giblets and neck, cooked, fried, flour",SR Legacy,28.57,15.27,3.27,,272.0,non_vegetarian
171047,"Chicken, broilers or fryers, meat and skin and giblets and neck, raw",SR Legacy,18.33,14.83,0.13,0.0,213.0,non_vegetarian
171050,"Chicken, broilers or fryers, meat and skin and giblets and neck, roasted",SR Legacy,26.78,13.27,0.06,0.0,234.0,non_vegetarian
171446,"Chicken, broilers or fryers, meat and skin and giblets and neck, stewed",SR Legacy,24.49,12.37,0.06,0.0,216.0,non_vegetarian
171448,"Chicken, broilers or fryers, meat and skin, cooked, fried, batter",SR Legacy,22.54,17.35,9.42,0.3,289.0,non_vegetarian
171449,"Chicken, broilers or fryers, meat and skin, cooked, fried, flour",SR Legacy,28.56,14.92,3.15,0.1,269.0,non_vegetarian
171450,"Chicken, broilers or fryers, meat and skin, cooked, roasted",SR Legacy,27.3,13.6,0.0,0.0,239.0,non_vegetarian
171051,"Chicken, broilers or fryers, meat and skin, cooked, stewed",SR Legacy,24.68,12.56,0.0,0.0,219.0,non_vegetarian
171447,"Chicken, broilers or fryers, meat and skin, raw",SR Legacy,18.6,15.06,0.0,0.0,215.0,non_vegetarian
171053,"Chicken, broilers or fryers, meat only, cooked, fried",SR Legacy,30.57,9.12,1.69,0.1,219.0,non_vegetarian
171054,"Chicken, broilers or fryers, meat only, cooked, roasted",SR Legacy,28.93,7.41,0.0,0.0,190.0,non_vegetarian
171451,"Chicken, broilers or fryers, meat only, cooked, stewed",SR Legacy,27.29,6.71,0.0,0.0,177.0,non_vegetarian
171052,"Chicken, broilers or fryers, meat only, raw",SR Legacy,21.39,3.08,0.0,0.0,119.0,non_vegetarian
173622,"Chicken, broilers or fryers, neck, meat and skin, cooked simmered",SR Legacy,19.61,18.1,0.0,0.0,247.0,non_vegetarian
173620,"Chicken, broilers or fryers, neck, meat and skin, cooked, fried, batter",SR Legacy,19.82,23.52,8.7,,330.0,non_vegetarian
173621,"Chicken, broilers or fryers, neck, meat and skin, cooked, fried, flour",SR Legacy,24.01,23.61,4.24,,332.0,non_vegetarian
172382,"Chicken, broilers or fryers, neck, meat and skin, raw",SR Legacy,14.07,26.24,0.0,0.0,297.0,non_vegetarian
172383,"Chicken, broilers or fryers, neck, meat only, cooked, fried",SR Legacy,26.87,11.88,1.77,0.0,229.0,non_vegetarian
172384,"Chicken, broilers or fryers, neck, meat only, cooked, simmered",SR Legacy,24.56,8.18,0.0,0.0,179.0,non_vegetarian
173623,"Chicken, broilers or fryers, neck, meat only, raw",SR Legacy,17.55,8.78,0.0,0.0,154.0,non_vegetarian
171122,"Chicken, broilers or fryers, rotisserie, original seasoning, back, meat and skin, cooked",SR Legacy,23.23,18.59,0.03,0.0,260.0,non_vegetarian
171517,"Chicken, broilers or fryers, rotisserie, original seasoning, back, meat only, cooked",SR Legacy,25.34,11.54,0.0,0.0,205.0,non_vegetarian
171123,"Chicken, broilers or fryers, rotisserie, original seasoning, breast, meat and skin, cooked",SR Legacy,27.48,8.18,0.02,0.0,184.0,non_vegetarian
171518,"Chicken, broilers or fryers, rotisserie, original seasoning, breast, meat only, cooked",SR Legacy,28.0,2.79,0.0,0.0,137.0,non_vegetarian
171520,"Chicken, broilers or fryers, rotisserie, original seasoning, skin only, cooked",SR Legacy,17.66,37.24,0.11,0.0,406.0,non_vegetarian
171522,"Chicken, broilers or fryers, rotisserie, original seasoning, thigh, meat and skin, cooked",SR Legacy,22.93,15.7,0.02,0.0,233.0,non_vegetarian
171120,"Chicken, broilers or fryers, rotisserie, original seasoning, thigh, meat only, cooked",SR Legacy,24.06,11.09,0.0,0.0,196.0,non_vegetarian
171523,"Chicken, broilers or fryers, rotisserie, original seasoning, wing, meat and skin, cooked",SR Legacy,24.34,18.77,0.04,0.0,266.0,non_vegetarian
171121,"Chicken, broilers or fryers, rotisserie, original seasoning, wing, meat only, cooked",SR Legacy,27.69,9.53,0.0,0.0,197.0,non_vegetarian
171468,"Chicken, broilers or fryers, separable fat, raw",SR Legacy,3.73,67.95,0.0,0.0,629.0,non_vegetarian
171453,"Chicken, broilers or fryers, skin only, cooked, fried, batter",SR Legacy,10.32,28.83,23.15,,394.0,non_vegetarian
171454,"Chicken, broilers or fryers, skin only, cooked, fried, flour",SR Legacy,19.09,42.58,9.34,,502.0,non_vegetarian
171055,"Chicken, broilers or fryers, skin only, cooked, roasted",SR Legacy,20.36,40.68,0.0,0.0,454.0,non_vegetarian
171056,"Chicken, broilers or fryers, skin only, cooked, stewed",SR Legacy,15.22,33.04,0.0,0.0,363.0,non_vegetarian
171452,"Chicken, broilers or fryers, skin only, raw",SR Legacy,13.33,32.35,0.0,0.0,349.0,non_vegetarian
172386,"Chicken, broilers or fryers, thigh, meat and skin, cooked, fried, batter",SR Legacy,21.61,16.53,9.08,0.3,277.0,non_vegetarian
173624,"Chicken, broilers or fryers, thigh, meat and skin, cooked, fried, flour",SR Legacy,26.75,14.98,3.18,0.1,262.0,non_vegetarian
173625,"Chicken, broilers or fryers, thigh, meat and skin, cooked, roasted",SR Legacy,23.26,14.71,0.0,0.0,232.0,non_vegetarian
173626,"Chicken, broilers or fryers, thigh, meat and skin, cooked, stewed",SR Legacy,23.26,14.74,0.0,0.0,232.0,non_vegetarian
172385,"Chicken, broilers or fryers, thigh, meat and skin, raw",SR Legacy,16.52,16.61,0.25,0.0,221.0,non_vegetarian
172387,"Chicken, broilers or fryers, thigh, meat only, cooked, fried",SR Legacy,28.18,10.3,1.18,0.0,218.0,non_vegetarian
172388,"Chicken, broilers or fryers, thigh, meat only, cooked, roasted",SR Legacy,24.76,8.15,0.0,0.0,179.0,non_vegetarian
172389,"Chicken, broilers or fryers, thigh, meat only, cooked, stewed",SR Legacy,25.0,9.79,0.0,0.0,195.0,non_vegetarian
173628,"Chicken, broilers or fryers, wing, meat and skin, cooked, fried, batter",SR Legacy,19.87,21.81,10.94,0.3,324.0,non_vegetarian
173629,"Chicken, broilers or fryers, wing, meat and skin, cooked, fried, flour",SR Legacy,26.11,22.16,2.39,0.1,321.0,non_vegetarian
173630,"Chicken, broilers or fryers, wing, meat and skin, cooked, roasted",SR Legacy,23.79,16.87,0.0,0.0,254.0,non_vegetarian
173631,"Chicken, broilers or fryers, wing, meat and skin, cooked, stewed",SR Legacy,22.78,16.82,0.0,0.0,249.0,non_vegetarian
172390,"Chicken, broilers or fryers, wing, meat and skin, raw",SR Legacy,17.52,12.85,0.0,0.0,191.0,non_vegetarian
172391,"Chicken, broilers or fryers, wing, meat only, cooked, fried",SR Legacy,30.15,9.15,0.0,0.0,211.0,non_vegetarian
172392,"Chicken, broilers or fryers, wing, meat only, cooked, roasted",SR Legacy,30.46,8.13,0.0,0.0,203.0,non_vegetarian
172393,"Chicken, broilers or fryers, wing, meat only, cooked, stewed",SR Legacy,27.18,7.18,0.0,0.0,181.0,non_vegetarian
173632,"Chicken, broilers or fryers, wing, meat only, raw",SR Legacy,21.97,3.54,0.0,0.0,126.0,non_vegetarian
171099,"Chicken, canned, meat only, with broth",SR Legacy,21.77,7.95,0.0,0.0,165.0,non_vegetarian
171110,"Chicken, canned, no broth",SR Legacy,25.3,8.1,0.9,0.0,185.0,non_vegetarian
174466,"Chicken, capons, giblets, cooked, simmered",SR Legacy,26.39,5.4,0.76,0.0,164.0,non_vegetarian
174465,"Chicken, capons, giblets, raw",SR Legacy,18.28,5.18,1.42,0.0,130.0,non_vegetarian
172407,"Chicken, capons, meat and skin and giblets and neck, cooked, roasted",SR Legacy,28.35,11.67,0.04,0.0,226.0,non_vegetarian
172406,"Chicken, capons, meat and skin and giblets and neck, raw",SR Legacy,18.51,16.9,0.08,0.0,232.0,non_vegetarian
173646,"Chicken, capons, meat and skin, cooked, roasted",SR Legacy,28.96,11.65,0.0,0.0,229.0,non_vegetarian
173645,"Chicken, capons, meat and skin, raw",SR Legacy,18.77,17.07,0.0,0.0,234.0,non_vegetarian
171107,"Chicken, cornish game hens, meat and skin, cooked, roasted",SR Legacy,22.27,18.21,0.0,0.0,259.0,non_vegetarian
171507,"Chicken, cornish game hens, meat and skin, raw",SR Legacy,17.15,14.02,0.0,0.0,200.0,non_vegetarian
171109,"Chicken, cornish game hens, meat only, cooked, roasted",SR Legacy,23.3,3.87,0.0,0.0,134.0,non_vegetarian
171108,"Chicken, cornish game hens, meat only, raw",SR Legacy,20.04,3.33,0.0,0.0,116.0,non_vegetarian
174504,"Chicken, dark meat, drumstick, meat and skin, with added solution, cooked, braised",SR Legacy,21.55,10.71,0.13,0.0,183.0,non_vegetarian
172861,"Chicken, dark meat, drumstick, meat and skin, with added solution, cooked, roasted",SR Legacy,24.72,9.0,0.05,0.0,180.0,non_vegetarian
172860,"Chicken, dark meat, drumstick, meat and skin, with added solution, raw",SR Legacy,18.03,8.24,0.0,0.0,146.0,non_vegetarian
172857,"Chicken, dark meat, drumstick, meat only, with added solution, cooked, braised",SR Legacy,22.99,6.33,0.0,0.0,149.0,non_vegetarian
172856,"Chicken, dark meat, drumstick, meat only, with added solution, cooked, roasted",SR Legacy,25.34,5.0,0.0,0.0,146.0,non_vegetarian
174499,"Chicken, dark meat, drumstick, meat only, with added solution, raw",SR Legacy,19.19,3.26,0.0,0.0,106.0,non_vegetarian
172862,"Chicken, dark meat, thigh, meat and skin, with added solution, cooked, braised",SR Legacy,20.7,14.62,0.21,0.0,215.0,non_vegetarian
174505,"Chicken, dark meat, thigh, meat and skin, with added solution, cooked, roasted",SR Legacy,23.47,13.81,0.09,0.0,214.0,non_vegetarian
172863,"Chicken, dark meat, thigh, meat and skin, with added solution, raw",SR Legacy,16.56,14.58,0.0,0.0,197.0,non_vegetarian
172858,"Chicken, dark meat, thigh, meat only, with added solution, cooked, braised",SR Legacy,23.0,7.96,0.0,0.0,164.0,non_vegetarian
174500,"Chicken, dark meat, thigh, meat only, with added solution, cooked, roasted",SR Legacy,24.23,7.73,0.0,0.0,164.0,non_vegetarian
172859,"Chicken, dark meat, thigh, meat only, with added solution, raw",SR Legacy,19.11,3.69,0.0,0.0,110.0,non_vegetarian
171119,"Chicken, feet, boiled",SR Legacy,19.4,14.6,0.2,0.0,215.0,non_vegetarian
171457,"Chicken, gizzard, all classes, cooked, simmered",SR Legacy,30.39,2.68,0.0,0.0,154.0,non_vegetarian
171456,"Chicken, gizzard, all classes, raw",SR Legacy,17.66,2.06,0.0,0.0,94.0,non_vegetarian
171117,"Chicken, ground, crumbles, cooked, pan-browned",SR Legacy,23.28,10.92,0.0,0.0,189.0,non_vegetarian
171116,"Chicken, ground, raw",SR Legacy,17.44,8.1,0.04,0.0,143.0,non_vegetarian
2514746,"Chicken, ground, with additives, raw",Foundation Foods,17.9125,7.161,0.0,,133.0498,non_vegetarian
171059,"Chicken, heart, all classes, cooked, simmered",SR Legacy,26.41,7.92,0.1,0.0,185.0,non_vegetarian
171458,"Chicken, heart, all classes, raw",SR Legacy,15.55,9.33,0.71,0.0,153.0,non_vegetarian
174491,"Chicken, liver, all classes, cooked, pan-fried",SR Legacy,25.78,6.43,1.11,0.0,172.0,non_vegetarian
171061,"Chicken, liver, all classes, cooked, simmered",SR Legacy,24.46,6.51,0.87,0.0,167.0,non_vegetarian
171060,"Chicken, liver, all classes, raw",SR Legacy,16.92,4.83,0.73,0.0,119.0,non_vegetarian
169886,"Chicken, meatless",SR Legacy,23.64,12.73,3.64,3.6,224.0,non_vegetarian
167719,"Chicken, meatless, breaded, fried",SR Legacy,21.28,12.77,8.51,4.3,234.0,non_vegetarian
172111,"Chicken, nuggets, dark and white meat, precooked, frozen, not reheated",SR Legacy,12.02,17.31,16.09,1.6,268.0,non_vegetarian
172112,"Chicken, nuggets, white meat, precooked, frozen, not reheated",SR Legacy,14.36,15.42,16.24,0.7,261.0,non_vegetarian
173639,"Chicken, roasting, dark meat, meat only, cooked, roasted",SR Legacy,23.25,8.75,0.0,0.0,178.0,non_vegetarian
173638,"Chicken, roasting, dark meat, meat only, raw",SR Legacy,18.74,3.61,0.0,0.0,113.0,non_vegetarian
172397,"Chicken, roasting, giblets, cooked, simmered",SR Legacy,26.77,5.22,0.86,0.0,165.0,non_vegetarian
172396,"Chicken, roasting, giblets, raw",SR Legacy,18.14,5.04,1.14,0.0,127.0,non_vegetarian
173637,"Chicken, roasting, light meat, meat only, cooked, roasted",SR Legacy,27.13,4.07,0.0,0.0,153.0,non_vegetarian
172398,"Chicken, roasting, light meat, meat only, raw",SR Legacy,22.2,1.63,0.0,0.0,109.0,non_vegetarian
173633,"Chicken, roasting, meat and skin and giblets and neck, cooked, roasted",SR Legacy,23.96,13.07,0.05,0.0,220.0,non_vegetarian
172394,"Chicken, roasting, meat and skin and giblets and neck, raw",SR Legacy,17.09,15.46,0.09,0.0,213.0,non_vegetarian
173635,"Chicken, roasting, meat and skin, cooked, roasted",SR Legacy,23.97,13.39,0.0,0.0,223.0,non_vegetarian
172395,"Chicken, roasting, meat only, cooked, roasted",SR Legacy,25.01,6.63,0.0,0.0,167.0,non_vegetarian
173636,"Chicken, roasting, meat only, raw",SR Legacy,20.33,2.7,0.0,0.0,111.0,non_vegetarian
172854,"Chicken, skin (drumsticks and thighs), cooked, braised",SR Legacy,14.61,42.76,0.0,0.0,443.0,non_vegetarian
174496,"Chicken, skin (drumsticks and thighs), cooked, roasted",SR Legacy,16.57,43.99,0.0,0.0,462.0,non_vegetarian
172855,"Chicken, skin (drumsticks and thighs), raw",SR Legacy,9.58,44.23,0.79,0.0,440.0,non_vegetarian
174501,"Chicken, skin (drumsticks and thighs), with added solution, cooked, braised",SR Legacy,12.26,38.94,1.0,0.0,403.0,non_vegetarian
174503,"Chicken, skin (drumsticks and thighs), with added solution, cooked, roasted",SR Legacy,20.31,37.6,0.44,0.0,421.0,non_vegetarian
174502,"Chicken, skin (drumsticks and thighs), with added solution, raw",SR Legacy,11.11,37.9,0.01,0.0,386.0,non_vegetarian
172405,"Chicken, stewing, dark meat, meat only, cooked, stewed",SR Legacy,28.14,15.28,0.0,0.0,258.0,non_vegetarian
172404,"Chicken, stewing, dark meat, meat only, raw",SR Legacy,19.7,8.12,0.0,0.0,157.0,non_vegetarian
173642,"Chicken, stewing, giblets, cooked, simmered",SR Legacy,25.73,9.3,0.11,0.0,194.0,non_vegetarian
173641,"Chicken, stewing, giblets, raw",SR Legacy,17.89,9.21,2.13,0.0,168.0,non_vegetarian
173644,"Chicken, stewing, light meat, meat only, cooked, stewed",SR Legacy,33.04,7.98,0.0,0.0,213.0,non_vegetarian
173643,"Chicken, stewing, light meat, meat only, raw",SR Legacy,23.1,4.21,0.0,0.0,137.0,non_vegetarian
172399,"Chicken, stewing, meat and skin, and giblets and neck, cooked, stewed",SR Legacy,24.88,11.91,0.0,0.0,214.0,non_vegetarian
173640,"Chicken, stewing, meat and skin, and giblets and neck, raw",SR Legacy,17.48,19.52,0.19,0.0,251.0,non_vegetarian
172401,"Chicken, stewing, meat and skin, cooked, stewed",SR Legacy,26.88,18.87,0.0,0.0,285.0,non_vegetarian
172400,"Chicken, stewing, meat and skin, raw",SR Legacy,17.55,20.33,0.0,0.0,258.0,non_vegetarian
172403,"Chicken, stewing, meat only, cooked, stewed",SR Legacy,30.42,11.89,0.0,0.0,237.0,non_vegetarian
172402,"Chicken, stewing, meat only, raw",SR Legacy,21.26,6.32,0.0,0.0,148.0,non_vegetarian
2646171,"Chicken, thigh, boneless, skinless, raw",Foundation Foods,18.6125,7.916,0.0,,144.07,non_vegetarian
168961,"Chicken, thighs, frozen, breaded, reheated",SR Legacy,18.66,22.45,14.23,0.1,334.0,non_vegetarian
171111,"Chicken, wing, frozen, glazed, barbecue flavored",SR Legacy,19.67,12.67,3.34,0.6,211.0,non_vegetarian
171115,"Chicken, wing, frozen, glazed, barbecue flavored, heated (conventional oven)",SR Legacy,22.24,14.87,3.36,0.5,242.0,non_vegetarian
171508,"Chicken, wing, frozen, glazed, barbecue flavored, heated (microwave)",SR Legacy,25.34,13.9,3.84,0.9,248.0,non_vegetarian
174288,Chickpea flour (besan),SR Legacy,22.39,6.69,57.82,10.8,387.0,vegan
2644288,"Chickpeas (garbanzo beans, bengal gram), canned, sodium added, drained and rinsed",Foundation Foods,7.01875,3.096,20.32025,,137.22,vegan
173800,"Chickpeas (garbanzo beans, bengal gram), mature seeds, canned, drained solids",SR Legacy,7.05,2.77,22.53,6.4,139.0,vegan
173801,"Chickpeas (garbanzo beans, bengal gram), mature seeds, canned, drained, rinsed in tap water",SR Legacy,7.04,2.47,22.87,6.3,138.0,vegan
175206,"Chickpeas (garbanzo beans, bengal gram), mature seeds, canned, solids and liquids",SR Legacy,4.92,1.95,13.49,4.4,88.0,vegan
175250,"Chickpeas (garbanzo beans, bengal gram), mature seeds, canned, solids and liquids, low sodium",SR Legacy,4.92,1.95,13.49,4.4,88.0,vegan
173799,"Chickpeas (garbanzo beans, bengal gram), mature seeds, cooked, boiled, with salt",SR Legacy,8.86,2.59,27.42,7.6,164.0,vegan
173757,"Chickpeas (garbanzo beans, bengal gram), mature seeds, cooked, boiled, without salt",SR Legacy,8.86,2.59,27.42,7.6,164.0,vegan
173756,"Chickpeas (garbanzo beans, bengal gram), mature seeds, raw",SR Legacy,20.47,6.04,62.95,12.2,378.0,vegan
2644282,"Chickpeas, (garbanzo beans, bengal gram), dry",Foundation Foods,21.275,6.274,60.358,,382.998,vegan
172097,"Chili con carne with beans, canned entree",SR Legacy,5.8,3.47,13.1,3.3,107.0,vegan
175207,"Chili with beans, canned",SR Legacy,6.12,3.76,13.24,3.3,103.0,vegan
172110,"Chili with beans, microwavable bowls",SR Legacy,5.85,3.68,10.88,2.9,100.0,vegan
172098,"Chili, no beans, canned entree",SR Legacy,7.53,7.1,6.1,0.5,118.0,vegan
168000,Chocolate-flavored hazelnut spread,SR Legacy,5.41,29.73,62.36,5.4,539.0,vegan
167940,"Cinnamon buns, frosted (includes honey buns)",SR Legacy,4.45,26.61,48.6,1.2,452.0,vegetarian
168774,"Cocoa, dry powder, unsweetened, HERSHEY'S European Style Cocoa",SR Legacy,20.0,10.0,60.0,20.0,410.0,vegan
2747654,"Cod, Pacific or Alaskan, frozen, wild caught",Foundation Foods,14.2,0.216,0.524,,60.84,non_vegetarian
168523,"Collards, cooked, boiled, drained, with salt",SR Legacy,2.71,0.72,5.65,4.0,33.0,non_vegetarian
170407,"Collards, cooked, boiled, drained, without salt",SR Legacy,2.71,0.72,5.65,4.0,33.0,non_vegetarian
168524,"Collards, frozen, chopped, cooked, boiled, drained, with salt",SR Legacy,2.97,0.41,7.1,2.8,36.0,non_vegetarian
169996,"Collards, frozen, chopped, cooked, boiled, drained, without salt",SR Legacy,2.97,0.41,7.1,2.8,36.0,non_vegetarian
170408,"Collards, frozen, chopped, unprepared",SR Legacy,2.69,0.37,6.46,3.6,33.0,non_vegetarian
2685574,"Collards, raw",Foundation Foods,2.96875,0.77,7.02225,3.816,46.894,non_vegetarian
173256,"Continental Mills, Krusteaz Almond Poppyseed Muffin Mix, Artificially Flavored, dry",SR Legacy,5.6,10.3,75.6,1.7,418.0,vegan
174079,"Cookie, butter or sugar, with chocolate icing or filling",SR Legacy,4.1,23.5,68.83,1.9,503.0,vegetarian
174080,"Cookie, chocolate, with icing or coating",SR Legacy,4.5,24.2,67.87,2.3,507.0,vegan
171835,"Cookie, vanilla with caramel, coconut, and chocolate coating",SR Legacy,3.5,25.8,64.1,4.4,489.0,vegan
171836,"Cookie, with peanut butter filling, chocolate-coated",SR Legacy,8.1,35.3,52.9,3.5,562.0,vegetarian
174950,"Cookies, butter, commercially prepared, enriched",SR Legacy,6.1,18.8,68.9,0.8,467.0,vegetarian
172819,"Cookies, butter, commercially prepared, unenriched",SR Legacy,6.1,18.8,68.9,0.8,467.0,vegetarian
172808,"Cookies, chocolate chip, prepared from recipe, made with butter",SR Legacy,5.7,28.4,58.2,,488.0,vegetarian
171866,"Cookies, chocolate cream covered biscuit sticks",SR Legacy,10.0,22.5,51.08,5.0,447.0,vegetarian
172719,"Cookies, chocolate sandwich, with creme filling, regular, chocolate-coated",SR Legacy,3.6,26.4,66.4,5.2,481.0,vegan
174096,"Cookies, chocolate, made with rice cereal",SR Legacy,3.23,19.35,63.26,1.6,440.0,vegan
171847,"Cookies, coconut macaroon",SR Legacy,3.02,22.55,61.22,5.1,460.0,vegan
172721,"Cookies, fig bars",SR Legacy,3.7,7.3,70.9,4.6,348.0,vegan
171859,"Cookies, gluten-free, lemon wafer",SR Legacy,0.0,24.18,74.39,0.0,515.0,vegan
174958,"Cookies, graham crackers, chocolate-coated",SR Legacy,4.0,25.8,66.78,2.2,500.0,non_vegetarian
174957,"Cookies, graham crackers, plain or honey (includes cinnamon)",SR Legacy,6.69,10.6,77.66,3.4,430.0,non_vegetarian
174083,"Cookies, graham crackers, plain or honey, lowfat",SR Legacy,5.71,5.71,77.96,5.7,386.0,non_vegetarian
174959,"Cookies, ladyfingers, with lemon juice and rind",SR Legacy,10.6,9.1,59.7,1.0,365.0,vegan
172821,"Cookies, ladyfingers, without lemon juice and rind",SR Legacy,10.6,9.1,59.7,1.0,363.0,vegan
172723,"Cookies, marshmallow, chocolate-coated (includes marshmallow pies)",SR Legacy,4.0,16.9,67.7,2.0,421.0,vegan
174097,"Cookies, marshmallow, with rice cereal and chocolate chips",SR Legacy,4.55,18.18,63.26,0.0,435.0,vegan
172724,"Cookies, molasses",SR Legacy,5.6,12.8,73.8,1.0,430.0,vegan
171842,"Cookies, oatmeal sandwich, with creme filling",SR Legacy,2.61,18.29,55.62,2.6,398.0,vegan
172725,"Cookies, oatmeal, commercially prepared, regular",SR Legacy,6.2,18.1,68.7,2.8,450.0,vegan
172726,"Cookies, oatmeal, commercially prepared, soft-type",SR Legacy,6.1,14.7,65.7,2.7,409.0,vegan
172734,"Cookies, oatmeal, commercially prepared, special dietary",SR Legacy,4.8,18.0,69.9,2.9,449.0,vegan
174960,"Cookies, oatmeal, dry mix",SR Legacy,6.5,19.2,67.3,,462.0,vegan
172807,"Cookies, oatmeal, prepared from recipe, without raisins",SR Legacy,6.8,17.9,66.4,,447.0,vegan
171865,"Cookies, oatmeal, reduced fat",SR Legacy,4.02,10.04,64.62,16.1,365.0,vegan
174961,"Cookies, oatmeal, refrigerated dough",SR Legacy,5.4,18.9,59.1,2.5,424.0,vegan
174962,"Cookies, oatmeal, refrigerated dough, baked",SR Legacy,6.0,21.0,65.7,2.8,471.0,vegan
333008,"Cookies, oatmeal, soft, with raisins",Foundation Foods,5.79,14.3,69.6,3.3,430.0,vegan
174963,"Cookies, oatmeal, with raisins",SR Legacy,5.86,15.76,68.95,3.3,441.0,vegan
174965,"Cookies, peanut butter sandwich, regular",SR Legacy,8.8,21.1,65.6,1.9,478.0,vegetarian
174969,"Cookies, peanut butter sandwich, special dietary",SR Legacy,10.0,34.0,50.8,,535.0,vegetarian
172727,"Cookies, peanut butter, commercially prepared, regular",SR Legacy,8.92,23.82,58.15,2.1,473.0,vegetarian
172728,"Cookies, peanut butter, commercially prepared, soft-type",SR Legacy,5.3,24.4,57.7,1.7,457.0,vegetarian
171843,"Cookies, peanut butter, commercially prepared, sugar free",SR Legacy,10.34,31.03,50.52,3.4,523.0,vegetarian
174964,"Cookies, peanut butter, prepared from recipe",SR Legacy,9.0,23.8,58.9,,475.0,vegetarian
172729,"Cookies, peanut butter, refrigerated dough",SR Legacy,8.2,25.0,52.1,1.1,458.0,vegetarian
172730,"Cookies, peanut butter, refrigerated dough, baked",SR Legacy,9.1,27.5,57.3,1.2,503.0,vegetarian
174968,"Cookies, shortbread, commercially prepared, pecan",SR Legacy,4.9,32.5,58.3,1.8,542.0,vegan
170289,"Corn bran, crude",SR Legacy,8.36,0.92,85.64,79.0,224.0,vegan
173345,"Corn dogs, frozen, prepared",SR Legacy,8.57,12.02,26.96,1.0,250.0,vegan
2710835,"Corn flour, masa harina, white or yellow, dry, raw",Foundation Foods,7.5625,4.34,76.6895,7.038,376.068,vegan
169694,"Corn flour, masa, enriched, white",SR Legacy,8.46,3.69,76.59,6.4,363.0,vegan
169696,"Corn flour, masa, unenriched, white",SR Legacy,8.46,3.69,76.59,6.4,363.0,vegan
168921,"Corn flour, whole-grain, blue (harina de maiz morado)",SR Legacy,8.75,5.09,73.89,8.4,364.0,vegan
169748,"Corn flour, whole-grain, white",SR Legacy,6.93,3.86,76.85,7.3,361.0,vegan
170290,"Corn flour, whole-grain, yellow",SR Legacy,6.93,3.86,76.85,7.3,361.0,vegan
169695,"Corn flour, yellow, degermed, unenriched",SR Legacy,5.59,1.39,82.75,1.9,375.0,vegan
169749,"Corn flour, yellow, masa, enriched",SR Legacy,8.46,3.69,76.59,6.4,363.0,vegan
168920,"Corn grain, white",SR Legacy,9.42,4.74,74.26,,365.0,vegan
170288,"Corn grain, yellow",SR Legacy,9.42,4.74,74.26,7.3,365.0,vegan
170492,"Corn pudding, home prepared",SR Legacy,4.42,5.04,16.97,1.2,131.0,vegan
169218,"Corn with red and green peppers, canned, solids and liquids",SR Legacy,2.33,0.55,18.17,,75.0,vegan
167631,"Corn, dried (Navajo)",SR Legacy,9.88,5.22,74.93,,386.0,vegan
167653,"Corn, dried, yellow (Northern Plains Indians)",SR Legacy,14.48,10.64,66.27,20.5,419.0,vegan
169363,"Corn, sweet, white, canned, cream style, no salt added",SR Legacy,1.74,0.42,18.13,1.2,72.0,vegetarian
169362,"Corn, sweet, white, canned, cream style, regular pack",SR Legacy,1.74,0.42,18.62,1.2,74.0,vegetarian
168543,"Corn, sweet, white, canned, vacuum pack, no salt added",SR Legacy,2.41,0.5,19.44,2.0,79.0,vegan
168542,"Corn, sweet, white, canned, vacuum pack, regular pack",SR Legacy,2.41,0.5,19.44,2.0,79.0,vegan
169361,"Corn, sweet, white, canned, whole kernel, drained solids",SR Legacy,2.29,1.22,14.34,2.0,67.0,vegan
169360,"Corn, sweet, white, canned, whole kernel, no salt added, solids and liquids",SR Legacy,1.95,0.5,15.41,0.7,64.0,vegan
168541,"Corn, sweet, white, canned, whole kernel, regular pack, solids and liquids",SR Legacy,1.95,0.5,15.41,1.7,64.0,vegan
168540,"Corn, sweet, white, cooked, boiled, drained, with salt",SR Legacy,3.34,1.41,21.71,2.7,97.0,vegan
168539,"Corn, sweet, white, cooked, boiled, drained, without salt",SR Legacy,3.34,1.41,21.71,2.7,97.0,vegan
169364,"Corn, sweet, white, frozen, kernels cut off cob, boiled, drained, with salt",SR Legacy,2.75,0.43,19.56,2.4,80.0,vegan
168545,"Corn, sweet, white, frozen, kernels cut off cob, boiled, drained, without salt",SR Legacy,2.75,0.43,19.56,2.4,80.0,vegan
168544,"Corn, sweet, white, frozen, kernels cut off cob, unprepared",SR Legacy,3.02,0.77,20.73,2.9,88.0,vegan
169367,"Corn, sweet, white, frozen, kernels on cob, cooked, boiled, drained, with salt",SR Legacy,3.11,0.74,22.33,2.8,94.0,vegan
169366,"Corn, sweet, white, frozen, kernels on cob, cooked, boiled, drained, without salt",SR Legacy,3.11,0.74,22.33,2.1,94.0,vegan
169365,"Corn, sweet, white, frozen, kernels on cob, unprepared",SR Legacy,3.28,0.78,23.5,2.8,98.0,vegan
168538,"Corn, sweet, white, raw",SR Legacy,3.22,1.18,19.02,2.7,86.0,vegan
2710826,"Corn, sweet, yellow and white kernels,  fresh, raw",Foundation Foods,2.789375,1.626,14.689625,2.428,84.55,vegan
170409,"Corn, sweet, yellow, canned, brine pack, regular pack, solids and liquids",SR Legacy,1.95,0.77,13.86,1.7,61.0,vegan
169346,"Corn, sweet, yellow, canned, cream style, no salt added",SR Legacy,1.74,0.42,18.13,1.2,72.0,vegetarian
169215,"Corn, sweet, yellow, canned, cream style, regular pack",SR Legacy,1.74,0.42,18.13,1.2,72.0,vegetarian
168397,"Corn, sweet, yellow, canned, drained solids, rinsed with tap water",SR Legacy,2.18,1.43,13.02,1.7,64.0,vegan
169345,"Corn, sweet, yellow, canned, no salt added, solids and liquids (Includes foods for USDA's Food Distribution Program)",SR Legacy,1.95,0.77,13.86,1.7,61.0,vegan
169347,"Corn, sweet, yellow, canned, vacuum pack, no salt added",SR Legacy,2.41,0.5,19.44,2.0,79.0,vegan
169216,"Corn, sweet, yellow, canned, vacuum pack, regular pack",SR Legacy,2.41,0.5,19.44,2.0,79.0,vegan
169214,"Corn, sweet, yellow, canned, whole kernel, drained solids",SR Legacy,2.29,1.22,14.34,2.0,67.0,vegan
168525,"Corn, sweet, yellow, cooked, boiled, drained, with salt",SR Legacy,3.41,1.5,20.98,2.4,96.0,vegan
169999,"Corn, sweet, yellow, cooked, boiled, drained, without salt",SR Legacy,3.41,1.5,20.98,2.4,96.0,vegan
168399,"Corn, sweet, yellow, frozen, kernels cut off cob, boiled, drained, without salt",SR Legacy,2.55,0.67,19.3,2.4,81.0,vegan
168398,"Corn, sweet, yellow, frozen, kernels cut off cob, unprepared (Includes foods for USDA's Food Distribution Program)",SR Legacy,3.02,0.78,20.71,2.1,88.0,vegan
169349,"Corn, sweet, yellow, frozen, kernels on cob, cooked, boiled, drained, with salt",SR Legacy,3.11,0.74,22.33,2.8,94.0,vegan
168401,"Corn, sweet, yellow, frozen, kernels on cob, cooked, boiled, drained, without salt",SR Legacy,3.11,0.74,22.33,2.8,94.0,vegan
168400,"Corn, sweet, yellow, frozen, kernels on cob, unprepared",SR Legacy,3.28,0.78,23.5,2.8,98.0,vegan
169348,"Corn, sweet, yellow, frozen, kernels, cut off cob, boiled, drained, with salt",SR Legacy,2.55,0.67,18.71,2.4,79.0,vegan
169998,"Corn, sweet, yellow, raw",SR Legacy,3.27,1.35,18.7,2.0,86.0,vegan
168037,"Corn, white, steamed (Navajo)",SR Legacy,9.72,5.18,75.2,16.6,386.0,vegan
169217,"Corn, yellow, whole kernel, frozen, microwaved",SR Legacy,3.62,1.42,25.87,2.6,113.0,vegan
167656,Corned beef and potatoes in tortilla (Apache),SR Legacy,7.91,8.31,29.35,1.5,224.0,non_vegetarian
173860,"Corned beef loaf, jellied",SR Legacy,22.9,6.1,0.0,0.0,153.0,non_vegetarian
167628,"Cornmeal, blue (Navajo)",SR Legacy,10.4,5.44,76.93,8.7,398.0,vegan
168922,"Cornmeal, degermed, enriched, white",SR Legacy,7.11,1.75,79.45,3.9,370.0,vegan
168867,"Cornmeal, degermed, enriched, yellow",SR Legacy,7.11,1.75,79.45,3.9,370.0,vegan
172015,"Cornmeal, degermed, unenriched, white",SR Legacy,7.11,1.75,79.45,3.9,370.0,vegan
168929,"Cornmeal, degermed, unenriched, yellow",SR Legacy,7.11,1.75,79.45,3.9,370.0,vegan
168038,"Cornmeal, white (Navajo)",SR Legacy,10.99,5.04,77.14,10.4,398.0,vegan
168923,"Cornmeal, white, self-rising, bolted, plain, enriched",SR Legacy,8.28,3.4,70.28,6.7,334.0,vegan
168924,"Cornmeal, white, self-rising, bolted, with wheat flour added, enriched",SR Legacy,8.41,2.85,73.43,6.3,348.0,vegan
168925,"Cornmeal, white, self-rising, degermed, enriched",SR Legacy,8.41,1.72,74.79,7.1,355.0,vegan
169750,"Cornmeal, whole-grain, white",SR Legacy,8.12,3.59,76.89,7.3,362.0,vegan
169697,"Cornmeal, whole-grain, yellow",SR Legacy,8.12,3.59,76.89,7.3,362.0,vegan
168039,"Cornmeal, yellow (Navajo)",SR Legacy,9.85,5.88,72.9,9.4,384.0,vegan
168868,"Cornmeal, yellow, self-rising, bolted, plain, enriched",SR Legacy,8.28,3.4,70.28,6.7,334.0,vegan
168869,"Cornmeal, yellow, self-rising, bolted, with wheat flour added, enriched",SR Legacy,8.41,2.85,73.43,6.3,348.0,vegan
168870,"Cornmeal, yellow, self-rising, degermed, enriched",SR Legacy,8.41,1.72,74.79,7.1,355.0,vegan
169219,"Cornsalad, raw",SR Legacy,2.0,0.4,3.6,,21.0,vegan
169698,Cornstarch,SR Legacy,0.26,0.05,91.27,0.9,381.0,vegan
2346384,"Cottage cheese, full fat, large or small curd",Foundation Foods,11.62436,4.225,4.59964,,102.921,vegetarian
169700,"Couscous, cooked",SR Legacy,3.79,0.16,23.22,1.4,112.0,vegan
169699,"Couscous, dry",SR Legacy,12.76,0.64,77.43,5.0,376.0,vegan
168526,"Cowpeas (blackeyes), immature seeds, cooked, boiled, drained, with salt",SR Legacy,3.17,0.38,19.73,5.0,94.0,vegan
168402,"Cowpeas (blackeyes), immature seeds, cooked, boiled, drained, without salt",SR Legacy,3.17,0.38,20.32,5.0,97.0,vegan
168527,"Cowpeas (blackeyes), immature seeds, frozen, cooked, boiled, drained, with salt",SR Legacy,8.49,0.66,23.5,6.4,131.0,vegan
168404,"Cowpeas (blackeyes), immature seeds, frozen, cooked, boiled, drained, without salt",SR Legacy,8.49,0.66,23.76,6.4,132.0,vegan
168403,"Cowpeas (blackeyes), immature seeds, frozen, unprepared",SR Legacy,8.98,0.7,25.13,5.0,139.0,vegan
169220,"Cowpeas (blackeyes), immature seeds, raw",SR Legacy,2.95,0.35,18.83,5.0,90.0,vegan
175251,"Cowpeas, catjang, mature seeds, cooked, boiled, with salt",SR Legacy,8.13,0.71,20.32,3.6,117.0,vegan
175209,"Cowpeas, catjang, mature seeds, cooked, boiled, without salt",SR Legacy,8.13,0.71,20.32,3.6,117.0,vegan
175208,"Cowpeas, catjang, mature seeds, raw",SR Legacy,23.85,2.07,59.64,10.7,343.0,vegan
173761,"Cowpeas, common (blackeyes, crowder, southern), mature seeds, canned with pork",SR Legacy,2.74,1.6,16.53,3.3,83.0,non_vegetarian
173760,"Cowpeas, common (blackeyes, crowder, southern), mature seeds, canned, plain",SR Legacy,4.74,0.55,13.63,3.3,77.0,vegan
175252,"Cowpeas, common (blackeyes, crowder, southern), mature seeds, cooked, boiled, with salt",SR Legacy,7.73,0.53,20.76,6.5,116.0,vegan
173759,"Cowpeas, common (blackeyes, crowder, southern), mature seeds, cooked, boiled, without salt",SR Legacy,7.73,0.53,20.76,6.5,116.0,vegan
173758,"Cowpeas, common (blackeyes, crowder, southern), mature seeds, raw",SR Legacy,23.52,1.26,60.03,10.6,336.0,vegan
168529,"Cowpeas, leafy tips, cooked, boiled, drained, with salt",SR Legacy,4.67,0.1,2.8,,22.0,vegan
168406,"Cowpeas, leafy tips, cooked, boiled, drained, without salt",SR Legacy,4.67,0.1,2.8,,22.0,vegan
169224,"Cowpeas, leafy tips, raw",SR Legacy,4.1,0.25,4.82,,29.0,vegan
168528,"Cowpeas, young pods with seeds, cooked, boiled, drained, with salt",SR Legacy,2.6,0.3,7.0,,34.0,vegan
169221,"Cowpeas, young pods with seeds, cooked, boiled, drained, without salt",SR Legacy,2.6,0.3,7.0,,34.0,vegan
168405,"Cowpeas, young pods with seeds, raw",SR Legacy,3.3,0.3,9.5,3.3,44.0,vegan
171721,"Crabapples, raw",SR Legacy,0.4,0.3,19.95,,76.0,non_vegetarian
169842,"CRACKER BARREL, chicken tenderloin platter, fried",SR Legacy,18.06,15.48,20.29,0.7,293.0,non_vegetarian
168073,"CRACKER BARREL, chicken tenderloin platter, fried, from kid's menu",SR Legacy,18.67,15.41,20.24,1.0,294.0,non_vegetarian
168074,"CRACKER BARREL, country fried shrimp platter",SR Legacy,12.62,16.77,21.4,0.3,287.0,non_vegetarian
168075,"CRACKER BARREL, farm raised catfish platter",SR Legacy,22.94,17.05,5.31,1.6,266.0,non_vegetarian
169849,"CRACKER BARREL, macaroni n' cheese",SR Legacy,6.49,11.75,15.61,1.1,194.0,vegetarian
167671,"CRACKER BARREL, macaroni n' cheese plate, from kid's menu",SR Legacy,6.46,11.51,15.58,0.7,192.0,vegetarian
169021,"CRACKER BARREL, onion rings, thick-cut",SR Legacy,4.78,16.0,40.95,2.2,327.0,vegan
175060,"Crackers, cheese, low sodium",SR Legacy,10.1,25.3,58.2,2.4,503.0,vegetarian
167941,"Crackers, cheese, reduced fat",SR Legacy,10.0,11.67,68.19,3.3,418.0,vegetarian
174975,"Crackers, cheese, regular",SR Legacy,10.93,22.74,59.42,2.3,489.0,vegetarian
167925,"Crackers, cheese, sandwich-type with cheese filling",SR Legacy,8.92,24.41,58.76,1.9,490.0,vegetarian
174976,"Crackers, cheese, sandwich-type with peanut butter filling",SR Legacy,12.41,25.12,56.74,3.4,496.0,vegetarian
174084,"Crackers, cheese, whole grain",SR Legacy,9.62,16.03,57.29,6.4,412.0,vegetarian
167530,"Crackers, cream, Gamesa Sabrosas",SR Legacy,7.01,20.37,64.55,2.4,484.0,vegetarian
167531,"Crackers, cream, La Moderna Rikis Cream Crackers",SR Legacy,7.19,19.5,64.88,2.4,464.0,vegetarian
172739,"Crackers, crispbread, rye",SR Legacy,7.9,1.3,82.2,16.5,366.0,vegan
174098,"Crackers, flavored, fish-shaped",SR Legacy,10.16,17.71,65.67,3.1,463.0,non_vegetarian
174104,"Crackers, gluten-free, multi-seeded and multigrain",SR Legacy,11.25,15.84,66.3,10.2,453.0,vegan
174103,"Crackers, gluten-free, multigrain and vegetable, made with corn starch and white rice flour",SR Legacy,2.5,15.41,76.94,3.0,456.0,vegan
172741,"Crackers, matzo, egg",SR Legacy,12.3,2.1,78.6,2.8,391.0,vegetarian
172812,"Crackers, matzo, egg and onion",SR Legacy,10.0,3.9,77.1,5.0,391.0,vegetarian
172742,"Crackers, matzo, whole-wheat",SR Legacy,13.1,1.5,78.9,11.8,351.0,vegan
174978,"Crackers, melba toast, rye (includes pumpernickel)",SR Legacy,11.6,3.4,77.3,8.0,389.0,vegan
174979,"Crackers, melba toast, wheat",SR Legacy,12.9,2.3,76.4,7.4,374.0,vegan
174980,"Crackers, milk",SR Legacy,7.6,13.77,71.73,3.4,446.0,vegetarian
172743,"Crackers, rye, sandwich-type with cheese filling",SR Legacy,9.2,22.3,60.8,3.6,481.0,vegetarian
172744,"Crackers, rye, wafers, plain",SR Legacy,9.6,0.9,80.4,22.9,334.0,vegan
172745,"Crackers, rye, wafers, seasoned",SR Legacy,9.0,9.2,73.8,20.9,381.0,vegan
172746,"Crackers, saltines (includes oyster, soda, soup)",SR Legacy,9.46,8.64,74.05,2.8,418.0,non_vegetarian
175056,"Crackers, saltines, low salt (includes oyster, soda, soup)",SR Legacy,9.5,8.85,74.34,2.9,421.0,non_vegetarian
175057,"Crackers, saltines, unsalted tops (includes oyster, soda, soup)",SR Legacy,9.2,11.8,71.5,3.0,434.0,non_vegetarian
167942,"Crackers, saltines, whole wheat (includes multi-grain)",SR Legacy,7.14,10.71,68.25,6.7,398.0,vegan
171848,"Crackers, sandwich-type, peanut butter filled, reduced fat",SR Legacy,8.33,16.67,63.49,2.8,437.0,vegetarian
174983,"Crackers, standard snack-type, sandwich, with cheese filling",SR Legacy,9.3,21.1,61.7,1.9,477.0,vegetarian
174984,"Crackers, standard snack-type, sandwich, with peanut butter filling",SR Legacy,11.47,24.54,58.38,2.3,494.0,vegetarian
171846,"Crackers, standard snack-type, with whole wheat",SR Legacy,7.29,17.84,68.37,4.9,463.0,vegan
175059,"Crackers, wheat, low salt",SR Legacy,8.6,20.6,64.9,4.5,473.0,vegan
167934,"Crackers, wheat, reduced fat",SR Legacy,9.34,13.37,71.52,3.4,444.0,vegan
174985,"Crackers, wheat, regular",SR Legacy,7.3,16.4,70.73,6.9,455.0,vegan
172747,"Crackers, wheat, sandwich, with cheese filling",SR Legacy,9.8,25.0,58.2,3.1,497.0,vegetarian
172748,"Crackers, wheat, sandwich, with peanut butter filling",SR Legacy,13.5,26.7,53.8,4.4,495.0,vegetarian
171855,"Crackers, whole grain, sandwich-type, with peanut butter filling",SR Legacy,14.12,21.18,54.59,9.4,465.0,vegetarian
172749,"Crackers, whole-wheat",SR Legacy,10.58,14.13,69.55,10.3,427.0,vegan
172823,"Crackers, whole-wheat, low salt",SR Legacy,8.8,17.2,68.6,10.5,443.0,vegan
167933,"Crackers, whole-wheat, reduced fat",SR Legacy,11.34,7.59,75.52,10.9,416.0,vegan
171904,"Cranberry juice cocktail, bottled, low calorie, with calcium, saccharin and corn sweetener",SR Legacy,0.02,0.01,4.6,0.0,19.0,vegan
173962,"Cranberry-orange relish, canned",SR Legacy,0.3,0.1,46.2,0.0,178.0,vegan
2346385,"Cream cheese, full fat, block",Foundation Foods,5.78985,33.49,4.55615,,342.794,vegetarian
174986,"Cream puff shell, prepared from recipe",SR Legacy,9.0,25.9,22.8,0.8,360.0,vegetarian
167534,"Cream puff, eclair, custard or cream filled, iced",SR Legacy,4.41,18.52,37.43,0.9,334.0,vegetarian
173453,"Cream substitute, flavored, liquid",SR Legacy,0.69,13.5,35.07,1.1,251.0,vegetarian
172214,"Cream substitute, flavored, powdered",SR Legacy,0.68,21.47,75.42,1.2,482.0,vegetarian
168097,"Cream substitute, liquid, light",SR Legacy,0.8,3.5,9.1,0.0,71.0,vegetarian
171261,"Cream substitute, liquid, with hydrogenated vegetable oil and soy protein",SR Legacy,1.0,9.97,11.38,0.0,136.0,vegetarian
171262,"Cream substitute, liquid, with lauric acid oil and sodium caseinate",SR Legacy,1.0,9.97,11.38,0.0,136.0,vegetarian
171263,"Cream substitute, powdered",SR Legacy,2.48,32.92,59.29,0.0,529.0,vegetarian
167688,"Cream substitute, powdered, light",SR Legacy,1.9,15.7,73.4,0.0,431.0,vegetarian
171255,"Cream, fluid, half and half",SR Legacy,3.13,11.5,4.3,0.0,131.0,vegetarian
170859,"Cream, fluid, heavy whipping",SR Legacy,2.84,36.08,2.84,0.0,340.0,vegetarian
170857,"Cream, fluid, light (coffee cream or table cream)",SR Legacy,2.96,19.1,3.66,0.0,195.0,vegetarian
170858,"Cream, fluid, light whipping",SR Legacy,2.17,30.91,2.96,0.0,292.0,vegetarian
172212,"Cream, half and half, fat free",SR Legacy,2.6,1.4,9.0,0.0,59.0,vegetarian
171308,"Cream, half and half, lowfat",SR Legacy,3.33,5.0,3.33,0.0,72.0,vegetarian
2346386,"Cream, heavy",Foundation Foods,2.017994,35.56,3.799506,,343.31,vegetarian
171257,"Cream, sour, cultured",SR Legacy,2.44,19.35,4.63,0.0,198.0,vegetarian
2346387,"Cream, sour, full fat",Foundation Foods,3.070694,17.99,5.555506,,196.4148,vegetarian
171256,"Cream, sour, reduced fat, cultured",SR Legacy,2.94,12.0,4.26,0.0,135.0,vegetarian
170860,"Cream, whipped, cream topping, pressurized",SR Legacy,3.2,22.22,12.49,0.0,257.0,vegetarian
167684,"Creamy dressing, made with sour cream and/or buttermilk and oil, reduced calorie",SR Legacy,1.5,14.0,7.0,0.0,160.0,vegetarian
168100,"Creamy dressing, made with sour cream and/or buttermilk and oil, reduced calorie, cholesterol-free",SR Legacy,1.0,8.0,16.0,0.0,140.0,vegetarian
168099,"Creamy dressing, made with sour cream and/or buttermilk and oil, reduced calorie, fat-free",SR Legacy,1.4,2.7,20.0,0.0,107.0,vegetarian
174988,"Croissants, apple",SR Legacy,7.4,8.7,37.1,2.5,254.0,vegan
174987,"Croissants, butter",SR Legacy,8.2,21.0,45.8,2.6,406.0,vegetarian
174989,"Croissants, cheese",SR Legacy,9.2,20.9,47.0,2.6,414.0,vegetarian
174202,"Crustaceans, crab, alaska king, cooked, moist heat",SR Legacy,19.35,1.54,0.0,0.0,97.0,non_vegetarian
174203,"Crustaceans, crab, alaska king, imitation, made from surimi",SR Legacy,7.62,0.46,15.0,0.5,95.0,non_vegetarian
175164,"Crustaceans, crab, alaska king, raw",SR Legacy,18.29,0.6,0.0,0.0,84.0,non_vegetarian
2684446,"Crustaceans, crab, blue swimming, lump, pasteurized, refrigerated",Foundation Foods,18.65,0.8075,0.0,,80.9935,non_vegetarian
171966,"Crustaceans, crab, blue, canned",SR Legacy,17.88,0.74,0.0,0.0,83.0,non_vegetarian
174205,"Crustaceans, crab, blue, cooked, moist heat",SR Legacy,17.88,0.74,0.0,0.0,83.0,non_vegetarian
171967,"Crustaceans, crab, blue, crab cakes, home recipe",SR Legacy,20.21,7.52,0.48,0.0,155.0,non_vegetarian
174204,"Crustaceans, crab, blue, raw",SR Legacy,18.06,1.08,0.04,0.0,87.0,non_vegetarian
172007,"Crustaceans, crab, dungeness, cooked, moist heat",SR Legacy,22.32,1.24,0.95,0.0,110.0,non_vegetarian
171968,"Crustaceans, crab, dungeness, raw",SR Legacy,17.41,0.97,0.74,0.0,86.0,non_vegetarian
172008,"Crustaceans, crab, queen, cooked, moist heat",SR Legacy,23.72,1.51,0.0,0.0,115.0,non_vegetarian
171969,"Crustaceans, crab, queen, raw",SR Legacy,18.5,1.18,0.0,0.0,90.0,non_vegetarian
175170,"Crustaceans, crayfish, mixed species, farmed, cooked, moist heat",SR Legacy,17.52,1.3,0.0,0.0,87.0,non_vegetarian
175169,"Crustaceans, crayfish, mixed species, farmed, raw",SR Legacy,14.85,0.97,0.0,0.0,72.0,non_vegetarian
174207,"Crustaceans, crayfish, mixed species, wild, cooked, moist heat",SR Legacy,16.77,1.2,0.0,0.0,82.0,non_vegetarian
174206,"Crustaceans, crayfish, mixed species, wild, raw",SR Legacy,15.97,0.95,0.0,0.0,77.0,non_vegetarian
174209,"Crustaceans, lobster, northern, cooked, moist heat",SR Legacy,19.0,0.86,0.0,0.0,89.0,non_vegetarian
174208,"Crustaceans, lobster, northern, raw",SR Legacy,16.52,0.75,0.0,0.0,77.0,non_vegetarian
175180,"Crustaceans, shrimp, cooked",SR Legacy,23.98,0.28,0.2,,99.0,non_vegetarian
2684443,"Crustaceans, shrimp, farm raised, raw",Foundation Foods,15.56875,0.8013,0.48495,,71.4265,non_vegetarian
171972,"Crustaceans, shrimp, mixed species, canned",SR Legacy,20.42,1.36,0.0,0.0,100.0,non_vegetarian
171970,"Crustaceans, shrimp, mixed species, cooked, breaded and fried",SR Legacy,21.39,12.28,11.47,0.4,242.0,non_vegetarian
171971,"Crustaceans, shrimp, mixed species, cooked, moist heat (may contain additives to retain moisture)",SR Legacy,22.78,1.7,1.52,0.0,119.0,non_vegetarian
171973,"Crustaceans, shrimp, mixed species, imitation, made from surimi",SR Legacy,12.39,1.47,9.13,0.0,101.0,non_vegetarian
174210,"Crustaceans, shrimp, mixed species, raw (may contain additives to retain moisture)",SR Legacy,13.61,1.01,0.91,0.0,71.0,non_vegetarian
175179,"Crustaceans, shrimp, raw",SR Legacy,20.1,0.51,0.0,,85.0,non_vegetarian
172009,"Crustaceans, spiny lobster, mixed species, cooked, moist heat",SR Legacy,26.41,1.94,3.12,0.0,143.0,non_vegetarian
174211,"Crustaceans, spiny lobster, mixed species, raw",SR Legacy,20.6,1.51,2.43,0.0,112.0,non_vegetarian
169225,"Cucumber, peeled, raw",SR Legacy,0.59,0.16,2.16,0.7,10.0,vegan
168409,"Cucumber, with peel, raw",SR Legacy,0.65,0.11,3.63,0.5,15.0,vegan
173963,"Currants, european black, raw",SR Legacy,1.4,0.41,15.38,,63.0,vegan
171725,"Custard-apple, (bullock's-heart), raw",SR Legacy,1.7,0.6,25.2,2.4,101.0,non_vegetarian
172754,"Danish pastry, cheese",SR Legacy,8.0,21.9,37.2,1.0,374.0,vegetarian
172755,"Danish pastry, fruit, enriched (includes apple, cinnamon, raisin, lemon, raspberry, strawberry)",SR Legacy,5.4,18.5,47.8,1.9,371.0,vegan
172825,"Danish pastry, fruit, unenriched (includes apple, cinnamon, raisin, strawberry)",SR Legacy,5.4,18.5,47.8,1.9,371.0,vegan
172827,"Danish pastry, lemon, unenriched",SR Legacy,5.4,18.5,47.8,1.9,371.0,vegan
175061,"Danish pastry, raspberry, unenriched",SR Legacy,5.4,18.5,47.8,1.9,371.0,vegan
167622,"Deer (venison), sitka, raw (Alaska Native)",SR Legacy,21.5,2.66,0.0,,116.0,non_vegetarian
168079,"DENNY'S, chicken nuggets, star shaped, from kid's menu",SR Legacy,16.27,28.57,13.59,0.8,377.0,non_vegetarian
169022,"DENNY'S, chicken strips",SR Legacy,19.17,14.5,22.03,1.1,295.0,non_vegetarian
169024,"DENNY'S, fish fillet, battered or breaded, fried",SR Legacy,13.75,12.16,17.41,1.0,234.0,non_vegetarian
168077,"DENNY'S, golden fried shrimp",SR Legacy,13.88,20.01,20.93,1.5,319.0,non_vegetarian
168078,"DENNY'S, macaroni & cheese, from kid's menu",SR Legacy,5.19,4.92,21.16,1.2,150.0,vegetarian
168076,"DENNY'S, mozzarella cheese sticks",SR Legacy,13.56,17.87,27.22,1.6,324.0,vegetarian
169844,"DENNY'S, onion rings",SR Legacy,5.29,22.23,41.05,2.4,385.0,vegan
169845,"DENNY'S, spaghetti and meatballs",SR Legacy,7.84,8.52,15.51,1.5,170.0,non_vegetarian
170866,"Dessert topping, powdered, 1.5 ounce prepared with 1/2 cup milk",SR Legacy,3.61,12.72,17.13,0.0,194.0,vegetarian
169601,"Desserts, apple crisp, prepared-from-recipe",SR Legacy,1.75,3.43,30.84,1.4,161.0,vegan
169595,"Desserts, egg custard, baked, prepared-from-recipe",SR Legacy,5.02,4.58,11.0,0.0,104.0,vegetarian
167574,"Desserts, flan, caramel custard, prepared-from-recipe",SR Legacy,4.53,4.03,22.78,0.0,145.0,vegetarian
170361,"DIGIORNO Pizza, cheese topping, cheese stuffed crust, frozen, baked",SR Legacy,13.48,11.68,29.86,1.9,279.0,vegetarian
170362,"DIGIORNO Pizza, cheese topping, rising crust, frozen, baked",SR Legacy,12.8,8.6,31.78,2.4,256.0,vegetarian
170758,"DIGIORNO Pizza, cheese topping, thin crispy crust, frozen, baked",SR Legacy,12.96,9.91,26.47,3.0,247.0,vegetarian
170759,"DIGIORNO Pizza, pepperoni topping, cheese stuffed crust, frozen, baked",SR Legacy,13.92,11.71,29.46,2.1,279.0,vegetarian
171832,"Dip, bean, original flavor",SR Legacy,5.44,3.7,15.89,4.9,119.0,vegan
171834,"Dip, FRITO'S, bean, original flavor",SR Legacy,5.44,3.7,15.89,4.9,119.0,vegan
174068,"Dip, salsa con queso, cheese and salsa- medium",SR Legacy,3.14,9.51,11.14,0.7,143.0,vegetarian
174069,"Dip, TOSTITOS, salsa con queso, medium",SR Legacy,2.92,8.26,11.72,0.6,133.0,vegan
173282,"DOMINO'S 14"" Cheese Pizza, Classic Hand-Tossed Crust",SR Legacy,10.8,8.97,33.24,2.2,257.0,vegetarian
172043,"DOMINO'S 14"" Cheese Pizza, Crunchy Thin Crust",SR Legacy,12.33,15.1,28.18,2.5,298.0,vegetarian
173283,"DOMINO'S 14"" Cheese Pizza, Ultimate Deep Dish Crust",SR Legacy,10.76,9.83,33.48,2.4,265.0,vegetarian
170766,"DOMINO'S 14"" Sausage Pizza, Classic Hand-Tossed Crust",SR Legacy,11.08,11.2,31.84,2.4,273.0,non_vegetarian
170371,"DOMINO'S 14"" Sausage Pizza, Crunchy Thin Crust",SR Legacy,12.77,18.52,25.3,2.6,319.0,non_vegetarian
170767,"DOMINO'S 14"" Sausage Pizza, Ultimate Deep Dish Crust",SR Legacy,11.03,12.03,31.17,2.6,277.0,non_vegetarian
174991,"Doughnuts, cake-type, plain, chocolate-coated or frosted",SR Legacy,4.93,25.25,51.33,1.9,452.0,vegan
172758,"Doughnuts, yeast-leavened, glazed, enriched (includes honey buns)",SR Legacy,6.14,22.7,47.93,2.1,421.0,vegetarian
175062,"Doughnuts, yeast-leavened, glazed, unenriched (includes honey buns)",SR Legacy,6.4,22.8,44.3,1.2,403.0,vegetarian
171046,"Dressing, honey mustard, fat-free",SR Legacy,1.07,1.47,38.43,1.2,169.0,vegetarian
174467,"Duck, domesticated, liver, raw",SR Legacy,18.74,4.64,3.53,0.0,136.0,non_vegetarian
172409,"Duck, domesticated, meat and skin, cooked, roasted",SR Legacy,18.99,28.35,0.0,0.0,337.0,non_vegetarian
172408,"Duck, domesticated, meat and skin, raw",SR Legacy,11.49,39.34,0.0,0.0,404.0,non_vegetarian
172411,"Duck, domesticated, meat only, cooked, roasted",SR Legacy,23.48,11.2,0.0,0.0,201.0,non_vegetarian
172410,"Duck, domesticated, meat only, raw",SR Legacy,18.28,5.95,0.94,0.0,135.0,non_vegetarian
167617,"Duck, scoter, white-winged, meat (Alaska Native)",SR Legacy,20.2,0.4,0.0,,84.0,non_vegetarian
174469,"Duck, wild, breast, meat only, raw",SR Legacy,19.85,4.25,0.0,0.0,123.0,non_vegetarian
174468,"Duck, wild, meat and skin, raw",SR Legacy,17.42,15.2,0.0,0.0,211.0,non_vegetarian
171510,"Duck, young duckling, domesticated, White Pekin, breast, meat and skin, boneless, cooked, roasted",SR Legacy,24.5,10.85,0.0,,202.0,non_vegetarian
171511,"Duck, young duckling, domesticated, White Pekin, breast, meat only, boneless, cooked without skin, broiled",SR Legacy,27.6,2.5,0.0,,140.0,non_vegetarian
171112,"Duck, young duckling, domesticated, White Pekin, leg, meat and skin, bone in, cooked, roasted",SR Legacy,26.75,11.4,0.0,,217.0,non_vegetarian
171113,"Duck, young duckling, domesticated, White Pekin, leg, meat only, bone in, cooked without skin, braised",SR Legacy,29.1,5.96,0.0,,178.0,non_vegetarian
169779,"Dumpling, potato- or cheese-filled, frozen",SR Legacy,5.26,6.14,29.64,0.9,195.0,vegetarian
173861,"Dutch brand loaf, chicken, pork and beef",SR Legacy,12.0,22.91,3.93,0.3,273.0,non_vegetarian
168411,"Edamame, frozen, prepared",SR Legacy,11.91,5.2,8.91,5.2,121.0,vegan
168410,"Edamame, frozen, unprepared",SR Legacy,11.22,4.73,7.61,4.8,109.0,vegan
168772,"Egg custards, dry mix",SR Legacy,6.9,6.4,82.8,0.0,410.0,vegetarian
168787,"Egg custards, dry mix, prepared with 2% milk",SR Legacy,4.13,2.83,17.61,0.0,112.0,vegetarian
168773,"Egg custards, dry mix, prepared with whole milk",SR Legacy,3.99,4.0,17.6,0.0,122.0,vegetarian
172104,"Egg rolls, chicken, refrigerated, heated",SR Legacy,10.44,4.51,28.54,2.4,197.0,non_vegetarian
172103,"Egg rolls, pork, refrigerated, heated",SR Legacy,9.94,8.18,28.49,0.0,227.0,non_vegetarian
172105,"Egg rolls, vegetable, frozen, prepared",SR Legacy,5.95,6.97,31.77,2.4,214.0,vegetarian
173462,"Egg substitute, liquid or frozen, fat free",SR Legacy,10.0,0.0,2.0,0.0,48.0,vegetarian
173429,"Egg substitute, powder",SR Legacy,55.5,13.0,21.8,0.0,444.0,vegetarian
172189,"Egg, duck, whole, fresh, raw",SR Legacy,12.81,13.77,1.45,0.0,185.0,non_vegetarian
172190,"Egg, goose, whole, fresh, raw",SR Legacy,13.87,13.27,1.35,0.0,185.0,non_vegetarian
172191,"Egg, quail, whole, fresh, raw",SR Legacy,13.05,11.09,0.41,0.0,158.0,non_vegetarian
172192,"Egg, turkey, whole, fresh, raw",SR Legacy,13.68,11.88,1.15,0.0,171.0,non_vegetarian
172204,"Egg, white, dried",SR Legacy,81.1,0.0,7.8,0.0,382.0,vegetarian
173426,"Egg, white, dried, flakes, stabilized, glucose reduced",SR Legacy,76.92,0.04,4.17,0.0,351.0,vegetarian
173427,"Egg, white, dried, powder, stabilized, glucose reduced",SR Legacy,82.4,0.04,4.47,0.0,376.0,vegetarian
170895,"Egg, white, dried, stabilized, glucose reduced",SR Legacy,84.08,0.32,4.51,0.0,357.0,vegetarian
172183,"Egg, white, raw, fresh",SR Legacy,10.9,0.17,0.73,0.0,52.0,vegetarian
172203,"Egg, white, raw, frozen, pasteurized",SR Legacy,10.2,0.0,1.04,0.0,48.0,vegetarian
173423,"Egg, whole, cooked, fried",SR Legacy,13.61,14.84,0.83,0.0,196.0,vegetarian
173424,"Egg, whole, cooked, hard-boiled",SR Legacy,12.58,10.61,1.12,0.0,155.0,vegetarian
172185,"Egg, whole, cooked, omelet",SR Legacy,10.57,11.66,0.64,0.0,154.0,vegetarian
172186,"Egg, whole, cooked, poached",SR Legacy,12.51,9.47,0.71,0.0,143.0,vegetarian
172187,"Egg, whole, cooked, scrambled",SR Legacy,9.99,10.98,1.61,0.0,149.0,vegetarian
172188,"Egg, whole, dried",SR Legacy,48.05,43.9,1.13,0.0,592.0,vegetarian
173425,"Egg, whole, dried, stabilized, glucose reduced",SR Legacy,48.17,43.95,2.38,0.0,615.0,vegetarian
171287,"Egg, whole, raw, fresh",SR Legacy,12.56,9.51,0.72,0.0,143.0,vegetarian
323604,"Egg, whole, raw, frozen, pasteurized",Foundation Foods,12.3,10.3,0.91,,150.0,vegetarian
172202,"Egg, whole, raw, frozen, pasteurized (Includes foods for USDA's Food Distribution Program)",SR Legacy,12.33,9.95,1.01,0.0,147.0,vegetarian
170893,"Egg, whole, raw, frozen, salted, pasteurized",SR Legacy,10.97,10.07,0.83,0.0,138.0,vegetarian
173428,"Egg, yolk, dried",SR Legacy,33.63,59.13,0.66,0.0,669.0,vegetarian
172184,"Egg, yolk, raw, fresh",SR Legacy,15.86,26.54,3.59,0.0,322.0,vegetarian
173421,"Egg, yolk, raw, frozen, pasteurized",SR Legacy,15.53,25.6,0.81,0.0,296.0,vegetarian
173436,"Egg, yolk, raw, frozen, salted, pasteurized",SR Legacy,14.07,22.93,1.77,0.0,275.0,vegetarian
173422,"Egg, yolk, raw, frozen, sugared, pasteurized",SR Legacy,13.87,22.82,10.95,0.0,307.0,vegetarian
171258,Eggnog,SR Legacy,4.55,4.19,8.05,0.0,88.0,vegetarian
169352,"Eggplant, cooked, boiled, drained, with salt",SR Legacy,0.83,0.23,8.14,2.5,33.0,vegetarian
169229,"Eggplant, cooked, boiled, drained, without salt",SR Legacy,0.83,0.23,8.73,2.5,35.0,vegetarian
169892,"Eggplant, pickled",SR Legacy,0.9,0.7,9.77,2.5,49.0,vegetarian
2685577,"Eggplant, raw",Foundation Foods,0.851875,0.12,5.399325,2.448,26.0848,vegetarian
747997,"Eggs, Grade A, Large, egg white",Foundation Foods,10.7,0.0,2.36,,55.0,vegetarian
748967,"Eggs, Grade A, Large, egg whole",Foundation Foods,12.4,9.96,0.96,0.0,148.0,vegetarian
748236,"Eggs, Grade A, Large, egg yolk",Foundation Foods,16.2,28.8,1.02,,334.0,vegetarian
169904,"Eggs, scrambled, frozen mixture",SR Legacy,13.1,5.6,7.5,0.0,131.0,vegetarian
2710827,"Einkorn, grain, dry, raw",Foundation Foods,15.11719,3.811,68.65381,8.913,369.383,vegan
172838,"Emu, oyster, raw",SR Legacy,22.81,4.86,0.0,0.0,141.0,non_vegetarian
2710828,"Farro, pearled, dry, raw",Foundation Foods,12.63944,3.103,72.13156,7.31,367.011,vegan
173292,"Fast Food, Pizza Chain, 14"" pizza, cheese topping, regular crust",SR Legacy,11.39,9.69,33.33,2.3,266.0,vegetarian
170773,"Fast Food, Pizza Chain, 14"" pizza, cheese topping, stuffed crust",SR Legacy,12.23,11.63,30.0,1.7,274.0,vegetarian
173293,"Fast Food, Pizza Chain, 14"" pizza, cheese topping, thick crust",SR Legacy,10.81,10.54,33.17,2.2,271.0,vegetarian
173294,"Fast Food, Pizza Chain, 14"" pizza, cheese topping, thin crust",SR Legacy,12.85,13.95,31.2,2.5,302.0,vegetarian
172055,"Fast Food, Pizza Chain, 14"" pizza, meat and vegetable topping, regular crust",SR Legacy,11.02,10.9,25.38,2.2,244.0,non_vegetarian
170367,"Fast Food, Pizza Chain, 14"" pizza, sausage topping, regular crust",SR Legacy,11.5,12.35,30.62,2.3,280.0,non_vegetarian
170365,"Fast Food, Pizza Chain, 14"" pizza, sausage topping, thick crust",SR Legacy,11.06,12.94,30.36,2.3,282.0,non_vegetarian
170366,"Fast Food, Pizza Chain, 14"" pizza, sausage topping, thin crust",SR Legacy,13.36,17.71,27.0,2.5,321.0,non_vegetarian
173323,"Fast foods, bagel, with breakfast steak, egg, cheese, and condiments",SR Legacy,15.95,14.07,22.99,0.2,282.0,vegetarian
173322,"Fast foods, bagel, with egg, sausage patty, cheese, and condiments",SR Legacy,12.98,16.97,22.64,0.2,295.0,non_vegetarian
173268,"Fast foods, biscuit, with crispy chicken fillet",SR Legacy,11.93,14.93,30.56,1.4,300.0,non_vegetarian
173266,"Fast foods, biscuit, with egg and bacon",SR Legacy,11.33,20.73,19.06,0.5,305.0,non_vegetarian
173267,"Fast foods, biscuit, with egg and ham",SR Legacy,10.64,14.08,16.37,0.4,233.0,non_vegetarian
172028,"Fast Foods, biscuit, with egg and sausage",SR Legacy,11.13,20.77,21.05,0.2,312.0,non_vegetarian
172029,"Fast foods, biscuit, with egg, cheese, and bacon",SR Legacy,12.01,17.48,24.44,0.2,301.0,non_vegetarian
172030,"Fast foods, biscuit, with ham",SR Legacy,11.85,16.3,38.75,0.7,342.0,non_vegetarian
172031,"Fast foods, biscuit, with sausage",SR Legacy,9.67,24.42,29.99,0.4,371.0,non_vegetarian
170788,"Fast foods, breadstick, soft, prepared with garlic and parmesan cheese",SR Legacy,12.2,12.88,44.48,2.4,343.0,vegetarian
170787,"Fast foods, breakfast burrito, with egg, cheese, and sausage",SR Legacy,11.1,15.63,22.97,1.2,277.0,non_vegetarian
172038,"Fast foods, burrito, with beans",SR Legacy,6.48,6.22,32.92,,206.0,vegan
173277,"Fast foods, burrito, with beans and beef",SR Legacy,11.52,7.47,19.52,3.0,191.0,non_vegetarian
172039,"Fast foods, burrito, with beans and cheese",SR Legacy,7.35,6.05,31.23,4.2,205.0,vegetarian
173278,"Fast foods, burrito, with beans, cheese, and beef",SR Legacy,7.03,6.8,23.37,3.7,180.0,non_vegetarian
170293,"Fast foods, cheeseburger, double, regular patty and bun, with condiments",SR Legacy,16.24,16.18,17.97,1.0,282.0,vegetarian
173320,"Fast foods, cheeseburger; double, large patty; with condiments",SR Legacy,16.96,16.22,14.43,1.0,272.0,vegetarian
172083,"Fast Foods, cheeseburger; double, large patty; with condiments, vegetables and mayonnaise",SR Legacy,15.5,15.63,12.62,1.3,253.0,vegetarian
172084,"Fast foods, cheeseburger; double, regular patty; double decker bun with condiments and special sauce",SR Legacy,11.94,14.1,21.53,1.4,261.0,vegetarian
173319,"Fast foods, cheeseburger; double, regular patty; with condiments",SR Legacy,16.24,16.18,17.97,0.9,282.0,vegetarian
170294,"Fast foods, cheeseburger; single, large patty; plain",SR Legacy,17.29,15.97,24.07,1.7,310.0,vegetarian
172082,"Fast foods, cheeseburger; single, large patty; with condiments",SR Legacy,15.21,14.4,19.72,1.2,269.0,vegetarian
172081,"Fast foods, cheeseburger; single, large patty; with condiments, vegetables and mayonnaise",SR Legacy,13.69,15.8,17.73,1.1,268.0,vegetarian
170691,"Fast foods, cheeseburger; single, regular patty, with condiments",SR Legacy,13.49,12.9,25.46,1.9,270.0,vegetarian
170692,"Fast foods, cheeseburger; single, regular patty, with condiments and vegetables",SR Legacy,13.06,11.5,24.97,1.4,254.0,vegetarian
170690,"Fast foods, cheeseburger; single, regular patty; plain",SR Legacy,16.51,14.72,28.03,2.0,308.0,vegetarian
170295,"Fast foods, chicken fillet sandwich, plain with pickles",SR Legacy,16.28,11.19,20.89,1.4,250.0,non_vegetarian
173321,"Fast foods, chicken tenders",SR Legacy,19.22,13.95,17.25,1.2,271.0,non_vegetarian
170718,"Fast foods, chicken, breaded and fried, boneless pieces, plain",SR Legacy,15.92,20.36,14.93,0.9,307.0,non_vegetarian
170318,"Fast Foods, crispy chicken filet sandwich, with lettuce and mayonnaise",SR Legacy,10.94,13.59,27.4,1.4,276.0,non_vegetarian
170785,"Fast foods, crispy chicken in tortilla, with lettuce, cheese, and ranch sauce",SR Legacy,11.48,15.1,23.22,1.3,275.0,non_vegetarian
170753,"Fast foods, crispy chicken, bacon, and tomato club sandwich, with cheese, lettuce, and mayonnaise",SR Legacy,15.38,11.76,22.61,1.2,257.0,non_vegetarian
173269,"Fast foods, croissant, with egg, cheese, and bacon",SR Legacy,12.92,16.4,22.5,1.0,289.0,non_vegetarian
173270,"Fast foods, croissant, with egg, cheese, and ham",SR Legacy,12.45,14.95,18.98,0.9,261.0,non_vegetarian
173271,"Fast foods, croissant, with egg, cheese, and sausage",SR Legacy,12.09,21.78,15.9,1.8,308.0,non_vegetarian
173272,"Fast foods, egg, scrambled",SR Legacy,13.84,16.18,2.08,0.0,212.0,vegetarian
172032,"Fast foods, english muffin, with cheese and sausage",SR Legacy,13.28,20.67,25.28,0.5,338.0,non_vegetarian
172033,"Fast foods, english muffin, with egg, cheese, and canadian bacon",SR Legacy,13.64,9.66,21.67,0.4,228.0,non_vegetarian
172034,"Fast foods, english muffin, with egg, cheese, and sausage",SR Legacy,13.38,18.1,17.44,0.2,286.0,non_vegetarian
170296,"Fast foods, fish sandwich, with tartar sauce",SR Legacy,10.29,12.45,26.69,1.0,257.0,non_vegetarian
170297,"Fast foods, fish sandwich, with tartar sauce and cheese",SR Legacy,11.26,14.64,26.39,0.8,279.0,non_vegetarian
170756,"Fast Foods, Fried Chicken, Breast, meat and skin and breading",SR Legacy,23.51,12.44,6.03,0.1,230.0,non_vegetarian
170356,"Fast Foods, Fried Chicken, Breast, meat only, skin and breading removed",SR Legacy,27.93,4.54,0.0,0.0,153.0,non_vegetarian
170757,"Fast Foods, Fried Chicken, Drumstick, meat and skin with breading",SR Legacy,21.13,16.92,7.59,0.5,267.0,non_vegetarian
170357,"Fast Foods, Fried Chicken, Drumstick, meat only, skin and breading removed",SR Legacy,26.24,7.41,0.0,0.0,172.0,non_vegetarian
170755,"Fast Foods, Fried Chicken, Skin and breading from all pieces",SR Legacy,14.11,29.22,19.56,0.3,398.0,non_vegetarian
170359,"Fast Foods, Fried Chicken, Thigh, meat and skin and breading",SR Legacy,19.23,18.07,8.68,0.1,274.0,non_vegetarian
170358,"Fast Foods, Fried Chicken, Thigh, meat only, skin and breading removed",SR Legacy,23.21,9.41,0.24,0.0,178.0,non_vegetarian
170360,"Fast Foods, Fried Chicken, Wing, meat and skin and breading",SR Legacy,21.14,20.09,11.19,0.1,310.0,non_vegetarian
170754,"Fast Foods, Fried Chicken, Wing, meat only, skin and breading removed",SR Legacy,28.77,10.2,2.13,0.0,215.0,non_vegetarian
172058,"Fast foods, griddle cake sandwich, egg, cheese, and bacon",SR Legacy,12.03,13.19,26.19,0.8,272.0,non_vegetarian
172056,"Fast foods, griddle cake sandwich, egg, cheese, and sausage",SR Legacy,10.77,17.73,22.04,0.6,291.0,non_vegetarian
172057,"Fast foods, griddle cake sandwich, sausage",SR Legacy,8.41,17.76,31.25,1.0,318.0,non_vegetarian
170368,"Fast Foods, grilled chicken filet sandwich, with lettuce, tomato and spread",SR Legacy,17.34,4.57,16.78,0.9,182.0,non_vegetarian
170786,"Fast foods, grilled chicken in tortilla, with lettuce, cheese, and ranch sauce",SR Legacy,13.77,10.31,18.43,0.9,222.0,non_vegetarian
170752,"Fast foods, grilled chicken, bacon and tomato club sandwich, with cheese, lettuce, and mayonnaise",SR Legacy,17.19,8.05,19.87,1.2,220.0,non_vegetarian
170710,"Fast foods, hamburger, large, single patty, with condiments",SR Legacy,15.68,11.6,22.14,1.1,256.0,non_vegetarian
172080,"Fast foods, hamburger; double, large patty; with condiments, vegetables and mayonnaise",SR Legacy,13.94,15.66,13.74,1.4,252.0,non_vegetarian
173317,"Fast foods, hamburger; single, large patty; with condiments, vegetables and mayonnaise",SR Legacy,11.34,12.37,17.33,1.5,226.0,non_vegetarian
173318,"Fast foods, hamburger; single, regular patty; double decker bun with condiments and special sauce",SR Legacy,12.17,13.3,22.69,1.4,259.0,non_vegetarian
170693,"Fast foods, hamburger; single, regular patty; plain",SR Legacy,16.52,12.01,31.5,1.7,297.0,non_vegetarian
170694,"Fast foods, hamburger; single, regular patty; with condiments",SR Legacy,13.3,10.18,29.57,1.8,263.0,non_vegetarian
170291,"Fast foods, nachos, with cheese",SR Legacy,4.32,21.5,34.91,3.2,343.0,vegetarian
170292,"Fast foods, nachos, with cheese, beans, ground beef, and tomatoes",SR Legacy,6.21,12.48,21.39,3.7,219.0,non_vegetarian
170697,"Fast foods, onion rings, breaded and fried",SR Legacy,3.86,25.23,43.58,2.7,411.0,vegan
170698,"Fast foods, potato, french fried in vegetable oil",SR Legacy,3.43,14.73,41.44,3.8,312.0,vegan
170699,"Fast foods, potato, mashed",SR Legacy,1.65,2.82,14.65,1.3,89.0,vegan
173273,"Fast foods, potatoes, hash browns, round pieces or patty",SR Legacy,2.58,17.04,28.88,2.7,272.0,vegan
170765,"Fast foods, quesadilla, with chicken",SR Legacy,15.05,15.25,24.04,1.7,294.0,non_vegetarian
170695,"Fast foods, roast beef sandwich, plain",SR Legacy,15.17,10.3,22.21,1.3,244.0,non_vegetarian
172037,"Fast foods, shrimp, breaded and fried",SR Legacy,7.84,18.9,27.99,0.7,308.0,non_vegetarian
170775,"Fast foods, strawberry banana smoothie made with ice and low-fat yogurt",SR Legacy,0.86,0.14,15.05,0.9,65.0,vegetarian
170313,"Fast foods, submarine sandwich, bacon, lettuce, and tomato on white bread",SR Legacy,10.06,6.41,26.66,1.6,205.0,non_vegetarian
170696,"Fast foods, submarine sandwich, cold cut on white bread with lettuce and tomato",SR Legacy,10.52,10.04,20.43,1.2,213.0,vegan
170707,"Fast foods, submarine sandwich, ham on white bread with lettuce and tomato",SR Legacy,9.12,2.53,22.91,1.3,151.0,non_vegetarian
170709,"Fast foods, submarine sandwich, meatball marinara on white bread",SR Legacy,9.77,8.45,26.01,2.1,219.0,non_vegetarian
170309,"Fast foods, submarine sandwich, oven roasted chicken on white bread with lettuce and tomato",SR Legacy,10.84,3.15,21.35,1.2,157.0,non_vegetarian
170298,"Fast foods, submarine sandwich, roast beef on white bread with lettuce and tomato",SR Legacy,12.17,2.73,20.34,0.7,156.0,non_vegetarian
170311,"Fast foods, submarine sandwich, steak and cheese on white bread with cheese, lettuce and tomato",SR Legacy,12.29,5.34,21.49,1.2,183.0,vegetarian
170306,"Fast foods, submarine sandwich, sweet onion chicken teriyaki on white bread with lettuce, tomato and sweet onion sauce",SR Legacy,10.91,2.37,22.54,1.2,155.0,non_vegetarian
170299,"Fast foods, submarine sandwich, tuna on white bread with lettuce and tomato",SR Legacy,12.33,12.04,15.95,0.7,218.0,non_vegetarian
170706,"Fast foods, submarine sandwich, turkey breast on white bread with lettuce and tomato",SR Legacy,9.12,2.31,22.42,1.3,147.0,non_vegetarian
170308,"Fast foods, submarine sandwich, turkey, roast beef and ham on white bread with lettuce and tomato",SR Legacy,10.66,2.42,20.36,1.4,146.0,non_vegetarian
172036,"Fast foods, sundae, strawberry",SR Legacy,4.09,5.13,29.18,0.0,175.0,vegan
170689,"Fast foods, taco with beef, cheese and lettuce, hard shell",SR Legacy,8.86,12.7,19.85,3.9,226.0,non_vegetarian
170763,"Fast foods, taco with beef, cheese and lettuce, soft",SR Legacy,9.25,9.75,20.23,2.9,206.0,non_vegetarian
170764,"Fast foods, taco with chicken, lettuce and cheese, soft",SR Legacy,13.3,6.35,19.69,1.2,189.0,non_vegetarian
173274,"Fast foods, vanilla, light, soft-serve ice cream, with cone",SR Legacy,4.24,4.86,26.36,0.1,163.0,vegetarian
173467,"Fat free ice cream, no sugar added, flavors other than chocolate",SR Legacy,4.41,0.0,28.86,7.4,133.0,vegetarian
171400,"Fat, beef tallow",SR Legacy,0.0,100.0,0.0,0.0,902.0,non_vegetarian
173564,"Fat, chicken",SR Legacy,0.0,99.8,0.0,0.0,900.0,non_vegetarian
173572,"Fat, goose",SR Legacy,0.0,99.8,0.0,0.0,900.0,non_vegetarian
173571,"Fat, turkey",SR Legacy,0.0,99.8,0.0,0.0,900.0,non_vegetarian
2747655,"Fennel, bulb, raw",Foundation Foods,0.921875,0.14,5.486225,2.046,26.8924,vegan
173025,"Figs, canned, extra heavy syrup pack, solids and liquids",SR Legacy,0.38,0.1,27.86,,107.0,vegan
173024,"Figs, canned, heavy syrup pack, solids and liquids",SR Legacy,0.38,0.1,22.9,2.2,88.0,vegan
173023,"Figs, canned, light syrup pack, solids and liquids",SR Legacy,0.39,0.1,17.95,1.8,69.0,vegan
173022,"Figs, canned, water pack, solids and liquids",SR Legacy,0.4,0.1,13.99,2.2,53.0,vegan
174666,"Figs, dried, stewed",SR Legacy,1.42,0.4,27.57,4.2,107.0,vegan
326905,"Figs, dried, uncooked",Foundation Foods,3.3,0.92,63.9,9.8,249.0,vegan
173021,"Figs, raw",SR Legacy,0.75,0.3,19.18,2.9,74.0,vegan
171606,Fish broth,SR Legacy,2.0,0.6,0.4,0.0,16.0,non_vegetarian
173577,"Fish oil, cod liver",SR Legacy,0.0,100.0,0.0,0.0,902.0,non_vegetarian
172340,"Fish oil, herring",SR Legacy,0.0,100.0,0.0,0.0,902.0,non_vegetarian
172341,"Fish oil, menhaden",SR Legacy,0.0,100.0,0.0,0.0,902.0,non_vegetarian
172342,"Fish oil, menhaden, fully hydrogenated",SR Legacy,0.0,100.0,0.0,0.0,902.0,non_vegetarian
172343,"Fish oil, salmon",SR Legacy,0.0,100.0,0.0,0.0,902.0,non_vegetarian
173578,"Fish oil, sardine",SR Legacy,0.0,100.0,0.0,0.0,902.0,non_vegetarian
174183,"Fish, anchovy, european, canned in oil, drained solids",SR Legacy,28.89,9.71,0.0,0.0,210.0,non_vegetarian
174182,"Fish, anchovy, european, raw",SR Legacy,20.35,4.84,0.0,0.0,131.0,non_vegetarian
174184,"Fish, bass, fresh water, mixed species, raw",SR Legacy,18.86,3.69,0.0,0.0,114.0,non_vegetarian
171989,"Fish, bass, freshwater, mixed species, cooked, dry heat",SR Legacy,24.18,4.73,0.0,0.0,146.0,non_vegetarian
174228,"Fish, bass, striped, cooked, dry heat",SR Legacy,22.73,2.99,0.0,0.0,124.0,non_vegetarian
171948,"Fish, bass, striped, raw",SR Legacy,17.73,2.33,0.0,0.0,97.0,non_vegetarian
169798,"Fish, blackfish, whole (Alaska Native)",SR Legacy,15.5,1.75,0.0,,82.0,non_vegetarian
174229,"Fish, bluefish, cooked, dry heat",SR Legacy,25.69,5.44,0.0,0.0,159.0,non_vegetarian
171949,"Fish, bluefish, raw",SR Legacy,20.04,4.24,0.0,0.0,124.0,non_vegetarian
174230,"Fish, burbot, cooked, dry heat",SR Legacy,24.76,1.04,0.0,0.0,115.0,non_vegetarian
171950,"Fish, burbot, raw",SR Legacy,19.31,0.81,0.0,0.0,90.0,non_vegetarian
174231,"Fish, butterfish, cooked, dry heat",SR Legacy,22.15,10.28,0.0,0.0,187.0,non_vegetarian
171951,"Fish, butterfish, raw",SR Legacy,17.28,8.02,0.0,0.0,146.0,non_vegetarian
174185,"Fish, carp, cooked, dry heat",SR Legacy,22.86,7.17,0.0,0.0,162.0,non_vegetarian
171952,"Fish, carp, raw",SR Legacy,17.83,5.6,0.0,0.0,127.0,non_vegetarian
174187,"Fish, catfish, channel, cooked, breaded and fried",SR Legacy,18.09,13.33,8.04,0.7,229.0,non_vegetarian
175166,"Fish, catfish, channel, farmed, cooked, dry heat",SR Legacy,18.44,7.19,0.0,0.0,144.0,non_vegetarian
175165,"Fish, catfish, channel, farmed, raw",SR Legacy,15.23,5.94,0.0,0.0,119.0,non_vegetarian
173714,"Fish, catfish, channel, wild, cooked, dry heat",SR Legacy,18.47,2.85,0.0,0.0,105.0,non_vegetarian
174186,"Fish, catfish, channel, wild, raw",SR Legacy,16.38,2.82,0.0,0.0,95.0,non_vegetarian
2684445,"Fish, catfish, farm raised, raw",Foundation Foods,16.46875,7.308,0.0,,129.1124,non_vegetarian
174188,"Fish, caviar, black and red, granular",SR Legacy,24.6,17.9,4.0,0.0,264.0,non_vegetarian
171953,"Fish, cisco, raw",SR Legacy,18.99,1.91,0.0,0.0,98.0,non_vegetarian
171954,"Fish, cisco, smoked",SR Legacy,16.36,11.9,0.0,0.0,177.0,non_vegetarian
174189,"Fish, cod, Atlantic, canned, solids and liquid",SR Legacy,22.76,0.86,0.0,0.0,105.0,non_vegetarian
171956,"Fish, cod, Atlantic, cooked, dry heat",SR Legacy,22.83,0.86,0.0,0.0,105.0,non_vegetarian
174190,"Fish, cod, Atlantic, dried and salted",SR Legacy,62.82,2.37,0.0,0.0,290.0,non_vegetarian
171955,"Fish, cod, Atlantic, raw",SR Legacy,17.81,0.67,0.0,0.0,82.0,non_vegetarian
2684444,"Fish, cod, Atlantic, wild caught, raw",Foundation Foods,16.06875,0.6675,0.0,,65.9855,non_vegetarian
175178,"Fish, cod, Pacific, cooked",SR Legacy,20.42,0.25,0.0,,84.0,non_vegetarian
171990,"Fish, cod, Pacific, cooked, dry heat (may contain additives to retain moisture)",SR Legacy,18.73,0.5,0.0,0.0,85.0,non_vegetarian
174191,"Fish, cod, Pacific, raw (may have been previously frozen)",SR Legacy,15.27,0.41,0.0,0.0,69.0,non_vegetarian
171957,"Fish, croaker, Atlantic, cooked, breaded and fried",SR Legacy,18.2,12.67,7.54,0.4,221.0,non_vegetarian
174192,"Fish, croaker, Atlantic, raw",SR Legacy,17.78,3.17,0.0,0.0,104.0,non_vegetarian
171991,"Fish, cusk, cooked, dry heat",SR Legacy,24.35,0.88,0.0,0.0,112.0,non_vegetarian
171958,"Fish, cusk, raw",SR Legacy,18.99,0.69,0.0,0.0,87.0,non_vegetarian
168987,"Fish, devilfish, meat (Alaska Native)",SR Legacy,11.7,5.3,0.0,,97.0,non_vegetarian
171993,"Fish, drum, freshwater, cooked, dry heat",SR Legacy,22.49,6.32,0.0,0.0,153.0,non_vegetarian
171960,"Fish, drum, freshwater, raw",SR Legacy,17.54,4.93,0.0,0.0,119.0,non_vegetarian
174194,"Fish, eel, mixed species, cooked, dry heat",SR Legacy,23.65,14.95,0.0,0.0,236.0,non_vegetarian
174193,"Fish, eel, mixed species, raw",SR Legacy,18.44,11.66,0.0,0.0,184.0,non_vegetarian
174195,"Fish, fish sticks, frozen, prepared",SR Legacy,11.01,16.23,21.66,1.5,277.0,non_vegetarian
174197,"Fish, flatfish (flounder and sole species), cooked, dry heat",SR Legacy,15.24,2.37,0.0,0.0,86.0,non_vegetarian
174196,"Fish, flatfish (flounder and sole species), raw",SR Legacy,12.41,1.93,0.0,0.0,70.0,non_vegetarian
171961,"Fish, gefiltefish, commercial, sweet recipe",SR Legacy,9.07,1.73,7.41,0.0,84.0,non_vegetarian
171963,"Fish, grouper, mixed species, cooked, dry heat",SR Legacy,24.84,1.3,0.0,0.0,118.0,non_vegetarian
171962,"Fish, grouper, mixed species, raw",SR Legacy,19.38,1.02,0.0,0.0,92.0,non_vegetarian
174198,"Fish, haddock, cooked, dry heat",SR Legacy,19.99,0.55,0.0,0.0,90.0,non_vegetarian
171964,"Fish, haddock, raw",SR Legacy,16.32,0.45,0.0,0.0,74.0,non_vegetarian
174199,"Fish, haddock, smoked",SR Legacy,25.23,0.96,0.0,0.0,116.0,non_vegetarian
174201,"Fish, halibut, Atlantic and Pacific, cooked, dry heat",SR Legacy,22.54,1.61,0.0,0.0,111.0,non_vegetarian
174200,"Fish, halibut, Atlantic and Pacific, raw",SR Legacy,18.56,1.33,0.0,0.0,91.0,non_vegetarian
169812,"Fish, halibut, cooked, with skin (Alaska Native)",SR Legacy,22.13,2.73,0.0,0.0,113.0,non_vegetarian
174232,"Fish, halibut, greenland, cooked, dry heat",SR Legacy,18.42,17.74,0.0,0.0,239.0,non_vegetarian
171965,"Fish, halibut, Greenland, raw",SR Legacy,14.37,13.84,0.0,0.0,186.0,non_vegetarian
167638,"Fish, halibut, raw, with skin (Alaska Native)",SR Legacy,20.53,2.92,1.81,0.0,116.0,non_vegetarian
168989,"Fish, herring eggs on giant kelp, Pacific (Alaska Native)",SR Legacy,11.3,0.8,2.6,,63.0,non_vegetarian
168990,"Fish, herring eggs, Pacific, dry (Alaska Native)",SR Legacy,60.4,6.6,2.8,,312.0,non_vegetarian
169806,"Fish, herring eggs, Pacific, plain (Alaska Native)",SR Legacy,9.6,1.93,4.47,,74.0,non_vegetarian
175117,"Fish, herring, Atlantic, cooked, dry heat",SR Legacy,23.03,11.59,0.0,0.0,203.0,non_vegetarian
173668,"Fish, herring, Atlantic, kippered",SR Legacy,24.58,12.37,0.0,0.0,217.0,non_vegetarian
175118,"Fish, herring, Atlantic, pickled",SR Legacy,14.19,18.0,9.64,0.0,262.0,non_vegetarian
175116,"Fish, herring, Atlantic, raw",SR Legacy,17.96,9.04,0.0,0.0,158.0,non_vegetarian
174233,"Fish, herring, Pacific, cooked, dry heat",SR Legacy,21.01,17.79,0.0,0.0,250.0,non_vegetarian
169807,"Fish, herring, Pacific, flesh, air-dried, packed in oil (Alaska Native)",SR Legacy,44.5,34.6,0.0,,489.0,non_vegetarian
173669,"Fish, herring, Pacific, raw",SR Legacy,16.39,13.88,0.0,0.0,195.0,non_vegetarian
174234,"Fish, ling, cooked, dry heat",SR Legacy,24.35,0.82,0.0,0.0,111.0,non_vegetarian
173670,"Fish, ling, raw",SR Legacy,18.99,0.64,0.0,0.0,87.0,non_vegetarian
174235,"Fish, lingcod, cooked, dry heat",SR Legacy,22.64,1.36,0.0,0.0,109.0,non_vegetarian
169810,"Fish, lingcod, liver (Alaska Native)",SR Legacy,5.6,42.0,6.0,,424.0,non_vegetarian
169809,"Fish, lingcod, meat, raw (Alaska Native)",SR Legacy,17.9,0.8,0.0,,79.0,non_vegetarian
173671,"Fish, lingcod, raw",SR Legacy,17.66,1.06,0.0,0.0,85.0,non_vegetarian
175120,"Fish, mackerel, Atlantic, cooked, dry heat",SR Legacy,23.85,17.81,0.0,0.0,262.0,non_vegetarian
175119,"Fish, mackerel, Atlantic, raw",SR Legacy,18.6,13.89,0.0,0.0,205.0,non_vegetarian
175121,"Fish, mackerel, jack, canned, drained solids",SR Legacy,23.19,6.3,0.0,0.0,156.0,non_vegetarian
174236,"Fish, mackerel, king, cooked, dry heat",SR Legacy,26.0,2.56,0.0,0.0,134.0,non_vegetarian
175122,"Fish, mackerel, king, raw",SR Legacy,20.28,2.0,0.0,0.0,105.0,non_vegetarian
171994,"Fish, mackerel, Pacific and jack, mixed species, cooked, dry heat",SR Legacy,25.73,10.12,0.0,0.0,201.0,non_vegetarian
173672,"Fish, mackerel, Pacific and jack, mixed species, raw",SR Legacy,20.07,7.89,0.0,0.0,158.0,non_vegetarian
168149,"Fish, mackerel, salted",SR Legacy,18.5,25.1,0.0,0.0,305.0,non_vegetarian
173674,"Fish, mackerel, spanish, cooked, dry heat",SR Legacy,23.59,6.32,0.0,0.0,158.0,non_vegetarian
173673,"Fish, mackerel, spanish, raw",SR Legacy,19.29,6.3,0.0,0.0,139.0,non_vegetarian
171992,"Fish, mahimahi, cooked, dry heat",SR Legacy,23.72,0.9,0.0,0.0,109.0,non_vegetarian
171959,"Fish, mahimahi, raw",SR Legacy,18.5,0.7,0.0,0.0,85.0,non_vegetarian
171995,"Fish, milkfish, cooked, dry heat",SR Legacy,26.32,8.63,0.0,0.0,190.0,non_vegetarian
173675,"Fish, milkfish, raw",SR Legacy,20.53,6.73,0.0,0.0,148.0,non_vegetarian
171996,"Fish, monkfish, cooked, dry heat",SR Legacy,18.56,1.95,0.0,0.0,97.0,non_vegetarian
173676,"Fish, monkfish, raw",SR Legacy,14.48,1.52,0.0,0.0,76.0,non_vegetarian
175124,"Fish, mullet, striped, cooked, dry heat",SR Legacy,24.81,4.86,0.0,0.0,150.0,non_vegetarian
175123,"Fish, mullet, striped, raw",SR Legacy,19.35,3.79,0.0,0.0,117.0,non_vegetarian
175126,"Fish, ocean perch, Atlantic, cooked, dry heat",SR Legacy,18.51,1.87,0.0,0.0,96.0,non_vegetarian
175125,"Fish, ocean perch, Atlantic, raw",SR Legacy,15.31,1.54,0.0,0.0,79.0,non_vegetarian
173679,"Fish, perch, mixed species, cooked, dry heat",SR Legacy,24.86,1.18,0.0,0.0,117.0,non_vegetarian
173678,"Fish, perch, mixed species, raw",SR Legacy,19.39,0.92,0.0,0.0,91.0,non_vegetarian
175127,"Fish, pike, northern, cooked, dry heat",SR Legacy,24.69,0.88,0.0,0.0,113.0,non_vegetarian
168021,"Fish, pike, northern, liver (Alaska Native)",SR Legacy,16.6,8.0,4.3,,156.0,non_vegetarian
173680,"Fish, pike, northern, raw",SR Legacy,19.26,0.69,0.0,0.0,88.0,non_vegetarian
171997,"Fish, pike, walleye, cooked, dry heat",SR Legacy,24.54,1.56,0.0,0.0,119.0,non_vegetarian
175128,"Fish, pike, walleye, raw",SR Legacy,19.14,1.22,0.0,0.0,93.0,non_vegetarian
173726,"Fish, pollock, Alaska, cooked",SR Legacy,19.42,0.9946,0.0,,86.6164,non_vegetarian
173681,"Fish, pollock, Alaska, cooked, dry heat (may contain additives to retain moisture)",SR Legacy,23.48,1.18,0.0,0.0,111.0,non_vegetarian
173725,"Fish, pollock, Alaska, raw",SR Legacy,17.17,0.82,0.0,,76.0,non_vegetarian
175130,"Fish, pollock, Alaska, raw (may contain additives to retain moisture)",SR Legacy,12.19,0.41,0.0,0.0,56.0,non_vegetarian
174237,"Fish, pollock, Atlantic, cooked, dry heat",SR Legacy,24.92,1.26,0.0,0.0,118.0,non_vegetarian
175129,"Fish, pollock, Atlantic, raw",SR Legacy,19.44,0.98,0.0,0.0,92.0,non_vegetarian
333476,"Fish, pollock, raw",Foundation Foods,12.3,0.41,0.0,,56.0,non_vegetarian
173683,"Fish, pompano, florida, cooked, dry heat",SR Legacy,23.69,12.14,0.0,0.0,211.0,non_vegetarian
173682,"Fish, pompano, florida, raw",SR Legacy,18.48,9.47,0.0,0.0,164.0,non_vegetarian
174238,"Fish, pout, ocean, cooked, dry heat",SR Legacy,21.33,1.17,0.0,0.0,102.0,non_vegetarian
173677,"Fish, pout, ocean, raw",SR Legacy,16.64,0.91,0.0,0.0,79.0,non_vegetarian
175131,"Fish, rockfish, Pacific, mixed species, cooked, dry heat",SR Legacy,22.23,1.62,0.0,0.0,109.0,non_vegetarian
173684,"Fish, rockfish, Pacific, mixed species, raw",SR Legacy,18.36,1.34,0.0,0.0,90.0,non_vegetarian
174239,"Fish, roe, mixed species, cooked, dry heat",SR Legacy,28.62,8.23,1.92,0.0,204.0,non_vegetarian
175132,"Fish, roe, mixed species, raw",SR Legacy,22.32,6.42,1.5,0.0,143.0,non_vegetarian
174251,"Fish, roughy, orange, cooked, dry heat",SR Legacy,22.64,0.9,0.0,0.0,105.0,non_vegetarian
175133,"Fish, roughy, orange, raw",SR Legacy,16.41,0.7,0.0,0.0,76.0,non_vegetarian
174240,"Fish, sablefish, cooked, dry heat",SR Legacy,17.19,19.62,0.0,0.0,250.0,non_vegetarian
175134,"Fish, sablefish, raw",SR Legacy,13.41,15.3,0.0,0.0,195.0,non_vegetarian
173685,"Fish, sablefish, smoked",SR Legacy,17.65,20.14,0.0,0.0,257.0,non_vegetarian
2684441,"Fish, salmon, Atlantic, farm raised, raw",Foundation Foods,20.31875,13.11,0.0,,197.294,non_vegetarian
175168,"Fish, salmon, Atlantic, farmed, cooked, dry heat",SR Legacy,22.1,12.35,0.0,0.0,206.0,non_vegetarian
175167,"Fish, salmon, Atlantic, farmed, raw",SR Legacy,20.42,13.42,0.0,0.0,208.0,non_vegetarian
171998,"Fish, salmon, Atlantic, wild, cooked, dry heat",SR Legacy,25.44,8.13,0.0,0.0,182.0,non_vegetarian
173686,"Fish, salmon, Atlantic, wild, raw",SR Legacy,19.84,6.34,0.0,0.0,142.0,non_vegetarian
171999,"Fish, salmon, chinook, cooked, dry heat",SR Legacy,25.72,13.38,0.0,0.0,231.0,non_vegetarian
173688,"Fish, salmon, chinook, raw",SR Legacy,19.93,10.43,0.0,0.0,179.0,non_vegetarian
173687,"Fish, salmon, chinook, smoked",SR Legacy,18.28,4.32,0.0,0.0,117.0,non_vegetarian
171985,"Fish, salmon, chinook, smoked, (lox), regular",SR Legacy,18.28,4.32,0.0,0.0,117.0,non_vegetarian
175135,"Fish, salmon, chum, canned, drained solids with bone",SR Legacy,21.43,5.5,0.0,0.0,141.0,non_vegetarian
174224,"Fish, salmon, chum, canned, without salt, drained solids with bone",SR Legacy,21.43,5.5,0.0,0.0,141.0,non_vegetarian
172000,"Fish, salmon, chum, cooked, dry heat",SR Legacy,25.82,4.83,0.0,0.0,154.0,non_vegetarian
168054,"Fish, salmon, chum, dried (Alaska Native)",SR Legacy,62.09,14.38,0.0,0.0,378.0,non_vegetarian
173689,"Fish, salmon, chum, raw",SR Legacy,20.14,3.77,0.0,0.0,120.0,non_vegetarian
168046,"Fish, Salmon, Chum, raw (Alaska Native)",SR Legacy,20.69,3.67,0.0,0.0,116.0,non_vegetarian
167639,"Fish, salmon, coho (silver), raw (Alaska Native)",SR Legacy,22.56,5.57,0.0,0.0,140.0,non_vegetarian
173716,"Fish, salmon, coho, farmed, cooked, dry heat",SR Legacy,24.3,8.23,0.0,0.0,178.0,non_vegetarian
173715,"Fish, salmon, coho, farmed, raw",SR Legacy,21.27,7.67,0.0,0.0,160.0,non_vegetarian
173719,"Fish, salmon, coho, wild, cooked, dry heat",SR Legacy,23.45,4.3,0.0,0.0,139.0,non_vegetarian
175137,"Fish, salmon, coho, wild, cooked, moist heat",SR Legacy,27.36,7.5,0.0,0.0,184.0,non_vegetarian
175136,"Fish, salmon, coho, wild, raw",SR Legacy,21.62,5.93,0.0,0.0,146.0,non_vegetarian
168047,"Fish, salmon, king (chinook), raw (Alaska Native)",SR Legacy,20.25,11.73,0.0,0.0,187.0,non_vegetarian
168024,"Fish, salmon, king, chinook, kippered, canned (Alaska Native)",SR Legacy,30.7,15.9,0.0,,266.0,non_vegetarian
167616,"Fish, salmon, king, chinook, liver (Alaska Native)",SR Legacy,16.6,8.0,4.3,,156.0,non_vegetarian
167614,"Fish, salmon, king, chinook, smoked and canned (Alaska Native)",SR Legacy,23.2,5.9,0.0,,150.0,non_vegetarian
167615,"Fish, salmon, king, chinook, smoked, brined (Alaska Native)",SR Legacy,39.9,30.0,0.0,0.0,430.0,non_vegetarian
167647,"Fish, salmon, king, with skin, kippered, (Alaska Native)",SR Legacy,23.19,12.95,0.0,0.0,209.0,non_vegetarian
175175,"Fish, salmon, pink, canned, drained solids",SR Legacy,23.1,5.02,0.0,0.0,138.0,non_vegetarian
173724,"Fish, Salmon, pink, canned, drained solids, without skin and bones",SR Legacy,24.62,4.21,0.0,0.0,136.0,non_vegetarian
173690,"Fish, salmon, pink, canned, total can contents",SR Legacy,19.68,4.97,0.0,0.0,129.0,non_vegetarian
174225,"Fish, salmon, pink, canned, without salt, solids with bone and liquid",SR Legacy,19.78,6.05,0.0,0.0,139.0,non_vegetarian
172001,"Fish, salmon, pink, cooked, dry heat",SR Legacy,24.58,5.28,0.0,0.0,153.0,non_vegetarian
175138,"Fish, salmon, pink, raw",SR Legacy,20.5,4.4,0.0,0.0,127.0,non_vegetarian
167645,"Fish, salmon, red, (sockeye), canned, smoked (Alaska Native)",SR Legacy,35.19,7.26,0.0,0.0,206.0,non_vegetarian
167646,"Fish, salmon, red, (sockeye), kippered (Alaska Native)",SR Legacy,24.5,4.75,0.0,0.0,141.0,non_vegetarian
167642,"Fish, salmon, red, canned, bones removed (Alaska Native)",SR Legacy,27.31,5.76,0.0,0.0,161.0,non_vegetarian
168045,"Fish, salmon, sockeye (red), raw (Alaska Native)",SR Legacy,21.94,7.28,0.0,0.0,153.0,non_vegetarian
173693,"Fish, salmon, sockeye, canned, drained solids",SR Legacy,23.59,7.39,0.0,0.0,167.0,non_vegetarian
174226,"Fish, salmon, sockeye, canned, without salt, drained solids with bone",SR Legacy,20.47,7.31,0.0,0.0,153.0,non_vegetarian
173692,"Fish, salmon, sockeye, cooked, dry heat",SR Legacy,26.48,5.57,0.0,0.0,156.0,non_vegetarian
173691,"Fish, salmon, sockeye, raw",SR Legacy,22.25,4.69,0.0,0.0,131.0,non_vegetarian
2684440,"Fish, salmon, sockeye, wild caught, raw",Foundation Foods,22.3,4.936,0.0,,129.984,non_vegetarian
168023,"Fish, salmon, tipnuk, fermented (Alaska Native)",SR Legacy,15.9,10.6,0.0,,159.0,non_vegetarian
175139,"Fish, sardine, Atlantic, canned in oil, drained solids with bone",SR Legacy,24.62,11.45,0.0,0.0,208.0,non_vegetarian
175140,"Fish, sardine, Pacific, canned in tomato sauce, drained solids with bone",SR Legacy,20.86,10.45,0.54,0.1,185.0,non_vegetarian
174241,"Fish, scup, cooked, dry heat",SR Legacy,24.21,3.5,0.0,0.0,135.0,non_vegetarian
175141,"Fish, scup, raw",SR Legacy,18.88,2.73,0.0,0.0,105.0,non_vegetarian
173694,"Fish, sea bass, mixed species, cooked, dry heat",SR Legacy,23.63,2.56,0.0,0.0,124.0,non_vegetarian
175142,"Fish, sea bass, mixed species, raw",SR Legacy,18.43,2.0,0.0,0.0,97.0,non_vegetarian
174242,"Fish, seatrout, mixed species, cooked, dry heat",SR Legacy,21.46,4.63,0.0,0.0,133.0,non_vegetarian
173695,"Fish, seatrout, mixed species, raw",SR Legacy,16.74,3.61,0.0,0.0,104.0,non_vegetarian
174243,"Fish, shad, american, cooked, dry heat",SR Legacy,21.71,17.65,0.0,0.0,252.0,non_vegetarian
173696,"Fish, shad, american, raw",SR Legacy,16.93,13.77,0.0,0.0,197.0,non_vegetarian
175143,"Fish, shark, mixed species, cooked, batter-dipped and fried",SR Legacy,18.62,13.82,6.39,0.0,228.0,non_vegetarian
173697,"Fish, shark, mixed species, raw",SR Legacy,20.98,4.51,0.0,0.0,130.0,non_vegetarian
167648,"Fish, sheefish, raw (Alaska Native)",SR Legacy,22.25,2.84,0.0,0.0,115.0,non_vegetarian
175145,"Fish, sheepshead, cooked, dry heat",SR Legacy,26.02,1.63,0.0,0.0,126.0,non_vegetarian
175144,"Fish, sheepshead, raw",SR Legacy,20.21,2.41,0.0,0.0,108.0,non_vegetarian
175147,"Fish, smelt, rainbow, cooked, dry heat",SR Legacy,22.6,3.1,0.0,0.0,124.0,non_vegetarian
175146,"Fish, smelt, rainbow, raw",SR Legacy,17.63,2.42,0.0,0.0,97.0,non_vegetarian
173699,"Fish, snapper, mixed species, cooked, dry heat",SR Legacy,26.3,1.72,0.0,0.0,128.0,non_vegetarian
173698,"Fish, snapper, mixed species, raw",SR Legacy,20.51,1.34,0.0,0.0,100.0,non_vegetarian
174244,"Fish, spot, cooked, dry heat",SR Legacy,23.73,6.28,0.0,0.0,158.0,non_vegetarian
173700,"Fish, spot, raw",SR Legacy,18.51,4.9,0.0,0.0,123.0,non_vegetarian
175148,"Fish, sturgeon, mixed species, cooked, dry heat",SR Legacy,20.7,5.18,0.0,0.0,135.0,non_vegetarian
173701,"Fish, sturgeon, mixed species, raw",SR Legacy,16.14,4.04,0.0,0.0,105.0,non_vegetarian
175149,"Fish, sturgeon, mixed species, smoked",SR Legacy,31.2,4.4,0.0,0.0,173.0,non_vegetarian
172002,"Fish, sucker, white, cooked, dry heat",SR Legacy,21.49,2.97,0.0,0.0,119.0,non_vegetarian
175150,"Fish, sucker, white, raw",SR Legacy,16.76,2.32,0.0,0.0,92.0,non_vegetarian
172003,"Fish, sunfish, pumpkin seed, cooked, dry heat",SR Legacy,24.87,0.9,0.0,0.0,114.0,non_vegetarian
175151,"Fish, sunfish, pumpkin seed, raw",SR Legacy,19.4,0.7,0.0,0.0,89.0,non_vegetarian
173702,"Fish, surimi",SR Legacy,15.18,0.9,6.85,0.0,99.0,non_vegetarian
173704,"Fish, swordfish, cooked, dry heat",SR Legacy,23.45,7.93,0.0,0.0,172.0,non_vegetarian
173703,"Fish, swordfish, raw",SR Legacy,19.66,6.65,0.0,0.0,144.0,non_vegetarian
175177,"Fish, tilapia, cooked, dry heat",SR Legacy,26.15,2.65,0.0,0.0,128.0,non_vegetarian
2684442,"Fish, tilapia, farm raised, raw",Foundation Foods,19.0,2.479,0.0,,94.659,non_vegetarian
175176,"Fish, tilapia, raw",SR Legacy,20.08,1.7,0.0,0.0,96.0,non_vegetarian
175152,"Fish, tilefish, cooked, dry heat",SR Legacy,24.49,4.69,0.0,0.0,147.0,non_vegetarian
173705,"Fish, tilefish, raw",SR Legacy,17.5,2.31,0.0,0.0,96.0,non_vegetarian
175181,"Fish, trout, brook, raw, New York State",SR Legacy,21.23,2.73,0.0,,110.0,non_vegetarian
172004,"Fish, trout, mixed species, cooked, dry heat",SR Legacy,26.63,8.47,0.0,0.0,190.0,non_vegetarian
175153,"Fish, trout, mixed species, raw",SR Legacy,20.77,6.61,0.0,0.0,148.0,non_vegetarian
173718,"Fish, trout, rainbow, farmed, cooked, dry heat",SR Legacy,23.8,7.38,0.0,0.0,168.0,non_vegetarian
173717,"Fish, trout, rainbow, farmed, raw",SR Legacy,19.94,6.18,0.0,0.0,141.0,non_vegetarian
175155,"Fish, trout, rainbow, wild, cooked, dry heat",SR Legacy,22.92,5.82,0.0,0.0,150.0,non_vegetarian
175154,"Fish, trout, rainbow, wild, raw",SR Legacy,20.48,3.46,0.0,0.0,119.0,non_vegetarian
175160,"Fish, tuna salad",SR Legacy,16.04,9.26,9.41,0.0,187.0,non_vegetarian
173707,"Fish, tuna, fresh, bluefin, cooked, dry heat",SR Legacy,29.91,6.28,0.0,0.0,184.0,non_vegetarian
173706,"Fish, tuna, fresh, bluefin, raw",SR Legacy,23.33,4.9,0.0,0.0,144.0,non_vegetarian
175156,"Fish, tuna, fresh, skipjack, raw",SR Legacy,22.0,1.01,0.0,0.0,103.0,non_vegetarian
175159,"Fish, tuna, fresh, yellowfin, raw",SR Legacy,24.4,0.49,0.0,0.0,109.0,non_vegetarian
173708,"Fish, tuna, light, canned in oil, drained solids",SR Legacy,29.13,8.21,0.0,0.0,198.0,non_vegetarian
174227,"Fish, tuna, light, canned in oil, without salt, drained solids",SR Legacy,29.13,8.21,0.0,0.0,198.0,non_vegetarian
334194,"Fish, tuna, light, canned in water, drained solids",Foundation Foods,19.0,0.94,0.08,,90.0,non_vegetarian
173709,"Fish, tuna, light, canned in water, drained solids (Includes foods for USDA's Food Distribution Program)",SR Legacy,19.44,0.96,0.0,0.0,86.0,non_vegetarian
171986,"Fish, tuna, light, canned in water, without salt, drained solids",SR Legacy,25.51,0.82,0.0,0.0,116.0,non_vegetarian
172005,"Fish, tuna, skipjack, fresh, cooked, dry heat",SR Legacy,28.21,1.29,0.0,0.0,132.0,non_vegetarian
175157,"Fish, tuna, white, canned in oil, drained solids",SR Legacy,26.53,8.08,0.0,0.0,186.0,non_vegetarian
171987,"Fish, tuna, white, canned in oil, without salt, drained solids",SR Legacy,26.53,8.08,0.0,0.0,186.0,non_vegetarian
175158,"Fish, tuna, white, canned in water, drained solids",SR Legacy,23.62,2.97,0.0,0.0,128.0,non_vegetarian
171988,"Fish, tuna, white, canned in water, without salt, drained solids",SR Legacy,23.62,2.97,0.0,0.0,128.0,non_vegetarian
172006,"Fish, tuna, yellowfin, fresh, cooked, dry heat",SR Legacy,29.15,0.59,0.0,0.0,130.0,non_vegetarian
174245,"Fish, turbot, european, cooked, dry heat",SR Legacy,20.58,3.78,0.0,0.0,122.0,non_vegetarian
173710,"Fish, turbot, european, raw",SR Legacy,16.05,2.95,0.0,0.0,95.0,non_vegetarian
168034,"Fish, whitefish, broad, head, eyes, cheeks and soft bones (Alaska Native)",SR Legacy,18.6,3.6,0.0,,107.0,non_vegetarian
167626,"Fish, whitefish, broad, liver (Alaska Native)",SR Legacy,11.0,4.4,5.1,,104.0,non_vegetarian
168052,"Fish, whitefish, dried (Alaska Native)",SR Legacy,62.44,13.44,0.0,0.0,371.0,non_vegetarian
167643,"Fish, whitefish, eggs (Alaska Native)",SR Legacy,14.66,2.88,4.89,0.0,104.0,non_vegetarian
174246,"Fish, whitefish, mixed species, cooked, dry heat",SR Legacy,24.47,7.51,0.0,0.0,172.0,non_vegetarian
173711,"Fish, whitefish, mixed species, raw",SR Legacy,19.09,5.86,0.0,0.0,134.0,non_vegetarian
168033,"Fish, whitefish, mixed species, raw (Alaska Native)",SR Legacy,18.9,6.1,0.0,,131.0,non_vegetarian
173712,"Fish, whitefish, mixed species, smoked",SR Legacy,23.4,0.93,0.0,0.0,108.0,non_vegetarian
175161,"Fish, whiting, mixed species, cooked, dry heat",SR Legacy,23.48,1.69,0.0,0.0,116.0,non_vegetarian
173713,"Fish, whiting, mixed species, raw",SR Legacy,18.31,1.31,0.0,0.0,90.0,non_vegetarian
174247,"Fish, wolffish, Atlantic, cooked, dry heat",SR Legacy,22.44,3.06,0.0,0.0,123.0,non_vegetarian
175162,"Fish, wolffish, Atlantic, raw",SR Legacy,17.5,2.39,0.0,0.0,96.0,non_vegetarian
174248,"Fish, yellowtail, mixed species, cooked, dry heat",SR Legacy,29.67,6.72,0.0,0.0,187.0,non_vegetarian
175163,"Fish, yellowtail, mixed species, raw",SR Legacy,23.14,5.24,0.0,0.0,146.0,non_vegetarian
169602,"Flan, caramel custard, dry mix",SR Legacy,0.0,0.0,91.6,0.0,348.0,vegetarian
169621,"Flan, caramel custard, dry mix, prepared with 2% milk",SR Legacy,2.99,1.72,18.82,0.0,103.0,vegetarian
168796,"Flan, caramel custard, dry mix, prepared with whole milk",SR Legacy,2.95,3.0,18.68,0.0,113.0,vegetarian
2262075,"Flaxseed, ground",Foundation Foods,18.0359,37.28,34.3551,23.13,545.084,vegan
2003586,"Flour, 00",Foundation Foods,11.4,1.52,74.4462,2.656,357.0648,vegan
2261420,"Flour, almond",Foundation Foods,26.24375,50.23,16.24925,9.266,622.042,vegan
2512371,"Flour, amaranth",Foundation Foods,13.2093,6.236,68.7787,7.209,384.076,vegan
2512376,"Flour, barley",Foundation Foods,8.72168,2.45,77.39832,12.79,366.53,vegan
790146,"Flour, bread, white, enriched, unbleached",Foundation Foods,14.3,1.65,72.8,,363.0,vegan
2512374,"Flour, buckwheat",Foundation Foods,8.88492,2.484,75.01808,10.35,357.968,vegan
2512377,"Flour, cassava",Foundation Foods,0.918225,0.4938,87.312975,4.834,357.369,vegan
2515377,"Flour, chestnut",Foundation Foods,5.28675,4.636,80.45025,8.711,384.672,vegan
2515382,"Flour, coconut",Foundation Foods,16.1385,15.28,58.9025,34.24,437.684,vegan
790276,"Flour, corn, yellow, fine meal, enriched",Foundation Foods,6.2,1.74,80.8,4.3,364.0,vegan
2261421,"Flour, oat, whole grain",Foundation Foods,13.16875,6.309,69.91725,10.5,389.125,vegan
1104913,"Flour, pastry, unenriched, unbleached",Foundation Foods,8.75,1.64,77.2,,358.0,vegan
2261422,"Flour, potato",Foundation Foods,8.1125,0.9513,79.9422,5.401,360.7805,vegan
2512372,"Flour, quinoa",Foundation Foods,11.92235,6.601,69.52465,6.295,385.197,vegan
1104812,"Flour, rice, brown",Foundation Foods,7.19,3.85,75.5,,365.25,vegan
1104867,"Flour, rice, glutinous",Foundation Foods,6.69,1.16,80.1,,358.0,vegan
790214,"Flour, rice, white, unenriched",Foundation Foods,6.94,1.3,79.8,0.5,359.0,vegan
2512375,"Flour, rye",Foundation Foods,8.3952,1.908,77.1618,13.68,359.4,vegan
2003588,"Flour, semolina, coarse and semi-coarse",Foundation Foods,11.73125,1.597,73.82345,3.216,356.5918,vegan
2003589,"Flour, semolina, fine",Foundation Foods,13.33125,1.838,71.98575,3.683,357.81,vegan
2512373,"Flour, sorghum",Foundation Foods,8.27277,3.586,77.39123,6.019,374.93,vegan
1104705,"Flour, soy, defatted",Foundation Foods,51.1,3.33,32.9,,366.0,vegan
1104766,"Flour, soy, full-fat",Foundation Foods,38.6,20.7,27.9,,452.0,vegan
2003587,"Flour, spelt, whole grain",Foundation Foods,14.475,2.543,70.723,9.339,363.679,vegan
789890,"Flour, wheat, all-purpose, enriched, bleached",Foundation Foods,10.9,1.48,77.3,,366.0,vegan
789951,"Flour, wheat, all-purpose, enriched, unbleached",Foundation Foods,13.1,1.48,73.2,,358.0,vegan
790018,"Flour, wheat, all-purpose, unenriched, unbleached",Foundation Foods,12.0,1.7,74.6,3.0,362.0,vegan
790085,"Flour, whole wheat, unenriched",Foundation Foods,15.1,2.73,71.2,10.6,370.0,vegan
2710829,"Fonio, grain, dry, raw",Foundation Foods,7.16875,1.693,81.30525,2.197,369.133,vegan
173149,"Formulated bar, high fiber, chewy, oats and chocolate",SR Legacy,5.0,10.0,69.82,22.5,389.0,vegan
174782,"Formulated bar, MARS SNACKFOOD US, COCOAVIA, Chocolate Almond Snack Bar",SR Legacy,7.72,14.19,51.68,5.2,347.0,vegan
173138,"Formulated bar, MARS SNACKFOOD US, COCOAVIA, Chocolate Blueberry Snack Bar",SR Legacy,6.21,9.27,57.87,4.6,325.0,vegan
174780,"Formulated bar, MARS SNACKFOOD US, SNICKERS MARATHON Chewy Chocolate Peanut Bar",SR Legacy,24.29,13.12,47.24,2.5,396.0,vegan
173134,"Formulated bar, MARS SNACKFOOD US, SNICKERS MARATHON Honey Nut Oat Bar",SR Legacy,22.5,7.87,55.13,11.0,381.0,vegetarian
173139,"Formulated bar, SLIM-FAST OPTIMA meal bar, milk chocolate peanut",SR Legacy,16.19,8.92,60.21,5.1,386.0,vegetarian
174614,"Frankfurter, beef, heated",SR Legacy,11.69,29.36,2.66,0.0,322.0,non_vegetarian
167696,"Frankfurter, beef, low fat",SR Legacy,12.0,9.5,1.6,0.0,140.0,non_vegetarian
172949,"Frankfurter, beef, pork, and turkey, fat free",SR Legacy,12.5,1.59,11.21,0.0,109.0,non_vegetarian
173862,"Frankfurter, beef, unheated",SR Legacy,11.69,28.1,2.97,0.0,315.0,non_vegetarian
171624,"Frankfurter, chicken",SR Legacy,15.51,16.19,2.74,0.0,223.0,non_vegetarian
172968,"Frankfurter, meat",SR Legacy,10.26,25.76,4.17,0.0,290.0,non_vegetarian
171633,"Frankfurter, meat and poultry, cooked, boiled",SR Legacy,10.31,26.28,4.96,0.0,298.0,non_vegetarian
171634,"Frankfurter, meat and poultry, cooked, grilled",SR Legacy,10.67,26.43,5.24,0.0,302.0,non_vegetarian
169866,"Frankfurter, meat and poultry, low fat",SR Legacy,15.5,2.8,8.4,0.1,121.0,non_vegetarian
173875,"Frankfurter, meat and poultry, unheated",SR Legacy,9.72,24.18,5.02,0.0,277.0,non_vegetarian
174615,"Frankfurter, meat, heated",SR Legacy,9.77,24.31,4.9,0.0,278.0,non_vegetarian
169887,"Frankfurter, meatless",SR Legacy,19.61,13.73,7.7,3.9,233.0,non_vegetarian
172964,"Frankfurter, pork",SR Legacy,12.81,23.68,0.28,0.1,269.0,non_vegetarian
171625,"Frankfurter, turkey",SR Legacy,12.23,17.29,3.81,0.0,223.0,non_vegetarian
174998,"French toast, prepared from recipe, made with low fat (2%) milk",SR Legacy,7.7,10.8,25.0,,229.0,vegetarian
172466,"Frijoles rojos volteados (Refried beans, red, canned)",SR Legacy,5.0,6.93,15.47,4.7,144.0,vegan
168148,"Frog legs, raw",SR Legacy,16.4,0.3,0.0,0.0,73.0,non_vegetarian
169625,"Frostings, chocolate, creamy, dry mix",SR Legacy,1.3,5.2,92.0,2.4,389.0,vegetarian
168800,"Frostings, chocolate, creamy, dry mix, prepared with butter",SR Legacy,1.11,13.06,71.8,1.9,408.0,vegetarian
168845,"Frostings, chocolate, creamy, dry mix, prepared with margarine",SR Legacy,1.1,12.87,71.02,1.9,404.0,vegetarian
168795,"Frostings, chocolate, creamy, ready-to-eat",SR Legacy,1.1,17.6,63.2,0.9,397.0,vegetarian
169618,"Frostings, coconut-nut, ready-to-eat",SR Legacy,1.5,24.0,52.7,2.5,433.0,vegan
169619,"Frostings, cream cheese-flavor, ready-to-eat",SR Legacy,0.1,17.3,67.32,0.0,415.0,vegetarian
168852,"Frostings, glaze, chocolate, prepared-from-recipe, with butter, NFSMI Recipe No. C-32",SR Legacy,1.42,7.17,72.18,1.1,359.0,vegetarian
168802,"Frostings, vanilla, creamy, dry mix",SR Legacy,0.3,4.9,93.8,0.1,410.0,vegetarian
168844,"Frostings, vanilla, creamy, dry mix, prepared with margarine",SR Legacy,0.34,12.74,74.28,0.1,413.0,vegetarian
169620,"Frostings, vanilla, creamy, ready-to-eat",SR Legacy,0.0,16.23,67.89,0.0,418.0,vegetarian
169632,"Frozen novelties, fruit and juice bars",SR Legacy,1.2,0.1,20.2,1.0,87.0,vegan
168130,"Frozen novelties, ice cream type, chocolate or caramel covered, with nuts",SR Legacy,4.4,20.2,30.9,0.6,323.0,vegetarian
169900,"Frozen novelties, ice cream type, sundae, prepackaged",SR Legacy,4.3,6.0,29.64,0.3,190.0,vegetarian
167683,"Frozen novelties, ice cream type, vanilla ice cream, light, no sugar added, chocolate coated",SR Legacy,6.4,10.1,26.11,0.8,221.0,vegetarian
169613,"Frozen novelties, ice type, fruit, no sugar added",SR Legacy,0.5,0.1,6.2,0.0,24.0,vegan
169638,"Frozen novelties, ice type, lime",SR Legacy,0.4,0.0,32.6,0.0,128.0,vegan
168847,"Frozen novelties, ice type, pineapple-coconut",SR Legacy,0.0,2.6,23.9,0.7,113.0,vegan
170259,"Frozen novelties, ice type, sugar free, orange, cherry, and grape POPSICLE pops",SR Legacy,0.0,0.0,5.14,0.0,21.0,vegan
167721,"Frozen novelties, juice type, juice with cream",SR Legacy,1.41,1.41,24.11,0.1,115.0,vegetarian
168113,"Frozen novelties, juice type, orange",SR Legacy,0.5,0.0,23.17,0.1,95.0,vegan
170266,"Frozen novelties, No Sugar Added CREAMSICLE Pops",SR Legacy,3.69,0.61,12.88,3.6,72.0,vegetarian
170267,"Frozen novelties, Sugar Free, CREAMSICLE Pops",SR Legacy,1.37,2.33,11.95,7.5,49.0,vegetarian
168104,"Frozen yogurts, chocolate",SR Legacy,3.0,3.6,21.6,2.3,131.0,vegetarian
168103,"Frozen yogurts, chocolate, nonfat milk, sweetened without sugar",SR Legacy,4.4,0.8,19.7,2.0,107.0,vegetarian
168848,"Frozen yogurts, chocolate, soft-serve",SR Legacy,4.0,6.0,24.9,2.2,160.0,vegetarian
168105,"Frozen yogurts, flavors other than chocolate",SR Legacy,3.0,3.6,21.6,0.0,127.0,vegetarian
168815,"Frozen yogurts, vanilla, soft-serve",SR Legacy,4.0,5.6,24.2,0.0,159.0,vegetarian
168816,"Fruit butters, apple",SR Legacy,0.39,0.3,42.47,1.5,173.0,vegetarian
173029,"Fruit cocktail, (peach and pineapple and pear and grape and cherry), canned, extra heavy syrup, solids and liquids",SR Legacy,0.39,0.07,22.89,1.1,88.0,vegan
173026,"Fruit cocktail, (peach and pineapple and pear and grape and cherry), canned, extra light syrup, solids and liquids",SR Legacy,0.4,0.07,11.63,1.1,45.0,vegan
173028,"Fruit cocktail, (peach and pineapple and pear and grape and cherry), canned, heavy syrup, solids and liquids",SR Legacy,0.39,0.07,18.91,1.0,73.0,vegan
174668,"Fruit cocktail, (peach and pineapple and pear and grape and cherry), canned, juice pack, solids and liquids",SR Legacy,0.46,0.01,11.86,1.0,46.0,vegan
173027,"Fruit cocktail, (peach and pineapple and pear and grape and cherry), canned, light syrup, solids and liquids",SR Legacy,0.4,0.07,14.93,1.0,57.0,vegan
174667,"Fruit cocktail, (peach and pineapple and pear and grape and cherry), canned, water pack, solids and liquids",SR Legacy,0.42,0.05,8.51,1.0,32.0,vegan
168178,"Fruit cocktail, canned, heavy syrup, drained",SR Legacy,0.47,0.1,18.8,1.7,70.0,vegan
167797,"Fruit juice smoothie, BOLTHOUSE FARMS, BERRY BOOST",SR Legacy,0.63,0.02,10.9,0.0,46.0,vegan
167798,"Fruit juice smoothie, BOLTHOUSE FARMS, GREEN GOODNESS",SR Legacy,0.63,0.33,13.04,0.6,56.0,vegan
167799,"Fruit juice smoothie, BOLTHOUSE FARMS, strawberry banana",SR Legacy,0.44,0.3,12.37,0.6,52.0,vegan
168206,"Fruit juice smoothie, NAKED JUICE, BLUE MACHINE",SR Legacy,0.42,0.0,16.67,2.9,71.0,vegan
167796,"Fruit juice smoothie, NAKED JUICE, GREEN MACHINE",SR Legacy,0.6,0.26,12.53,0.7,53.0,vegan
167795,"Fruit juice smoothie, NAKED JUICE, MIGHTY MANGO",SR Legacy,0.42,0.0,15.0,0.0,63.0,vegan
168214,"Fruit juice smoothie, NAKED JUICE, strawberry banana",SR Legacy,0.48,0.27,11.66,0.6,50.0,vegan
168208,"Fruit juice smoothie, ODWALLA, ORIGINAL SUPERFOOD",SR Legacy,0.63,0.36,11.51,0.6,50.0,vegan
168213,"Fruit juice smoothie, ODWALLA, strawberry banana",SR Legacy,0.5,0.32,11.05,0.6,48.0,vegan
174672,"Fruit salad, (peach and pear and apricot and pineapple and cherry), canned, extra heavy syrup, solids and liquids",SR Legacy,0.33,0.06,22.77,1.0,88.0,vegan
174670,"Fruit salad, (peach and pear and apricot and pineapple and cherry), canned, juice pack, solids and liquids",SR Legacy,0.51,0.03,13.05,1.0,50.0,vegan
174671,"Fruit salad, (peach and pear and apricot and pineapple and cherry), canned, light syrup, solids and liquids",SR Legacy,0.34,0.07,15.14,1.0,58.0,vegan
174669,"Fruit salad, (peach and pear and apricot and pineapple and cherry), canned, water pack, solids and liquids",SR Legacy,0.35,0.07,7.87,1.0,30.0,vegan
167764,"Fruit salad, (pineapple and papaya and banana and guava), tropical, canned, heavy syrup, solids and liquids",SR Legacy,0.41,0.1,22.36,1.3,86.0,vegan
167953,Fruit syrup,SR Legacy,0.0,0.0,85.13,0.1,341.0,vegan
167655,"Frybread, made with lard (Apache)",SR Legacy,8.38,10.14,46.01,1.7,309.0,non_vegetarian
167635,"Frybread, made with lard (Navajo)",SR Legacy,6.69,12.22,48.26,,330.0,non_vegetarian
174421,"Game meat , bison, ground, raw",SR Legacy,18.67,15.93,0.0,0.0,223.0,non_vegetarian
174423,"Game meat , bison, top sirloin, separable lean only, 1"" steak, cooked, broiled",SR Legacy,28.05,5.65,0.0,0.0,171.0,non_vegetarian
173844,"Game meat, antelope, cooked, roasted",SR Legacy,29.45,2.67,0.0,0.0,150.0,non_vegetarian
175292,"Game meat, antelope, raw",SR Legacy,22.38,2.03,0.0,0.0,114.0,non_vegetarian
173846,"Game meat, bear, cooked, simmered",SR Legacy,32.42,13.39,0.0,0.0,259.0,non_vegetarian
173845,"Game meat, bear, raw",SR Legacy,20.1,8.3,0.0,0.0,161.0,non_vegetarian
175295,"Game meat, beaver, cooked, roasted",SR Legacy,34.85,6.96,0.0,0.0,212.0,non_vegetarian
175294,"Game meat, beaver, raw",SR Legacy,24.05,4.8,0.0,0.0,146.0,non_vegetarian
173848,"Game meat, beefalo, composite of cuts, cooked, roasted",SR Legacy,30.66,6.32,0.0,0.0,188.0,non_vegetarian
175296,"Game meat, beefalo, composite of cuts, raw",SR Legacy,23.3,4.8,0.0,0.0,143.0,non_vegetarian
174424,"Game meat, bison, chuck, shoulder clod, separable lean only, cooked, braised",SR Legacy,33.78,5.43,0.0,0.0,193.0,non_vegetarian
172598,"Game meat, bison, chuck, shoulder clod, separable lean only, raw",SR Legacy,21.12,3.15,0.0,0.0,119.0,non_vegetarian
174422,"Game meat, bison, ground, cooked, pan-broiled",SR Legacy,23.77,15.13,0.0,0.0,238.0,non_vegetarian
172599,"Game meat, bison, ribeye, separable lean only, 1"" steak, cooked, broiled",SR Legacy,29.45,5.67,0.0,0.0,177.0,non_vegetarian
172565,"Game meat, bison, ribeye, separable lean only, trimmed to 0"" fat, raw",SR Legacy,22.1,2.4,0.0,,116.0,non_vegetarian
173852,"Game meat, bison, separable lean only, cooked, roasted",SR Legacy,28.44,2.42,0.0,0.0,143.0,non_vegetarian
173851,"Game meat, bison, separable lean only, raw",SR Legacy,21.62,1.84,0.0,0.0,109.0,non_vegetarian
172566,"Game meat, bison, shoulder clod, separable lean only, trimmed to 0"" fat, raw",SR Legacy,21.1,2.1,0.0,,109.0,non_vegetarian
172600,"Game meat, bison, top round, separable lean only, 1"" steak, cooked, broiled",SR Legacy,30.18,4.96,0.0,0.0,174.0,non_vegetarian
172601,"Game meat, bison, top round, separable lean only, 1"" steak, raw",SR Legacy,23.32,2.43,0.0,0.0,122.0,non_vegetarian
172564,"Game meat, bison, top sirloin, separable lean only, trimmed to 0"" fat, raw",SR Legacy,21.4,2.4,0.0,,113.0,non_vegetarian
175298,"Game meat, boar, wild, cooked, roasted",SR Legacy,28.3,4.38,0.0,0.0,160.0,non_vegetarian
175297,"Game meat, boar, wild, raw",SR Legacy,21.51,3.33,0.0,0.0,122.0,non_vegetarian
175300,"Game meat, buffalo, water, cooked, roasted",SR Legacy,26.83,1.8,0.0,0.0,131.0,non_vegetarian
175299,"Game meat, buffalo, water, raw",SR Legacy,20.39,1.37,0.0,0.0,99.0,non_vegetarian
173854,"Game meat, caribou, cooked, roasted",SR Legacy,29.77,4.42,0.0,0.0,167.0,non_vegetarian
173853,"Game meat, caribou, raw",SR Legacy,22.63,3.36,0.0,0.0,127.0,non_vegetarian
175085,"Game meat, deer, cooked, roasted",SR Legacy,30.21,3.19,0.0,0.0,158.0,non_vegetarian
172603,"Game meat, deer, ground, cooked, pan-broiled",SR Legacy,26.45,8.22,0.0,0.0,187.0,non_vegetarian
172602,"Game meat, deer, ground, raw",SR Legacy,21.78,7.13,0.0,0.0,157.0,non_vegetarian
172604,"Game meat, deer, loin, separable lean only, 1"" steak, cooked, broiled",SR Legacy,30.2,2.38,0.0,0.0,150.0,non_vegetarian
173855,"Game meat, deer, raw",SR Legacy,22.96,2.42,0.0,0.0,120.0,non_vegetarian
172605,"Game meat, deer, shoulder clod, separable lean only, cooked, braised",SR Legacy,36.28,3.95,0.0,0.0,191.0,non_vegetarian
174430,"Game meat, deer, tenderloin, separable lean only, cooked, broiled",SR Legacy,29.9,2.35,0.0,0.0,149.0,non_vegetarian
174431,"Game meat, deer, top round, separable lean only, 1"" steak, cooked, broiled",SR Legacy,31.47,1.92,0.0,0.0,152.0,non_vegetarian
175302,"Game meat, elk, cooked, roasted",SR Legacy,30.19,1.9,0.0,0.0,146.0,non_vegetarian
174426,"Game meat, elk, ground, cooked, pan-broiled",SR Legacy,26.64,8.74,0.0,0.0,193.0,non_vegetarian
174425,"Game meat, elk, ground, raw",SR Legacy,21.76,8.82,0.0,0.0,172.0,non_vegetarian
174427,"Game meat, elk, loin, separable lean only, cooked, broiled",SR Legacy,31.0,3.84,0.0,0.0,167.0,non_vegetarian
175301,"Game meat, elk, raw",SR Legacy,22.95,1.45,0.0,0.0,111.0,non_vegetarian
174428,"Game meat, elk, round, separable lean only, cooked, broiled",SR Legacy,30.94,2.64,0.0,0.0,156.0,non_vegetarian
174429,"Game meat, elk, tenderloin, separable lean only, cooked, broiled",SR Legacy,30.76,3.41,0.0,0.0,162.0,non_vegetarian
175304,"Game meat, goat, cooked, roasted",SR Legacy,27.1,3.03,0.0,0.0,143.0,non_vegetarian
175303,"Game meat, goat, raw",SR Legacy,20.6,2.31,0.0,0.0,109.0,non_vegetarian
175087,"Game meat, horse, cooked, roasted",SR Legacy,28.14,6.05,0.0,0.0,175.0,non_vegetarian
175086,"Game meat, horse, raw",SR Legacy,21.39,4.6,0.0,0.0,133.0,non_vegetarian
174345,"Game meat, moose, cooked, roasted",SR Legacy,29.27,0.97,0.0,0.0,134.0,non_vegetarian
174344,"Game meat, moose, raw",SR Legacy,22.24,0.74,0.0,0.0,102.0,non_vegetarian
172519,"Game meat, muskrat, cooked, roasted",SR Legacy,30.09,11.74,0.0,0.0,234.0,non_vegetarian
172518,"Game meat, muskrat, raw",SR Legacy,20.76,8.1,0.0,0.0,162.0,non_vegetarian
172520,"Game meat, opossum, cooked, roasted",SR Legacy,30.2,10.2,0.0,0.0,221.0,non_vegetarian
172522,"Game meat, rabbit, domesticated, composite of cuts, cooked, roasted",SR Legacy,29.06,8.05,0.0,0.0,197.0,non_vegetarian
174346,"Game meat, rabbit, domesticated, composite of cuts, cooked, stewed",SR Legacy,30.38,8.41,0.0,0.0,206.0,non_vegetarian
172521,"Game meat, rabbit, domesticated, composite of cuts, raw",SR Legacy,20.05,5.55,0.0,0.0,136.0,non_vegetarian
174348,"Game meat, rabbit, wild, cooked, stewed",SR Legacy,33.02,3.51,0.0,0.0,173.0,non_vegetarian
174347,"Game meat, rabbit, wild, raw",SR Legacy,21.79,2.32,0.0,0.0,114.0,non_vegetarian
174349,"Game meat, raccoon, cooked, roasted",SR Legacy,29.2,14.5,0.0,0.0,255.0,non_vegetarian
172524,"Game meat, squirrel, cooked, roasted",SR Legacy,30.77,4.69,0.0,0.0,173.0,non_vegetarian
172523,"Game meat, squirrel, raw",SR Legacy,21.23,3.21,0.0,0.0,120.0,non_vegetarian
167939,"Garlic bread, frozen",SR Legacy,8.36,16.61,41.72,2.5,350.0,vegan
1104647,"Garlic, raw",Foundation Foods,6.62,0.38,28.2,2.7,143.0,vegan
168775,"Gelatin desserts, dry mix",SR Legacy,7.8,0.0,90.5,0.0,381.0,non_vegetarian
169596,"Gelatin desserts, dry mix, prepared with water",SR Legacy,1.22,0.0,14.19,0.0,60.0,non_vegetarian
169597,"Gelatin desserts, dry mix, reduced calorie, with aspartame",SR Legacy,15.67,0.0,80.21,0.1,198.0,non_vegetarian
169692,"Gelatin desserts, dry mix, reduced calorie, with aspartame, added phosphorus, potassium, sodium, vitamin C",SR Legacy,55.3,0.0,33.3,0.0,345.0,non_vegetarian
169693,"Gelatin desserts, dry mix, reduced calorie, with aspartame, no added sodium",SR Legacy,55.3,0.0,33.3,0.0,345.0,non_vegetarian
169598,"Gelatin desserts, dry mix, reduced calorie, with aspartame, prepared with water",SR Legacy,0.83,0.0,4.22,0.0,20.0,non_vegetarian
169691,"Gelatin desserts, dry mix, with added ascorbic acid, sodium-citrate and salt",SR Legacy,7.8,0.0,90.5,0.0,381.0,non_vegetarian
169599,"Gelatins, dry powder, unsweetened",SR Legacy,85.6,0.1,0.0,0.0,335.0,non_vegetarian
173254,"George Weston Bakeries, Brownberry Sage and Onion Stuffing Mix, dry",SR Legacy,13.3,5.1,72.7,5.4,390.0,vegan
168002,"Glutino, Gluten Free Wafers, Lemon Flavored",SR Legacy,0.0,24.18,74.39,0.0,515.0,vegan
168003,"Glutino, Gluten Free Wafers, Milk Chocolate",SR Legacy,4.06,30.42,62.82,1.6,541.0,vegetarian
172412,"Goose, domesticated, meat and skin, cooked, roasted",SR Legacy,25.16,21.92,0.0,0.0,305.0,non_vegetarian
174470,"Goose, domesticated, meat and skin, raw",SR Legacy,15.86,33.62,0.0,0.0,371.0,non_vegetarian
172414,"Goose, domesticated, meat only, cooked, roasted",SR Legacy,28.97,12.67,0.0,0.0,238.0,non_vegetarian
172413,"Goose, domesticated, meat only, raw",SR Legacy,22.75,7.13,0.0,0.0,161.0,non_vegetarian
172415,"Goose, liver, raw",SR Legacy,16.37,4.28,6.32,0.0,133.0,non_vegetarian
173031,"Gooseberries, canned, light syrup pack, solids and liquids",SR Legacy,0.65,0.2,18.75,2.4,73.0,non_vegetarian
173030,"Gooseberries, raw",SR Legacy,0.88,0.58,10.18,4.3,44.0,non_vegetarian
168095,"Granola bar, soft, milk chocolate coated, peanut butter",SR Legacy,9.6,31.2,54.1,3.8,536.0,vegetarian
173041,"Grape juice, canned or bottled, unsweetened, with added ascorbic acid",SR Legacy,0.37,0.13,14.77,0.2,60.0,vegan
168207,"Grape juice, canned or bottled, unsweetened, with added ascorbic acid and calcium",SR Legacy,0.37,0.13,14.77,0.2,62.0,vegan
173042,"Grape juice, canned or bottled, unsweetened, without added ascorbic acid",SR Legacy,0.37,0.13,14.77,0.2,60.0,vegan
2003592,"Grape juice, purple, with added vitamin C, from concentrate, shelf stable",Foundation Foods,0.2578125,0.2875,15.6227875,,66.1099,vegan
2003593,"Grape juice, white, with added vitamin C, from concentrate, shelf stable",Foundation Foods,0.09375,0.265,15.84375,,66.135,vegan
169393,"Grape leaves, canned",SR Legacy,4.27,1.97,11.71,9.9,69.0,vegan
168575,"Grape leaves, raw",SR Legacy,5.6,2.12,17.31,11.0,93.0,vegan
173038,"Grapefruit juice, pink or red, with added calcium",SR Legacy,0.51,0.68,7.74,0.3,39.0,vegan
167774,"Grapefruit juice, pink, raw",SR Legacy,0.5,0.1,9.2,,39.0,vegan
2003595,"Grapefruit juice, red, not fortified, not from concentrate, refrigerated",Foundation Foods,0.5703125,0.2669,9.1021875,,41.0921,vegan
168189,"Grapefruit juice, white, bottled, unsweetened, OCEAN SPRAY",SR Legacy,0.54,0.64,7.51,0.6,37.0,vegan
325287,"Grapefruit juice, white, canned or bottled, unsweetened",Foundation Foods,0.55,0.7,7.59,0.2,37.0,vegan
174679,"Grapefruit juice, white, canned, sweetened",SR Legacy,0.58,0.09,11.13,0.1,46.0,vegan
174681,"Grapefruit juice, white, frozen concentrate, unsweetened, diluted with 3 volume water",SR Legacy,0.55,0.13,9.73,0.1,41.0,vegan
174680,"Grapefruit juice, white, frozen concentrate, unsweetened, undiluted",SR Legacy,1.97,0.48,34.56,0.4,146.0,vegan
173039,"Grapefruit juice, white, raw",SR Legacy,0.5,0.1,9.2,0.1,39.0,vegan
173033,"Grapefruit, raw, pink and red and white, all areas",SR Legacy,0.63,0.1,8.08,1.1,32.0,vegan
174673,"Grapefruit, raw, pink and red, all areas",SR Legacy,0.77,0.14,10.66,1.6,42.0,vegan
174674,"Grapefruit, raw, pink and red, California and Arizona",SR Legacy,0.5,0.1,9.69,,37.0,vegan
174675,"Grapefruit, raw, pink and red, Florida",SR Legacy,0.55,0.1,7.5,1.1,30.0,vegan
174676,"Grapefruit, raw, white, all areas",SR Legacy,0.69,0.1,8.41,1.1,33.0,vegan
174677,"Grapefruit, raw, white, California",SR Legacy,0.88,0.1,9.09,,37.0,vegan
173034,"Grapefruit, raw, white, Florida",SR Legacy,0.63,0.1,8.19,,32.0,vegan
173036,"Grapefruit, sections, canned, juice pack, solids and liquids",SR Legacy,0.7,0.09,9.21,0.4,37.0,vegan
173037,"Grapefruit, sections, canned, light syrup pack, solids and liquids",SR Legacy,0.56,0.1,15.44,0.4,60.0,vegan
173035,"Grapefruit, sections, canned, water pack, solids and liquids",SR Legacy,0.58,0.1,9.15,0.4,36.0,vegan
174682,"Grapes, american type (slip skin), raw",SR Legacy,0.63,0.35,17.15,0.9,67.0,vegan
174685,"Grapes, canned, thompson seedless, heavy syrup pack, solids and liquids",SR Legacy,0.48,0.1,19.65,0.6,76.0,vegan
174684,"Grapes, canned, thompson seedless, water pack, solids and liquids",SR Legacy,0.5,0.11,10.3,0.6,40.0,vegan
2263891,"Grapes, green, seedless, raw",Foundation Foods,0.89875,0.2325,18.60375,,80.1025,vegan
173040,"Grapes, muscadine, raw",SR Legacy,0.81,0.47,13.93,3.9,57.0,vegan
174683,"Grapes, red or green (European type, such as Thompson seedless), raw",SR Legacy,0.72,0.16,18.1,0.9,69.0,vegan
2263890,"Grapes, red, seedless, raw",Foundation Foods,0.914375,0.1638,20.196825,,85.919,vegan
171564,"Gravy, beef, canned, ready-to-serve",SR Legacy,3.75,2.36,4.81,0.4,53.0,non_vegetarian
171600,"Gravy, CAMPBELL'S, chicken",SR Legacy,0.79,2.73,5.87,,51.0,non_vegetarian
171566,"Gravy, chicken, canned or bottled, ready-to-serve",SR Legacy,0.71,2.62,5.29,0.1,48.0,non_vegetarian
171567,"Gravy, chicken, dry",SR Legacy,11.27,9.73,62.09,,381.0,non_vegetarian
174072,"Gravy, HEINZ Home Style, classic chicken",SR Legacy,0.67,2.57,5.01,,46.0,non_vegetarian
171599,"Gravy, HEINZ Home Style, savory beef",SR Legacy,1.09,1.13,6.24,0.7,39.0,non_vegetarian
171589,"Gravy, instant beef, dry",SR Legacy,9.8,9.48,61.1,4.3,369.0,non_vegetarian
171590,"Gravy, instant turkey, dry",SR Legacy,11.72,14.66,57.56,3.8,409.0,non_vegetarian
171598,"Gravy, meat or poultry, low sodium, prepared",SR Legacy,3.8,2.4,6.16,0.3,53.0,non_vegetarian
171170,"Gravy, mushroom, canned",SR Legacy,1.26,2.71,5.47,0.4,50.0,vegan
171171,"Gravy, mushroom, dry, powder",SR Legacy,10.0,4.0,64.66,4.8,328.0,vegan
171172,"Gravy, onion, dry, mix",SR Legacy,9.0,3.0,67.64,6.0,322.0,vegan
171173,"Gravy, pork, dry, powder",SR Legacy,8.78,8.63,63.57,2.4,367.0,non_vegetarian
171568,"Gravy, turkey, canned, ready-to-serve",SR Legacy,2.6,2.1,5.1,0.4,51.0,non_vegetarian
171569,"Gravy, turkey, dry",SR Legacy,10.42,7.19,65.12,,367.0,non_vegetarian
173043,"Groundcherries, (cape-gooseberries or poha), raw",SR Legacy,1.9,0.7,11.2,,53.0,non_vegetarian
167784,"Guava nectar, canned, with added ascorbic acid",SR Legacy,0.09,0.06,16.25,1.0,63.0,vegan
168210,"Guava nectar, with sucralose, canned",SR Legacy,0.3,0.07,13.3,1.2,48.0,vegan
174686,"Guava sauce, cooked",SR Legacy,0.32,0.14,9.48,3.6,36.0,vegan
173044,"Guavas, common, raw",SR Legacy,2.55,0.95,14.32,5.4,68.0,vegan
173045,"Guavas, strawberry, raw",SR Legacy,0.58,0.6,17.36,5.4,69.0,vegan
172416,"Guinea hen, meat and skin, raw",SR Legacy,23.4,6.45,0.0,0.0,158.0,non_vegetarian
174471,"Guinea hen, meat only, raw",SR Legacy,20.64,2.47,0.0,0.0,110.0,non_vegetarian
169045,"Gums, seed gums (includes locust bean, guar)",SR Legacy,4.6,0.5,77.3,77.3,332.0,vegan
171628,Ham and cheese loaf or roll,SR Legacy,13.6,18.7,4.0,0.0,241.0,non_vegetarian
171629,Ham and cheese spread,SR Legacy,16.18,18.53,2.28,0.0,245.0,non_vegetarian
173866,Ham salad spread,SR Legacy,8.68,15.53,10.64,0.0,216.0,non_vegetarian
171626,"Ham, chopped, canned",SR Legacy,16.06,18.83,0.26,0.0,239.0,non_vegetarian
171627,"Ham, chopped, not canned",SR Legacy,16.5,16.7,0.0,0.0,221.0,non_vegetarian
174611,"Ham, honey, smoked, cooked",SR Legacy,17.93,2.37,7.27,0.0,122.0,non_vegetarian
173865,"Ham, minced",SR Legacy,16.28,20.68,1.84,0.0,263.0,non_vegetarian
173863,"Ham, sliced, pre-packaged, deli meat (96%fat free, water added)",SR Legacy,16.85,4.04,0.7,0.0,107.0,non_vegetarian
173864,"Ham, sliced, regular (approximately 11% fat)",SR Legacy,16.6,8.8,3.63,1.3,164.0,non_vegetarian
746952,"Ham, sliced, restaurant",Foundation Foods,19.6,3.68,2.36,,121.0,non_vegetarian
173881,"Ham, smoked, extra lean, low sodium",SR Legacy,18.52,2.71,10.7,0.0,141.0,non_vegetarian
168092,"Ham, turkey, sliced, extra lean, prepackaged or deli",SR Legacy,19.6,5.8,0.93,0.0,134.0,non_vegetarian
169827,"Hazelnuts, beaked (Northern Plains Indians)",SR Legacy,14.89,52.99,22.98,9.8,628.0,vegan
171630,"Headcheese, pork",SR Legacy,13.83,10.9,0.0,0.0,157.0,non_vegetarian
168569,"Hearts of palm, canned",SR Legacy,2.52,0.62,4.62,2.4,28.0,non_vegetarian
167714,"Hearts of palm, raw",SR Legacy,2.7,0.2,25.61,1.5,115.0,non_vegetarian
169640,Honey,SR Legacy,0.3,0.0,82.4,0.2,304.0,vegetarian
172943,"Honey roll sausage, beef",SR Legacy,18.58,10.5,2.18,0.0,182.0,non_vegetarian
168320,"HORMEL ALWAYS TENDER, Boneless Pork Loin, Fresh Pork",SR Legacy,19.02,7.18,0.76,,145.0,non_vegetarian
168319,"HORMEL ALWAYS TENDER, Center Cut Chops, Fresh Pork",SR Legacy,18.74,9.62,0.84,,167.0,non_vegetarian
168318,"HORMEL ALWAYS TENDER, Pork Loin Filets, Lemon Garlic-Flavored",SR Legacy,17.83,4.16,1.79,,118.0,non_vegetarian
168317,"HORMEL ALWAYS TENDER, Pork Tenderloin, Peppercorn-Flavored",SR Legacy,17.21,3.8,1.82,,110.0,non_vegetarian
167910,"HORMEL ALWAYS TENDER, Pork Tenderloin, Teriyaki-Flavored",SR Legacy,18.2,3.07,4.63,,119.0,non_vegetarian
167911,HORMEL Canadian Style Bacon,SR Legacy,16.88,4.94,1.87,,122.0,non_vegetarian
174593,Hormel Pillow Pak Sliced Turkey Pepperoni,SR Legacy,30.99,11.52,3.78,0.0,243.0,non_vegetarian
167909,"HORMEL, Cure 81 Ham",SR Legacy,18.43,3.59,0.21,,106.0,non_vegetarian
167791,Horned melon (Kiwano),SR Legacy,1.78,1.26,7.56,,44.0,vegan
173472,"Horseradish, prepared",SR Legacy,1.18,0.69,11.29,3.3,48.0,vegan
173327,"HOT POCKETS Ham 'N Cheese Stuffed Sandwich, frozen",SR Legacy,9.16,15.0,24.69,1.5,270.0,non_vegetarian
173326,"HOT POCKETS, CROISSANT POCKETS Chicken, Broccoli, and Cheddar Stuffed Sandwich, frozen",SR Legacy,8.9,8.6,30.4,1.1,235.0,non_vegetarian
172107,"HOT POCKETS, meatballs & mozzarella stuffed sandwich, frozen",SR Legacy,9.32,10.23,30.68,2.2,252.0,non_vegetarian
173788,HOUSE FOODS Premium Firm Tofu,SR Legacy,10.92,4.19,0.97,0.9,85.0,vegan
173787,HOUSE FOODS Premium Soft Tofu,SR Legacy,6.38,2.71,2.19,0.8,59.0,vegan
321358,"Hummus, commercial",Foundation Foods,7.35,17.1,14.9,5.4,229.0,vegan
172454,"Hummus, home prepared",SR Legacy,4.86,8.59,20.12,4.0,177.0,vegan
175253,"Hyacinth beans, mature seeds, cooked, boiled, with salt",SR Legacy,8.14,0.58,20.7,,117.0,vegan
175211,"Hyacinth beans, mature seeds, cooked, boiled, without salt",SR Legacy,8.14,0.58,20.69,,117.0,vegan
175210,"Hyacinth beans, mature seeds, raw",SR Legacy,23.9,1.69,60.74,25.6,344.0,vegan
168533,"Hyacinth-beans, immature seeds, cooked, boiled, drained, with salt",SR Legacy,2.95,0.27,9.2,,50.0,vegan
169235,"Hyacinth-beans, immature seeds, cooked, boiled, drained, without salt",SR Legacy,2.95,0.27,9.2,,50.0,vegan
169234,"Hyacinth-beans, immature seeds, raw",SR Legacy,2.1,0.2,9.19,3.3,46.0,vegan
171305,"Ice cream bar, covered with chocolate and nuts",SR Legacy,5.62,25.84,11.89,1.1,303.0,vegetarian
171294,"Ice cream bar, stick or nugget, with crunch coating",SR Legacy,2.11,25.26,37.12,1.1,358.0,vegetarian
172228,"Ice cream cone, chocolate covered, with nuts, flavors other than chocolate",SR Legacy,5.21,21.88,34.38,1.0,354.0,vegetarian
175000,"Ice cream cones, cake or wafer-type",SR Legacy,8.1,6.9,79.0,3.0,417.0,vegetarian
175001,"Ice cream cones, sugar, rolled-type",SR Legacy,7.9,3.8,84.1,1.7,402.0,vegetarian
172227,Ice cream cookie sandwich,SR Legacy,3.7,7.4,39.6,1.2,240.0,vegetarian
172226,Ice cream sandwich,SR Legacy,4.29,8.57,37.14,0.0,237.0,vegetarian
172229,"Ice cream sandwich, made with light ice cream, vanilla",SR Legacy,4.29,3.04,39.64,0.0,186.0,vegetarian
172230,"Ice cream sandwich, vanilla, light, no sugar added",SR Legacy,5.71,2.86,42.86,7.1,200.0,vegetarian
171306,Ice cream sundae cone,SR Legacy,3.0,14.0,28.89,1.0,254.0,vegetarian
173466,"Ice cream, bar or stick, chocolate covered",SR Legacy,4.1,24.1,24.5,0.8,331.0,vegetarian
171293,"Ice cream, light, soft serve, chocolate",SR Legacy,3.36,3.69,23.15,0.0,141.0,vegetarian
170911,"Ice cream, lowfat, no sugar added, cone, added peanuts and chocolate sauce",SR Legacy,5.33,9.33,40.01,9.3,265.0,vegetarian
173465,"Ice cream, soft serve, chocolate",SR Legacy,4.1,13.0,22.2,0.7,222.0,vegetarian
170269,"Ice creams, BREYERS, 98% Fat Free Chocolate",SR Legacy,3.89,2.17,30.18,5.8,136.0,vegetarian
170661,"Ice creams, BREYERS, 98% Fat Free Vanilla",SR Legacy,3.3,2.2,30.51,5.4,137.0,vegetarian
170268,"Ice creams, BREYERS, All Natural Light French Chocolate",SR Legacy,5.3,7.28,29.68,1.0,201.0,vegetarian
170660,"Ice creams, BREYERS, All Natural Light French Vanilla",SR Legacy,4.82,5.56,26.03,0.2,173.0,vegetarian
170663,"Ice creams, BREYERS, All Natural Light Mint Chocolate Chip",SR Legacy,4.69,7.09,28.39,0.6,196.0,vegetarian
170261,"Ice creams, BREYERS, All Natural Light Vanilla",SR Legacy,4.84,4.59,25.3,0.2,162.0,vegetarian
170662,"Ice creams, BREYERS, All Natural Light Vanilla Chocolate Strawberry",SR Legacy,4.69,4.35,26.06,0.4,161.0,vegetarian
170262,"Ice creams, BREYERS, No Sugar Added, Butter Pecan",SR Legacy,3.99,10.3,21.3,0.9,180.0,vegetarian
170668,"Ice creams, BREYERS, No Sugar Added, Chocolate Caramel",SR Legacy,3.54,5.8,25.17,1.0,151.0,vegetarian
170263,"Ice creams, BREYERS, No Sugar Added, French Vanilla",SR Legacy,4.5,7.05,20.75,0.5,154.0,vegetarian
170264,"Ice creams, BREYERS, No Sugar Added, Vanilla",SR Legacy,3.68,6.2,21.92,0.5,143.0,vegetarian
170664,"Ice creams, BREYERS, No Sugar Added, Vanilla Chocolate Strawberry",SR Legacy,3.71,6.26,21.7,0.7,143.0,vegetarian
170265,"Ice creams, BREYERS, No Sugar Added, Vanilla Fudge Twirl",SR Legacy,3.53,5.68,25.63,0.8,153.0,vegetarian
168809,"Ice creams, chocolate",SR Legacy,3.8,11.0,28.2,1.2,216.0,vegetarian
167585,"Ice creams, chocolate, light",SR Legacy,5.0,7.19,25.7,0.8,187.0,vegetarian
169633,"Ice creams, chocolate, light, no sugar added",SR Legacy,3.54,5.74,26.79,0.9,173.0,vegetarian
168136,"Ice creams, chocolate, rich",SR Legacy,4.72,16.98,19.78,0.9,251.0,vegetarian
167981,"Ice creams, french vanilla, soft-serve",SR Legacy,4.1,13.0,22.2,0.7,222.0,vegetarian
170270,"Ice creams, regular, low carbohydrate, chocolate",SR Legacy,3.8,12.7,26.8,4.8,237.0,vegetarian
170671,"Ice creams, regular, low carbohydrate, vanilla",SR Legacy,3.17,12.7,22.23,4.8,216.0,vegetarian
168810,"Ice creams, strawberry",SR Legacy,3.2,8.4,27.6,0.9,192.0,vegetarian
167575,"Ice creams, vanilla",SR Legacy,3.5,11.0,23.6,0.7,207.0,vegetarian
170659,"Ice creams, vanilla, fat free",SR Legacy,4.48,0.0,30.06,1.0,138.0,vegetarian
167572,"Ice creams, vanilla, light",SR Legacy,4.78,4.83,29.46,0.3,180.0,vegetarian
169631,"Ice creams, vanilla, light, no sugar added",SR Legacy,3.97,7.45,21.42,0.0,169.0,vegetarian
167576,"Ice creams, vanilla, light, soft-serve",SR Legacy,4.9,2.6,21.8,0.0,126.0,vegetarian
167573,"Ice creams, vanilla, rich",SR Legacy,3.5,16.2,22.29,0.0,249.0,vegetarian
168089,"Imitation cheese, american or cheddar, low cholesterol",SR Legacy,25.0,32.0,1.0,0.0,390.0,vegetarian
174656,"Incaparina, dry mix (corn and soy flours), unprepared",SR Legacy,21.75,5.58,60.53,9.9,379.0,vegan
170988,"Infant formula, ABBOTT NUTRITION, ALIMENTUM ADVANCE, with iron, powder, not reconstituted, with DHA and ARA",SR Legacy,13.99,28.19,51.91,0.0,517.0,vegan
172318,"Infant formula, ABBOTT NUTRITION, SIMILAC, ALIMENTUM, ADVANCE, ready-to-feed, with ARA and DHA",SR Legacy,1.8,3.63,6.77,0.0,67.0,vegan
172310,"Infant formula, ABBOTT NUTRITION, SIMILAC, ALIMENTUM, with iron, ready-to-feed",SR Legacy,1.8,3.63,6.77,0.0,66.0,vegan
172325,"Infant formula, ABBOTT NUTRITION, SIMILAC, SENSITIVE (LACTOSE FREE) ready-to-feed, with ARA and DHA",SR Legacy,1.48,3.74,7.4,0.0,68.0,vegetarian
173558,"Infant formula, ABBOTT NUTRITION, SIMILAC, SENSITIVE, (LACTOSE FREE), liquid concentrate, with ARA and DHA",SR Legacy,2.73,6.95,13.64,0.0,128.0,vegetarian
173559,"Infant formula, ABBOTT NUTRITION, SIMILAC, SENSITIVE, (LACTOSE FREE), powder, with ARA and DHA",SR Legacy,11.13,28.14,55.67,0.0,520.0,vegetarian
168972,"Infant formula, GERBER, GOOD START 2 SOY, with iron, powder",SR Legacy,12.5,25.6,55.6,0.0,501.0,vegan
170995,"Infant formula, GERBER, GOOD START 2 Soy, with iron, ready-to-feed",SR Legacy,1.84,3.28,7.15,0.0,65.0,vegan
171390,"Infant formula, MEAD JOHNSON, ENFAMIL, Enfagrow, Soy, Toddler ready-to-feed",SR Legacy,2.17,2.89,7.64,0.0,65.0,vegan
169788,"Infant formula, MEAD JOHNSON, ENFAMIL, ENFAGROW, Soy, Toddler transitions, with ARA and DHA,  powder",SR Legacy,15.7,21.0,56.0,0.0,476.0,vegan
173551,"Infant formula, NESTLE, GOOD START ESSENTIALS SOY, with iron, powder",SR Legacy,12.5,25.5,55.7,0.0,502.0,vegan
172316,"Infant formula, NESTLE, GOOD START SOY, with ARA and DHA, powder",SR Legacy,12.5,25.6,55.6,0.0,503.0,vegan
170991,"Infant formula, NESTLE, GOOD START SOY, with DHA and ARA, liquid concentrate",SR Legacy,3.31,6.67,14.71,0.0,132.0,vegan
173549,"Infant formula, NESTLE, GOOD START SOY, with DHA and ARA, ready-to-feed",SR Legacy,1.6,3.28,7.13,0.0,64.0,vegan
172320,"Infant formula, PBM PRODUCTS, store brand, liquid concentrate, not reconstituted",SR Legacy,2.9,7.0,13.9,0.0,130.0,vegan
173554,"Infant formula, PBM PRODUCTS, store brand, powder",SR Legacy,12.0,28.0,56.0,0.0,524.0,vegan
172319,"Infant formula, PBM PRODUCTS, store brand, ready-to-feed",SR Legacy,1.4,3.5,6.39,0.0,63.0,vegan
173556,"Infant formula, PBM PRODUCTS, store brand, soy, liquid concentrate, not reconstituted",SR Legacy,3.6,7.0,12.18,0.0,126.0,vegan
173557,"Infant formula, PBM PRODUCTS, store brand, soy, powder",SR Legacy,13.6,27.2,52.2,0.0,508.0,vegan
173555,"Infant formula, PBM PRODUCTS, store brand, soy, ready-to-feed",SR Legacy,1.8,3.5,6.09,0.0,63.0,vegan
167923,"Interstate Brands Corp, Wonder Hamburger Rolls",SR Legacy,8.07,4.15,50.84,2.6,273.0,non_vegetarian
168190,"Jackfruit, canned, syrup pack",SR Legacy,0.36,0.14,23.94,0.9,92.0,vegan
174687,"Jackfruit, raw",SR Legacy,1.72,0.64,23.25,1.5,95.0,vegan
170645,"Jams and preserves, apricot",SR Legacy,0.7,0.2,64.4,0.3,242.0,vegan
170280,"Jams, preserves, marmalades, sweetened with fruit juice",SR Legacy,0.0,0.0,52.93,0.9,212.0,vegan
168150,"Java-plum, (jambolan), raw",SR Legacy,0.72,0.23,15.56,,60.0,vegan
168129,"Jellyfish, dried, salted",SR Legacy,5.5,1.4,0.0,0.0,36.0,non_vegetarian
169236,"Jerusalem-artichokes, raw",SR Legacy,2.0,0.01,17.44,1.6,73.0,vegan
169237,"Jew's ear, (pepeao), raw",SR Legacy,0.48,0.04,6.75,,25.0,vegan
169784,"JIMMY DEAN, Sausage, Egg, and Cheese Breakfast Biscuit, frozen, unprepared",SR Legacy,9.29,22.9,21.07,2.0,328.0,non_vegetarian
168197,"Juice, apple and grape blend, with added ascorbic acid",SR Legacy,0.16,0.12,12.46,0.2,50.0,vegan
168198,"Juice, apple, grape and pear blend, with added ascorbic acid and calcium",SR Legacy,0.17,0.12,12.96,0.2,52.0,vegan
169355,"Kale, cooked, boiled, drained, with salt",SR Legacy,2.94,1.21,5.3,2.3,44.0,vegan
169238,"Kale, cooked, boiled, drained, without salt",SR Legacy,2.94,1.21,5.3,4.0,36.0,vegan
169356,"Kale, frozen, cooked, boiled, drained, with salt",SR Legacy,2.94,1.21,5.3,2.3,36.0,vegan
169240,"Kale, frozen, cooked, boiled, drained, without salt",SR Legacy,2.94,1.21,5.3,2.3,36.0,vegan
169239,"Kale, frozen, unprepared",SR Legacy,2.66,0.46,4.88,2.0,28.0,vegan
323505,"Kale, raw",Foundation Foods,2.92,1.49,4.42,4.1,35.0,vegan
173255,"Keebler, Keebler Chocolate Graham SELECTS",SR Legacy,7.1,16.6,71.8,,465.0,non_vegetarian
171301,"Kefir, lowfat, strawberry, LIFEWAY",SR Legacy,3.39,0.9,10.2,0.0,62.0,vegan
170341,"KFC, Crispy Chicken Strips",SR Legacy,20.25,15.42,13.66,1.4,274.0,non_vegetarian
170348,"KFC, Fried Chicken, EXTRA CRISPY, Breast, meat and skin with breading",SR Legacy,21.24,16.55,8.47,,268.0,non_vegetarian
170344,"KFC, Fried Chicken, EXTRA CRISPY, Breast, meat only, skin and breading removed",SR Legacy,27.25,4.82,0.25,,153.0,non_vegetarian
170349,"KFC, Fried Chicken, EXTRA CRISPY, Drumstick, meat and skin with breading",SR Legacy,20.62,17.73,7.96,,274.0,non_vegetarian
170345,"KFC, Fried Chicken, EXTRA CRISPY, Drumstick, meat only, skin and breading removed",SR Legacy,25.9,7.43,0.0,,170.0,non_vegetarian
170343,"KFC, Fried Chicken, EXTRA CRISPY, Skin and Breading",SR Legacy,10.96,36.61,22.54,1.5,464.0,non_vegetarian
170746,"KFC, Fried Chicken, EXTRA CRISPY, Thigh, meat and skin with breading",SR Legacy,17.17,22.14,10.3,,309.0,non_vegetarian
170742,"KFC, Fried Chicken, EXTRA CRISPY, Thigh, meat only, skin and breading removed",SR Legacy,22.41,9.96,0.0,,179.0,non_vegetarian
170747,"KFC, Fried Chicken, EXTRA CRISPY, Wing, meat and skin with breading",SR Legacy,20.8,23.0,11.66,,337.0,non_vegetarian
170743,"KFC, Fried Chicken, EXTRA CRISPY, Wing, meat only, skin and breading removed",SR Legacy,28.67,12.13,2.97,,236.0,non_vegetarian
170744,"KFC, Fried Chicken, ORIGINAL RECIPE, Breast, meat and skin with breading",SR Legacy,21.94,13.11,6.28,,231.0,non_vegetarian
170739,"KFC, Fried Chicken, ORIGINAL RECIPE, Breast, meat only, skin and breading removed",SR Legacy,26.89,4.56,0.0,,149.0,non_vegetarian
170745,"KFC, Fried Chicken, ORIGINAL RECIPE, Drumstick, meat and skin with breading",SR Legacy,22.3,14.22,5.39,,239.0,non_vegetarian
170740,"KFC, Fried Chicken, ORIGINAL RECIPE, Drumstick, meat only, skin and breading removed",SR Legacy,26.3,7.66,0.11,,175.0,non_vegetarian
170738,"KFC, Fried Chicken, ORIGINAL RECIPE, Skin and Breading",SR Legacy,14.17,28.01,18.79,0.0,384.0,non_vegetarian
170346,"KFC, Fried Chicken, ORIGINAL RECIPE, Thigh, meat and skin with breading",SR Legacy,18.9,17.73,8.46,0.0,269.0,non_vegetarian
170741,"KFC, Fried Chicken, ORIGINAL RECIPE, Thigh, meat only, skin and breading removed",SR Legacy,22.78,9.31,0.01,,175.0,non_vegetarian
170347,"KFC, Fried Chicken, ORIGINAL RECIPE, Wing, meat and skin with breading",SR Legacy,21.7,18.9,9.93,0.0,297.0,non_vegetarian
170342,"KFC, Fried Chicken, ORIGINAL RECIPE, Wing, meat only, skin and breading removed",SR Legacy,28.65,10.49,1.76,,216.0,non_vegetarian
170737,"KFC, Popcorn Chicken",SR Legacy,17.67,21.74,21.18,1.0,351.0,non_vegetarian
2710830,"Khorasan, grain, dry, raw",Foundation Foods,14.75573,2.8,71.79427,10.52,371.4,vegan
174607,"Kielbasa, Polish, turkey and beef, smoked",SR Legacy,13.1,17.6,3.9,0.0,226.0,non_vegetarian
2710831,"Kiwifruit (kiwi), green, peeled, raw",Foundation Foods,1.008125,0.64,13.818075,2.129,65.0648,vegan
327046,"Kiwifruit, green, raw",Foundation Foods,1.06,0.44,14.0,3.0,58.0,vegan
168211,"Kiwifruit, ZESPRI SunGold, raw",SR Legacy,1.02,0.28,15.79,1.4,63.0,vegan
173867,"Knackwurst, knockwurst, pork, beef",SR Legacy,11.1,27.7,3.2,0.0,307.0,non_vegetarian
172211,KRAFT BREAKSTONE'S FREE Fat Free Sour Cream,SR Legacy,4.7,1.3,15.1,0.0,91.0,vegetarian
172210,KRAFT BREAKSTONE'S Reduced Fat Sour Cream,SR Legacy,4.5,12.0,6.5,0.1,152.0,vegetarian
173446,KRAFT CHEEZ WHIZ LIGHT Pasteurized Process Cheese Product,SR Legacy,16.3,9.5,16.2,0.2,215.0,vegetarian
172209,KRAFT CHEEZ WHIZ Pasteurized Process Cheese Sauce,SR Legacy,12.0,21.0,9.2,0.3,276.0,vegetarian
167514,"Kraft Foods, Shake N Bake Original Recipe, Coating for Pork, dry",SR Legacy,6.1,3.7,79.8,,377.0,non_vegetarian
173447,KRAFT FREE Singles American Nonfat Pasteurized Process Cheese Product,SR Legacy,22.7,1.0,11.7,0.2,148.0,vegetarian
173449,KRAFT VELVEETA LIGHT Reduced Fat Pasteurized Process Cheese Product,SR Legacy,19.6,10.6,11.8,0.0,222.0,vegetarian
173448,KRAFT VELVEETA Pasteurized Process Cheese Spread,SR Legacy,16.3,22.0,9.8,0.0,303.0,vegetarian
175079,"Kraft, Stove Top Stuffing Mix Chicken Flavor",SR Legacy,12.6,4.1,73.1,2.5,381.0,non_vegetarian
172608,"Lamb, Australian, ground,  85% lean / 15% fat, raw",SR Legacy,17.14,20.71,0.0,,255.0,non_vegetarian
174398,"Lamb, Australian, imported, fresh, composite of trimmed retail cuts, separable lean and fat, trimmed to 1/8"" fat, cooked",SR Legacy,24.52,16.82,0.0,,256.0,non_vegetarian
174397,"Lamb, Australian, imported, fresh, composite of trimmed retail cuts, separable lean and fat, trimmed to 1/8"" fat, raw",SR Legacy,17.84,16.97,0.0,,229.0,non_vegetarian
174400,"Lamb, Australian, imported, fresh, composite of trimmed retail cuts, separable lean only, trimmed to 1/8"" fat, cooked",SR Legacy,26.71,9.63,0.0,,201.0,non_vegetarian
174399,"Lamb, Australian, imported, fresh, composite of trimmed retail cuts, separable lean only, trimmed to 1/8"" fat, raw",SR Legacy,20.25,6.18,0.0,,142.0,non_vegetarian
174891,"Lamb, Australian, imported, fresh, external fat, cooked",SR Legacy,16.9,52.3,0.0,0.0,538.0,non_vegetarian
174892,"Lamb, Australian, imported, fresh, external fat, raw",SR Legacy,12.59,48.5,0.0,0.0,487.0,non_vegetarian
172575,"Lamb, Australian, imported, fresh, foreshank, separable lean and fat, trimmed to 1/8"" fat, cooked, braised",SR Legacy,24.78,14.44,0.0,,236.0,non_vegetarian
172574,"Lamb, Australian, imported, fresh, foreshank, separable lean and fat, trimmed to 1/8"" fat, raw",SR Legacy,18.85,12.68,0.0,,195.0,non_vegetarian
174402,"Lamb, Australian, imported, fresh, foreshank, separable lean only, trimmed to 1/8"" fat, cooked, braised",SR Legacy,27.5,5.22,0.0,,165.0,non_vegetarian
174401,"Lamb, Australian, imported, fresh, foreshank, separable lean only, trimmed to 1/8"" fat, raw",SR Legacy,20.83,3.81,0.0,,123.0,non_vegetarian
172658,"Lamb, Australian, imported, fresh, leg, bottom, boneless, separable lean and fat, trimmed to 1/8"" fat, cooked, roasted",SR Legacy,27.54,12.04,0.0,0.0,219.0,non_vegetarian
172659,"Lamb, Australian, imported, fresh, leg, bottom, boneless, separable lean and fat, trimmed to 1/8"" fat, raw",SR Legacy,20.97,11.43,0.0,0.0,187.0,non_vegetarian
174885,"Lamb, Australian, imported, fresh, leg, bottom, boneless, separable lean only, trimmed to 1/8"" fat, cooked, roasted",SR Legacy,28.6,8.35,0.0,0.0,190.0,non_vegetarian
172653,"Lamb, Australian, imported, fresh, leg, bottom, boneless, separable lean only, trimmed to 1/8"" fat, raw",SR Legacy,22.28,5.24,0.0,0.0,136.0,non_vegetarian
174411,"Lamb, Australian, imported, fresh, leg, center slice, bone-in, separable lean and fat, trimmed to 1/8"" fat, cooked, broiled",SR Legacy,25.54,11.78,0.0,,215.0,non_vegetarian
174410,"Lamb, Australian, imported, fresh, leg, center slice, bone-in, separable lean and fat, trimmed to 1/8"" fat, raw",SR Legacy,19.17,12.56,0.0,,195.0,non_vegetarian
172585,"Lamb, Australian, imported, fresh, leg, center slice, bone-in, separable lean only, trimmed to 1/8"" fat, cooked, broiled",SR Legacy,26.75,7.68,0.0,,183.0,non_vegetarian
174412,"Lamb, Australian, imported, fresh, leg, center slice, bone-in, separable lean only, trimmed to 1/8"" fat, raw",SR Legacy,20.65,6.08,0.0,,143.0,non_vegetarian
174893,"Lamb, Australian, imported, fresh, leg, hindshank, heel on, bone-in, separable lean and fat, trimmed to 1/8"" fat, cooked, braised",SR Legacy,29.52,9.5,0.0,0.0,204.0,non_vegetarian
174894,"Lamb, Australian, imported, fresh, leg, hindshank, heel on, bone-in, separable lean and fat, trimmed to 1/8"" fat, raw",SR Legacy,20.58,12.68,0.0,0.0,196.0,non_vegetarian
174886,"Lamb, Australian, imported, fresh, leg, hindshank, heel on, bone-in, separable lean only, trimmed to 1/8"" fat, cooked, braised",SR Legacy,30.73,5.63,0.0,0.0,174.0,non_vegetarian
174887,"Lamb, Australian, imported, fresh, leg, hindshank, heel on, bone-in, separable lean only, trimmed to 1/8"" fat, raw",SR Legacy,22.49,3.53,0.0,0.0,122.0,non_vegetarian
172579,"Lamb, Australian, imported, fresh, leg, shank half, separable lean and fat, trimmed to 1/8"" fat, cooked, roasted",SR Legacy,25.25,13.69,0.0,,231.0,non_vegetarian
172578,"Lamb, Australian, imported, fresh, leg, shank half, separable lean and fat, trimmed to 1/8"" fat, raw",SR Legacy,18.59,13.48,0.0,,201.0,non_vegetarian
174405,"Lamb, Australian, imported, fresh, leg, shank half, separable lean only, trimmed to 1/8"" fat, cooked, roasted",SR Legacy,27.18,7.27,0.0,,182.0,non_vegetarian
172580,"Lamb, Australian, imported, fresh, leg, shank half, separable lean only, trimmed to 1/8"" fat, raw",SR Legacy,20.45,5.1,0.0,,133.0,non_vegetarian
172583,"Lamb, Australian, imported, fresh, leg, sirloin chops, boneless, separable lean and fat, trimmed to 1/8"" fat, cooked, broiled",SR Legacy,25.75,13.83,0.0,,235.0,non_vegetarian
172582,"Lamb, Australian, imported, fresh, leg, sirloin chops, boneless, separable lean and fat, trimmed to 1/8"" fat, raw",SR Legacy,18.33,14.38,0.0,,208.0,non_vegetarian
174409,"Lamb, Australian, imported, fresh, leg, sirloin chops, boneless, separable lean only, trimmed to 1/8"" fat, cooked, broiled",SR Legacy,27.63,7.8,0.0,,188.0,non_vegetarian
172584,"Lamb, Australian, imported, fresh, leg, sirloin chops, boneless, separable lean only, trimmed to 1/8"" fat, raw",SR Legacy,20.43,4.91,0.0,,132.0,non_vegetarian
174407,"Lamb, Australian, imported, fresh, leg, sirloin half, boneless, separable lean and fat, trimmed to 1/8"" fat, cooked, roasted",SR Legacy,24.88,19.38,0.0,,281.0,non_vegetarian
174406,"Lamb, Australian, imported, fresh, leg, sirloin half, boneless, separable lean and fat, trimmed to 1/8"" fat, raw",SR Legacy,17.25,20.0,0.0,,254.0,non_vegetarian
172581,"Lamb, Australian, imported, fresh, leg, sirloin half, boneless, separable lean only, trimmed to 1/8"" fat, cooked, roasted",SR Legacy,27.75,10.65,0.0,,215.0,non_vegetarian
174408,"Lamb, Australian, imported, fresh, leg, sirloin half, boneless, separable lean only, trimmed to 1/8"" fat, raw",SR Legacy,20.48,5.64,0.0,,138.0,non_vegetarian
174895,"Lamb, Australian, imported, fresh, leg, trotter off, bone-in, separable lean and fat, trimmed to 1/8"" fat, cooked, roasted",SR Legacy,30.15,11.64,0.08,0.0,226.0,non_vegetarian
174896,"Lamb, Australian, imported, fresh, leg, trotter off, bone-in, separable lean and fat, trimmed to 1/8"" fat, raw",SR Legacy,21.95,9.73,0.0,0.0,175.0,non_vegetarian
172654,"Lamb, Australian, imported, fresh, leg, trotter off, bone-in, separable lean only, trimmed to 1/8"" fat, cooked, roasted",SR Legacy,32.08,9.59,0.0,0.0,215.0,non_vegetarian
172655,"Lamb, Australian, imported, fresh, leg, trotter off, bone-in, separable lean only, trimmed to 1/8"" fat, raw",SR Legacy,23.11,4.33,0.0,0.0,131.0,non_vegetarian
174404,"Lamb, Australian, imported, fresh, leg, whole (shank and sirloin), separable lean and fat, trimmed to 1/8"" fat, cooked, roasted",SR Legacy,25.16,15.13,0.0,,244.0,non_vegetarian
174403,"Lamb, Australian, imported, fresh, leg, whole (shank and sirloin), separable lean and fat, trimmed to 1/8"" fat, raw",SR Legacy,18.24,15.19,0.0,,215.0,non_vegetarian
172577,"Lamb, Australian, imported, fresh, leg, whole (shank and sirloin), separable lean only, trimmed to 1/8"" fat, cooked, roasted",SR Legacy,27.31,8.1,0.0,,190.0,non_vegetarian
172576,"Lamb, Australian, imported, fresh, leg, whole (shank and sirloin), separable lean only, trimmed to 1/8"" fat, raw",SR Legacy,20.46,5.23,0.0,,135.0,non_vegetarian
172587,"Lamb, Australian, imported, fresh, loin, separable lean and fat, trimmed to 1/8"" fat, cooked, broiled",SR Legacy,25.49,12.25,0.0,,219.0,non_vegetarian
172586,"Lamb, Australian, imported, fresh, loin, separable lean and fat, trimmed to 1/8"" fat, raw",SR Legacy,19.32,13.38,0.0,,203.0,non_vegetarian
174413,"Lamb, Australian, imported, fresh, loin, separable lean only, trimmed to 1/8"" fat, cooked, broiled",SR Legacy,26.53,8.75,0.0,,192.0,non_vegetarian
172588,"Lamb, Australian, imported, fresh, loin, separable lean only, trimmed to 1/8"" fat, raw",SR Legacy,21.0,6.24,0.0,,146.0,non_vegetarian
172663,"Lamb, Australian, imported, fresh, rack, roast, frenched, bone-in, separable lean and fat, trimmed to 1/8"" fat, cooked, roasted",SR Legacy,25.96,20.77,0.0,0.0,291.0,non_vegetarian
174890,"Lamb, Australian, imported, fresh, rack, roast, frenched, bone-in, separable lean only, trimmed to 1/8"" fat, cooked, roasted",SR Legacy,28.01,14.64,0.0,0.0,244.0,non_vegetarian
172662,"Lamb, Australian, imported, fresh, rack, roast, frenched, denuded, bone-in, separable lean and fat, trimmed to 0"" fat, cooked, roasted",SR Legacy,25.95,9.91,0.0,0.0,193.0,non_vegetarian
174889,"Lamb, Australian, imported, fresh, rack, roast, frenched, denuded, bone-in, separable lean only, trimmed to 0"" fat, cooked, roasted",SR Legacy,26.52,7.63,0.0,0.0,175.0,non_vegetarian
174415,"Lamb, Australian, imported, fresh, rib chop, frenched, bone-in, separable lean and fat, trimmed to 1/8"" fat, cooked, grilled",SR Legacy,28.48,21.2,0.0,0.0,305.0,non_vegetarian
172589,"Lamb, Australian, imported, fresh, rib chop, frenched, bone-in, separable lean only, trimmed to 1/8"" fat, cooked, grilled",SR Legacy,32.16,11.68,0.0,0.0,234.0,non_vegetarian
174898,"Lamb, Australian, imported, fresh, rib chop, frenched, denuded, bone-in, separable lean and fat, trimmed to 0"" fat, cooked, grilled",SR Legacy,30.9,16.96,0.0,0.0,276.0,non_vegetarian
172661,"Lamb, Australian, imported, fresh, rib chop, frenched, denuded, bone-in, separable lean only, trimmed to 0"" fat, cooked, grilled",SR Legacy,33.17,11.5,0.0,0.0,236.0,non_vegetarian
174414,"Lamb, Australian, imported, fresh, rib chop/rack roast, frenched, bone-in, separable lean and fat, trimmed to 1/8"" fat, raw",SR Legacy,21.26,16.89,0.0,0.0,237.0,non_vegetarian
174416,"Lamb, Australian, imported, fresh, rib chop/rack roast, frenched, bone-in, separable lean only, trimmed to 1/8"" fat, raw",SR Legacy,24.07,5.59,0.0,0.0,147.0,non_vegetarian
172656,"Lamb, Australian, imported, fresh, seam fat, cooked",SR Legacy,13.81,54.72,1.55,0.0,554.0,non_vegetarian
172657,"Lamb, Australian, imported, fresh, seam fat, raw",SR Legacy,15.65,44.01,0.0,0.0,459.0,non_vegetarian
172573,"Lamb, Australian, imported, fresh, separable fat, cooked",SR Legacy,9.42,66.4,0.0,,639.0,non_vegetarian
172572,"Lamb, Australian, imported, fresh, separable fat, raw",SR Legacy,6.27,68.87,0.0,,648.0,non_vegetarian
172597,"Lamb, Australian, imported, fresh, shoulder ,blade, separable lean only, trimmed to 1/8"" fat, cooked, broiled",SR Legacy,23.83,14.38,0.0,,231.0,non_vegetarian
174418,"Lamb, Australian, imported, fresh, shoulder, arm, separable lean and fat, trimmed to 1/8"" fat, cooked, braised",SR Legacy,29.7,20.38,0.0,,311.0,non_vegetarian
174417,"Lamb, Australian, imported, fresh, shoulder, arm, separable lean and fat, trimmed to 1/8"" fat, raw",SR Legacy,17.06,18.89,0.0,,243.0,non_vegetarian
174420,"Lamb, Australian, imported, fresh, shoulder, arm, separable lean only,   trimmed to 1/8"" fat, cooked, braised",SR Legacy,34.17,10.23,0.0,,238.0,non_vegetarian
174419,"Lamb, Australian, imported, fresh, shoulder, arm, separable lean only, trimmed to 1/8"" fat, raw",SR Legacy,19.88,5.81,0.0,,137.0,non_vegetarian
172595,"Lamb, Australian, imported, fresh, shoulder, blade, separable lean and fat, trimmed to 1/8"" fat, cooked, broiled",SR Legacy,21.71,22.03,0.0,,291.0,non_vegetarian
172594,"Lamb, Australian, imported, fresh, shoulder, blade, separable lean and fat, trimmed to 1/8"" fat, raw",SR Legacy,16.48,21.28,0.0,,262.0,non_vegetarian
172596,"Lamb, Australian, imported, fresh, shoulder, blade, separable lean only, trimmed to 1/8"" fat, raw",SR Legacy,19.1,9.09,0.0,,164.0,non_vegetarian
172591,"Lamb, Australian, imported, fresh, shoulder, whole (arm and blade), separable lean and fat, trimmed to 1/8"" fat, cooked",SR Legacy,23.58,21.65,0.0,,296.0,non_vegetarian
172590,"Lamb, Australian, imported, fresh, shoulder, whole (arm and blade), separable lean and fat, trimmed to 1/8"" fat, raw",SR Legacy,16.68,20.47,0.0,,256.0,non_vegetarian
172592,"Lamb, Australian, imported, fresh, shoulder, whole (arm and blade), separable lean only,   trimmed to 1/8"" fat, raw",SR Legacy,19.36,8.01,0.0,,155.0,non_vegetarian
172593,"Lamb, Australian, imported, fresh, shoulder, whole (arm and blade), separable lean only, trimmed to 1/8"" fat, cooked",SR Legacy,26.18,13.44,0.0,,233.0,non_vegetarian
174897,"Lamb, Australian, imported, fresh, tenderloin, boneless, separable lean and fat, trimmed to 1/8"" fat, cooked, roasted",SR Legacy,30.87,7.02,0.0,0.0,187.0,non_vegetarian
172660,"Lamb, Australian, imported, fresh, tenderloin, boneless, separable lean and fat, trimmed to 1/8"" fat, raw",SR Legacy,23.23,5.52,0.0,0.0,143.0,non_vegetarian
174888,"Lamb, Australian, imported, fresh, tenderloin, boneless, separable lean only, trimmed to 1/8"" fat, cooked, roasted",SR Legacy,30.97,6.71,0.0,0.0,184.0,non_vegetarian
172652,"Lamb, Australian, imported, fresh, tenderloin, boneless, separable lean only, trimmed to 1/8"" fat, raw",SR Legacy,23.42,4.73,0.0,0.0,136.0,non_vegetarian
174310,"Lamb, composite of trimmed retail cuts, separable fat, trimmed to 1/4"" fat, choice, cooked",SR Legacy,12.16,59.18,0.0,0.0,586.0,non_vegetarian
174309,"Lamb, composite of trimmed retail cuts, separable fat, trimmed to 1/4"" fat, choice, raw",SR Legacy,6.65,70.61,0.0,0.0,665.0,non_vegetarian
172480,"Lamb, composite of trimmed retail cuts, separable lean and fat, trimmed to 1/4"" fat, choice, cooked",SR Legacy,24.52,20.94,0.0,0.0,294.0,non_vegetarian
172479,"Lamb, composite of trimmed retail cuts, separable lean and fat, trimmed to 1/4"" fat, choice, raw",SR Legacy,16.88,21.59,0.0,0.0,267.0,non_vegetarian
172546,"Lamb, composite of trimmed retail cuts, separable lean and fat, trimmed to 1/8"" fat, choice, cooked",SR Legacy,25.51,18.01,0.0,0.0,271.0,non_vegetarian
172545,"Lamb, composite of trimmed retail cuts, separable lean and fat, trimmed to 1/8"" fat, choice, raw",SR Legacy,17.54,18.66,0.0,0.0,243.0,non_vegetarian
174308,"Lamb, composite of trimmed retail cuts, separable lean only, trimmed to 1/4"" fat, choice, cooked",SR Legacy,28.22,9.52,0.0,0.0,206.0,non_vegetarian
174307,"Lamb, composite of trimmed retail cuts, separable lean only, trimmed to 1/4"" fat, choice, raw",SR Legacy,20.29,5.25,0.0,0.0,134.0,non_vegetarian
172509,"Lamb, cubed for stew or kabob (leg and shoulder), separable lean only, trimmed to 1/4"" fat, cooked, braised",SR Legacy,33.69,8.8,0.0,0.0,223.0,non_vegetarian
172510,"Lamb, cubed for stew or kabob (leg and shoulder), separable lean only, trimmed to 1/4"" fat, cooked, broiled",SR Legacy,28.08,7.33,0.0,0.0,186.0,non_vegetarian
172508,"Lamb, cubed for stew or kabob (leg and shoulder), separable lean only, trimmed to 1/4"" fat, raw",SR Legacy,20.21,5.28,0.0,0.0,134.0,non_vegetarian
172482,"Lamb, foreshank, separable lean and fat, trimmed to 1/4"" fat, choice, cooked, braised",SR Legacy,28.37,13.46,0.0,0.0,243.0,non_vegetarian
172481,"Lamb, foreshank, separable lean and fat, trimmed to 1/4"" fat, choice, raw",SR Legacy,18.91,13.38,0.0,0.0,201.0,non_vegetarian
172547,"Lamb, foreshank, separable lean and fat, trimmed to 1/8"" fat, choice, raw",SR Legacy,18.91,13.38,0.0,0.0,201.0,non_vegetarian
174371,"Lamb, foreshank, separable lean and fat, trimmed to 1/8"" fat, cooked, braised",SR Legacy,28.37,13.46,0.0,0.0,243.0,non_vegetarian
172484,"Lamb, foreshank, separable lean only, trimmed to 1/4"" fat, choice, cooked, braised",SR Legacy,31.01,6.02,0.0,0.0,187.0,non_vegetarian
172483,"Lamb, foreshank, separable lean only, trimmed to 1/4"" fat, choice, raw",SR Legacy,21.08,3.29,0.0,0.0,120.0,non_vegetarian
172544,"Lamb, ground, cooked, broiled",SR Legacy,24.75,19.65,0.0,0.0,283.0,non_vegetarian
174370,"Lamb, ground, raw",SR Legacy,16.56,23.41,0.0,0.0,282.0,non_vegetarian
172485,"Lamb, leg, shank half, separable lean and fat, trimmed to 1/4"" fat, choice, cooked, roasted",SR Legacy,26.41,12.45,0.0,0.0,225.0,non_vegetarian
174315,"Lamb, leg, shank half, separable lean and fat, trimmed to 1/4"" fat, choice, raw",SR Legacy,18.58,13.49,0.0,0.0,201.0,non_vegetarian
172548,"Lamb, leg, shank half, separable lean and fat, trimmed to 1/8"" fat, choice, cooked, roasted",SR Legacy,26.73,11.4,0.0,0.0,217.0,non_vegetarian
174374,"Lamb, leg, shank half, separable lean and fat, trimmed to 1/8"" fat, choice, raw",SR Legacy,18.99,11.5,0.0,0.0,185.0,non_vegetarian
172487,"Lamb, leg, shank half, separable lean only, trimmed to 1/4"" fat, choice, cooked, roasted",SR Legacy,28.17,6.67,0.0,0.0,180.0,non_vegetarian
172486,"Lamb, leg, shank half, separable lean only, trimmed to 1/4"" fat, choice, raw",SR Legacy,20.52,4.19,0.0,0.0,125.0,non_vegetarian
174316,"Lamb, leg, sirloin half, separable lean and fat, trimmed to 1/4"" fat, choice, cooked, roasted",SR Legacy,24.63,20.67,0.0,0.0,292.0,non_vegetarian
172488,"Lamb, leg, sirloin half, separable lean and fat, trimmed to 1/4"" fat, choice, raw",SR Legacy,16.94,22.11,0.0,0.0,272.0,non_vegetarian
172550,"Lamb, leg, sirloin half, separable lean and fat, trimmed to 1/8"" fat, choice, cooked, roasted",SR Legacy,24.95,19.67,0.0,0.0,284.0,non_vegetarian
172549,"Lamb, leg, sirloin half, separable lean and fat, trimmed to 1/8"" fat, choice, raw",SR Legacy,17.21,20.8,0.0,0.0,261.0,non_vegetarian
174318,"Lamb, leg, sirloin half, separable lean only, trimmed to 1/4"" fat, choice, cooked, roasted",SR Legacy,28.35,9.17,0.0,0.0,204.0,non_vegetarian
174317,"Lamb, leg, sirloin half, separable lean only, trimmed to 1/4"" fat, choice, raw",SR Legacy,20.55,5.08,0.0,0.0,134.0,non_vegetarian
174312,"Lamb, leg, whole (shank and sirloin), separable lean and fat, trimmed to 1/4"" fat, choice, cooked, roasted",SR Legacy,25.55,16.48,0.0,0.0,258.0,non_vegetarian
174311,"Lamb, leg, whole (shank and sirloin), separable lean and fat, trimmed to 1/4"" fat, choice, raw",SR Legacy,17.91,17.07,0.0,0.0,230.0,non_vegetarian
174373,"Lamb, leg, whole (shank and sirloin), separable lean and fat, trimmed to 1/8"" fat, choice, cooked, roasted",SR Legacy,26.2,14.42,0.0,0.0,242.0,non_vegetarian
174372,"Lamb, leg, whole (shank and sirloin), separable lean and fat, trimmed to 1/8"" fat, choice, raw",SR Legacy,18.47,14.42,0.0,0.0,209.0,non_vegetarian
174314,"Lamb, leg, whole (shank and sirloin), separable lean only, trimmed to 1/4"" fat, choice, cooked, roasted",SR Legacy,28.3,7.74,0.0,0.0,191.0,non_vegetarian
174313,"Lamb, leg, whole (shank and sirloin), separable lean only, trimmed to 1/4"" fat, choice, raw",SR Legacy,20.56,4.51,0.0,0.0,128.0,non_vegetarian
172489,"Lamb, loin, separable lean and fat, trimmed to 1/4"" fat, choice, cooked, broiled",SR Legacy,25.17,23.08,0.0,0.0,316.0,non_vegetarian
172490,"Lamb, loin, separable lean and fat, trimmed to 1/4"" fat, choice, cooked, roasted",SR Legacy,22.55,23.59,0.0,0.0,309.0,non_vegetarian
174319,"Lamb, loin, separable lean and fat, trimmed to 1/4"" fat, choice, raw",SR Legacy,16.32,26.63,0.0,0.0,310.0,non_vegetarian
174375,"Lamb, loin, separable lean and fat, trimmed to 1/8"" fat, choice, cooked, broiled",SR Legacy,26.06,20.61,0.0,0.0,297.0,non_vegetarian
174376,"Lamb, loin, separable lean and fat, trimmed to 1/8"" fat, choice, cooked, roasted",SR Legacy,23.27,21.12,0.0,0.0,290.0,non_vegetarian
172551,"Lamb, loin, separable lean and fat, trimmed to 1/8"" fat, choice, raw",SR Legacy,17.18,22.75,0.0,0.0,279.0,non_vegetarian
172492,"Lamb, loin, separable lean only, trimmed to 1/4"" fat, choice, cooked, broiled",SR Legacy,29.99,9.73,0.0,0.0,216.0,non_vegetarian
174320,"Lamb, loin, separable lean only, trimmed to 1/4"" fat, choice, cooked, roasted",SR Legacy,26.59,9.76,0.0,0.0,202.0,non_vegetarian
172491,"Lamb, loin, separable lean only, trimmed to 1/4"" fat, choice, raw",SR Legacy,20.88,5.94,0.0,0.0,143.0,non_vegetarian
174436,"Lamb, New Zealand, imported, brains, cooked, soaked and fried",SR Legacy,14.03,10.92,0.0,0.0,154.0,non_vegetarian
174437,"Lamb, New Zealand, imported, brains, raw",SR Legacy,11.33,8.03,0.0,0.0,118.0,non_vegetarian
172610,"Lamb, New Zealand, imported, breast, separable lean only, cooked, braised",SR Legacy,28.16,17.53,0.0,0.0,270.0,non_vegetarian
172611,"Lamb, New Zealand, imported, breast, separable lean only, raw",SR Legacy,18.31,7.98,1.02,0.0,149.0,non_vegetarian
172612,"Lamb, New Zealand, imported, chump, boneless, separable lean only, cooked, fast roasted",SR Legacy,23.69,5.27,0.0,0.0,142.0,non_vegetarian
174438,"Lamb, New Zealand, imported, chump, boneless, separable lean only, raw",SR Legacy,21.68,3.83,0.0,0.0,121.0,non_vegetarian
172630,"Lamb, New Zealand, imported, flap, boneless, separable lean and fat, cooked, braised",SR Legacy,20.48,32.63,0.14,0.0,376.0,non_vegetarian
172631,"Lamb, New Zealand, imported, flap, boneless, separable lean and fat, raw",SR Legacy,16.17,30.14,0.27,0.0,337.0,non_vegetarian
174440,"Lamb, New Zealand, imported, flap, boneless, separable lean only, cooked, braised",SR Legacy,27.88,13.6,0.0,0.0,234.0,non_vegetarian
174441,"Lamb, New Zealand, imported, flap, boneless, separable lean only, raw",SR Legacy,21.72,10.31,0.0,0.0,180.0,non_vegetarian
172514,"Lamb, New Zealand, imported, fore-shank, separable lean and fat, cooked, braised",SR Legacy,30.35,14.99,0.03,0.0,256.0,non_vegetarian
172513,"Lamb, New Zealand, imported, fore-shank, separable lean and fat, raw",SR Legacy,20.09,11.38,0.09,0.0,183.0,non_vegetarian
174341,"Lamb, New Zealand, imported, fore-shank, separable lean only, cooked, braised",SR Legacy,33.31,8.4,0.0,0.0,209.0,non_vegetarian
174340,"Lamb, New Zealand, imported, fore-shank, separable lean only, raw",SR Legacy,22.05,3.77,0.0,0.0,122.0,non_vegetarian
172512,"Lamb, New Zealand, imported, frozen, composite of trimmed retail cuts, separable fat, cooked",SR Legacy,9.72,60.39,0.0,0.0,586.0,non_vegetarian
172511,"Lamb, New Zealand, imported, frozen, composite of trimmed retail cuts, separable fat, raw",SR Legacy,6.92,67.63,0.0,0.0,640.0,non_vegetarian
174337,"Lamb, New Zealand, imported, frozen, composite of trimmed retail cuts, separable lean and fat, cooked",SR Legacy,24.42,22.26,0.0,0.0,305.0,non_vegetarian
174336,"Lamb, New Zealand, imported, frozen, composite of trimmed retail cuts, separable lean and fat, raw",SR Legacy,16.74,22.74,0.0,0.0,277.0,non_vegetarian
174385,"Lamb, New Zealand, imported, frozen, composite of trimmed retail cuts, separable lean and fat, trimmed to 1/8"" fat, cooked",SR Legacy,25.26,17.98,0.0,0.0,270.0,non_vegetarian
174384,"Lamb, New Zealand, imported, frozen, composite of trimmed retail cuts, separable lean and fat, trimmed to 1/8"" fat, raw",SR Legacy,17.95,17.2,0.0,0.0,232.0,non_vegetarian
174339,"Lamb, New Zealand, imported, frozen, composite of trimmed retail cuts, separable lean only, cooked",SR Legacy,29.59,8.86,0.0,0.0,206.0,non_vegetarian
174338,"Lamb, New Zealand, imported, frozen, composite of trimmed retail cuts, separable lean only, raw",SR Legacy,20.75,4.41,0.0,0.0,128.0,non_vegetarian
174387,"Lamb, New Zealand, imported, frozen, foreshank, separable lean and fat, trimmed to 1/8"" fat, cooked, braised",SR Legacy,26.97,15.83,0.0,0.0,258.0,non_vegetarian
174386,"Lamb, New Zealand, imported, frozen, foreshank, separable lean and fat, trimmed to 1/8"" fat, raw",SR Legacy,18.04,16.15,0.0,0.0,223.0,non_vegetarian
174343,"Lamb, New Zealand, imported, frozen, leg, whole (shank and sirloin), separable lean and fat, cooked, roasted",SR Legacy,24.81,15.56,0.0,0.0,246.0,non_vegetarian
172561,"Lamb, New Zealand, imported, frozen, leg, whole (shank and sirloin), separable lean and fat, trimmed to 1/8"" fat, cooked, roasted",SR Legacy,25.34,13.95,0.0,0.0,234.0,non_vegetarian
172560,"Lamb, New Zealand, imported, frozen, leg, whole (shank and sirloin), separable lean and fat, trimmed to 1/8"" fat, raw",SR Legacy,18.76,13.37,0.0,0.0,201.0,non_vegetarian
172516,"Lamb, New Zealand, imported, frozen, leg, whole (shank and sirloin), separable lean only, cooked, roasted",SR Legacy,27.68,7.01,0.0,0.0,181.0,non_vegetarian
175259,"Lamb, New Zealand, imported, frozen, loin, separable lean and fat, cooked, broiled",SR Legacy,23.43,23.88,0.0,0.0,315.0,non_vegetarian
172563,"Lamb, New Zealand, imported, frozen, loin, separable lean and fat, trimmed to 1/8"" fat, cooked, broiled",SR Legacy,24.41,21.28,0.0,0.0,296.0,non_vegetarian
172562,"Lamb, New Zealand, imported, frozen, loin, separable lean and fat, trimmed to 1/8"" fat, raw",SR Legacy,17.18,22.1,0.0,0.0,273.0,non_vegetarian
173811,"Lamb, New Zealand, imported, frozen, loin, separable lean only, cooked, broiled",SR Legacy,29.31,8.24,0.0,0.0,199.0,non_vegetarian
174389,"Lamb, New Zealand, imported, frozen, rib, separable lean and fat, trimmed to 1/8"" fat, cooked, roasted",SR Legacy,19.86,25.74,0.0,0.0,317.0,non_vegetarian
174388,"Lamb, new zealand, imported, frozen, rib, separable lean and fat, trimmed to 1/8"" fat, raw",SR Legacy,15.87,27.0,0.0,0.0,311.0,non_vegetarian
175263,"Lamb, New Zealand, imported, frozen, shoulder, whole (arm and blade), separable lean and fat, cooked, braised",SR Legacy,28.21,26.27,0.0,0.0,357.0,non_vegetarian
174391,"Lamb, New Zealand, imported, frozen, shoulder, whole (arm and blade), separable lean and fat, trimmed to 1/8"" fat, cooked, braised",SR Legacy,29.43,24.03,0.0,0.0,342.0,non_vegetarian
174390,"Lamb, New Zealand, imported, frozen, shoulder, whole (arm and blade), separable lean and fat, trimmed to 1/8"" fat, raw",SR Legacy,17.19,19.74,0.0,0.0,251.0,non_vegetarian
173814,"Lamb, New Zealand, imported, frozen, shoulder, whole (arm and blade), separable lean only, cooked, braised",SR Legacy,34.06,15.5,0.0,0.0,285.0,non_vegetarian
172616,"Lamb, New Zealand, imported, ground lamb, cooked, braised",SR Legacy,22.6,11.34,0.0,0.0,192.0,non_vegetarian
172617,"Lamb, New Zealand, imported, ground lamb, raw",SR Legacy,20.33,12.41,0.0,0.0,193.0,non_vegetarian
174443,"Lamb, New Zealand, imported, heart, cooked, soaked and simmered",SR Legacy,26.26,6.21,0.0,0.0,161.0,non_vegetarian
174444,"Lamb, New Zealand, imported, heart, raw",SR Legacy,18.09,3.68,0.0,0.0,105.0,non_vegetarian
172632,"Lamb, New Zealand, imported, hind-shank, separable lean and fat, cooked, braised",SR Legacy,29.59,14.22,0.04,0.0,247.0,non_vegetarian
172633,"Lamb, New Zealand, imported, hind-shank, separable lean and fat, raw",SR Legacy,18.39,12.12,0.73,0.0,186.0,non_vegetarian
174453,"Lamb, New Zealand, imported, hind-shank, separable lean only, cooked, braised",SR Legacy,32.5,7.37,0.0,0.0,196.0,non_vegetarian
174454,"Lamb, New Zealand, imported, hind-shank, separable lean only, raw",SR Legacy,20.4,3.35,0.73,0.0,115.0,non_vegetarian
172609,"Lamb, New Zealand, imported, Intermuscular fat, cooked",SR Legacy,8.53,62.44,0.0,0.0,596.0,non_vegetarian
174434,"Lamb, New Zealand, imported, Intermuscular fat, raw",SR Legacy,4.63,68.53,1.26,0.0,640.0,non_vegetarian
174439,"Lamb, New Zealand, imported, kidney, cooked, soaked and fried",SR Legacy,19.78,3.56,0.18,0.0,112.0,non_vegetarian
174442,"Lamb, New Zealand, imported, kidney, raw",SR Legacy,15.21,2.54,0.03,0.0,84.0,non_vegetarian
174460,"Lamb, New Zealand, imported, leg chop/steak, bone-in, separable lean and fat, cooked, fast fried",SR Legacy,24.26,12.76,0.04,0.0,212.0,non_vegetarian
174342,"Lamb, New Zealand, imported, leg chop/steak, bone-in, separable lean and fat, raw",SR Legacy,18.64,14.52,0.13,0.0,206.0,non_vegetarian
174459,"Lamb, New Zealand, imported, leg chop/steak, bone-in, separable lean only, cooked, fast fried",SR Legacy,26.31,6.35,0.0,0.0,162.0,non_vegetarian
172515,"Lamb, New Zealand, imported, leg chop/steak, bone-in, separable lean only, raw",SR Legacy,21.1,4.64,0.0,0.0,126.0,non_vegetarian
172614,"Lamb, New Zealand, imported, liver, cooked, soaked and fried",SR Legacy,25.8,6.56,1.48,0.0,168.0,non_vegetarian
172615,"Lamb, New Zealand, imported, liver, raw",SR Legacy,20.7,4.92,2.22,0.0,136.0,non_vegetarian
174461,"Lamb, New Zealand, imported, loin chop, separable lean and fat, cooked, fast fried",SR Legacy,21.5,27.11,0.41,0.0,332.0,non_vegetarian
172517,"Lamb, New Zealand, imported, loin chop, separable lean and fat, raw",SR Legacy,15.4,26.19,0.22,0.0,298.0,non_vegetarian
174457,"Lamb, New Zealand, imported, loin chop, separable lean only, cooked, fast fried",SR Legacy,27.43,10.7,0.41,0.0,208.0,non_vegetarian
173810,"Lamb, New Zealand, imported, loin chop, separable lean only, raw",SR Legacy,19.98,6.88,0.0,0.0,142.0,non_vegetarian
174462,"Lamb, New Zealand, imported, loin saddle, separable lean and fat, cooked, fast roasted",SR Legacy,21.13,20.98,0.1,0.0,274.0,non_vegetarian
174463,"Lamb, New Zealand, imported, loin saddle, separable lean and fat, raw",SR Legacy,16.56,22.9,0.2,0.0,273.0,non_vegetarian
172624,"Lamb, New Zealand, imported, loin saddle, separable lean only, cooked, fast roasted",SR Legacy,25.53,6.7,0.0,0.0,162.0,non_vegetarian
172625,"Lamb, New Zealand, imported, loin saddle, separable lean only, raw",SR Legacy,20.86,5.32,0.0,0.0,131.0,non_vegetarian
172634,"Lamb, New Zealand, imported, loin, boneless, separable lean and fat, cooked, fast roasted",SR Legacy,28.96,4.57,0.0,0.0,157.0,non_vegetarian
172635,"Lamb, New Zealand, imported, loin, boneless, separable lean and fat, raw",SR Legacy,21.44,3.99,0.0,0.0,122.0,non_vegetarian
174451,"Lamb, New Zealand, imported, loin, boneless, separable lean only, cooked, fast roasted",SR Legacy,28.99,4.49,0.0,0.0,156.0,non_vegetarian
174452,"Lamb, New Zealand, imported, loin, boneless, separable lean only, raw",SR Legacy,21.5,3.77,0.0,0.0,120.0,non_vegetarian
172636,"Lamb, New Zealand, imported, neck chops, separable lean and fat, cooked, braised",SR Legacy,28.53,21.43,0.03,0.0,307.0,non_vegetarian
172637,"Lamb, New Zealand, imported, neck chops, separable lean and fat, raw",SR Legacy,17.43,17.9,0.14,0.0,231.0,non_vegetarian
172626,"Lamb, New Zealand, imported, neck chops, separable lean only, cooked, braised",SR Legacy,31.4,15.36,0.0,0.0,264.0,non_vegetarian
174455,"Lamb, New Zealand, imported, neck chops, separable lean only, raw",SR Legacy,19.84,7.97,0.0,0.0,151.0,non_vegetarian
172638,"Lamb, New Zealand, imported, netted shoulder, rolled, boneless, separable lean and fat, cooked, slow roasted",SR Legacy,21.45,22.33,0.05,0.0,287.0,non_vegetarian
174464,"Lamb, New Zealand, imported, netted shoulder, rolled, boneless, separable lean and fat, raw",SR Legacy,16.9,20.36,0.2,0.0,252.0,non_vegetarian
172627,"Lamb, New Zealand, imported, netted shoulder, rolled, boneless, separable lean only, cooked, slow roasted",SR Legacy,25.14,10.91,0.0,0.0,199.0,non_vegetarian
172628,"Lamb, New Zealand, imported, netted shoulder, rolled, boneless, separable lean only, raw",SR Legacy,20.2,6.88,0.0,0.0,143.0,non_vegetarian
172640,"Lamb, New Zealand, imported, rack - fully frenched, separable lean and fat, cooked, fast roasted",SR Legacy,23.56,11.2,0.01,0.0,195.0,non_vegetarian
172641,"Lamb, New Zealand, imported, rack - fully frenched, separable lean and fat, raw",SR Legacy,19.88,9.96,0.05,0.0,169.0,non_vegetarian
172629,"Lamb, New Zealand, imported, rack - fully frenched, separable lean only, cooked, fast roasted",SR Legacy,24.39,8.38,0.0,0.0,173.0,non_vegetarian
174456,"Lamb, New Zealand, imported, rack - fully frenched, separable lean only, raw",SR Legacy,20.61,7.12,0.0,0.0,147.0,non_vegetarian
173813,"Lamb, New Zealand, imported, rack - partly frenched, separable lean and fat, cooked, fast roasted",SR Legacy,22.06,18.29,0.04,0.0,253.0,non_vegetarian
173812,"Lamb, New Zealand, imported, rack - partly frenched, separable lean and fat, raw",SR Legacy,18.12,18.52,0.13,0.0,240.0,non_vegetarian
175261,"Lamb, New Zealand, imported, rack - partly frenched, separable lean only, cooked, fast roasted",SR Legacy,24.43,10.63,0.0,0.0,193.0,non_vegetarian
175260,"Lamb, New Zealand, imported, rack - partly frenched, separable lean only, raw",SR Legacy,20.65,8.61,0.0,0.0,160.0,non_vegetarian
174874,"Lamb, New Zealand, imported, square-cut shoulder chops, separable lean and fat, cooked, braised",SR Legacy,26.79,23.86,0.05,0.0,322.0,non_vegetarian
174875,"Lamb, New Zealand, imported, square-cut shoulder chops, separable lean and fat, raw",SR Legacy,17.02,22.84,0.23,0.0,275.0,non_vegetarian
174449,"Lamb, New Zealand, imported, square-cut shoulder chops, separable lean only, cooked, braised",SR Legacy,31.06,14.56,0.0,0.0,255.0,non_vegetarian
174450,"Lamb, New Zealand, imported, square-cut shoulder chops, separable lean only, raw",SR Legacy,20.62,9.08,0.0,0.0,164.0,non_vegetarian
174876,"Lamb, New Zealand, imported, square-cut shoulder, separable lean and fat, cooked, slow roasted",SR Legacy,20.88,23.39,0.03,0.0,294.0,non_vegetarian
175262,"Lamb, New Zealand, imported, square-cut shoulder, separable lean and fat, raw",SR Legacy,16.16,22.89,0.24,0.0,272.0,non_vegetarian
174458,"Lamb, New Zealand, imported, square-cut shoulder, separable lean only, cooked, slow roasted",SR Legacy,25.08,10.13,0.0,0.0,192.0,non_vegetarian
175264,"Lamb, New Zealand, imported, square-cut shoulder, separable lean only, raw",SR Legacy,19.72,8.3,0.0,0.0,154.0,non_vegetarian
172613,"Lamb, New Zealand, imported, subcutaneous fat, cooked",SR Legacy,5.24,72.28,0.62,0.0,674.0,non_vegetarian
174435,"Lamb, New Zealand, imported, subcutaneous fat, raw",SR Legacy,3.87,76.16,0.55,0.0,703.0,non_vegetarian
174445,"Lamb, New Zealand, imported, sweetbread, cooked, soaked and simmered",SR Legacy,21.13,6.61,0.0,0.0,144.0,non_vegetarian
174446,"Lamb, New Zealand, imported, sweetbread, raw",SR Legacy,11.0,3.16,0.0,0.0,72.0,non_vegetarian
172639,"Lamb, New Zealand, imported, tenderloin, separable lean and fat, cooked, fast fried",SR Legacy,27.87,5.0,0.0,0.0,157.0,non_vegetarian
174878,"Lamb, New Zealand, imported, tenderloin, separable lean and fat, raw",SR Legacy,20.43,4.22,0.01,0.0,120.0,non_vegetarian
172622,"Lamb, New Zealand, imported, tenderloin, separable lean only, cooked, fast fried",SR Legacy,27.94,4.81,0.0,0.0,155.0,non_vegetarian
172623,"Lamb, New Zealand, imported, tenderloin, separable lean only, raw",SR Legacy,20.53,3.81,0.0,0.0,116.0,non_vegetarian
172618,"Lamb, New Zealand, imported, testes, cooked, soaked and fried",SR Legacy,21.01,4.56,0.0,0.0,125.0,non_vegetarian
172619,"Lamb, New Zealand, imported, testes, raw",SR Legacy,11.4,2.38,0.14,0.0,68.0,non_vegetarian
172620,"Lamb, New Zealand, imported, tongue - swiss cut, cooked, soaked and simmered",SR Legacy,17.51,22.04,0.86,0.0,272.0,non_vegetarian
172621,"Lamb, New Zealand, imported, tongue - swiss cut, raw",SR Legacy,14.27,18.61,0.0,0.0,225.0,non_vegetarian
172642,"Lamb, New Zealand, imported, tunnel-boned leg, chump off, shank off, separable lean and fat, cooked, slow roasted",SR Legacy,23.41,12.68,0.03,0.0,208.0,non_vegetarian
174877,"Lamb, New Zealand, imported, tunnel-boned leg, chump off, shank off, separable lean and fat, raw",SR Legacy,20.93,4.09,0.0,,121.0,non_vegetarian
174447,"Lamb, New Zealand, imported, tunnel-boned leg, chump off, shank off, separable lean only, cooked, slow roasted",SR Legacy,25.29,6.44,0.0,0.0,159.0,non_vegetarian
174448,"Lamb, New Zealand, imported, tunnel-boned leg, chump off, shank off, separable lean only, raw",SR Legacy,20.93,4.09,0.0,0.0,121.0,non_vegetarian
174322,"Lamb, rib, separable lean and fat, trimmed to 1/4"" fat, choice, cooked, broiled",SR Legacy,22.13,29.59,0.0,0.0,361.0,non_vegetarian
174323,"Lamb, rib, separable lean and fat, trimmed to 1/4"" fat, choice, cooked, roasted",SR Legacy,21.12,29.82,0.0,0.0,359.0,non_vegetarian
174321,"Lamb, rib, separable lean and fat, trimmed to 1/4"" fat, choice, raw",SR Legacy,14.52,34.39,0.0,0.0,372.0,non_vegetarian
174378,"Lamb, rib, separable lean and fat, trimmed to 1/8"" fat, choice, cooked, broiled",SR Legacy,23.06,26.82,0.0,0.0,340.0,non_vegetarian
172552,"Lamb, rib, separable lean and fat, trimmed to 1/8"" fat, choice, cooked, roasted",SR Legacy,21.82,27.53,0.0,0.0,341.0,non_vegetarian
174377,"Lamb, rib, separable lean and fat, trimmed to 1/8"" fat, choice, raw",SR Legacy,15.32,30.71,0.0,0.0,342.0,non_vegetarian
172494,"Lamb, rib, separable lean only, trimmed to 1/4"" fat, choice, cooked, broiled",SR Legacy,27.74,12.95,0.0,0.0,235.0,non_vegetarian
172495,"Lamb, rib, separable lean only, trimmed to 1/4"" fat, choice, cooked, roasted",SR Legacy,26.16,13.31,0.0,0.0,232.0,non_vegetarian
172493,"Lamb, rib, separable lean only, trimmed to 1/4"" fat, choice, raw",SR Legacy,19.98,9.23,0.0,0.0,169.0,non_vegetarian
172501,"Lamb, shoulder, arm, separable lean and fat, trimmed to 1/4"" fat, choice, cooked, braised",SR Legacy,30.39,24.0,0.0,0.0,346.0,non_vegetarian
174328,"Lamb, shoulder, arm, separable lean and fat, trimmed to 1/4"" fat, choice, cooked, broiled",SR Legacy,24.44,19.55,0.0,0.0,281.0,non_vegetarian
174329,"Lamb, shoulder, arm, separable lean and fat, trimmed to 1/4"" fat, choice, cooked, roasted",SR Legacy,22.53,20.24,0.0,0.0,279.0,non_vegetarian
172500,"Lamb, shoulder, arm, separable lean and fat, trimmed to 1/4"" fat, choice, raw",SR Legacy,16.79,20.9,0.0,0.0,260.0,non_vegetarian
174381,"Lamb, shoulder, arm, separable lean and fat, trimmed to 1/8"" fat, choice, cooked, braised",SR Legacy,31.1,22.65,0.0,0.0,337.0,non_vegetarian
174380,"Lamb, shoulder, arm, separable lean and fat, trimmed to 1/8"" fat, choice, raw",SR Legacy,17.19,18.94,0.0,0.0,244.0,non_vegetarian
174383,"Lamb, shoulder, arm, separable lean and fat, trimmed to 1/8"" fat, choice, roasted",SR Legacy,22.93,18.75,0.0,0.0,267.0,non_vegetarian
174382,"Lamb, shoulder, arm, separable lean and fat, trimmed to 1/8"" fat, cooked, broiled",SR Legacy,24.91,18.05,0.0,0.0,269.0,non_vegetarian
174331,"Lamb, shoulder, arm, separable lean only, trimmed to 1/4"" fat, choice, cooked, braised",SR Legacy,35.54,14.08,0.0,0.0,279.0,non_vegetarian
172502,"Lamb, shoulder, arm, separable lean only, trimmed to 1/4"" fat, choice, cooked, broiled",SR Legacy,27.71,9.02,0.0,0.0,200.0,non_vegetarian
172503,"Lamb, shoulder, arm, separable lean only, trimmed to 1/4"" fat, choice, cooked, roasted",SR Legacy,25.46,9.26,0.0,0.0,192.0,non_vegetarian
174330,"Lamb, shoulder, arm, separable lean only, trimmed to 1/4"" fat, choice, raw",SR Legacy,19.99,5.2,0.0,0.0,132.0,non_vegetarian
172505,"Lamb, shoulder, blade, separable lean and fat, trimmed to 1/4"" fat, choice, cooked, braised",SR Legacy,28.51,24.73,0.0,0.0,345.0,non_vegetarian
174332,"Lamb, shoulder, blade, separable lean and fat, trimmed to 1/4"" fat, choice, cooked, broiled",SR Legacy,23.08,19.94,0.0,0.0,278.0,non_vegetarian
174333,"Lamb, shoulder, blade, separable lean and fat, trimmed to 1/4"" fat, choice, cooked, roasted",SR Legacy,22.25,20.61,0.0,0.0,281.0,non_vegetarian
172504,"Lamb, shoulder, blade, separable lean and fat, trimmed to 1/4"" fat, choice, raw",SR Legacy,16.63,20.86,0.0,0.0,259.0,non_vegetarian
172557,"Lamb, shoulder, blade, separable lean and fat, trimmed to 1/8"" fat, choice, cooked, braised",SR Legacy,28.92,23.88,0.0,0.0,339.0,non_vegetarian
172558,"Lamb, shoulder, blade, separable lean and fat, trimmed to 1/8"" fat, choice, cooked, broiled",SR Legacy,23.48,18.5,0.0,0.0,267.0,non_vegetarian
172559,"Lamb, shoulder, blade, separable lean and fat, trimmed to 1/8"" fat, choice, cooked, roasted",SR Legacy,22.62,19.19,0.0,0.0,270.0,non_vegetarian
172556,"Lamb, shoulder, blade, separable lean and fat, trimmed to 1/8"" fat, choice, raw",SR Legacy,17.01,18.97,0.0,0.0,244.0,non_vegetarian
174335,"Lamb, shoulder, blade, separable lean only, trimmed to 1/4"" fat, choice, cooked, braised",SR Legacy,32.35,16.64,0.0,0.0,288.0,non_vegetarian
172506,"Lamb, shoulder, blade, separable lean only, trimmed to 1/4"" fat, choice, cooked, broiled",SR Legacy,25.48,11.32,0.0,0.0,211.0,non_vegetarian
172507,"Lamb, shoulder, blade, separable lean only, trimmed to 1/4"" fat, choice, cooked, roasted",SR Legacy,24.61,11.57,0.0,0.0,209.0,non_vegetarian
174334,"Lamb, shoulder, blade, separable lean only, trimmed to 1/4"" fat, choice, raw",SR Legacy,19.29,7.63,0.0,0.0,151.0,non_vegetarian
172497,"Lamb, shoulder, whole (arm and blade), separable lean and fat, trimmed to 1/4"" fat, choice, cooked, braised",SR Legacy,28.68,24.55,0.0,0.0,344.0,non_vegetarian
174324,"Lamb, shoulder, whole (arm and blade), separable lean and fat, trimmed to 1/4"" fat, choice, cooked, broiled",SR Legacy,24.42,19.26,0.0,0.0,278.0,non_vegetarian
174325,"Lamb, shoulder, whole (arm and blade), separable lean and fat, trimmed to 1/4"" fat, choice, cooked, roasted",SR Legacy,22.51,19.97,0.0,0.0,276.0,non_vegetarian
172496,"Lamb, shoulder, whole (arm and blade), separable lean and fat, trimmed to 1/4"" fat, choice, raw",SR Legacy,16.58,21.45,0.0,0.0,264.0,non_vegetarian
172554,"Lamb, shoulder, whole (arm and blade), separable lean and fat, trimmed to 1/8"" fat, choice, cooked, braised",SR Legacy,29.46,23.57,0.0,0.0,338.0,non_vegetarian
172555,"Lamb, shoulder, whole (arm and blade), separable lean and fat, trimmed to 1/8"" fat, choice, cooked, broiled",SR Legacy,23.84,18.39,0.0,0.0,268.0,non_vegetarian
174379,"Lamb, shoulder, whole (arm and blade), separable lean and fat, trimmed to 1/8"" fat, choice, cooked, roasted",SR Legacy,22.7,19.08,0.0,0.0,269.0,non_vegetarian
172553,"Lamb, shoulder, whole (arm and blade), separable lean and fat, trimmed to 1/8"" fat, choice, raw",SR Legacy,17.07,18.96,0.0,0.0,244.0,non_vegetarian
174327,"Lamb, shoulder, whole (arm and blade), separable lean only, trimmed to 1/4"" fat, choice, cooked, braised",SR Legacy,32.81,15.89,0.0,0.0,283.0,non_vegetarian
172498,"Lamb, shoulder, whole (arm and blade), separable lean only, trimmed to 1/4"" fat, choice, cooked, broiled",SR Legacy,27.12,10.5,0.0,0.0,210.0,non_vegetarian
172499,"Lamb, shoulder, whole (arm and blade), separable lean only, trimmed to 1/4"" fat, choice, cooked, roasted",SR Legacy,24.94,10.77,0.0,0.0,204.0,non_vegetarian
174326,"Lamb, shoulder, whole (arm and blade), separable lean only, trimmed to 1/4"" fat, choice, raw",SR Legacy,19.55,6.76,0.0,0.0,144.0,non_vegetarian
172526,"Lamb, variety meats and by-products, brain, cooked, braised",SR Legacy,12.55,10.17,0.0,0.0,145.0,non_vegetarian
174350,"Lamb, variety meats and by-products, brain, cooked, pan-fried",SR Legacy,16.97,22.19,0.0,0.0,273.0,non_vegetarian
172525,"Lamb, variety meats and by-products, brain, raw",SR Legacy,10.4,8.58,0.0,0.0,122.0,non_vegetarian
172528,"Lamb, variety meats and by-products, heart, cooked, braised",SR Legacy,24.97,7.91,1.93,0.0,185.0,non_vegetarian
172527,"Lamb, variety meats and by-products, heart, raw",SR Legacy,16.47,5.68,0.21,0.0,122.0,non_vegetarian
174355,"Lamb, variety meats and by-products, kidneys, cooked, braised",SR Legacy,23.65,3.62,0.99,0.0,137.0,non_vegetarian
174354,"Lamb, variety meats and by-products, kidneys, raw",SR Legacy,15.74,2.95,0.82,0.0,97.0,non_vegetarian
172532,"Lamb, variety meats and by-products, liver, cooked, braised",SR Legacy,30.57,8.81,2.53,0.0,220.0,non_vegetarian
172533,"Lamb, variety meats and by-products, liver, cooked, pan-fried",SR Legacy,25.53,12.65,3.78,0.0,238.0,non_vegetarian
172531,"Lamb, variety meats and by-products, liver, raw",SR Legacy,20.38,5.02,1.78,0.0,139.0,non_vegetarian
174360,"Lamb, variety meats and by-products, lungs, cooked, braised",SR Legacy,19.88,3.1,0.0,0.0,113.0,non_vegetarian
174359,"Lamb, variety meats and by-products, lungs, raw",SR Legacy,16.7,2.6,0.0,0.0,95.0,non_vegetarian
172537,"Lamb, variety meats and by-products, mechanically separated, raw",SR Legacy,14.97,23.54,0.0,0.0,276.0,non_vegetarian
172539,"Lamb, variety meats and by-products, pancreas, cooked, braised",SR Legacy,22.83,15.12,0.0,0.0,234.0,non_vegetarian
172538,"Lamb, variety meats and by-products, pancreas, raw",SR Legacy,14.84,9.82,0.0,0.0,152.0,non_vegetarian
174365,"Lamb, variety meats and by-products, spleen, cooked, braised",SR Legacy,26.46,4.77,0.0,0.0,156.0,non_vegetarian
174364,"Lamb, variety meats and by-products, spleen, raw",SR Legacy,17.2,3.1,0.0,0.0,101.0,non_vegetarian
174367,"Lamb, variety meats and by-products, tongue, cooked, braised",SR Legacy,21.57,20.28,0.0,0.0,275.0,non_vegetarian
174366,"Lamb, variety meats and by-products, tongue, raw",SR Legacy,15.7,17.17,0.0,0.0,222.0,non_vegetarian
168534,"Lambsquarters, cooked, boiled, drained, with salt",SR Legacy,3.2,0.7,5.0,2.1,32.0,non_vegetarian
169245,"Lambsquarters, cooked, boiled, drained, without salt",SR Legacy,3.2,0.7,5.0,2.1,32.0,non_vegetarian
169244,"Lambsquarters, raw",SR Legacy,4.2,0.8,7.3,4.0,43.0,non_vegetarian
168995,"Lambsquarters, raw (Northern Plains Indians)",SR Legacy,4.21,0.28,6.96,6.3,47.0,non_vegetarian
169815,"Lambsquarters, steamed (Northern Plains Indians)",SR Legacy,4.06,0.16,7.47,5.2,48.0,non_vegetarian
171401,Lard,SR Legacy,0.0,100.0,0.0,0.0,902.0,non_vegetarian
173334,"Lasagna with meat & sauce, frozen entree",SR Legacy,6.63,4.42,14.39,1.4,124.0,non_vegetarian
172101,"Lasagna with meat & sauce, low-fat, frozen entree",SR Legacy,6.81,2.23,13.5,1.3,101.0,non_vegetarian
172114,"Lasagna with meat sauce, frozen, prepared",SR Legacy,7.28,4.92,15.36,1.7,135.0,non_vegetarian
173333,"Lasagna, cheese, frozen, prepared",SR Legacy,6.54,5.33,13.84,1.7,130.0,vegetarian
168960,"Lasagna, cheese, frozen, unprepared",SR Legacy,5.06,4.22,21.61,1.7,145.0,vegetarian
172106,"Lasagna, Vegetable, frozen, baked",SR Legacy,6.87,6.04,14.18,1.9,139.0,vegan
172108,"LEAN POCKETS, Ham N Cheddar",SR Legacy,10.28,6.53,32.52,1.7,230.0,non_vegetarian
172109,"Lean Pockets, Meatballs & Mozzarella",SR Legacy,10.49,7.7,32.28,2.0,240.0,non_vegetarian
175041,"Leavening agents, cream of tartar",SR Legacy,0.0,0.0,61.5,0.2,258.0,vegetarian
173868,"Lebanon bologna, beef",SR Legacy,19.03,10.44,0.44,0.0,172.0,non_vegetarian
168573,"Lemon grass (citronella), raw",SR Legacy,1.82,0.49,25.31,,99.0,vegan
167801,"Lemon juice from concentrate, bottled, CONCORD",SR Legacy,0.4,0.07,5.37,,24.0,vegan
167802,"Lemon juice from concentrate, bottled, REAL LEMON",SR Legacy,0.47,0.07,5.66,0.7,17.0,vegan
167748,"Lemon juice from concentrate, canned or bottled",SR Legacy,0.45,0.07,5.62,0.7,17.0,vegan
167747,"Lemon juice, raw",SR Legacy,0.35,0.24,6.9,0.3,22.0,vegan
167749,"Lemon peel, raw",SR Legacy,1.5,0.3,16.0,10.6,47.0,vegan
173666,"Lemonade, frozen concentrate, pink",SR Legacy,0.22,0.69,48.86,0.3,192.0,vegan
173216,"Lemonade, frozen concentrate, white",SR Legacy,0.22,0.7,49.89,0.3,196.0,vegan
173217,"Lemonade, frozen concentrate, white, prepared with water",SR Legacy,0.07,0.04,10.42,0.0,40.0,vegan
174859,"Lemonade, powder, prepared with water",SR Legacy,0.0,0.04,3.59,0.0,14.0,vegan
167746,"Lemons, raw, without peel",SR Legacy,1.1,0.3,9.32,2.8,29.0,vegan
2644283,"Lentils, dry",Foundation Foods,23.56875,1.925,62.17125,,360.285,vegan
175254,"Lentils, mature seeds, cooked, boiled, with salt",SR Legacy,9.02,0.38,19.54,7.9,114.0,vegan
172421,"Lentils, mature seeds, cooked, boiled, without salt",SR Legacy,9.02,0.38,20.13,7.9,116.0,vegan
174284,"Lentils, pink or red, raw",SR Legacy,23.91,2.17,63.1,10.8,358.0,vegan
172420,"Lentils, raw",SR Legacy,24.63,1.06,63.35,10.7,352.0,vegan
168551,"Lentils, sprouted, cooked, stir-fried, with salt",SR Legacy,8.8,0.45,21.25,,101.0,vegan
168428,"Lentils, sprouted, cooked, stir-fried, without salt",SR Legacy,8.8,0.45,21.25,,101.0,vegan
168427,"Lentils, sprouted, raw",SR Legacy,8.96,0.55,22.14,,106.0,vegan
168429,"Lettuce, butterhead (includes boston and bibb types), raw",SR Legacy,1.35,0.22,2.23,1.1,13.0,vegetarian
327923,"Lettuce, cos or romaine, raw",Foundation Foods,1.24,0.26,3.24,1.8,17.0,vegan
169249,"Lettuce, green leaf, raw",SR Legacy,1.36,0.15,2.87,1.3,15.0,vegan
169248,"Lettuce, iceberg (includes crisphead types), raw",SR Legacy,0.9,0.14,2.97,1.2,14.0,vegan
2346388,"Lettuce, iceberg, raw",Foundation Foods,0.7425,0.07375,3.36875,,17.10875,vegan
2346391,"Lettuce, leaf, green, raw",Foundation Foods,1.09375,0.1563,4.06615,,22.0463,vegan
2346390,"Lettuce, leaf, red, raw",Foundation Foods,0.883125,0.1063,3.260575,,17.5315,vegan
168431,"Lettuce, red leaf, raw",SR Legacy,1.33,0.22,2.26,0.9,13.0,vegan
2346389,"Lettuce, romaine, green, raw",Foundation Foods,0.976875,0.07125,4.055575,,20.77105,vegan
171307,"Light ice cream, Creamsicle",SR Legacy,1.54,3.08,32.75,0.0,165.0,vegetarian
172085,"Light Ice Cream, soft serve, blended with cookie pieces",SR Legacy,3.97,5.66,25.55,0.1,169.0,vegetarian
173324,"Light Ice Cream, soft serve, blended with milk chocolate candies",SR Legacy,4.02,6.46,26.82,0.2,182.0,vegetarian
169317,"Lima beans, immature seeds, canned, no salt added, solids and liquids",SR Legacy,4.07,0.29,13.33,3.6,71.0,vegan
169136,"Lima beans, immature seeds, canned, regular pack, solids and liquids",SR Legacy,4.07,0.29,13.33,3.6,71.0,vegan
169316,"Lima beans, immature seeds, cooked, boiled, drained, with salt",SR Legacy,6.81,0.32,23.64,5.3,123.0,vegan
169135,"Lima beans, immature seeds, cooked, boiled, drained, without salt",SR Legacy,6.81,0.32,23.64,5.4,123.0,vegan
169318,"Lima beans, immature seeds, frozen, baby, cooked, boiled, drained, with salt",SR Legacy,6.65,0.3,19.45,4.8,105.0,vegan
169956,"Lima beans, immature seeds, frozen, baby, cooked, boiled, drained, without salt",SR Legacy,6.65,0.3,19.45,4.8,105.0,vegan
169955,"Lima beans, immature seeds, frozen, baby, unprepared",SR Legacy,7.59,0.44,25.14,6.0,132.0,vegan
168498,"Lima beans, immature seeds, frozen, fordhook, cooked, boiled, drained, with salt",SR Legacy,6.07,0.34,19.32,5.3,103.0,vegan
169954,"Lima beans, immature seeds, frozen, fordhook, cooked, boiled, drained, without salt",SR Legacy,6.07,0.34,19.32,5.3,103.0,vegan
169953,"Lima beans, immature seeds, frozen, fordhook, unprepared",SR Legacy,6.4,0.35,19.83,5.5,106.0,vegan
168396,"Lima beans, immature seeds, raw",SR Legacy,6.84,0.86,20.17,4.9,113.0,vegan
174254,"Lima beans, large, mature seeds, canned",SR Legacy,4.93,0.17,14.91,4.8,79.0,vegan
173802,"Lima beans, large, mature seeds, cooked, boiled, with salt",SR Legacy,7.8,0.38,20.88,7.0,115.0,vegan
174253,"Lima beans, large, mature seeds, cooked, boiled, without salt",SR Legacy,7.8,0.38,20.88,7.0,115.0,vegan
174252,"Lima beans, large, mature seeds, raw",SR Legacy,21.46,0.69,63.38,19.0,338.0,vegan
173803,"Lima beans, thin seeded (baby), mature seeds, cooked, boiled, with salt",SR Legacy,8.04,0.38,23.31,7.7,126.0,vegan
172422,"Lima beans, thin seeded (baby), mature seeds, cooked, boiled, without salt",SR Legacy,8.04,0.38,23.31,7.7,126.0,vegan
174255,"Lima beans, thin seeded (baby), mature seeds, raw",SR Legacy,20.62,0.93,62.83,20.6,335.0,vegan
168157,"Lime juice, canned or bottled, unsweetened",SR Legacy,0.25,0.23,6.69,0.4,21.0,vegan
168156,"Lime juice, raw",SR Legacy,0.42,0.07,8.42,0.4,25.0,vegan
174862,"Limeade, frozen concentrate, prepared with water",SR Legacy,0.0,0.0,13.79,0.0,52.0,vegan
168155,"Limes, raw",SR Legacy,0.7,0.2,10.54,2.8,30.0,vegan
172050,"LITTLE CAESARS 14"" Cheese Pizza, Large Deep Dish Crust",SR Legacy,12.63,10.22,30.1,1.3,263.0,vegetarian
173289,"LITTLE CAESARS 14"" Cheese Pizza, Thin Crust",SR Legacy,16.23,16.99,22.85,1.6,309.0,vegetarian
172047,"LITTLE CAESARS 14"" Original Round Cheese Pizza, Regular Crust",SR Legacy,13.39,9.54,31.5,1.7,265.0,vegetarian
172049,"LITTLE CAESARS 14"" Original Round Meat and Vegetable Pizza, Regular Crust",SR Legacy,12.12,11.35,23.1,2.1,243.0,non_vegetarian
173869,"Liver cheese, pork",SR Legacy,15.2,25.6,2.1,0.0,304.0,non_vegetarian
173870,"Liver sausage, liverwurst, pork",SR Legacy,14.1,28.5,2.2,0.0,326.0,non_vegetarian
174596,Liverwurst spread,SR Legacy,12.38,25.45,5.89,2.5,305.0,non_vegetarian
2747657,"Lobster, tail only, frozen, wild caught",Foundation Foods,12.99375,0.3667,0.88555,,58.8175,non_vegetarian
174594,"Luncheon meat, pork and chicken, minced, canned, includes Spam Lite",SR Legacy,15.23,13.9,1.35,0.0,196.0,non_vegetarian
172951,"Luncheon meat, pork with ham, minced, canned, includes Spam (Hormel)",SR Legacy,13.4,26.6,4.6,0.0,315.0,non_vegetarian
174571,"Luncheon meat, pork, canned",SR Legacy,12.5,30.3,2.1,0.0,334.0,non_vegetarian
172950,"Luncheon meat, pork, ham, and chicken, minced, canned, reduced sodium, added ascorbic acid, includes SPAM, 25% less sodium",SR Legacy,12.5,25.1,3.4,0.0,293.0,non_vegetarian
174587,"Luncheon sausage, pork and beef",SR Legacy,15.38,20.9,1.58,0.0,260.0,non_vegetarian
169066,"Luncheon slices, meatless",SR Legacy,17.78,11.11,4.44,1.1,189.0,non_vegetarian
173804,"Lupins, mature seeds, cooked, boiled, with salt",SR Legacy,15.57,2.92,9.29,2.8,116.0,vegan
172424,"Lupins, mature seeds, cooked, boiled, without salt",SR Legacy,15.57,2.92,9.88,2.8,119.0,vegan
172423,"Lupins, mature seeds, raw",SR Legacy,36.17,9.74,40.37,18.9,371.0,vegan
172931,"Luxury loaf, pork",SR Legacy,18.4,4.8,4.9,0.0,141.0,non_vegetarian
173340,"Macaroni and cheese dinner with dry sauce mix, boxed, uncooked",SR Legacy,13.86,4.82,70.12,3.2,379.0,vegetarian
172965,"Macaroni and cheese loaf, chicken, pork and beef",SR Legacy,11.76,14.96,11.63,0.0,228.0,non_vegetarian
169770,"Macaroni and cheese, box mix with cheese sauce, prepared",SR Legacy,6.68,4.99,23.1,1.2,164.0,vegetarian
169769,"Macaroni and cheese, box mix with cheese sauce, unprepared",SR Legacy,12.73,10.67,46.66,1.8,334.0,vegetarian
173325,"Macaroni and Cheese, canned entree",SR Legacy,3.38,2.46,11.52,0.5,82.0,vegetarian
173337,"Macaroni and Cheese, canned, microwavable",SR Legacy,5.98,5.99,13.96,0.4,134.0,vegetarian
173341,"Macaroni and cheese, dry mix, prepared with 2% milk and 80% stick margarine from dry mix",SR Legacy,4.89,8.28,23.93,1.2,190.0,vegetarian
173342,"Macaroni and cheese, frozen entree",SR Legacy,5.6,6.41,17.28,1.1,149.0,vegetarian
169774,"Macaroni or noodles with cheese, made from reduced fat packaged mix, unprepared",SR Legacy,13.1,4.03,52.06,2.0,297.0,vegetarian
169776,"Macaroni or noodles with cheese, microwaveable, unprepared",SR Legacy,11.48,6.56,70.75,1.6,388.0,vegetarian
168904,"Macaroni, vegetable, enriched, cooked",SR Legacy,4.53,0.11,26.61,4.3,128.0,vegan
168903,"Macaroni, vegetable, enriched, dry",SR Legacy,13.14,1.04,74.88,4.3,367.0,vegan
169400,"Malabar spinach, cooked",SR Legacy,2.98,0.78,2.71,2.1,23.0,vegan
169909,"Mammy-apple, (mamey), raw",SR Legacy,0.5,0.5,12.5,3.0,51.0,vegan
2710832,"Mandarin, seedless, peeled, raw",Foundation Foods,1.039375,0.4575,13.421825,1.328,61.9623,vegan
167785,"Mango nectar, canned",SR Legacy,0.11,0.06,13.12,0.3,51.0,vegan
2710834,"Mango, Ataulfo, peeled, raw",Foundation Foods,0.6875,0.6813,17.3962,1.289,78.4665,vegan
169091,"Mango, dried, sweetened",SR Legacy,2.45,1.18,78.58,2.4,319.0,vegan
2710833,"Mango, Tommy Atkins, peeled, raw",Foundation Foods,0.5625,0.5725,15.265,1.753,68.4625,vegan
169910,"Mangos, raw",SR Legacy,0.82,0.38,14.98,1.6,60.0,vegan
169090,"Mangosteen, canned, syrup pack",SR Legacy,0.41,0.58,17.91,1.8,73.0,vegan
173587,"Margarine, 80% fat, stick, includes regular and hydrogenated corn and soybean oils",SR Legacy,0.16,80.71,0.7,0.0,717.0,vegan
173605,"Margarine, industrial, non-dairy, cottonseed, soy oil (partially hydrogenated ), for flaky pastries",SR Legacy,1.9,80.2,0.0,0.0,714.0,vegan
172369,"Margarine, industrial, soy and partially hydrogenated soy oil, use for baking, sauces and candy",SR Legacy,0.18,80.0,0.71,0.0,714.0,vegan
171431,"Margarine, margarine-like vegetable oil spread, 67-70% fat, tub",SR Legacy,0.07,68.29,0.59,,606.0,vegan
173588,"Margarine, margarine-type vegetable oil spread, 70% fat, soybean and partially hydrogenated soybean, stick",SR Legacy,0.26,70.22,1.53,,628.0,vegan
171018,"Margarine, regular, hard, soybean (hydrogenated)",SR Legacy,0.9,80.5,0.9,0.0,719.0,vegan
173599,"Margarine-like shortening, industrial, soy (partially hydrogenated), cottonseed, and soy, principal use flaky pastries",SR Legacy,0.0,71.0,0.0,0.0,628.0,vegan
172352,"Margarine-like spread with yogurt, 70% fat, stick, with salt",SR Legacy,0.3,70.0,0.5,0.0,630.0,vegetarian
173586,"Margarine-like spread with yogurt, approximately 40% fat, tub, with salt",SR Legacy,2.0,35.0,2.0,0.0,330.0,vegetarian
172372,"Margarine-like spread, SMART BALANCE Light Buttery Spread",SR Legacy,0.02,36.41,1.98,,337.0,vegetarian
173610,"Margarine-like spread, SMART BALANCE Omega Plus Spread (with plant sterols & fish oil)",SR Legacy,0.13,70.95,0.16,0.0,605.0,non_vegetarian
172371,"Margarine-like spread, SMART BALANCE Regular Buttery Spread with flax oil",SR Legacy,0.14,64.63,0.14,0.0,583.0,vegetarian
171039,"Margarine-like vegetable-oil spread, stick/tub/bottle, 60% fat, with added vitamin D",SR Legacy,0.6,59.17,0.0,0.0,535.0,vegan
169052,"Margarine-like, butter-margarine blend, 80% fat, stick, without salt",SR Legacy,0.9,80.7,0.6,0.0,718.0,vegetarian
172339,"Margarine-like, margarine-butter blend, soybean oil and butter",SR Legacy,0.31,80.32,0.77,0.0,727.0,vegetarian
172354,"Margarine-like, vegetable oil spread, 20% fat, with salt",SR Legacy,0.0,19.5,0.4,0.0,175.0,vegan
172355,"Margarine-like, vegetable oil spread, 20% fat, without salt",SR Legacy,0.0,19.5,0.4,0.0,175.0,vegan
172348,"Margarine-like, vegetable oil spread, 60% fat, stick, with salt",SR Legacy,0.12,60.39,0.69,0.0,537.0,vegan
171437,"Margarine-like, vegetable oil spread, 60% fat, stick, with salt, with added vitamin D",SR Legacy,0.12,60.39,0.69,0.0,537.0,vegan
173583,"Margarine-like, vegetable oil spread, 60% fat, stick/tub/bottle, with salt",SR Legacy,0.6,59.17,0.0,0.0,526.0,vegan
172350,"Margarine-like, vegetable oil spread, 60% fat, stick/tub/bottle, without salt",SR Legacy,0.17,59.81,0.86,0.0,533.0,vegan
171041,"Margarine-like, vegetable oil spread, 60% fat, stick/tub/bottle, without salt, with added vitamin D",SR Legacy,0.17,59.81,0.86,0.0,542.0,vegan
173582,"Margarine-like, vegetable oil spread, 60% fat, tub, with salt",SR Legacy,0.17,59.81,0.86,0.0,533.0,vegan
171038,"Margarine-like, vegetable oil spread, 60% fat, tub, with salt, with added vitamin D",SR Legacy,0.17,59.81,0.86,0.0,533.0,vegan
171434,"Margarine-like, vegetable oil spread, approximately 37% fat, unspecified oils, with salt, with added vitamin D",SR Legacy,0.51,37.77,0.66,0.0,339.0,vegan
172351,"Margarine-like, vegetable oil spread, fat free, liquid, with salt",SR Legacy,1.5,3.0,2.5,0.0,43.0,vegan
172353,"Margarine-like, vegetable oil spread, fat-free, tub",SR Legacy,0.1,3.04,4.34,0.0,44.0,vegan
169860,"Margarine-like, vegetable oil spread, stick or tub, sweetened",SR Legacy,0.0,52.0,16.7,0.0,534.0,vegan
169053,"Margarine-like, vegetable oil-butter spread, reduced calorie, tub, with salt",SR Legacy,1.0,50.0,1.0,0.0,450.0,vegetarian
173580,"Margarine-like, vegetable oil-butter spread, tub, with salt",SR Legacy,1.0,40.0,1.0,0.0,362.0,vegetarian
168819,"Marmalade, orange",SR Legacy,0.3,0.0,66.3,0.7,246.0,vegan
175081,"Martha White Foods, Martha White's Buttermilk Biscuit Mix, dry",SR Legacy,7.81,13.23,59.41,1.5,388.0,vegetarian
167736,"Mayonnaise dressing, no cholesterol",SR Legacy,0.0,77.8,0.3,0.0,688.0,vegetarian
168115,"Mayonnaise, low sodium, low calorie or diet",SR Legacy,0.3,19.2,16.0,0.0,231.0,vegetarian
167695,"Mayonnaise, made with tofu",SR Legacy,5.95,31.79,3.06,1.1,322.0,vegetarian
171443,"Mayonnaise, reduced fat, with olive oil",SR Legacy,0.37,40.0,0.0,0.0,361.0,vegetarian
168094,"Mayonnaise, reduced-calorie or diet, cholesterol-free",SR Legacy,0.9,33.3,6.7,0.0,333.0,vegetarian
172072,McDONALD'S Bacon Ranch Salad with Crispy Chicken,SR Legacy,8.82,6.3,6.08,1.0,122.0,non_vegetarian
172069,"McDONALD'S, Bacon Egg & Cheese Biscuit",SR Legacy,13.45,18.77,22.26,0.9,304.0,non_vegetarian
173312,"McDONALD'S, Bacon Ranch Salad with Grilled Chicken",SR Legacy,10.28,3.14,3.64,1.0,81.0,non_vegetarian
172073,"McDONALD'S, Bacon Ranch Salad without chicken",SR Legacy,4.14,3.64,4.2,1.5,61.0,non_vegetarian
173300,"McDONALD'S, Bacon, Egg & Cheese McGRIDDLES",SR Legacy,12.03,13.19,26.19,0.8,272.0,non_vegetarian
170320,"McDONALD'S, Cheeseburger",SR Legacy,12.97,11.79,27.81,1.1,263.0,vegetarian
173297,"McDONALD'S, Chicken McNUGGETS",SR Legacy,15.79,19.81,15.09,,302.0,non_vegetarian
172065,"McDONALD'S, Double Cheeseburger",SR Legacy,15.5,16.09,18.79,0.8,282.0,vegetarian
172066,"McDONALD'S, DOUBLE QUARTER POUNDER with Cheese",SR Legacy,16.96,16.22,14.43,1.0,262.0,vegetarian
173307,"McDONALD'S, Egg McMUFFIN",SR Legacy,13.64,9.66,21.67,1.1,228.0,vegetarian
170319,"McDONALD'S, FILET-O-FISH",SR Legacy,11.26,14.64,26.39,1.4,282.0,non_vegetarian
173314,"McDONALD'S, FILET-O-FISH (without tartar sauce)",SR Legacy,12.47,7.62,31.08,1.0,243.0,non_vegetarian
172075,"McDONALD'S, Fruit 'n Yogurt Parfait",SR Legacy,2.73,1.3,20.72,1.0,105.0,vegetarian
173313,"McDONALD'S, Fruit 'n Yogurt Parfait (without granola)",SR Legacy,2.47,1.13,17.67,0.9,90.0,vegetarian
170717,"McDONALD'S, Hamburger",SR Legacy,12.92,10.09,30.28,1.3,264.0,non_vegetarian
173310,"McDONALD'S, Hotcakes and Sausage",SR Legacy,7.81,12.5,37.55,1.6,294.0,non_vegetarian
173305,"McDONALD'S, McCHICKEN Sandwich",SR Legacy,10.43,13.21,27.97,1.3,273.0,non_vegetarian
173306,"McDONALD'S, McCHICKEN Sandwich (without mayonnaise)",SR Legacy,11.08,8.46,30.95,1.4,240.0,non_vegetarian
170719,"McDONALD'S, QUARTER POUNDER with Cheese",SR Legacy,14.59,14.22,19.95,1.4,258.0,vegetarian
172070,"McDONALD'S, Sausage Biscuit",SR Legacy,9.62,25.4,27.2,1.2,376.0,non_vegetarian
172071,"McDONALD'S, Sausage Biscuit with Egg",SR Legacy,11.27,22.26,19.28,0.8,311.0,non_vegetarian
172063,"McDONALD'S, Sausage Burrito",SR Legacy,11.1,15.63,22.97,1.2,277.0,non_vegetarian
172059,"McDONALD'S, Sausage McGRIDDLES",SR Legacy,8.41,17.76,31.25,1.0,312.0,non_vegetarian
173308,"McDONALD'S, Sausage McMUFFIN",SR Legacy,12.66,21.06,24.52,1.4,333.0,non_vegetarian
172068,"McDONALD'S, Sausage McMUFFIN with Egg",SR Legacy,12.59,17.83,17.28,0.9,274.0,non_vegetarian
172060,"McDONALD'S, Sausage, Egg & Cheese McGRIDDLES",SR Legacy,10.77,17.73,22.04,0.6,283.0,non_vegetarian
170776,"McDONALD'S, Southern Style Chicken Biscuit",SR Legacy,11.93,14.93,30.56,1.4,304.0,non_vegetarian
172062,"McDONALD'S, Strawberry Sundae",SR Legacy,3.19,3.95,28.09,0.0,158.0,vegan
172061,"McDONALD'S, Vanilla Reduced Fat Ice Cream Cone",SR Legacy,4.24,4.86,26.36,0.1,162.0,vegetarian
173257,"Mckee Baking, Little Debbie Nutty Bars, Wafers with Peanut Butter, Chocolate Covered",SR Legacy,8.0,32.8,55.2,,548.0,vegetarian
174268,Meat extender,SR Legacy,41.71,2.97,34.71,17.5,311.0,non_vegetarian
171638,"Meatballs, frozen, Italian style",SR Legacy,14.4,22.21,8.06,2.3,286.0,non_vegetarian
169067,"Meatballs, meatless",SR Legacy,21.0,9.0,8.0,4.6,197.0,non_vegetarian
169912,"Melon balls, frozen",SR Legacy,0.84,0.25,7.94,0.7,33.0,vegan
167629,"Melon, banana (Navajo)",SR Legacy,0.84,0.2,4.06,0.3,21.0,vegan
327198,"Melons, cantaloupe, raw",Foundation Foods,0.82,0.18,8.16,0.8,34.0,vegan
169093,"Melons, casaba, raw",SR Legacy,1.11,0.1,6.58,0.9,28.0,vegan
169911,"Melons, honeydew, raw",SR Legacy,0.54,0.14,9.09,0.8,36.0,vegetarian
174650,Milk and cereal bar,SR Legacy,6.47,10.98,72.05,0.4,413.0,vegetarian
170890,"Milk dessert bar, frozen, made from lowfat milk",SR Legacy,4.41,1.47,32.0,6.6,147.0,vegetarian
167686,"Milk dessert, frozen, milk-fat free, chocolate",SR Legacy,4.3,1.0,37.7,0.0,167.0,vegetarian
170883,"Milk shakes, thick chocolate",SR Legacy,3.05,2.7,21.15,0.3,119.0,vegetarian
170884,"Milk shakes, thick vanilla",SR Legacy,3.86,3.03,17.75,0.0,112.0,vegetarian
171264,"Milk substitutes, fluid, with lauric acid oil",SR Legacy,1.75,3.41,6.16,0.0,61.0,vegetarian
171274,"Milk, buttermilk, dried",SR Legacy,34.3,5.78,49.0,0.0,387.0,vegetarian
170874,"Milk, buttermilk, fluid, cultured, lowfat",SR Legacy,3.31,1.07,4.79,0.0,40.0,vegetarian
167697,"Milk, buttermilk, fluid, cultured, reduced fat",SR Legacy,4.1,2.0,5.3,0.0,56.0,vegetarian
172225,"Milk, buttermilk, fluid, whole",SR Legacy,3.21,3.31,4.88,0.0,62.0,vegetarian
171275,"Milk, canned, condensed, sweetened",SR Legacy,7.91,8.7,54.4,0.0,321.0,vegetarian
170878,"Milk, canned, evaporated, nonfat, with added vitamin A and vitamin D",SR Legacy,7.55,0.2,11.35,0.0,78.0,vegetarian
172194,"Milk, canned, evaporated, with added vitamin A",SR Legacy,6.81,7.56,10.04,0.0,134.0,vegetarian
171276,"Milk, canned, evaporated, with added vitamin D and without added vitamin A",SR Legacy,6.81,7.56,10.04,0.0,134.0,vegetarian
171277,"Milk, chocolate beverage, hot cocoa, homemade",SR Legacy,3.52,2.34,10.74,1.0,77.0,vegetarian
171303,"Milk, chocolate, fat free, with added vitamin A and vitamin D",SR Legacy,3.39,0.0,13.46,0.0,67.0,vegetarian
173450,"Milk, chocolate, fluid, commercial, reduced fat, with added calcium",SR Legacy,2.99,1.9,12.13,0.7,78.0,vegetarian
170880,"Milk, chocolate, fluid, commercial, reduced fat, with added vitamin A and vitamin D",SR Legacy,2.99,1.9,12.13,0.7,76.0,vegetarian
170879,"Milk, chocolate, fluid, commercial, whole, with added vitamin A and vitamin D",SR Legacy,3.17,3.39,10.34,0.8,83.0,vegetarian
170910,"Milk, chocolate, lowfat, reduced sugar",SR Legacy,3.43,1.04,7.68,0.0,57.0,vegetarian
170881,"Milk, chocolate, lowfat, with added vitamin A and vitamin D",SR Legacy,3.46,1.11,10.15,0.1,64.0,vegetarian
171273,"Milk, dry, nonfat, calcium reduced",SR Legacy,35.5,0.2,51.8,0.0,354.0,vegetarian
171272,"Milk, dry, nonfat, instant, with added vitamin A and vitamin D",SR Legacy,35.1,0.72,52.19,0.0,358.0,vegetarian
172196,"Milk, dry, nonfat, instant, without added vitamin A and vitamin D",SR Legacy,35.1,0.72,52.19,0.0,358.0,vegetarian
172195,"Milk, dry, nonfat, regular, with added vitamin A and vitamin D",SR Legacy,36.16,0.77,51.98,0.0,362.0,vegetarian
170877,"Milk, dry, nonfat, regular, without added vitamin A and vitamin D",SR Legacy,36.16,0.77,51.98,0.0,362.0,vegetarian
170876,"Milk, dry, whole, with added vitamin D",SR Legacy,26.32,26.71,38.42,0.0,496.0,vegetarian
173454,"Milk, dry, whole, without added vitamin D",SR Legacy,26.32,26.71,38.42,0.0,496.0,vegetarian
171302,"Milk, evaporated, 2% fat, with added vitamin A and vitamin D",SR Legacy,6.67,2.0,15.74,0.0,107.0,vegetarian
170861,"Milk, filled, fluid, with blend of hydrogenated vegetable oils",SR Legacy,3.33,3.46,4.74,0.0,63.0,vegetarian
170862,"Milk, filled, fluid, with lauric acid oil",SR Legacy,3.33,3.4,4.74,0.0,63.0,vegetarian
173441,"Milk, fluid, 1% fat, without added vitamin A and vitamin D",SR Legacy,3.37,0.97,4.99,0.0,42.0,vegetarian
169868,"Milk, fluid, nonfat, calcium fortified (fat free or skim)",SR Legacy,3.4,0.18,4.85,0.0,35.0,vegetarian
171278,"Milk, goat, fluid, with added vitamin D",SR Legacy,3.56,4.14,4.45,0.0,69.0,non_vegetarian
171279,"Milk, human, mature, fluid",SR Legacy,1.03,4.38,6.89,0.0,70.0,vegetarian
167730,"Milk, imitation, non-soy",SR Legacy,1.6,2.0,5.3,0.0,46.0,vegetarian
171280,"Milk, indian buffalo, fluid",SR Legacy,3.75,6.89,5.18,0.0,97.0,vegetarian
170875,"Milk, low sodium, fluid",SR Legacy,3.1,3.46,4.46,0.0,61.0,vegetarian
171268,"Milk, lowfat, fluid, 1% milkfat, protein fortified, with added vitamin A and vitamin D",SR Legacy,3.93,1.17,5.52,0.0,48.0,vegetarian
170873,"Milk, lowfat, fluid, 1% milkfat, with added nonfat milk solids, vitamin A and vitamin D",SR Legacy,3.48,0.97,4.97,0.0,43.0,vegetarian
170872,"Milk, lowfat, fluid, 1% milkfat, with added vitamin A and vitamin D",SR Legacy,3.37,0.97,4.99,0.0,42.0,vegetarian
171271,"Milk, nonfat, fluid, protein fortified, with added vitamin A and vitamin D (fat free and skim)",SR Legacy,3.96,0.25,5.56,0.0,41.0,vegetarian
171270,"Milk, nonfat, fluid, with added nonfat milk solids, vitamin A and vitamin D (fat free or skim)",SR Legacy,3.57,0.25,5.02,0.0,37.0,vegetarian
171269,"Milk, nonfat, fluid, with added vitamin A and vitamin D (fat free or skim)",SR Legacy,3.37,0.08,4.96,0.0,34.0,vegetarian
173432,"Milk, nonfat, fluid, without added vitamin A and vitamin D (fat free or skim)",SR Legacy,3.37,0.18,4.86,0.0,35.0,vegetarian
171266,"Milk, producer, fluid, 3.7% milkfat",SR Legacy,3.28,3.66,4.65,0.0,64.0,vegetarian
170871,"Milk, reduced fat, fluid, 2% milkfat, protein fortified, with added vitamin A and vitamin D",SR Legacy,3.95,1.98,5.49,0.0,56.0,vegetarian
170870,"Milk, reduced fat, fluid, 2% milkfat, with added nonfat milk solids and vitamin A and vitamin D",SR Legacy,3.48,1.92,4.97,0.0,51.0,vegetarian
172193,"Milk, reduced fat, fluid, 2% milkfat, with added nonfat milk solids, without added vitamin A",SR Legacy,3.95,1.98,5.49,0.0,56.0,vegetarian
171267,"Milk, reduced fat, fluid, 2% milkfat, with added vitamin A and vitamin D",SR Legacy,3.3,1.98,4.8,0.0,50.0,vegetarian
172205,"Milk, reduced fat, fluid, 2% milkfat, without added vitamin A and vitamin D",SR Legacy,3.3,1.98,4.8,0.0,50.0,vegetarian
170882,"Milk, sheep, fluid",SR Legacy,5.98,7.0,5.36,0.0,108.0,vegetarian
171265,"Milk, whole, 3.25% milkfat, with added vitamin D",SR Legacy,3.15,3.25,4.8,0.0,61.0,vegetarian
172217,"Milk, whole, 3.25% milkfat, without added vitamin A and vitamin D",SR Legacy,3.15,3.27,4.78,0.0,61.0,vegetarian
172023,Millet flour,SR Legacy,10.75,4.25,75.12,3.5,382.0,vegan
168871,"Millet, cooked",SR Legacy,3.51,1.0,23.67,1.3,119.0,vegan
167724,"Millet, puffed",SR Legacy,13.0,3.4,80.0,2.7,354.0,vegan
169702,"Millet, raw",SR Legacy,11.02,4.22,72.85,8.5,378.0,vegan
2512379,"Millet, whole grain",Foundation Foods,10.02177,4.194,74.44623,2.619,375.618,vegan
175082,"Mission Foods, Mission Flour Tortillas, Soft Taco, 8 inch",SR Legacy,8.7,6.0,49.6,,287.0,vegan
168820,Molasses,SR Legacy,0.0,0.1,74.73,0.0,290.0,vegan
171976,"Mollusks, clam, mixed species, canned, drained solids",SR Legacy,24.25,1.59,5.9,0.0,142.0,non_vegetarian
171977,"Mollusks, clam, mixed species, canned, liquid",SR Legacy,0.4,0.02,0.1,0.0,2.0,non_vegetarian
171974,"Mollusks, clam, mixed species, cooked, breaded and fried",SR Legacy,14.24,11.15,10.33,,202.0,non_vegetarian
171975,"Mollusks, clam, mixed species, cooked, moist heat",SR Legacy,25.55,1.95,5.13,0.0,148.0,non_vegetarian
174214,"Mollusks, clam, mixed species, raw",SR Legacy,14.67,0.96,3.57,0.0,86.0,non_vegetarian
172010,"Mollusks, cuttlefish, mixed species, cooked, moist heat",SR Legacy,32.48,1.4,1.64,0.0,158.0,non_vegetarian
174215,"Mollusks, cuttlefish, mixed species, raw",SR Legacy,16.24,0.7,0.82,0.0,79.0,non_vegetarian
174217,"Mollusks, mussel, blue, cooked, moist heat",SR Legacy,23.8,4.48,7.39,0.0,172.0,non_vegetarian
174216,"Mollusks, mussel, blue, raw",SR Legacy,11.9,2.24,3.69,0.0,86.0,non_vegetarian
174249,"Mollusks, octopus, common, cooked, moist heat",SR Legacy,29.82,2.08,4.4,0.0,164.0,non_vegetarian
174218,"Mollusks, octopus, common, raw",SR Legacy,14.91,1.04,2.2,0.0,82.0,non_vegetarian
171981,"Mollusks, oyster, eastern, canned",SR Legacy,7.06,2.47,3.91,0.0,68.0,non_vegetarian
171979,"Mollusks, oyster, eastern, cooked, breaded and fried",SR Legacy,8.77,12.58,11.62,,199.0,non_vegetarian
175173,"Mollusks, oyster, eastern, farmed, cooked, dry heat",SR Legacy,7.0,2.12,7.28,0.0,79.0,non_vegetarian
175172,"Mollusks, oyster, eastern, farmed, raw",SR Legacy,5.22,1.55,5.53,0.0,59.0,non_vegetarian
175171,"Mollusks, oyster, eastern, wild, cooked, dry heat",SR Legacy,8.87,2.65,4.23,0.0,79.0,non_vegetarian
171980,"Mollusks, oyster, eastern, wild, cooked, moist heat",SR Legacy,11.42,3.42,5.45,0.0,102.0,non_vegetarian
171978,"Mollusks, oyster, eastern, wild, raw",SR Legacy,5.71,1.71,2.72,0.0,51.0,non_vegetarian
174250,"Mollusks, oyster, Pacific, cooked, moist heat",SR Legacy,18.9,4.6,9.9,0.0,163.0,non_vegetarian
174219,"Mollusks, oyster, Pacific, raw",SR Legacy,9.45,2.3,4.95,0.0,81.0,non_vegetarian
167742,"Mollusks, scallop, (bay and sea), cooked, steamed",SR Legacy,20.54,0.84,5.41,0.0,111.0,non_vegetarian
174221,"Mollusks, scallop, mixed species, cooked, breaded and fried",SR Legacy,18.07,10.94,10.13,,216.0,non_vegetarian
174222,"Mollusks, scallop, mixed species, imitation, made from surimi",SR Legacy,12.77,0.41,10.62,0.0,99.0,non_vegetarian
174220,"Mollusks, scallop, mixed species, raw",SR Legacy,12.06,0.49,3.18,0.0,69.0,non_vegetarian
171982,"Mollusks, squid, mixed species, cooked, fried",SR Legacy,17.94,7.48,7.79,0.0,175.0,non_vegetarian
174223,"Mollusks, squid, mixed species, raw",SR Legacy,15.58,1.38,3.08,0.0,92.0,non_vegetarian
167609,"Moose, liver, braised (Alaska Native)",SR Legacy,24.38,4.89,3.43,,155.0,non_vegetarian
167607,"Moose, meat, raw (Alaska Native)",SR Legacy,22.3,1.5,0.0,0.0,103.0,non_vegetarian
172462,"MORI-NU, Tofu, silken, extra firm",SR Legacy,7.4,1.9,2.0,0.1,55.0,vegan
172461,"MORI-NU, Tofu, silken, firm",SR Legacy,6.9,2.7,2.4,0.1,62.0,vegan
172464,"MORI-NU, Tofu, silken, lite extra firm",SR Legacy,7.0,0.7,1.0,0.0,38.0,vegan
172463,"MORI-NU, Tofu, silken, lite firm",SR Legacy,6.3,0.8,1.1,0.0,37.0,vegan
174292,"MORI-NU, Tofu, silken, soft",SR Legacy,4.8,2.7,2.9,0.1,55.0,vegan
174573,"Mortadella, beef, pork",SR Legacy,16.37,25.39,3.05,0.0,311.0,non_vegetarian
173805,"Mothbeans, mature seeds, cooked, boiled, with salt",SR Legacy,7.81,0.55,20.96,,117.0,vegan
172426,"Mothbeans, mature seeds, cooked, boiled, without salt",SR Legacy,7.81,0.55,20.96,,117.0,vegan
172425,"Mothbeans, mature seeds, raw",SR Legacy,22.94,1.61,61.52,,343.0,vegan
172932,"Mother's loaf, pork",SR Legacy,12.07,22.3,7.53,0.0,282.0,non_vegetarian
168552,"Mountain yam, hawaii, cooked, steamed, with salt",SR Legacy,1.73,0.08,19.99,,82.0,vegan
168433,"Mountain yam, hawaii, cooked, steamed, without salt",SR Legacy,1.73,0.08,20.0,,82.0,vegan
168432,"Mountain yam, hawaii, raw",SR Legacy,1.34,0.1,16.3,2.5,67.0,vegan
168018,"Mouse nuts, seedlings (Alaska Native)",SR Legacy,7.3,1.1,16.3,,104.0,vegan
167929,"Muffin, blueberry, commercially prepared, low-fat",SR Legacy,4.23,4.22,50.05,4.2,255.0,vegan
172765,"Muffins, blueberry, commercially prepared (Includes mini-muffins)",SR Legacy,4.49,16.07,53.0,1.1,375.0,vegan
172766,"Muffins, blueberry, dry mix",SR Legacy,3.48,3.25,61.0,1.4,293.0,vegan
172768,"Muffins, blueberry, prepared from recipe, made with low fat (2%) milk",SR Legacy,6.5,10.8,40.7,,285.0,vegetarian
172767,"Muffins, blueberry, toaster-type",SR Legacy,4.6,9.5,53.3,1.8,313.0,vegan
175045,"Muffins, blueberry, toaster-type, toasted",SR Legacy,4.9,10.1,56.7,1.9,333.0,vegan
175002,"Muffins, corn, commercially prepared",SR Legacy,5.9,8.4,51.0,3.4,305.0,vegan
175003,"Muffins, corn, dry mix, prepared",SR Legacy,7.4,10.2,49.1,2.4,321.0,vegan
175005,"Muffins, corn, prepared from recipe, made with low fat (2%) milk",SR Legacy,7.1,12.3,44.2,,316.0,vegetarian
175004,"Muffins, corn, toaster-type",SR Legacy,5.3,11.3,57.9,1.6,346.0,vegan
174997,"Muffins, English, raisin-cinnamon (includes apple-cinnamon)",SR Legacy,7.91,1.8,48.1,2.6,240.0,vegan
172760,"Muffins, English, raisin-cinnamon, toasted (includes apple-cinnamon)",SR Legacy,8.87,2.21,55.04,3.0,276.0,vegan
172761,"Muffins, English, wheat",SR Legacy,8.7,2.0,44.8,4.6,223.0,vegan
172762,"Muffins, English, whole-wheat",SR Legacy,8.8,2.1,40.4,6.7,203.0,vegan
172769,"Muffins, oat bran",SR Legacy,7.0,7.4,48.3,4.6,270.0,vegan
172764,"Muffins, plain, prepared from recipe, made with low fat (2%) milk",SR Legacy,6.9,11.4,41.4,2.7,296.0,vegetarian
172770,"Muffins, wheat bran, dry mix",SR Legacy,7.1,12.0,73.0,,396.0,vegan
175046,"Muffins, wheat bran, toaster-type with raisins, toasted",SR Legacy,5.5,9.4,55.5,8.2,313.0,vegan
175255,"Mung beans, mature seeds, cooked, boiled, with salt",SR Legacy,7.02,0.38,19.15,7.6,105.0,vegan
174257,"Mung beans, mature seeds, cooked, boiled, without salt",SR Legacy,7.02,0.38,19.15,7.6,105.0,vegan
174256,"Mung beans, mature seeds, raw",SR Legacy,23.86,1.15,62.62,16.3,347.0,vegan
168499,"Mung beans, mature seeds, sprouted, cooked, boiled, drained, with salt",SR Legacy,2.03,0.09,3.6,0.8,19.0,vegan
169137,"Mung beans, mature seeds, sprouted, cooked, boiled, drained, without salt",SR Legacy,2.03,0.09,4.19,0.8,21.0,vegan
169138,"Mung beans, mature seeds, sprouted, cooked, stir-fried",SR Legacy,4.3,0.21,10.59,1.9,50.0,vegan
169957,"Mung beans, mature seeds, sprouted, raw",SR Legacy,3.04,0.18,5.94,1.8,30.0,vegan
175256,"Mungo beans, mature seeds, cooked, boiled, with salt",SR Legacy,7.54,0.55,18.34,6.4,105.0,vegan
172427,"Mungo beans, mature seeds, cooked, boiled, without salt",SR Legacy,7.54,0.55,18.34,6.4,105.0,vegan
174259,"Mungo beans, mature seeds, raw",SR Legacy,25.21,1.64,58.99,18.3,341.0,vegan
167627,"Mush, blue corn with ash (Navajo)",SR Legacy,0.66,0.49,11.74,1.1,54.0,vegan
2003603,"Mushroom, beech",Foundation Foods,2.18,0.4494,6.7593,3.139,39.8018,vegan
2003601,"Mushroom, crimini",Foundation Foods,3.09375,0.1967,4.01455,1.781,30.2035,vegan
2003600,"Mushroom, enoki",Foundation Foods,2.416875,0.245,8.141425,2.945,44.4382,vegan
2003599,"Mushroom, king oyster",Foundation Foods,2.40625,0.3075,8.50065,3.009,46.3951,non_vegetarian
1999626,"Mushroom, lion's mane",Foundation Foods,2.5,0.2563,7.5897,4.376,42.6655,vegan
2003602,"Mushroom, maitake",Foundation Foods,2.203125,0.265,6.604375,3.071,37.615,vegan
1999627,"Mushroom, oyster",Foundation Foods,2.89875,0.1875,6.94125,2.85,41.0475,non_vegetarian
2003604,"Mushroom, pioppini",Foundation Foods,3.5,0.24,5.7637,2.753,39.2148,vegan
2003598,"Mushroom, portabella",Foundation Foods,2.75,0.3117,4.6583,1.879,32.4385,vegan
169376,"Mushroom, white, exposed to ultraviolet light, raw",SR Legacy,3.09,0.34,3.26,1.0,22.0,vegan
168557,"Mushrooms, brown, italian, or crimini, exposed to ultraviolet light, raw",SR Legacy,2.5,0.1,4.3,0.6,22.0,vegan
168434,"Mushrooms, brown, italian, or crimini, raw",SR Legacy,2.5,0.1,4.3,0.6,22.0,vegan
169254,"Mushrooms, canned, drained solids",SR Legacy,1.87,0.29,5.09,2.4,25.0,vegan
168422,"Mushrooms, Chanterelle, raw",SR Legacy,1.49,0.53,6.86,3.8,32.0,vegan
169382,"Mushrooms, enoki, raw",SR Legacy,2.66,0.29,7.81,2.7,37.0,vegan
169403,"Mushrooms, maitake, raw",SR Legacy,1.94,0.19,6.97,2.7,31.0,vegan
168423,"Mushrooms, morel, raw",SR Legacy,3.12,0.57,5.1,2.8,31.0,vegan
168580,"Mushrooms, oyster, raw",SR Legacy,3.31,0.41,6.09,2.3,33.0,non_vegetarian
169377,"Mushrooms, portabella, exposed to ultraviolet light, grilled",SR Legacy,3.28,0.58,4.44,2.2,29.0,vegan
170143,"Mushrooms, portabella, exposed to ultraviolet light, raw",SR Legacy,2.11,0.35,3.87,1.3,22.0,vegan
169243,"Mushrooms, portabella, grilled",SR Legacy,3.28,0.58,4.44,2.2,29.0,vegan
169255,"Mushrooms, portabella, raw",SR Legacy,2.11,0.35,3.87,1.3,22.0,vegan
1999628,"Mushrooms, shiitake",Foundation Foods,2.414375,0.195,8.170625,4.166,44.095,vegan
170097,"Mushrooms, shiitake, cooked, with salt",SR Legacy,1.56,0.22,14.39,2.1,56.0,vegan
168437,"Mushrooms, shiitake, cooked, without salt",SR Legacy,1.56,0.22,14.39,2.1,56.0,vegan
168436,"Mushrooms, shiitake, dried",SR Legacy,9.58,0.99,75.37,11.5,296.0,vegan
169242,"Mushrooms, shiitake, raw",SR Legacy,2.24,0.49,6.79,2.5,34.0,vegan
168435,"Mushrooms, shiitake, stir-fried",SR Legacy,3.45,0.35,7.68,3.6,39.0,vegan
168582,"Mushrooms, straw, canned, drained solids",SR Legacy,3.83,0.68,4.64,2.5,32.0,vegan
1999629,"Mushrooms, white button",Foundation Foods,2.890625,0.3708,4.079375,1.717,31.2172,vegan
168537,"Mushrooms, white, cooked, boiled, drained, with salt",SR Legacy,2.17,0.47,5.29,2.2,28.0,vegan
169252,"Mushrooms, white, cooked, boiled, drained, without salt",SR Legacy,2.17,0.47,5.29,2.2,28.0,vegan
169402,"Mushrooms, white, microwaved",SR Legacy,3.91,0.46,6.04,2.5,35.0,vegan
169251,"Mushrooms, white, raw",SR Legacy,3.09,0.34,3.26,1.0,22.0,vegan
169253,"Mushrooms, white, stir-fried",SR Legacy,3.58,0.33,4.04,1.8,26.0,vegan
170505,"Mustard spinach, (tendergreen), cooked, boiled, drained, with salt",SR Legacy,1.7,0.2,2.8,2.0,16.0,vegan
168439,"Mustard spinach, (tendergreen), cooked, boiled, drained, without salt",SR Legacy,1.7,0.2,2.8,2.0,16.0,vegan
168438,"Mustard spinach, (tendergreen), raw",SR Legacy,2.2,0.3,3.9,2.8,22.0,vegan
167634,"Mutton, cooked, roasted (Navajo)",SR Legacy,33.43,11.09,0.08,,234.0,non_vegetarian
175083,"Nabisco, Nabisco Grahams Crackers",SR Legacy,6.99,10.0,76.2,3.4,424.0,non_vegetarian
327357,"Nectarines, raw",Foundation Foods,1.06,0.28,9.18,1.5,39.0,vegan
170506,"New zealand spinach, cooked, boiled, drained, with salt",SR Legacy,1.3,0.17,2.13,1.4,12.0,vegan
168441,"New Zealand spinach, cooked, boiled, drained, without salt",SR Legacy,1.3,0.17,2.13,1.4,12.0,vegan
168440,"New Zealand spinach, raw",SR Legacy,1.5,0.2,2.5,1.5,14.0,vegan
174258,"Noodles, chinese, cellophane or long rice (mung beans), dehydrated",SR Legacy,0.16,0.06,86.09,0.5,351.0,vegan
168919,"Noodles, egg, cooked, enriched, with added salt",SR Legacy,4.54,2.07,25.16,1.2,138.0,vegetarian
169762,"Noodles, egg, cooked, unenriched, with added salt",SR Legacy,4.54,2.07,25.16,1.2,138.0,vegetarian
169731,"Noodles, egg, dry, enriched",SR Legacy,14.16,4.44,71.27,3.3,384.0,vegetarian
169755,"Noodles, egg, dry, unenriched",SR Legacy,14.16,4.44,71.27,3.3,384.0,vegetarian
169732,"Noodles, egg, enriched, cooked",SR Legacy,4.54,2.07,25.16,1.2,138.0,vegetarian
169734,"Noodles, egg, spinach, enriched, cooked",SR Legacy,5.04,1.57,24.25,2.3,132.0,vegetarian
169733,"Noodles, egg, spinach, enriched, dry",SR Legacy,14.61,4.55,70.32,6.8,382.0,vegetarian
168926,"Noodles, egg, unenriched, cooked, without added salt",SR Legacy,4.54,2.07,25.16,1.2,138.0,vegetarian
170566,"Nuts, acorn flour, full fat",SR Legacy,7.49,30.17,54.65,,501.0,vegan
170565,"Nuts, acorns, dried",SR Legacy,8.1,31.41,53.66,,509.0,vegan
170157,"Nuts, acorns, raw",SR Legacy,6.15,23.86,40.75,,387.0,vegan
168603,"Nuts, almond butter, plain, with salt added",SR Legacy,20.96,55.5,18.82,10.3,614.0,vegetarian
168588,"Nuts, almond butter, plain, without salt added",SR Legacy,20.96,55.5,18.82,10.3,614.0,vegetarian
170160,"Nuts, almond paste",SR Legacy,9.0,27.74,47.81,4.8,458.0,vegan
170567,"Nuts, almonds",SR Legacy,21.15,49.93,21.55,12.5,579.0,vegan
170568,"Nuts, almonds, blanched",SR Legacy,21.4,52.52,18.67,9.9,590.0,vegan
323294,"Nuts, almonds, dry roasted, with salt added",Foundation Foods,20.4,57.8,16.2,11.0,620.0,vegan
170158,"Nuts, almonds, dry roasted, without salt added",SR Legacy,20.96,52.54,21.01,10.9,598.0,vegan
168592,"Nuts, almonds, honey roasted, unblanched",SR Legacy,18.17,49.9,27.9,13.7,594.0,vegetarian
168602,"Nuts, almonds, oil roasted, lightly salted",SR Legacy,21.23,55.17,17.68,10.5,607.0,vegan
169419,"Nuts, almonds, oil roasted, with salt added",SR Legacy,21.23,55.17,17.68,10.5,607.0,vegan
169420,"Nuts, almonds, oil roasted, with salt added, smoke flavor",SR Legacy,21.43,55.89,17.86,10.7,607.0,vegan
170159,"Nuts, almonds, oil roasted, without salt added",SR Legacy,21.23,55.17,17.68,10.5,607.0,vegan
2346393,"Nuts, almonds, whole, raw",Foundation Foods,21.45038,51.09,20.03462,10.78,625.75,vegan
170569,"Nuts, brazilnuts, dried, unblanched",SR Legacy,14.32,67.1,11.74,7.5,659.0,vegan
2515373,"Nuts, brazilnuts, raw",Foundation Foods,15.03684,57.43,21.64216,5.984,663.586,vegan
170570,"Nuts, butternuts, dried",SR Legacy,24.9,56.98,12.05,4.7,612.0,vegetarian
168597,"Nuts, cashew butter, plain, with salt added",SR Legacy,12.12,53.03,30.3,3.0,609.0,vegetarian
170163,"Nuts, cashew butter, plain, without salt added",SR Legacy,17.56,49.41,27.57,2.0,587.0,vegetarian
169421,"Nuts, cashew nuts, dry roasted, with salt added",SR Legacy,15.31,46.35,32.69,3.0,574.0,vegan
170571,"Nuts, cashew nuts, dry roasted, without salt added",SR Legacy,15.31,46.35,32.69,3.0,574.0,vegan
169422,"Nuts, cashew nuts, oil roasted, with salt added",SR Legacy,16.84,47.77,30.16,3.3,581.0,vegan
170572,"Nuts, cashew nuts, oil roasted, without salt added",SR Legacy,16.84,47.77,29.87,3.3,580.0,vegan
2515374,"Nuts, cashew nuts, raw",Foundation Foods,17.4423,38.86,36.2887,4.104,564.664,vegan
170168,"Nuts, chestnuts, european, boiled and steamed",SR Legacy,2.0,1.38,27.76,,131.0,vegan
170167,"Nuts, chestnuts, european, dried, peeled",SR Legacy,5.01,3.91,78.43,,369.0,vegan
170576,"Nuts, chestnuts, european, dried, unpeeled",SR Legacy,6.39,4.45,77.31,11.7,374.0,vegan
170575,"Nuts, chestnuts, european, raw, peeled",SR Legacy,1.63,1.25,44.17,,196.0,vegan
170574,"Nuts, chestnuts, european, raw, unpeeled",SR Legacy,2.42,2.26,45.54,8.1,213.0,vegan
170190,"Nuts, chestnuts, european, roasted",SR Legacy,3.17,2.2,52.96,5.1,245.0,vegan
170171,"Nuts, coconut cream, canned, sweetened",SR Legacy,1.17,16.31,53.21,0.2,357.0,vegetarian
170580,"Nuts, coconut cream, raw (liquid expressed from grated meat)",SR Legacy,3.63,34.68,6.65,2.2,330.0,non_vegetarian
168585,"Nuts, coconut meat, dried (desiccated), creamed",SR Legacy,5.3,69.08,21.52,,684.0,non_vegetarian
170170,"Nuts, coconut meat, dried (desiccated), not sweetened",SR Legacy,6.88,64.53,23.65,16.3,660.0,non_vegetarian
170578,"Nuts, coconut meat, dried (desiccated), sweetened, flaked, canned",SR Legacy,3.35,31.69,40.91,4.5,443.0,non_vegetarian
170577,"Nuts, coconut meat, dried (desiccated), sweetened, flaked, packaged",SR Legacy,3.13,27.99,51.85,9.9,456.0,non_vegetarian
168586,"Nuts, coconut meat, dried (desiccated), sweetened, shredded",SR Legacy,2.88,35.49,47.67,4.5,501.0,non_vegetarian
170579,"Nuts, coconut meat, dried (desiccated), toasted",SR Legacy,5.3,47.0,44.4,,592.0,non_vegetarian
170169,"Nuts, coconut meat, raw",SR Legacy,3.33,33.49,15.23,9.0,354.0,non_vegetarian
170173,"Nuts, coconut milk, canned (liquid expressed from grated meat and water)",SR Legacy,2.02,21.33,2.81,,197.0,non_vegetarian
169409,"Nuts, coconut milk, frozen (liquid expressed from grated meat and water)",SR Legacy,1.61,20.8,5.58,,202.0,non_vegetarian
170172,"Nuts, coconut milk, raw (liquid expressed from grated meat and water)",SR Legacy,2.29,23.84,5.54,2.2,230.0,non_vegetarian
170174,"Nuts, coconut water (liquid from coconuts)",SR Legacy,0.72,0.2,3.71,1.1,19.0,vegan
169411,"Nuts, formulated, wheat-based, all flavors except macadamia, without salt",SR Legacy,13.11,62.3,20.79,5.2,647.0,vegan
170180,"Nuts, formulated, wheat-based, unflavored, with salt added",SR Legacy,13.82,57.7,23.68,5.2,622.0,vegan
170581,"Nuts, hazelnuts or filberts",SR Legacy,14.95,60.75,16.7,9.7,628.0,vegan
170582,"Nuts, hazelnuts or filberts, blanched",SR Legacy,13.7,61.15,17.0,11.0,629.0,vegan
170583,"Nuts, hazelnuts or filberts, dry roasted, without salt added",SR Legacy,15.03,62.4,17.6,9.4,646.0,vegan
2515375,"Nuts, hazelnuts or filberts, raw",Foundation Foods,13.4938,53.49,26.5012,8.41,641.39,vegan
168598,"Nuts, macadamia nuts, dry roasted, with salt added",SR Legacy,7.79,76.08,12.83,8.0,716.0,vegan
170179,"Nuts, macadamia nuts, dry roasted, without salt added",SR Legacy,7.79,76.08,13.38,8.0,718.0,vegan
2515378,"Nuts, macadamia nuts, raw",Foundation Foods,7.7857,64.93,24.0943,7.563,711.89,vegan
170181,"Nuts, mixed nuts, dry roasted, with peanuts, salt added, CHOSEN ROASTER",SR Legacy,18.0,53.2,24.62,7.1,608.0,vegan
170586,"Nuts, mixed nuts, dry roasted, with peanuts, salt added, PLANTERS pistachio blend",SR Legacy,23.28,47.52,23.07,8.1,572.0,vegan
168599,"Nuts, mixed nuts, dry roasted, with peanuts, with salt added",SR Legacy,17.3,51.45,25.35,9.0,594.0,vegan
170585,"Nuts, mixed nuts, dry roasted, with peanuts, without salt added",SR Legacy,19.5,53.5,22.42,6.4,607.0,vegan
169427,"Nuts, mixed nuts, oil roasted, with peanuts, lightly salted",SR Legacy,20.04,53.95,21.05,7.0,607.0,vegan
168600,"Nuts, mixed nuts, oil roasted, with peanuts, with salt added",SR Legacy,20.04,53.95,21.05,7.0,607.0,vegan
170587,"Nuts, mixed nuts, oil roasted, with peanuts, without salt added",SR Legacy,20.04,53.95,21.05,7.0,607.0,vegan
169428,"Nuts, mixed nuts, oil roasted, without peanuts, lightly salted",SR Legacy,17.86,50.0,25.0,7.1,607.0,vegan
169423,"Nuts, mixed nuts, oil roasted, without peanuts, with salt added",SR Legacy,15.52,56.17,22.27,5.5,615.0,vegan
170588,"Nuts, mixed nuts, oil roasted, without peanuts, without salt added",SR Legacy,15.52,56.17,22.27,5.5,615.0,vegan
170182,"Nuts, pecans",SR Legacy,9.17,71.97,13.86,9.6,691.0,vegan
169424,"Nuts, pecans, dry roasted, with salt added",SR Legacy,9.5,74.27,13.55,9.4,710.0,vegan
170183,"Nuts, pecans, dry roasted, without salt added",SR Legacy,9.5,74.27,13.55,9.4,710.0,vegan
2346395,"Nuts, pecans, halves, raw",Foundation Foods,9.9587,73.28,12.6993,5.793,750.152,vegan
169425,"Nuts, pecans, oil roasted, with salt added",SR Legacy,9.2,75.23,13.01,9.5,715.0,vegan
170589,"Nuts, pecans, oil roasted, without salt added",SR Legacy,9.2,75.23,13.01,9.5,715.0,vegan
170591,"Nuts, pine nuts, dried",SR Legacy,13.69,68.37,13.08,3.7,673.0,vegan
170592,"Nuts, pine nuts, pinyon, dried",SR Legacy,11.57,60.98,19.3,10.7,629.0,vegan
2346392,"Nuts, pine nuts, raw",Foundation Foods,15.7039,61.27,18.5921,3.941,688.614,vegan
169426,"Nuts, pistachio nuts, dry roasted, with salt added",SR Legacy,21.05,45.82,27.55,10.3,569.0,vegan
170185,"Nuts, pistachio nuts, dry roasted, without salt added",SR Legacy,21.05,45.82,28.28,10.3,572.0,vegan
2515379,"Nuts, pistachio nuts, raw",Foundation Foods,20.5057,45.02,27.6943,6.969,597.98,vegan
170186,"Nuts, walnuts, black, dried",SR Legacy,24.06,59.33,9.58,6.8,619.0,vegan
170594,"Nuts, walnuts, dry roasted, with salt added",SR Legacy,14.29,60.71,17.86,7.1,643.0,vegan
170187,"Nuts, walnuts, english",SR Legacy,15.23,65.21,13.71,6.7,654.0,vegan
2346394,"Nuts, walnuts, English, halves, raw",Foundation Foods,14.5644,69.74,10.9096,5.21,729.556,vegan
170593,"Nuts, walnuts, glazed",SR Legacy,8.28,35.71,47.59,3.6,500.0,vegan
168873,"Oat bran, cooked",SR Legacy,3.21,0.86,11.44,2.6,40.0,vegan
168872,"Oat bran, raw",SR Legacy,17.3,7.03,66.22,15.4,246.0,vegan
169741,"Oat flour, partially debranned",SR Legacy,14.66,9.12,65.7,6.5,404.0,vegan
2257046,"Oat milk, unsweetened, plain, refrigerated",Foundation Foods,0.796875,2.749,5.100325,0.0,48.3298,vegetarian
169705,Oats (Includes foods for USDA's Food Distribution Program),SR Legacy,16.89,6.9,66.27,10.6,389.0,vegan
2346396,"Oats, whole grain, rolled, old fashioned",Foundation Foods,13.49645,5.89,68.65755,,381.626,vegan
2346397,"Oats, whole grain, steel cut",Foundation Foods,12.51118,5.8,69.75082,,381.248,vegan
168019,Octopus (Alaska Native),SR Legacy,12.3,0.8,0.0,,56.0,non_vegetarian
171031,"Oil, almond",SR Legacy,0.0,100.0,0.0,0.0,884.0,vegan
171032,"Oil, apricot kernel",SR Legacy,0.0,100.0,0.0,0.0,884.0,vegan
171421,"Oil, cocoa butter",SR Legacy,0.0,100.0,0.0,0.0,884.0,vegetarian
171412,"Oil, coconut",SR Legacy,0.0,99.06,0.0,0.0,892.0,vegan
169867,"Oil, corn and canola",SR Legacy,0.0,100.0,0.0,0.0,884.0,vegan
171029,"Oil, corn, industrial and retail, all purpose salad or cooking",SR Legacy,0.0,100.0,0.0,0.0,900.0,vegan
167737,"Oil, corn, peanut, and olive",SR Legacy,0.0,100.0,0.0,0.0,884.0,vegan
171024,"Oil, cottonseed, salad or cooking",SR Legacy,0.0,100.0,0.0,0.0,884.0,vegan
167702,"Oil, flaxseed, cold pressed",SR Legacy,0.11,99.98,0.0,0.0,884.0,vegan
171442,"Oil, flaxseed, contains added sliced flaxseed",SR Legacy,0.37,99.01,0.39,,878.0,vegan
171028,"Oil, grapeseed",SR Legacy,0.0,100.0,0.0,0.0,884.0,vegan
171427,"Oil, hazelnut",SR Legacy,0.0,100.0,0.0,0.0,884.0,vegan
172367,"Oil, industrial, coconut (hydrogenated), used for whipped toppings and coffee whiteners",SR Legacy,0.0,99.5,0.0,0.0,880.0,vegan
172365,"Oil, industrial, coconut, confection fat, typical basis for ice cream coatings",SR Legacy,0.0,100.0,0.0,0.0,884.0,vegetarian
173595,"Oil, industrial, coconut, principal uses candy coatings, oil sprays, roasting nuts",SR Legacy,0.0,100.0,0.0,0.0,884.0,vegan
171441,"Oil, industrial, cottonseed, fully hydrogenated",SR Legacy,0.0,100.0,0.0,0.0,884.0,vegan
173601,"Oil, industrial, palm kernel (hydrogenated), confection fat, uses similar to 95 degree hard butter",SR Legacy,0.0,100.0,0.0,0.0,884.0,vegetarian
173600,"Oil, industrial, palm kernel, confection fat, uses similar to high quality cocoa butter",SR Legacy,0.0,100.0,0.0,0.0,884.0,vegetarian
172362,"Oil, industrial, soy ( partially hydrogenated), all purpose",SR Legacy,0.0,100.0,0.0,0.0,884.0,vegan
172363,"Oil, industrial, soy (partially hydrogenated ) and soy (winterized), pourable clear fry",SR Legacy,0.0,100.0,0.0,0.0,884.0,vegan
173604,"Oil, industrial, soy (partially hydrogenated ), palm, principal uses icings and fillings",SR Legacy,0.0,100.0,0.0,0.0,884.0,vegan
172364,"Oil, industrial, soy (partially hydrogenated)  and cottonseed, principal use as a tortilla shortening",SR Legacy,0.0,100.0,0.0,0.0,884.0,vegan
172361,"Oil, industrial, soy (partially hydrogenated), multiuse for non-dairy butter flavor",SR Legacy,0.0,100.0,0.0,0.0,884.0,vegetarian
173596,"Oil, industrial, soy (partially hydrogenated), principal uses popcorn and flavoring vegetables",SR Legacy,0.0,100.0,0.0,0.0,884.0,vegan
171440,"Oil, industrial, soy, fully hydrogenated",SR Legacy,0.0,100.0,0.0,0.0,884.0,vegan
171438,"Oil, industrial, soy, low linolenic",SR Legacy,0.0,100.0,0.0,0.0,900.0,vegan
173598,"Oil, industrial, soy, refined, for woks and light frying",SR Legacy,0.0,100.0,0.0,0.0,884.0,vegan
171439,"Oil, industrial, soy, ultra low linolenic",SR Legacy,0.0,100.0,0.0,0.0,884.0,vegan
172335,"Oil, nutmeg butter",SR Legacy,0.0,100.0,0.0,0.0,884.0,vegetarian
173576,"Oil, oat",SR Legacy,0.0,100.0,0.0,0.0,884.0,vegan
171413,"Oil, olive, salad or cooking",SR Legacy,0.0,100.0,0.0,0.0,884.0,vegan
171410,"Oil, peanut, salad or cooking",SR Legacy,0.0,100.0,0.0,0.0,884.0,vegan
171423,"Oil, poppyseed",SR Legacy,0.0,100.0,0.0,0.0,884.0,vegan
171013,"Oil, rice bran",SR Legacy,0.0,100.0,0.0,0.0,884.0,vegan
171426,"Oil, soybean lecithin",SR Legacy,0.0,100.0,0.0,0.0,763.0,vegan
171411,"Oil, soybean, salad or cooking",SR Legacy,0.0,100.0,0.0,0.0,884.0,vegan
171012,"Oil, soybean, salad or cooking, (partially hydrogenated)",SR Legacy,0.0,100.0,0.0,0.0,884.0,vegan
173565,"Oil, soybean, salad or cooking, (partially hydrogenated) and cottonseed",SR Legacy,0.0,100.0,0.0,0.0,884.0,vegan
171425,"Oil, teaseed",SR Legacy,0.0,100.0,0.0,0.0,884.0,vegan
171424,"Oil, tomatoseed",SR Legacy,0.0,100.0,0.0,0.0,884.0,vegan
173570,"Oil, ucuhuba butter",SR Legacy,0.0,100.0,0.0,0.0,884.0,vegetarian
171033,"Oil, vegetable, Natreon canola, high stability, non trans, high oleic (70%)",SR Legacy,0.0,100.0,0.0,0.0,884.0,vegan
172370,"Oil, vegetable, soybean, refined",SR Legacy,0.0,100.0,0.0,0.0,884.0,vegan
171030,"Oil, walnut",SR Legacy,0.0,100.0,0.0,0.0,884.0,vegan
171014,"Oil, wheat germ",SR Legacy,0.0,100.0,0.0,0.0,884.0,vegan
170098,"Okra, cooked, boiled, drained, with salt",SR Legacy,1.87,0.21,4.51,2.5,22.0,vegan
169261,"Okra, cooked, boiled, drained, without salt",SR Legacy,1.87,0.21,4.51,2.5,22.0,vegan
170099,"Okra, frozen, cooked, boiled, drained, with salt",SR Legacy,1.63,0.24,6.41,2.1,29.0,vegan
169263,"Okra, frozen, cooked, boiled, drained, without salt",SR Legacy,1.63,0.24,6.41,2.1,29.0,vegan
169262,"Okra, frozen, unprepared",SR Legacy,1.69,0.25,6.63,2.2,30.0,vegan
169260,"Okra, raw",SR Legacy,1.93,0.19,7.45,3.2,33.0,vegan
169037,"OLIVE GARDEN, cheese ravioli with marinara sauce",SR Legacy,7.44,5.61,19.64,1.1,159.0,vegetarian
169858,"OLIVE GARDEN, chicken parmigiana without pasta",SR Legacy,15.33,11.23,12.28,0.9,211.0,non_vegetarian
169851,"OLIVE GARDEN, lasagna classico",SR Legacy,11.28,10.84,10.33,1.6,184.0,vegan
168085,"OLIVE GARDEN, spaghetti with meat sauce",SR Legacy,5.8,3.28,17.19,1.7,121.0,non_vegetarian
169852,"OLIVE GARDEN, spaghetti with pomodoro sauce",SR Legacy,4.26,1.85,17.14,1.7,102.0,vegan
172926,"Olive loaf, pork",SR Legacy,11.8,16.5,9.2,0.0,235.0,non_vegetarian
332791,"Olives, green, Manzanilla, stuffed with pimiento",Foundation Foods,1.15,12.9,4.96,4.0,130.0,vegan
169096,"Olives, pickled, canned or bottled, green",SR Legacy,1.03,15.32,3.84,3.3,145.0,vegan
169095,"Olives, ripe, canned (jumbo-super colossal)",SR Legacy,0.97,6.87,5.61,2.5,81.0,vegan
169094,"Olives, ripe, canned (small-extra large)",SR Legacy,0.84,10.9,6.04,1.6,116.0,vegan
169854,"ON THE BORDER, cheese enchilada",SR Legacy,11.67,17.74,16.2,1.8,271.0,vegetarian
169034,"ON THE BORDER, cheese quesadilla",SR Legacy,16.87,25.5,24.25,2.2,394.0,vegetarian
169031,"ON THE BORDER, Mexican rice",SR Legacy,3.56,4.86,34.15,1.1,195.0,vegan
169032,"ON THE BORDER, refried beans",SR Legacy,7.3,5.0,17.52,8.2,144.0,vegan
167657,"ON THE BORDER, soft taco with ground beef, cheese and lettuce",SR Legacy,13.19,11.05,19.28,1.8,229.0,non_vegetarian
324317,"Onion rings, breaded, par fried, frozen, prepared, heated in oven",Foundation Foods,4.52,14.4,36.3,2.4,288.0,vegan
170414,"Onion rings, breaded, par fried, frozen, unprepared",SR Legacy,3.15,14.1,30.53,1.8,258.0,vegan
170003,"Onions, canned, solids and liquids",SR Legacy,0.85,0.09,4.02,1.2,19.0,vegan
170100,"Onions, cooked, boiled, drained, with salt",SR Legacy,1.36,0.19,9.56,1.4,42.0,vegan
170001,"Onions, cooked, boiled, drained, without salt",SR Legacy,1.36,0.19,10.15,1.4,44.0,vegan
170002,"Onions, dehydrated flakes",SR Legacy,8.95,0.46,83.28,9.2,349.0,vegan
170101,"Onions, frozen, chopped, cooked, boiled, drained, with salt",SR Legacy,0.77,0.1,6.0,1.7,26.0,vegan
170411,"Onions, frozen, chopped, cooked, boiled, drained, without salt",SR Legacy,0.77,0.1,6.59,1.8,28.0,vegan
170410,"Onions, frozen, chopped, unprepared",SR Legacy,0.79,0.1,6.82,1.8,29.0,vegan
170507,"Onions, frozen, whole, cooked, boiled, drained, with salt",SR Legacy,0.71,0.05,6.11,1.4,26.0,vegan
170413,"Onions, frozen, whole, cooked, boiled, drained, without salt",SR Legacy,0.71,0.05,6.7,1.4,28.0,vegan
170412,"Onions, frozen, whole, unprepared",SR Legacy,0.89,0.06,8.45,1.7,35.0,vegan
170000,"Onions, raw",SR Legacy,1.1,0.1,9.34,1.7,40.0,vegan
790577,"Onions, red, raw",Foundation Foods,0.94,0.1,9.93,2.2,44.0,vegan
170005,"Onions, spring or scallions (includes tops and bulb), raw",SR Legacy,1.83,0.19,7.34,2.6,32.0,vegan
170008,"Onions, sweet, raw",SR Legacy,0.8,0.08,7.55,0.9,32.0,vegan
170007,"Onions, welsh, raw",SR Legacy,1.9,0.4,6.5,2.4,34.0,vegan
1104962,"Onions, white, raw",Foundation Foods,0.89,0.13,7.68,1.2,35.0,vegan
790646,"Onions, yellow, raw",Foundation Foods,0.83,0.05,8.61,1.9,38.0,vegan
170004,"Onions, yellow, sauteed",SR Legacy,0.95,10.8,7.86,1.7,123.0,vegan
170006,"Onions, young green, tops only",SR Legacy,0.97,0.47,5.74,1.8,27.0,vegan
169099,"Orange juice, canned, unsweetened",SR Legacy,0.68,0.15,11.01,0.3,47.0,vegan
169100,"Orange juice, chilled, includes from concentrate",SR Legacy,0.68,0.12,11.54,0.3,49.0,vegan
169920,"Orange juice, chilled, includes from concentrate, with added calcium",SR Legacy,0.68,0.12,11.27,0.3,47.0,vegan
169101,"Orange juice, chilled, includes from concentrate, with added calcium and vitamin D",SR Legacy,0.68,0.12,11.27,0.3,47.0,vegan
167794,"Orange juice, chilled, includes from concentrate, with added calcium and vitamins A, D, E",SR Legacy,0.68,0.12,11.54,0.3,49.0,vegan
169102,"Orange juice, frozen concentrate, unsweetened, diluted with 3 volume water",SR Legacy,0.6,0.06,8.8,0.2,37.0,vegan
169921,"Orange juice, frozen concentrate, unsweetened, diluted with 3 volume water, with added calcium",SR Legacy,0.6,0.06,8.47,0.2,37.0,vegan
169923,"Orange juice, frozen concentrate, unsweetened, undiluted",SR Legacy,2.4,0.25,35.19,1.0,148.0,vegan
169922,"Orange juice, frozen concentrate, unsweetened, undiluted, with added calcium",SR Legacy,2.4,0.25,33.86,1.0,147.0,vegan
2003591,"Orange juice, no pulp, not fortified, from concentrate, refrigerated",Foundation Foods,0.734375,0.325,10.340625,,47.225,vegan
2003597,"Orange juice, no pulp, not fortified, not from concentrate, refrigerated",Foundation Foods,0.8125,0.3563,10.0124,,46.5063,vegan
169098,"Orange juice, raw (Includes foods for USDA's Food Distribution Program)",SR Legacy,0.7,0.2,10.4,0.2,45.0,vegan
169103,"Orange peel, raw",SR Legacy,1.5,0.2,25.0,10.6,97.0,vegan
167792,Orange Pineapple Juice Blend,SR Legacy,0.41,0.08,12.2,0.2,51.0,vegan
169104,"Orange-grapefruit juice, canned or bottled, unsweetened",SR Legacy,0.6,0.1,10.28,0.1,43.0,vegan
169097,"Oranges, raw, all commercial varieties",SR Legacy,0.94,0.12,11.75,2.4,47.0,vegan
169916,"Oranges, raw, California, valencias",SR Legacy,1.04,0.3,11.89,2.5,49.0,vegan
169918,"Oranges, raw, Florida",SR Legacy,0.7,0.21,11.54,2.4,46.0,vegan
746771,"Oranges, raw, navels",Foundation Foods,0.91,0.15,11.8,2.0,47.0,vegan
327501,"Oranges, raw, navels (Includes foods for USDA's Food Distribution Program)",Foundation Foods,0.91,0.15,11.8,2.0,47.0,vegan
169919,"Oranges, raw, with peel",SR Legacy,1.3,0.3,15.5,4.5,63.0,vegan
174589,"Oscar Mayer, Bologna (beef)",SR Legacy,11.05,29.1,2.45,0.0,316.0,non_vegetarian
172944,"Oscar Mayer, Braunschweiger Liver Sausage (sliced)",SR Legacy,14.25,29.35,2.6,0.2,331.0,non_vegetarian
172945,"Oscar Mayer, Chicken Breast (honey glazed)",SR Legacy,19.85,1.5,4.3,0.0,109.0,non_vegetarian
172946,"Oscar Mayer, Ham (chopped with natural juice)",SR Legacy,16.3,11.15,3.65,0.0,180.0,non_vegetarian
174590,"Oscar Mayer, Smokies Sausage Little Cheese (pork, turkey)",SR Legacy,13.5,28.2,1.7,0.0,315.0,non_vegetarian
174591,"Oscar Mayer, Wieners (beef franks)",SR Legacy,11.35,30.26,2.78,0.0,329.0,non_vegetarian
172843,"Ostrich, oyster, cooked",SR Legacy,28.81,3.97,0.0,0.0,159.0,non_vegetarian
174487,"Ostrich, oyster, raw",SR Legacy,21.55,3.67,0.0,0.0,125.0,non_vegetarian
167938,"Pan Dulce, La Ricura, Salpora de Arroz con Azucar, cookie-like, contains wheat flour and rice flour",SR Legacy,8.81,16.11,66.28,1.2,445.0,vegan
172771,"Pancakes plain, frozen, ready-to-heat (includes buttermilk)",SR Legacy,5.23,6.83,37.75,1.0,233.0,vegetarian
172773,"Pancakes, blueberry, prepared from recipe",SR Legacy,6.1,9.2,29.0,,222.0,vegan
172774,"Pancakes, buckwheat, dry mix, incomplete",SR Legacy,10.9,2.7,71.3,8.5,340.0,vegan
175047,"Pancakes, buttermilk, prepared from recipe",SR Legacy,6.8,9.3,28.7,,227.0,vegetarian
172772,"Pancakes, plain, dry mix, complete (includes buttermilk)",SR Legacy,9.77,3.1,73.65,2.9,368.0,vegetarian
175007,"Pancakes, plain, dry mix, incomplete (includes buttermilk)",SR Legacy,10.0,1.7,73.6,5.4,355.0,vegetarian
167926,"Pancakes, plain, frozen, ready-to-heat, microwave (includes buttermilk)",SR Legacy,5.88,4.73,43.33,2.5,239.0,vegetarian
171853,"Pancakes, whole wheat, dry mix, incomplete",SR Legacy,10.53,1.32,74.11,7.9,350.0,vegan
172776,"Pancakes, whole-wheat, dry mix, incomplete",SR Legacy,12.8,1.5,71.0,,344.0,vegan
175010,"Pancakes, whole-wheat, dry mix, incomplete, prepared",SR Legacy,8.5,6.5,29.4,2.8,208.0,vegan
173284,"PAPA JOHN'S 14"" Cheese Pizza, Original Crust",SR Legacy,11.53,9.25,32.74,1.9,260.0,vegetarian
173287,"PAPA JOHN'S 14"" Cheese Pizza, Thin Crust",SR Legacy,12.29,15.66,26.26,2.3,295.0,vegetarian
169107,"Papaya nectar, canned",SR Legacy,0.17,0.15,14.51,0.6,57.0,vegan
169927,"Papaya, canned, heavy syrup, drained",SR Legacy,0.14,0.55,55.83,1.5,206.0,vegan
169926,"Papayas, raw",SR Legacy,0.47,0.26,10.82,1.7,43.0,vegan
172206,"Parmesan cheese topping, fat free",SR Legacy,40.0,5.0,40.0,0.0,370.0,vegetarian
170508,"Parsnips, cooked, boiled, drained, with salt",SR Legacy,1.32,0.3,17.01,4.0,71.0,vegan
170009,"Parsnips, cooked, boiled, drained, without salt",SR Legacy,1.32,0.3,17.01,3.6,71.0,vegan
2747659,"Parsnips, raw",Foundation Foods,1.265625,0.5381,19.292275,5.351,87.0745,vegan
169109,"Passion-fruit juice, purple, raw",SR Legacy,0.39,0.05,13.6,0.2,51.0,vegan
169110,"Passion-fruit juice, yellow, raw",SR Legacy,0.67,0.18,14.45,0.2,60.0,vegan
169108,"Passion-fruit, (granadilla), purple, raw",SR Legacy,2.2,0.7,23.38,10.4,97.0,vegan
168954,"Pasta mix, classic beef, unprepared",SR Legacy,12.32,1.78,72.2,2.0,354.0,non_vegetarian
168953,"Pasta mix, classic cheeseburger macaroni, unprepared",SR Legacy,11.6,1.88,71.51,2.7,349.0,vegetarian
168958,"Pasta mix, Italian four cheese lasagna, unprepared",SR Legacy,12.53,2.7,70.26,2.6,355.0,vegetarian
168955,"Pasta mix, Italian lasagna, unprepared",SR Legacy,10.9,1.97,73.77,2.8,356.0,vegan
172091,"Pasta with Sliced Franks in Tomato Sauce, canned entree",SR Legacy,4.37,2.38,12.7,1.6,90.0,vegan
172100,"Pasta with tomato sauce, no meat, canned",SR Legacy,2.22,0.71,13.94,0.9,71.0,non_vegetarian
169751,"Pasta, cooked, enriched, with added salt",SR Legacy,5.8,0.93,30.59,1.8,157.0,vegan
169737,"Pasta, cooked, enriched, without added salt",SR Legacy,5.8,0.93,30.86,1.8,158.0,vegan
172014,"Pasta, cooked, unenriched, with added salt",SR Legacy,5.8,0.93,30.59,1.8,157.0,vegan
168928,"Pasta, cooked, unenriched, without added salt",SR Legacy,5.8,0.93,30.86,1.8,158.0,vegan
169736,"Pasta, dry, enriched",SR Legacy,13.04,1.51,74.67,3.2,371.0,vegan
168927,"Pasta, dry, unenriched",SR Legacy,13.04,1.51,74.67,3.2,371.0,vegan
169727,"Pasta, fresh-refrigerated, plain, as purchased",SR Legacy,11.31,2.3,54.73,,288.0,vegan
169728,"Pasta, fresh-refrigerated, plain, cooked",SR Legacy,5.15,1.05,24.93,,131.0,vegan
169729,"Pasta, fresh-refrigerated, spinach, as purchased",SR Legacy,11.26,2.1,55.72,,289.0,vegan
169730,"Pasta, fresh-refrigerated, spinach, cooked",SR Legacy,5.06,0.94,25.04,,130.0,vegan
172026,"Pasta, gluten-free, brown rice flour, cooked, TINKYADA",SR Legacy,3.46,1.67,32.2,1.7,138.0,vegan
173265,"Pasta, gluten-free, corn and rice flour, cooked",SR Legacy,3.2,1.0,38.05,1.4,179.0,vegan
172027,"Pasta, gluten-free, corn flour and quinoa flour, cooked, ANCIENT HARVEST",SR Legacy,3.23,2.07,31.11,3.3,152.0,vegan
168900,"Pasta, gluten-free, corn, cooked",SR Legacy,2.63,0.73,27.91,4.8,126.0,vegan
168899,"Pasta, gluten-free, corn, dry",SR Legacy,7.46,2.08,79.26,11.0,357.0,vegan
173264,"Pasta, gluten-free, rice flour and rice bran extract, cooked, DE BOLES",SR Legacy,4.21,1.7,40.75,1.9,200.0,vegan
168901,"Pasta, homemade, made with egg, cooked",SR Legacy,5.28,1.74,23.54,,130.0,vegetarian
168902,"Pasta, homemade, made without egg, cooked",SR Legacy,4.37,0.98,25.12,,124.0,vegetarian
172024,"Pasta, whole grain, 51% whole wheat, remaining enriched semolina, cooked (Includes foods for USDA's Food Distribution Program)",SR Legacy,5.67,1.48,30.87,4.5,156.0,vegan
172025,"Pasta, whole grain, 51% whole wheat, remaining enriched semolina, dry (Includes foods for USDA's Food Distribution Program)",SR Legacy,13.2,2.55,73.3,11.3,361.0,vegan
168916,"Pasta, whole grain, 51% whole wheat, remaining unenriched semolina, cooked",SR Legacy,5.82,1.5,31.51,4.6,159.0,vegan
168915,"Pasta, whole grain, 51% whole wheat, remaining unenriched semolina, dry",SR Legacy,13.51,2.68,73.1,10.1,362.0,vegan
168910,"Pasta, whole-wheat, cooked (Includes foods for USDA's Food Distribution Program)",SR Legacy,5.99,1.71,30.07,3.9,149.0,vegan
169738,"Pasta, whole-wheat, dry (Includes foods for USDA's Food Distribution Program)",SR Legacy,13.87,2.93,73.37,9.2,352.0,vegan
172959,"Pastrami, beef, 98% fat-free",SR Legacy,19.6,1.16,1.54,0.0,95.0,non_vegetarian
172927,"Pastrami, turkey",SR Legacy,16.3,6.21,3.34,0.1,139.0,non_vegetarian
167528,"Pastry, Pastelitos de Guava (guava pastries)",SR Legacy,5.48,18.5,47.76,2.2,379.0,vegan
171100,"Pate de foie gras, canned (goose liver pate), smoked",SR Legacy,11.4,43.84,4.67,0.0,462.0,non_vegetarian
172928,"Pate, chicken liver, canned",SR Legacy,13.45,13.1,6.55,0.0,201.0,non_vegetarian
172929,"Pate, goose liver, smoked, canned",SR Legacy,11.4,43.84,4.67,0.0,462.0,non_vegetarian
172930,"Pate, liver, not specified, canned",SR Legacy,14.2,28.0,1.5,0.0,319.0,non_vegetarian
168185,"Peach nectar, canned, with added ascorbic acid",SR Legacy,0.21,0.51,11.93,0.1,50.0,vegan
169117,"Peach nectar, canned, with sucralose, without added ascorbic acid",SR Legacy,0.1,0.57,11.61,0.1,49.0,vegan
169113,"Peaches, canned, extra heavy syrup pack, solids and liquids",SR Legacy,0.47,0.03,26.06,1.0,96.0,vegan
169931,"Peaches, canned, extra light syrup, solids and liquids (Includes foods for USDA's Food Distribution Program)",SR Legacy,0.4,0.1,11.1,1.0,42.0,vegan
169112,"Peaches, canned, heavy syrup pack, solids and liquids",SR Legacy,0.45,0.1,19.94,1.3,74.0,vegan
168181,"Peaches, canned, heavy syrup, drained",SR Legacy,0.52,0.18,18.43,1.2,72.0,vegan
169930,"Peaches, canned, juice pack, solids and liquids",SR Legacy,0.63,0.03,11.57,1.3,44.0,vegan
169111,"Peaches, canned, light syrup pack, solids and liquids",SR Legacy,0.45,0.03,14.55,1.3,54.0,vegan
169929,"Peaches, canned, water pack, solids and liquids",SR Legacy,0.44,0.06,6.11,1.3,24.0,vegan
169933,"Peaches, dehydrated (low-moisture), sulfured, stewed",SR Legacy,2.01,0.42,34.14,,133.0,vegan
169932,"Peaches, dehydrated (low-moisture), sulfured, uncooked",SR Legacy,4.89,1.03,83.18,,325.0,vegan
169115,"Peaches, dried, sulfured, stewed, with added sugar",SR Legacy,1.06,0.22,26.6,2.4,103.0,vegan
169935,"Peaches, dried, sulfured, stewed, without added sugar",SR Legacy,1.16,0.25,19.69,2.7,77.0,vegan
169934,"Peaches, dried, sulfured, uncooked",SR Legacy,3.61,0.76,61.33,8.2,239.0,vegan
169116,"Peaches, frozen, sliced, sweetened",SR Legacy,0.63,0.13,23.98,1.8,94.0,vegan
169114,"Peaches, spiced, canned, heavy syrup pack, solids and liquids",SR Legacy,0.41,0.1,20.08,1.3,75.0,vegan
325430,"Peaches, yellow, raw",Foundation Foods,0.91,0.27,10.1,1.5,42.0,vegan
172471,"Peanut butter with omega-3, creamy",SR Legacy,24.47,54.17,17.0,6.1,608.0,vegetarian
174265,"Peanut butter, chunk style, with salt",SR Legacy,24.06,49.94,21.57,8.0,589.0,vegetarian
172469,"Peanut butter, chunk style, without salt",SR Legacy,24.06,49.94,21.57,8.0,589.0,vegetarian
172460,"Peanut butter, chunky, vitamin and mineral fortified",SR Legacy,26.06,51.47,17.69,5.7,593.0,vegetarian
2262072,"Peanut butter, creamy",Foundation Foods,23.99124,49.43,22.70376,6.323,631.65,vegetarian
169869,"Peanut butter, reduced sodium",SR Legacy,24.0,49.9,21.83,6.6,590.0,vegetarian
174294,"Peanut Butter, smooth (Includes foods for USDA's Food Distribution Program)",SR Legacy,21.93,49.54,23.98,5.7,588.0,vegetarian
324860,"Peanut butter, smooth style, with salt",Foundation Foods,22.5,51.1,22.3,4.8,597.0,vegetarian
174266,"Peanut butter, smooth style, with salt (Includes foods for USDA's Food Distribution Program)",SR Legacy,22.21,51.36,22.31,5.0,598.0,vegetarian
172470,"Peanut butter, smooth style, without salt",SR Legacy,22.21,51.36,22.31,5.0,598.0,vegetarian
172458,"Peanut butter, smooth, reduced fat",SR Legacy,25.9,34.0,35.65,5.2,520.0,vegetarian
172459,"Peanut butter, smooth, vitamin and mineral fortified",SR Legacy,25.72,50.81,18.75,5.6,591.0,vegetarian
174267,"Peanut flour, defatted",SR Legacy,52.2,0.55,34.7,15.8,327.0,vegan
172435,"Peanut flour, low fat",SR Legacy,33.8,21.9,31.27,15.8,428.0,vegan
172457,"Peanut spread, reduced sugar",SR Legacy,24.8,54.89,14.23,7.8,650.0,vegan
174260,"Peanuts, all types, cooked, boiled, with salt",SR Legacy,13.5,22.01,21.26,8.8,318.0,vegan
174262,"Peanuts, all types, dry-roasted, with salt",SR Legacy,24.35,49.66,21.26,8.4,587.0,vegan
173806,"Peanuts, all types, dry-roasted, without salt",SR Legacy,24.35,49.66,21.26,8.4,587.0,vegan
174261,"Peanuts, all types, oil-roasted, with salt",SR Legacy,28.03,52.5,15.26,9.4,599.0,vegan
175258,"Peanuts, all types, oil-roasted, without salt",SR Legacy,28.03,52.5,15.26,9.4,599.0,vegan
172430,"Peanuts, all types, raw",SR Legacy,25.8,49.24,16.13,8.5,567.0,vegan
2515376,"Peanuts, raw",Foundation Foods,23.205,43.28,26.498,8.014,588.332,vegan
172431,"Peanuts, spanish, oil-roasted, with salt",SR Legacy,28.01,49.04,17.45,8.9,579.0,vegan
173807,"Peanuts, spanish, oil-roasted, without salt",SR Legacy,28.01,49.04,17.45,8.9,579.0,vegan
174263,"Peanuts, spanish, raw",SR Legacy,26.15,49.6,15.83,9.5,570.0,vegan
172433,"Peanuts, valencia, oil-roasted, with salt",SR Legacy,27.04,51.24,16.3,8.9,589.0,vegan
173808,"Peanuts, valencia, oil-roasted, without salt",SR Legacy,27.04,51.24,16.3,8.9,589.0,vegan
172432,"Peanuts, valencia, raw",SR Legacy,25.09,47.58,20.91,8.7,570.0,vegan
174264,"Peanuts, virginia, oil-roasted, with salt",SR Legacy,25.87,48.62,19.86,8.9,578.0,vegan
173809,"Peanuts, virginia, oil-roasted, without salt",SR Legacy,25.87,48.62,19.86,8.9,578.0,vegan
172434,"Peanuts, virginia, raw",SR Legacy,25.19,48.75,16.54,8.5,563.0,vegan
168186,"Pear nectar, canned, with added ascorbic acid",SR Legacy,0.11,0.01,15.76,0.6,60.0,vegan
169940,"Pear nectar, canned, without added ascorbic acid",SR Legacy,0.11,0.01,15.76,0.6,60.0,vegan
2710836,"Pear, Anjou, green, with skin, raw",Foundation Foods,0.3125,0.3713,14.7674,2.636,63.6613,vegan
168177,"Pears, asian, raw",SR Legacy,0.5,0.23,10.65,3.6,42.0,vegan
169120,"Pears, canned, extra heavy syrup pack, solids and liquids",SR Legacy,0.19,0.13,25.25,1.6,97.0,vegan
169937,"Pears, canned, extra light syrup pack, solids and liquids (Includes foods for USDA's Food Distribution Program)",SR Legacy,0.3,0.1,12.2,1.6,47.0,vegan
169939,"Pears, canned, heavy syrup pack, solids and liquids",SR Legacy,0.2,0.13,19.17,1.6,74.0,vegan
168182,"Pears, canned, heavy syrup, drained",SR Legacy,0.24,0.18,19.08,2.7,74.0,vegan
169936,"Pears, canned, juice pack, solids and liquids",SR Legacy,0.34,0.07,12.94,1.6,50.0,vegan
169938,"Pears, canned, light syrup pack, solids and liquids",SR Legacy,0.19,0.03,15.17,1.6,57.0,vegan
169119,"Pears, canned, water pack, solids and liquids",SR Legacy,0.19,0.03,7.81,1.6,29.0,vegan
169123,"Pears, dried, sulfured, stewed, with added sugar",SR Legacy,0.86,0.29,37.14,5.8,140.0,vegan
169122,"Pears, dried, sulfured, stewed, without added sugar",SR Legacy,0.91,0.31,33.81,6.4,127.0,vegan
169121,"Pears, dried, sulfured, uncooked",SR Legacy,1.87,0.63,69.7,7.5,262.0,vegan
169118,"Pears, raw",SR Legacy,0.36,0.14,15.23,3.1,57.0,vegan
746773,"Pears, raw, bartlett",Foundation Foods,0.38,0.16,15.1,3.1,57.0,vegan
332597,"Pears, raw, bartlett (Includes foods for USDA's Food Distribution Program)",Foundation Foods,0.38,0.16,15.1,3.1,57.0,vegan
167778,"Pears, raw, bosc (Includes foods for USDA's Food Distribution Program)",SR Legacy,0.36,0.09,16.1,3.1,67.0,vegan
167779,"Pears, raw, green anjou (Includes foods for USDA's Food Distribution Program)",SR Legacy,0.44,0.1,15.79,3.1,66.0,vegan
167777,"Pears, raw, red anjou",SR Legacy,0.33,0.14,14.94,3.0,62.0,vegan
170512,"Peas and carrots, canned, no salt added, solids and liquids",SR Legacy,2.17,0.27,8.48,3.3,38.0,vegan
170424,"Peas and carrots, canned, regular pack, solids and liquids",SR Legacy,2.17,0.27,8.48,2.0,38.0,vegan
170513,"Peas and carrots, frozen, cooked, boiled, drained, with salt",SR Legacy,3.09,0.42,10.12,3.1,48.0,vegan
170018,"Peas and carrots, frozen, cooked, boiled, drained, without salt",SR Legacy,3.09,0.42,10.12,3.1,48.0,vegan
170425,"Peas and carrots, frozen, unprepared",SR Legacy,3.4,0.47,11.15,3.4,53.0,vegan
170019,"Peas and onions, canned, solids and liquids",SR Legacy,3.28,0.38,8.57,2.3,51.0,vegan
170514,"Peas and onions, frozen, cooked, boiled, drained, with salt",SR Legacy,2.54,0.2,8.63,2.2,45.0,vegan
170021,"Peas and onions, frozen, cooked, boiled, drained, without salt",SR Legacy,2.54,0.2,8.63,2.2,45.0,vegan
170020,"Peas and onions, frozen, unprepared",SR Legacy,3.98,0.32,13.51,3.5,70.0,vegan
170011,"Peas, edible-podded, boiled, drained, without salt",SR Legacy,3.27,0.23,7.05,2.8,42.0,vegan
170509,"Peas, edible-podded, cooked, boiled, drained, with salt",SR Legacy,3.27,0.23,6.46,2.8,40.0,vegan
170510,"Peas, edible-podded, frozen, cooked, boiled, drained, with salt",SR Legacy,3.5,0.38,8.43,3.1,50.0,vegan
170418,"Peas, edible-podded, frozen, cooked, boiled, drained, without salt",SR Legacy,3.5,0.38,9.02,3.1,52.0,vegan
170012,"Peas, edible-podded, frozen, unprepared",SR Legacy,2.8,0.3,7.2,3.1,42.0,vegan
170010,"Peas, edible-podded, raw",SR Legacy,2.8,0.2,7.55,2.6,42.0,vegan
170013,"Peas, green (includes baby and lesuer types), canned, drained solids, unprepared",SR Legacy,4.47,0.8,11.36,4.9,68.0,vegan
170015,"Peas, green, canned, drained solids, rinsed in tap water",SR Legacy,4.33,0.95,11.82,,71.0,vegan
170104,"Peas, green, canned, no salt added, drained solids",SR Legacy,4.42,0.35,12.58,4.1,69.0,vegan
170103,"Peas, green, canned, no salt added, solids and liquids",SR Legacy,3.19,0.3,9.75,3.3,53.0,vegan
170421,"Peas, green, canned, regular pack, solids and liquids",SR Legacy,3.01,0.48,10.6,3.3,58.0,vegan
170014,"Peas, green, canned, seasoned, solids and liquids",SR Legacy,3.09,0.27,9.25,2.0,50.0,vegan
170102,"Peas, green, cooked, boiled, drained, with salt",SR Legacy,5.36,0.22,15.63,5.5,84.0,vegan
170420,"Peas, green, cooked, boiled, drained, without salt",SR Legacy,5.36,0.22,15.63,5.5,84.0,vegan
170105,"Peas, green, frozen, cooked, boiled, drained, with salt",SR Legacy,5.15,0.27,14.26,4.5,78.0,vegan
170017,"Peas, green, frozen, cooked, boiled, drained, without salt",SR Legacy,5.15,0.27,14.26,4.5,78.0,vegan
170016,"Peas, green, frozen, unprepared (Includes foods for USDA's Food Distribution Program)",SR Legacy,5.22,0.4,13.62,4.5,77.0,vegan
170419,"Peas, green, raw",SR Legacy,5.42,0.4,14.45,5.7,81.0,vegan
172428,"Peas, green, split, mature seeds, raw",SR Legacy,23.12,3.89,61.63,22.2,364.0,vegan
2644291,"Peas, green, sweet, canned, sodium added, sugar added, drained and rinsed",Foundation Foods,4.734375,1.153,12.707625,,80.145,vegan
170511,"Peas, mature seeds, sprouted, cooked, boiled, drained, with salt",SR Legacy,7.05,0.51,17.08,,98.0,vegan
170423,"Peas, mature seeds, sprouted, cooked, boiled, drained, without salt",SR Legacy,7.05,0.51,17.08,,98.0,vegan
170422,"Peas, mature seeds, sprouted, raw",SR Legacy,8.8,0.68,27.11,,124.0,vegan
175257,"Peas, split, mature seeds, cooked, boiled, with salt",SR Legacy,8.34,0.39,20.51,8.3,116.0,vegan
172429,"Peas, split, mature seeds, cooked, boiled, without salt",SR Legacy,8.34,0.39,21.1,8.3,118.0,vegan
168418,"Pepeao, dried",SR Legacy,4.82,0.44,81.03,,298.0,vegan
169394,"Pepper, banana, raw",SR Legacy,1.66,0.45,5.35,3.4,27.0,vegan
174574,"Peppered loaf, pork, beef",SR Legacy,17.3,6.37,4.53,0.0,149.0,non_vegetarian
168005,"Pepperidge Farm, Goldfish, Baked Snack Crackers, Cheddar",SR Legacy,11.71,16.11,66.2,,457.0,non_vegetarian
168006,"Pepperidge Farm, Goldfish, Baked Snack Crackers, Explosive Pizza",SR Legacy,9.56,16.82,67.2,,458.0,non_vegetarian
167594,"Pepperidge Farm, Goldfish, Baked Snack Crackers, Original",SR Legacy,9.42,18.42,65.81,2.4,467.0,non_vegetarian
167595,"Pepperidge Farm, Goldfish, Baked Snack Crackers, Parmesan",SR Legacy,11.16,17.29,64.7,3.5,459.0,non_vegetarian
167596,"Pepperidge Farm, Goldfish, Baked Snack Crackers, Pizza",SR Legacy,9.67,18.93,65.11,3.5,469.0,non_vegetarian
174575,"Pepperoni, beef and pork, sliced",SR Legacy,19.25,46.28,1.18,0.0,504.0,non_vegetarian
2747660,"Peppers, banana or Hungarian wax, seeded, raw",Foundation Foods,0.723125,0.1314,4.966175,1.79,23.9398,vegan
2258591,"Peppers, bell, orange, raw",Foundation Foods,0.881875,0.1556,6.703125,0.9674,31.7404,vegan
170426,"Peppers, hot chili, green, canned, pods, excluding seeds, solids and liquids",SR Legacy,0.9,0.1,5.1,1.3,21.0,vegan
170107,"Peppers, hot chili, red, canned, excluding seeds, solids and liquids",SR Legacy,0.9,0.1,5.1,1.3,21.0,vegan
2747661,"Peppers, jalapeno, seeded, raw",Foundation Foods,0.621125,0.1488,5.075675,1.725,24.1264,vegan
2747662,"Peppers, poblano, seeded, raw",Foundation Foods,1.425625,0.1906,5.143175,2.07,27.9906,vegan
2747663,"Peppers, serrano, seeded, raw",Foundation Foods,0.855625,0.1406,6.136275,2.521,29.233,vegan
174474,"Pheasant, breast, meat only, raw",SR Legacy,24.37,3.25,0.0,0.0,133.0,non_vegetarian
169903,"Pheasant, cooked, total edible",SR Legacy,32.4,12.1,0.0,0.0,239.0,non_vegetarian
172417,"Pheasant, leg, meat only, raw",SR Legacy,22.2,4.3,0.0,0.0,134.0,non_vegetarian
174472,"Pheasant, raw, meat and skin",SR Legacy,22.7,9.29,0.0,0.0,181.0,non_vegetarian
174473,"Pheasant, raw, meat only",SR Legacy,23.57,3.64,0.0,0.0,133.0,non_vegetarian
174576,"Pickle and pimiento loaf, pork",SR Legacy,11.23,15.95,8.46,1.5,225.0,non_vegetarian
169386,"Pickle relish, hamburger",SR Legacy,0.63,0.54,34.48,3.2,129.0,non_vegetarian
169397,"Pickles, chowchow, with cauliflower onion mustard, sweet",SR Legacy,1.5,0.9,26.64,1.5,121.0,vegan
324653,"Pickles, cucumber, dill or kosher dill",Foundation Foods,0.48,0.43,1.99,1.0,12.0,vegan
168563,"Pickles, cucumber, dill, reduced sodium",SR Legacy,0.5,0.3,2.41,1.0,12.0,vegan
169379,"Pickles, cucumber, sour",SR Legacy,0.33,0.2,2.26,1.2,11.0,vegan
168562,"Pickles, cucumber, sour, low sodium",SR Legacy,0.33,0.2,2.26,1.2,11.0,vegan
169378,"Pickles, cucumber, sweet (includes bread and butter pickles)",SR Legacy,0.58,0.41,21.15,1.0,91.0,vegetarian
169380,"Pickles, cucumber, sweet, low sodium (includes bread and butter pickles)",SR Legacy,0.37,0.26,33.73,1.1,122.0,vegetarian
172933,"Picnic loaf, pork, beef",SR Legacy,14.92,16.64,4.76,0.0,232.0,non_vegetarian
167520,"Pie Crust, Cookie-type, Graham Cracker, Ready Crust",SR Legacy,5.1,24.83,64.3,1.9,501.0,non_vegetarian
172811,"Pie crust, cookie-type, prepared from recipe, graham cracker, chilled",SR Legacy,4.1,24.4,63.9,1.5,484.0,non_vegetarian
167931,"Pie crust, deep dish, frozen, baked, made with enriched flour",SR Legacy,6.1,31.84,52.47,2.3,521.0,vegan
167523,"Pie crust, deep dish, frozen, unbaked, made with enriched flour",SR Legacy,5.52,28.74,46.79,1.4,468.0,vegan
168822,"Pie fillings, apple, canned",SR Legacy,0.1,0.1,26.1,1.0,100.0,vegan
167738,"Pie fillings, blueberry, canned",SR Legacy,0.41,0.2,44.38,2.6,181.0,vegan
168824,"Pie fillings, canned, cherry",SR Legacy,0.37,0.07,28.0,0.6,115.0,vegan
169062,"Pie fillings, cherry, low calorie",SR Legacy,0.82,0.16,11.98,1.2,53.0,vegan
175011,"Pie, apple, commercially prepared, enriched flour",SR Legacy,1.9,11.0,34.0,1.6,237.0,vegan
173239,"Pie, apple, commercially prepared, unenriched flour",SR Legacy,1.9,11.0,34.0,1.6,237.0,vegan
175012,"Pie, apple, prepared from recipe",SR Legacy,2.4,12.5,37.1,,265.0,vegan
175013,"Pie, banana cream, prepared from mix, no-bake type",SR Legacy,3.4,12.9,31.6,0.6,251.0,vegetarian
172777,"Pie, banana cream, prepared from recipe",SR Legacy,4.4,13.6,32.9,0.7,269.0,vegetarian
172778,"Pie, blueberry, commercially prepared",SR Legacy,1.8,10.0,34.9,1.0,232.0,vegan
172779,"Pie, blueberry, prepared from recipe",SR Legacy,2.7,11.9,33.5,,245.0,vegan
172780,"Pie, cherry, commercially prepared",SR Legacy,2.0,11.0,39.8,0.8,260.0,vegan
172781,"Pie, cherry, prepared from recipe",SR Legacy,2.8,12.2,38.5,,270.0,vegan
175017,"Pie, coconut cream, prepared from mix, no-bake type",SR Legacy,2.8,17.6,28.5,0.5,276.0,vegetarian
175016,"Pie, coconut creme, commercially prepared",SR Legacy,2.1,16.6,37.3,1.3,298.0,vegan
172782,"Pie, coconut custard, commercially prepared",SR Legacy,5.9,13.2,30.2,1.8,260.0,vegetarian
167522,"Pie, Dutch Apple, Commercially Prepared",SR Legacy,2.17,11.5,44.54,1.6,290.0,vegan
172783,"Pie, egg custard, commercially prepared",SR Legacy,5.5,11.6,20.8,1.6,210.0,vegetarian
173240,"Pie, fried pies, cherry",SR Legacy,3.0,16.1,42.6,2.6,316.0,vegan
172784,"Pie, fried pies, fruit",SR Legacy,3.0,16.1,42.6,2.6,316.0,vegan
175064,"Pie, fried pies, lemon",SR Legacy,3.0,16.1,42.6,2.6,316.0,vegan
172785,"Pie, lemon meringue, commercially prepared",SR Legacy,1.5,8.7,47.2,1.2,268.0,vegan
175018,"Pie, lemon meringue, prepared from recipe",SR Legacy,3.8,12.9,39.1,,285.0,vegan
175020,"Pie, peach",SR Legacy,1.9,10.0,32.9,0.8,224.0,vegan
175021,"Pie, pecan, commercially prepared",SR Legacy,4.5,16.69,59.61,2.1,407.0,vegan
172786,"Pie, pecan, prepared from recipe",SR Legacy,4.9,22.2,52.2,,412.0,vegan
172789,"Pie, vanilla cream, prepared from recipe",SR Legacy,4.8,14.4,32.6,0.6,278.0,vegetarian
172472,"Pigeon peas (red gram), mature seeds, cooked, boiled, with salt",SR Legacy,6.76,0.38,23.25,6.7,121.0,vegan
172437,"Pigeon peas (red gram), mature seeds, cooked, boiled, without salt",SR Legacy,6.76,0.38,23.25,6.7,121.0,vegan
172436,"Pigeon peas (red gram), mature seeds, raw",SR Legacy,21.7,1.49,62.78,15.0,343.0,vegan
170517,"Pigeonpeas, immature seeds, cooked, boiled, drained, with salt",SR Legacy,5.96,1.36,19.49,4.2,111.0,vegan
170430,"Pigeonpeas, immature seeds, cooked, boiled, drained, without salt",SR Legacy,5.96,1.36,19.49,4.2,111.0,vegan
170025,"Pigeonpeas, immature seeds, raw",SR Legacy,7.2,1.64,23.88,5.1,136.0,vegan
169004,"Piki bread, made from blue cornmeal (Hopi)",SR Legacy,9.06,7.16,72.22,9.2,390.0,vegan
167512,"Pillsbury Golden Layer Buttermilk Biscuits, Artificial Flavor, refrigerated dough",SR Legacy,5.88,13.24,41.18,1.2,307.0,vegetarian
167921,"Pillsbury Grands, Buttermilk Biscuits, refrigerated dough",SR Legacy,6.16,11.34,42.41,1.5,293.0,vegetarian
173259,"Pillsbury, Buttermilk Biscuits, Artificial Flavor, refrigerated dough",SR Legacy,6.4,2.79,47.07,1.6,236.0,vegetarian
168187,"Pineapple juice, canned or bottled, unsweetened, with added ascorbic acid",SR Legacy,0.36,0.12,12.87,0.2,53.0,vegan
169947,"Pineapple juice, canned or bottled, unsweetened, without added ascorbic acid",SR Legacy,0.36,0.12,12.87,0.2,53.0,vegan
168205,"Pineapple juice, canned, not from concentrate, unsweetened, with added vitamins A, C and E",SR Legacy,0.36,0.14,12.18,0.2,50.0,vegan
169128,"Pineapple juice, frozen concentrate, unsweetened, diluted with 3 volume water",SR Legacy,0.4,0.03,12.67,0.2,51.0,vegan
169948,"Pineapple juice, frozen concentrate, unsweetened, undiluted",SR Legacy,1.3,0.1,44.3,0.7,179.0,vegan
169945,"Pineapple, canned, extra heavy syrup pack, solids and liquids",SR Legacy,0.34,0.11,21.5,0.8,83.0,vegan
169944,"Pineapple, canned, heavy syrup pack, solids and liquids",SR Legacy,0.35,0.11,20.2,0.8,78.0,vegan
167767,"Pineapple, canned, juice pack, drained",SR Legacy,0.51,0.11,15.56,1.3,60.0,vegan
169126,"Pineapple, canned, juice pack, solids and liquids",SR Legacy,0.42,0.08,15.7,0.8,60.0,vegan
169127,"Pineapple, canned, light syrup pack, solids and liquids",SR Legacy,0.36,0.12,13.45,0.8,52.0,vegan
169125,"Pineapple, canned, water pack, solids and liquids",SR Legacy,0.43,0.09,8.3,0.8,32.0,vegan
169946,"Pineapple, frozen, chunks, sweetened",SR Legacy,0.4,0.1,22.2,1.1,86.0,vegan
2346398,"Pineapple, raw",Foundation Foods,0.4609375,0.2113,14.0914625,0.9346,60.1113,vegan
169124,"Pineapple, raw, all varieties",SR Legacy,0.54,0.12,13.12,1.4,50.0,vegan
168194,"Pineapple, raw, extra sweet variety",SR Legacy,0.53,0.11,13.5,1.4,51.0,vegan
168193,"Pineapple, raw, traditional varieties",SR Legacy,0.55,0.13,11.82,,45.0,vegan
169129,"Pitanga, (surinam-cherry), raw",SR Legacy,0.8,0.4,7.49,,33.0,vegan
172040,"PIZZA HUT 12"" Cheese Pizza, Hand-Tossed Crust",SR Legacy,11.93,10.89,31.22,1.8,271.0,vegetarian
172041,"PIZZA HUT 12"" Cheese Pizza, Pan Crust",SR Legacy,11.73,12.56,29.93,1.7,280.0,vegetarian
172042,"PIZZA HUT 12"" Cheese Pizza, THIN 'N CRISPY Crust",SR Legacy,15.29,14.1,28.64,1.6,303.0,vegetarian
173290,"PIZZA HUT 14"" Cheese Pizza, Hand-Tossed Crust",SR Legacy,11.98,10.42,33.42,2.4,275.0,vegetarian
173291,"PIZZA HUT 14"" Cheese Pizza, Pan Crust",SR Legacy,10.85,11.25,32.85,2.1,276.0,vegetarian
170774,"PIZZA HUT 14"" Cheese Pizza, Stuffed Crust",SR Legacy,12.23,11.63,30.0,1.7,274.0,vegetarian
172051,"PIZZA HUT 14"" Cheese Pizza, THIN 'N CRISPY Crust",SR Legacy,13.37,12.8,34.22,2.4,306.0,vegetarian
170769,"PIZZA HUT 14"" Sausage Pizza, Hand-Tossed Crust",SR Legacy,11.92,13.5,29.39,2.3,287.0,non_vegetarian
170372,"PIZZA HUT 14"" Sausage Pizza, Pan Crust",SR Legacy,11.08,13.85,29.56,2.0,287.0,non_vegetarian
170768,"PIZZA HUT 14"" Sausage Pizza, THIN 'N CRISPY Crust",SR Legacy,13.95,16.9,28.7,2.4,323.0,non_vegetarian
170789,"PIZZA HUT, breadstick, parmesan garlic",SR Legacy,12.2,12.88,44.48,2.4,343.0,vegan
170317,"Pizza, cheese topping, regular crust, frozen, cooked",SR Legacy,10.36,12.28,29.02,2.2,268.0,vegetarian
170714,"Pizza, cheese topping, rising crust, frozen, cooked",SR Legacy,12.37,8.78,32.91,2.5,260.0,vegetarian
170373,"Pizza, cheese topping, thin crust, frozen, cooked",SR Legacy,11.91,11.07,28.8,3.0,263.0,vegetarian
170715,"Pizza, meat and vegetable topping, regular crust, frozen, cooked",SR Legacy,11.28,14.43,25.14,2.2,276.0,non_vegetarian
170716,"Pizza, meat and vegetable topping, rising crust, frozen, cooked",SR Legacy,12.63,11.75,28.78,2.3,271.0,non_vegetarian
172095,"Pizza, meat topping, thick crust, frozen, cooked",SR Legacy,11.76,11.52,30.76,2.3,274.0,non_vegetarian
168216,"Plantains, green, boiled",SR Legacy,1.09,0.08,29.15,2.6,121.0,vegan
168199,"Plantains, green, fried",SR Legacy,1.5,11.81,49.17,3.5,309.0,vegan
168215,"Plantains, green, raw",SR Legacy,1.25,0.07,36.66,2.2,152.0,vegan
2710843,"Plantains, overripe, raw",Foundation Foods,1.166875,0.99,29.191425,1.792,130.3432,vegan
2710817,"Plantains, ripe, raw",Foundation Foods,1.15625,0.8933,30.95215,2.125,136.4733,vegan
2710818,"Plantains, underripe, raw",Foundation Foods,1.229375,0.685,33.587325,2.53,145.4318,vegan
169131,"Plantains, yellow, baked",SR Legacy,1.52,0.16,41.37,2.2,155.0,vegan
168200,"Plantains, yellow, fried, Latino restaurant",SR Legacy,1.42,7.51,40.77,3.2,236.0,vegan
169130,"Plantains, yellow, raw",SR Legacy,1.3,0.35,31.89,1.7,122.0,vegan
2710837,"Plum, black, with skin, raw",Foundation Foods,0.578125,0.2825,13.455575,1.346,58.6773,vegan
168183,"Plums, canned, heavy syrup, drained",SR Legacy,0.44,0.14,23.12,1.5,89.0,vegan
169133,"Plums, canned, purple, extra heavy syrup pack, solids and liquids",SR Legacy,0.36,0.1,26.31,1.0,101.0,vegan
169132,"Plums, canned, purple, heavy syrup pack, solids and liquids",SR Legacy,0.36,0.1,23.24,0.9,89.0,vegan
169951,"Plums, canned, purple, juice pack, solids and liquids",SR Legacy,0.51,0.02,15.15,0.9,58.0,vegan
169952,"Plums, canned, purple, light syrup pack, solids and liquids",SR Legacy,0.37,0.1,16.28,0.9,63.0,vegan
169950,"Plums, canned, purple, water pack, solids and liquids",SR Legacy,0.39,0.01,11.03,0.9,41.0,vegan
167752,"Plums, dried (prunes), stewed, with added sugar",SR Legacy,1.09,0.22,32.88,3.8,124.0,vegan
167751,"Plums, dried (prunes), stewed, without added sugar",SR Legacy,0.96,0.16,28.08,3.1,107.0,vegan
168162,"Plums, dried (prunes), uncooked",SR Legacy,2.18,0.38,63.88,7.1,240.0,vegan
169949,"Plums, raw",SR Legacy,0.7,0.28,11.42,1.4,46.0,vegan
169820,"Plums, wild (Northern Plains Indians)",SR Legacy,0.43,0.17,21.95,6.0,91.0,vegan
174577,"Polish sausage, pork",SR Legacy,14.1,28.72,1.63,0.0,326.0,non_vegetarian
168139,"Popcorn, microwave, low fat and sodium",SR Legacy,12.6,9.5,73.39,14.2,429.0,vegan
173141,"Popcorn, microwave, regular (butter) flavor, made with palm oil",SR Legacy,8.38,30.22,57.26,10.0,535.0,vegetarian
169685,"Popcorn, sugar syrup/caramel, fat-free",SR Legacy,2.0,1.4,90.06,2.5,381.0,vegan
170353,"POPEYES, Fried Chicken, Mild, Breast, meat and skin with breading",SR Legacy,21.67,16.47,9.83,0.4,274.0,non_vegetarian
170748,"POPEYES, Fried Chicken, Mild, Breast, meat only, skin and breading removed",SR Legacy,28.98,4.52,0.0,,157.0,non_vegetarian
170354,"POPEYES, Fried Chicken, Mild, Drumstick, meat and skin with breading",SR Legacy,20.44,19.14,9.84,,293.0,non_vegetarian
170749,"POPEYES, Fried Chicken, Mild, Drumstick, meat only, skin and breading removed",SR Legacy,26.51,7.14,0.04,,170.0,non_vegetarian
170350,"POPEYES, Fried Chicken, Mild, Skin and Breading",SR Legacy,13.96,32.32,21.54,1.0,433.0,non_vegetarian
170750,"POPEYES, Fried Chicken, Mild, Thigh, meat and skin with breading",SR Legacy,19.14,20.99,11.2,0.5,310.0,non_vegetarian
170351,"POPEYES, Fried Chicken, Mild, Thigh, meat only, skin and breading removed",SR Legacy,24.31,9.66,0.85,,188.0,non_vegetarian
170751,"POPEYES, Fried Chicken, Mild, Wing, meat and skin with breading",SR Legacy,20.4,22.48,13.52,0.6,338.0,non_vegetarian
170352,"POPEYES, Fried Chicken, Mild, Wing, meat only, skin and breading removed",SR Legacy,28.94,9.42,2.9,,212.0,non_vegetarian
172088,"POPEYES, Mild Chicken Strips, analyzed 2006",SR Legacy,19.2,13.01,19.31,0.8,271.0,non_vegetarian
170338,"POPEYES, Spicy Chicken Strips, analyzed 2006",SR Legacy,19.61,11.2,18.52,1.2,253.0,non_vegetarian
168377,"Pork loin, fresh, backribs, bone-in, cooked-roasted, lean only",SR Legacy,24.15,17.65,0.0,0.0,255.0,non_vegetarian
168376,"Pork loin, fresh, backribs, bone-in, raw, lean only",SR Legacy,20.85,9.84,0.0,0.0,172.0,non_vegetarian
167698,"Pork sausage rice links, brown and serve, cooked",SR Legacy,13.7,37.63,2.36,0.0,407.0,non_vegetarian
174578,"Pork sausage, link/patty, cooked, pan-fried",SR Legacy,18.53,27.25,1.42,0.0,325.0,non_vegetarian
172971,"Pork sausage, link/patty, fully cooked, microwaved",SR Legacy,15.12,41.66,0.62,0.0,438.0,non_vegetarian
173876,"Pork sausage, link/patty, fully cooked, unheated",SR Legacy,13.46,37.25,0.69,0.0,392.0,non_vegetarian
171636,"Pork sausage, link/patty, reduced fat, cooked, pan-fried",SR Legacy,20.94,20.32,0.15,0.0,267.0,non_vegetarian
171635,"Pork sausage, link/patty, reduced fat, unprepared",SR Legacy,16.75,16.55,0.2,0.0,217.0,non_vegetarian
172934,"Pork sausage, link/patty, unprepared",SR Legacy,15.39,24.8,0.93,0.0,288.0,non_vegetarian
173882,"Pork sausage, reduced sodium, cooked",SR Legacy,9.41,22.35,8.13,0.0,271.0,non_vegetarian
168324,"Pork, bacon, rendered fat, cooked",SR Legacy,0.07,99.5,0.0,0.0,898.0,non_vegetarian
167914,"Pork, cured, bacon, cooked, baked",SR Legacy,35.73,43.27,1.35,0.0,548.0,non_vegetarian
167712,"Pork, cured, bacon, cooked, broiled, pan-fried or roasted, reduced sodium",SR Legacy,37.04,41.78,1.43,0.0,541.0,non_vegetarian
168321,"Pork, cured, bacon, cooked, microwaved",SR Legacy,39.01,34.12,0.48,0.0,476.0,non_vegetarian
749420,"Pork, cured, bacon, cooked, restaurant",Foundation Foods,40.9,36.5,2.1,,500.0,non_vegetarian
168322,"Pork, cured, bacon, pre-sliced, cooked, pan-fried",SR Legacy,33.92,35.09,1.7,0.0,468.0,non_vegetarian
168277,"Pork, cured, bacon, unprepared",SR Legacy,13.66,37.13,0.0,0.0,393.0,non_vegetarian
168278,"Pork, cured, breakfast strips, raw or unheated",SR Legacy,11.74,37.16,0.7,0.0,388.0,non_vegetarian
167870,"Pork, cured, feet, pickled",SR Legacy,11.63,10.02,0.01,0.0,140.0,non_vegetarian
169164,"Pork, cured, ham -- water added, rump, bone-in, separable lean and fat, heated, roasted",SR Legacy,20.1,8.56,0.99,0.0,161.0,non_vegetarian
168348,"Pork, cured, ham -- water added, rump, bone-in, separable lean and fat, unheated",SR Legacy,13.99,12.5,0.8,0.0,172.0,non_vegetarian
167915,"Pork, cured, ham -- water added, rump, bone-in, separable lean only, heated, roasted",SR Legacy,21.41,3.56,0.87,0.0,121.0,non_vegetarian
167916,"Pork, cured, ham -- water added, rump, bone-in, separable lean only, unheated",SR Legacy,15.43,3.48,0.67,0.0,95.0,non_vegetarian
169165,"Pork, cured, ham -- water added, shank, bone-in, separable lean and fat, heated, roasted",SR Legacy,18.62,13.37,1.35,0.0,200.0,non_vegetarian
168347,"Pork, cured, ham -- water added, shank, bone-in, separable lean and fat, unheated",SR Legacy,16.65,11.02,0.66,0.0,167.0,non_vegetarian
167917,"Pork, cured, ham -- water added, shank, bone-in, separable lean only, heated, roasted",SR Legacy,20.92,4.43,1.2,0.0,128.0,non_vegetarian
168336,"Pork, cured, ham -- water added, shank, bone-in, separable lean only, unheated",SR Legacy,18.65,1.87,0.71,0.0,91.0,non_vegetarian
169166,"Pork, cured, ham -- water added, slice, bone-in, separable lean and fat, heated, pan-broil",SR Legacy,20.8,8.73,1.54,0.0,166.0,non_vegetarian
168346,"Pork, cured, ham -- water added, slice, bone-in, separable lean and fat, unheated",SR Legacy,15.73,10.77,1.1,0.0,164.0,non_vegetarian
167918,"Pork, cured, ham -- water added, slice, bone-in, separable lean only, heated, pan-broil",SR Legacy,22.04,4.3,1.48,0.0,131.0,non_vegetarian
169151,"Pork, cured, ham -- water added, slice, bone-in, separable lean only, unheated",SR Legacy,17.38,2.29,1.23,0.0,95.0,non_vegetarian
169167,"Pork, cured, ham -- water added, slice, boneless, separable lean and fat, heated, pan-broil",SR Legacy,18.62,5.05,1.72,0.0,125.0,non_vegetarian
168329,"Pork, cured, ham -- water added, slice, boneless, separable lean only, heated, pan-broil",SR Legacy,18.82,4.09,1.75,0.0,119.0,non_vegetarian
168349,"Pork, cured, ham -- water added, whole, boneless, separable lean and fat, heated, roasted",SR Legacy,17.77,5.48,1.54,0.0,126.0,non_vegetarian
168345,"Pork, cured, ham -- water added, whole, boneless, separable lean and fat, unheated",SR Legacy,17.06,5.38,1.42,0.0,121.0,non_vegetarian
169148,"Pork, cured, ham -- water added, whole, boneless, separable lean only, heated, roasted",SR Legacy,17.99,4.39,1.57,0.0,117.0,non_vegetarian
169149,"Pork, cured, ham -- water added, whole, boneless, separable lean only, unheated",SR Legacy,17.34,3.97,1.45,0.0,110.0,non_vegetarian
168350,"Pork, cured, ham and water product, rump, bone-in, separable lean and fat, heated, roasted",SR Legacy,19.46,11.48,1.15,0.0,186.0,non_vegetarian
169163,"Pork, cured, ham and water product, rump, bone-in, separable lean and fat, unheated",SR Legacy,16.09,12.13,1.35,0.0,179.0,non_vegetarian
168332,"Pork, cured, ham and water product, rump, bone-in, separable lean only, heated, roasted",SR Legacy,21.28,4.7,1.15,0.0,131.0,non_vegetarian
169152,"Pork, cured, ham and water product, rump, bone-in, separable lean only, unheated",SR Legacy,17.93,3.38,1.24,0.0,107.0,non_vegetarian
168351,"Pork, cured, ham and water product, shank, bone-in, separable lean and fat, heated, roasted",SR Legacy,18.17,17.29,1.42,0.0,234.0,non_vegetarian
169162,"Pork, cured, ham and water product, shank, bone-in, separable lean and fat, unheated",SR Legacy,14.28,20.0,1.42,0.0,243.0,non_vegetarian
169150,"Pork, cured, ham and water product, shank, bone-in, separable lean only, heated, roasted",SR Legacy,21.69,4.45,1.26,0.0,132.0,non_vegetarian
169154,"Pork, cured, ham and water product, shank, bone-in, unheated, separable lean only",SR Legacy,17.53,4.18,1.2,0.0,113.0,non_vegetarian
168352,"Pork, cured, ham and water product, slice, bone-in, separable lean and fat, heated, pan-broil",SR Legacy,19.85,7.78,1.41,0.0,155.0,non_vegetarian
169161,"Pork, cured, ham and water product, slice, bone-in, separable lean and fat, unheated",SR Legacy,13.69,9.29,2.72,0.0,149.0,non_vegetarian
168325,"Pork, cured, ham and water product, slice, bone-in, separable lean only, heated, pan-broil",SR Legacy,20.9,3.63,1.35,0.0,122.0,non_vegetarian
169153,"Pork, cured, ham and water product, slice, bone-in, separable lean only, unheated",SR Legacy,14.47,3.78,2.82,0.0,103.0,non_vegetarian
169168,"Pork, cured, ham and water product, slice, boneless, separable lean and fat, heated, pan-broil",SR Legacy,15.08,5.13,4.69,0.0,124.0,non_vegetarian
168326,"Pork, cured, ham and water product, slice, boneless, separable lean only, heated, pan-broil",SR Legacy,15.09,5.06,4.69,0.0,123.0,non_vegetarian
169169,"Pork, cured, ham and water product, whole, boneless, separable lean and fat, heated, roasted",SR Legacy,13.88,5.46,4.61,0.0,123.0,non_vegetarian
169160,"Pork, cured, ham and water product, whole, boneless, separable lean and fat, unheated",SR Legacy,14.05,4.99,4.21,0.0,117.0,non_vegetarian
168327,"Pork, cured, ham and water product, whole, boneless, separable lean only, heated, roasted",SR Legacy,13.88,5.46,4.61,0.0,123.0,non_vegetarian
168328,"Pork, cured, ham and water product, whole, boneless, separable lean only, unheated",SR Legacy,14.07,4.86,4.22,0.0,116.0,non_vegetarian
169170,"Pork, cured, ham with natural juices, rump, bone-in, separable lean and fat, heated, roasted",SR Legacy,22.47,9.39,0.6,0.0,177.0,non_vegetarian
168344,"Pork, cured, ham with natural juices, rump, bone-in, separable lean and fat, unheated",SR Legacy,19.7,13.26,0.43,0.0,200.0,non_vegetarian
167919,"Pork, cured, ham with natural juices, rump, bone-in, separable lean only, heated, roasted",SR Legacy,24.14,4.25,0.48,0.0,137.0,non_vegetarian
168337,"Pork, cured, ham with natural juices, rump, bone-in, separable lean only, unheated",SR Legacy,22.71,3.47,0.43,0.0,122.0,non_vegetarian
169171,"Pork, cured, ham with natural juices, shank, bone-in, separable lean and fat, heated, roasted",SR Legacy,22.88,10.93,0.33,0.0,191.0,non_vegetarian
168343,"Pork, cured, ham with natural juices, shank, bone-in, separable lean and fat, unheated",SR Legacy,22.35,11.11,0.32,0.0,191.0,non_vegetarian
167920,"Pork, cured, ham with natural juices, shank, bone-in, separable lean only, heated, roasted",SR Legacy,24.95,4.97,0.34,0.0,145.0,non_vegetarian
168338,"Pork, cured, ham with natural juices, shank, bone-in, separable lean only, unheated",SR Legacy,25.11,3.33,0.3,0.0,130.0,non_vegetarian
169172,"Pork, cured, ham with natural juices, slice, bone-in, separable lean and fat, heated, pan-broil",SR Legacy,26.18,8.28,0.17,0.0,180.0,non_vegetarian
168342,"Pork, cured, ham with natural juices, slice, bone-in, separable lean and fat, unheated",SR Legacy,22.82,7.4,0.17,0.0,159.0,non_vegetarian
168330,"Pork, cured, ham with natural juices, slice, bone-in, separable lean only, heated, pan-broil",SR Legacy,27.75,4.38,0.0,0.0,150.0,non_vegetarian
168339,"Pork, cured, ham with natural juices, slice, bone-in, separable lean only, unheated",SR Legacy,24.34,2.87,0.0,0.0,123.0,non_vegetarian
168353,"Pork, cured, ham with natural juices, slice, boneless, separable lean and fat, heated, pan-broil",SR Legacy,20.89,3.4,1.04,0.0,118.0,non_vegetarian
168333,"Pork, cured, ham with natural juices, slice, boneless, separable lean only, heated, pan-broil",SR Legacy,20.95,3.16,1.05,0.0,116.0,non_vegetarian
168354,"Pork, cured, ham with natural juices, spiral slice, boneless, separable lean and fat, heated, roasted",SR Legacy,22.18,5.1,1.06,0.0,139.0,non_vegetarian
168341,"Pork, cured, ham with natural juices, spiral slice, boneless, separable lean and fat, unheated",SR Legacy,18.66,5.75,1.18,0.0,129.0,non_vegetarian
168340,"Pork, cured, ham with natural juices, spiral slice, boneless, separable lean only, unheated",SR Legacy,19.25,3.26,1.22,0.0,109.0,non_vegetarian
168331,"Pork, cured, ham with natural juices, spiral slice, meat only, boneless, separable lean only, heated, roasted",SR Legacy,22.56,3.78,1.08,0.0,126.0,non_vegetarian
168355,"Pork, cured, ham with natural juices, whole, boneless, separable lean and fat, heated, roasted",SR Legacy,20.54,3.13,0.84,0.0,114.0,non_vegetarian
169159,"Pork, cured, ham with natural juices, whole, boneless, separable lean and fat, unheated",SR Legacy,19.38,3.43,1.02,0.0,112.0,non_vegetarian
168334,"Pork, cured, ham with natural juices, whole, boneless, separable lean only, heated, roasted",SR Legacy,20.57,3.01,0.84,0.0,113.0,non_vegetarian
168335,"Pork, cured, ham with natural juices, whole, boneless, separable lean only, unheated",SR Legacy,19.44,3.21,1.03,0.0,111.0,non_vegetarian
167871,"Pork, cured, ham, boneless, extra lean (approximately 5% fat), roasted",SR Legacy,20.93,5.53,1.5,0.0,145.0,non_vegetarian
168296,"Pork, cured, ham, boneless, extra lean and regular, roasted",SR Legacy,21.97,7.66,0.5,0.0,165.0,non_vegetarian
168295,"Pork, cured, ham, boneless, extra lean and regular, unheated",SR Legacy,18.26,8.39,2.28,0.0,162.0,non_vegetarian
168111,"Pork, cured, ham, boneless, low sodium, extra lean (approximately 5% fat), roasted",SR Legacy,20.9,5.5,1.5,0.0,145.0,non_vegetarian
169906,"Pork, cured, ham, boneless, low sodium, extra lean and regular, roasted",SR Legacy,22.0,7.7,0.5,0.0,165.0,non_vegetarian
167872,"Pork, cured, ham, boneless, regular (approximately 11% fat), roasted",SR Legacy,22.62,9.02,0.0,0.0,178.0,non_vegetarian
168282,"Pork, cured, ham, center slice, country-style, separable lean only, raw",SR Legacy,27.8,8.32,0.3,0.0,195.0,non_vegetarian
168283,"Pork, cured, ham, center slice, separable lean and fat, unheated",SR Legacy,20.17,12.9,0.05,0.0,203.0,non_vegetarian
168280,"Pork, cured, ham, extra lean (approximately 4% fat), canned, roasted",SR Legacy,21.16,4.88,0.52,0.0,136.0,non_vegetarian
168279,"Pork, cured, ham, extra lean (approximately 4% fat), canned, unheated",SR Legacy,18.49,4.56,0.0,0.0,120.0,non_vegetarian
167886,"Pork, cured, ham, extra lean and regular, canned, roasted",SR Legacy,20.94,8.43,0.49,0.0,167.0,non_vegetarian
167885,"Pork, cured, ham, extra lean and regular, canned, unheated",SR Legacy,17.97,7.46,0.0,0.0,144.0,non_vegetarian
168110,"Pork, cured, ham, low sodium, lean and fat, cooked",SR Legacy,22.3,8.3,0.3,0.0,172.0,non_vegetarian
167873,"Pork, cured, ham, patties, unheated",SR Legacy,12.78,28.19,1.69,0.0,315.0,non_vegetarian
168281,"Pork, cured, ham, regular (approximately 13% fat), canned, roasted",SR Legacy,20.53,15.2,0.42,0.0,226.0,non_vegetarian
168356,"Pork, cured, ham, rump, bone-in, separable lean and fat, heated, roasted",SR Legacy,23.95,8.88,0.64,0.0,177.0,non_vegetarian
168367,"Pork, cured, ham, rump, bone-in, separable lean and fat, unheated",SR Legacy,22.27,9.38,0.52,0.0,176.0,non_vegetarian
169173,"Pork, cured, ham, rump, bone-in, separable lean only, heated, roasted",SR Legacy,26.02,3.07,0.68,0.0,132.0,non_vegetarian
169174,"Pork, cured, ham, rump, bone-in, separable lean only, unheated",SR Legacy,24.46,2.92,0.32,0.0,125.0,non_vegetarian
169155,"Pork, cured, ham, separable fat, boneless, heated",SR Legacy,8.77,51.57,2.0,0.0,507.0,non_vegetarian
169156,"Pork, cured, ham, separable fat, boneless, unheated",SR Legacy,7.5,53.0,1.87,0.0,515.0,non_vegetarian
168357,"Pork, cured, ham, shank, bone-in, separable lean and fat, heated, roasted",SR Legacy,24.39,9.35,0.64,0.0,191.0,non_vegetarian
168358,"Pork, cured, ham, shank, bone-in, separable lean and fat, unheated",SR Legacy,21.61,9.85,0.41,0.0,177.0,non_vegetarian
169175,"Pork, cured, ham, shank, bone-in, separable lean only, heated, roasted",SR Legacy,26.49,3.68,0.68,0.0,139.0,non_vegetarian
169176,"Pork, cured, ham, shank, bone-in, separable lean only, unheated",SR Legacy,23.79,3.19,0.18,0.0,125.0,non_vegetarian
168359,"Pork, cured, ham, slice, bone-in, separable lean and fat, heated, pan-broil",SR Legacy,25.48,8.48,0.7,0.0,181.0,non_vegetarian
169177,"Pork, cured, ham, slice, bone-in, separable lean and fat, unheated",SR Legacy,22.45,9.17,0.21,0.0,173.0,non_vegetarian
169158,"Pork, cured, ham, slice, bone-in, separable lean only, heated, pan-broil",SR Legacy,27.18,4.09,0.74,0.0,148.0,non_vegetarian
168360,"Pork, cured, ham, slice, bone-in, separable lean only, unheated",SR Legacy,24.36,3.59,0.0,0.0,130.0,non_vegetarian
167874,"Pork, cured, ham, steak, boneless, extra lean, unheated",SR Legacy,19.56,4.25,0.0,0.0,122.0,non_vegetarian
167875,"Pork, cured, ham, whole, separable lean and fat, unheated",SR Legacy,18.49,18.52,0.06,0.0,246.0,non_vegetarian
168284,"Pork, cured, ham, whole, separable lean only, roasted",SR Legacy,25.05,5.5,0.0,0.0,157.0,non_vegetarian
167876,"Pork, cured, ham, whole, separable lean only, unheated",SR Legacy,22.32,5.71,0.05,0.0,147.0,non_vegetarian
168287,"Pork, cured, salt pork, raw",SR Legacy,5.05,80.5,0.0,0.0,748.0,non_vegetarian
167878,"Pork, cured, separable fat (from ham and arm picnic), roasted",SR Legacy,7.64,61.86,0.0,0.0,591.0,non_vegetarian
167877,"Pork, cured, separable fat (from ham and arm picnic), unheated",SR Legacy,5.68,61.41,0.09,0.0,579.0,non_vegetarian
167879,"Pork, cured, shoulder, arm picnic, separable lean and fat, roasted",SR Legacy,20.43,21.35,0.0,0.0,280.0,non_vegetarian
167880,"Pork, cured, shoulder, arm picnic, separable lean only, roasted",SR Legacy,24.94,7.04,0.0,0.0,170.0,non_vegetarian
168289,"Pork, cured, shoulder, blade roll, separable lean and fat, roasted",SR Legacy,17.28,23.48,0.37,0.0,287.0,non_vegetarian
168288,"Pork, cured, shoulder, blade roll, separable lean and fat, unheated",SR Legacy,16.47,21.98,0.0,0.0,269.0,non_vegetarian
167811,"Pork, fresh, backfat, raw",SR Legacy,2.92,88.69,0.0,0.0,812.0,non_vegetarian
168300,"Pork, fresh, backribs, separable lean and fat, cooked, roasted",SR Legacy,23.01,21.51,0.0,0.0,292.0,non_vegetarian
168299,"Pork, fresh, backribs, separable lean and fat, raw",SR Legacy,19.07,16.33,0.0,0.0,224.0,non_vegetarian
167812,"Pork, fresh, belly, raw",SR Legacy,9.34,53.01,0.0,0.0,518.0,non_vegetarian
168380,"Pork, fresh, blade, (chops), boneless, separable lean and fat, cooked, broiled",SR Legacy,24.73,11.13,0.83,0.0,202.0,non_vegetarian
168219,"Pork, fresh, carcass, separable lean and fat, raw",SR Legacy,13.91,35.07,0.0,0.0,376.0,non_vegetarian
168218,"Pork, fresh, composite of separable fat, with added solution, cooked",SR Legacy,10.06,60.42,0.32,0.0,585.0,non_vegetarian
169179,"Pork, fresh, composite of separable fat, with added solution, raw",SR Legacy,9.27,52.33,0.0,0.0,508.0,non_vegetarian
167810,"Pork, fresh, composite of trimmed leg, loin, shoulder, and spareribs, (includes cuts to be cured), separable lean and fat, raw",SR Legacy,18.22,14.79,0.0,0.0,211.0,non_vegetarian
167855,"Pork, fresh, composite of trimmed retail cuts (leg, loin, and shoulder), separable lean only, cooked",SR Legacy,27.51,9.21,0.0,0.0,201.0,non_vegetarian
168220,"Pork, fresh, composite of trimmed retail cuts (leg, loin, shoulder), separable lean only, raw",SR Legacy,21.2,4.86,0.0,0.0,134.0,non_vegetarian
168297,"Pork, fresh, composite of trimmed retail cuts (leg, loin, shoulder, and spareribs), separable lean and fat, cooked",SR Legacy,26.36,13.89,0.0,0.0,238.0,non_vegetarian
167888,"Pork, fresh, composite of trimmed retail cuts (leg, loin, shoulder, and spareribs), separable lean and fat, raw",SR Legacy,18.95,14.95,0.0,0.0,216.0,non_vegetarian
167906,"Pork, fresh, composite of trimmed retail cuts (loin and shoulder blade), separable lean and fat, cooked",SR Legacy,26.07,13.66,0.0,0.0,235.0,non_vegetarian
168316,"Pork, fresh, composite of trimmed retail cuts (loin and shoulder blade), separable lean and fat, raw",SR Legacy,20.08,10.14,0.0,0.0,177.0,non_vegetarian
167908,"Pork, fresh, composite of trimmed retail cuts (loin and shoulder blade), separable lean only, cooked",SR Legacy,29.47,9.44,0.0,0.0,211.0,non_vegetarian
167907,"Pork, fresh, composite of trimmed retail cuts (loin and shoulder blade), separable lean only, raw",SR Legacy,21.23,5.88,0.0,0.0,144.0,non_vegetarian
168361,"Pork, fresh, enhanced, loin, tenderloin, separable lean only, raw",SR Legacy,20.39,2.09,0.0,0.0,106.0,non_vegetarian
167903,"Pork, fresh, ground, cooked",SR Legacy,25.69,20.77,0.0,0.0,297.0,non_vegetarian
167902,"Pork, fresh, ground, raw",SR Legacy,16.88,21.19,0.0,0.0,263.0,non_vegetarian
167815,"Pork, fresh, leg (ham), rump half, separable lean and fat, cooked, roasted",SR Legacy,27.03,10.32,0.0,0.0,209.0,non_vegetarian
167814,"Pork, fresh, leg (ham), rump half, separable lean and fat, raw",SR Legacy,20.27,10.63,0.0,0.0,182.0,non_vegetarian
167817,"Pork, fresh, leg (ham), rump half, separable lean only, cooked, roasted",SR Legacy,28.86,4.62,0.0,0.0,165.0,non_vegetarian
167816,"Pork, fresh, leg (ham), rump half, separable lean only, raw (Includes foods for USDA's Food Distribution Program)",SR Legacy,21.81,2.93,0.0,0.0,120.0,non_vegetarian
168227,"Pork, fresh, leg (ham), shank half, separable lean and fat, cooked, roasted",SR Legacy,25.96,13.42,0.0,0.0,232.0,non_vegetarian
168226,"Pork, fresh, leg (ham), shank half, separable lean and fat, raw",SR Legacy,19.87,11.96,0.0,0.0,193.0,non_vegetarian
168229,"Pork, fresh, leg (ham), shank half, separable lean only, cooked, roasted",SR Legacy,28.69,5.83,0.0,0.0,175.0,non_vegetarian
168228,"Pork, fresh, leg (ham), shank half, separable lean only, raw",SR Legacy,21.66,2.95,0.0,0.0,119.0,non_vegetarian
168223,"Pork, fresh, leg (ham), whole, separable lean and fat, cooked, roasted",SR Legacy,26.83,17.61,0.0,0.0,273.0,non_vegetarian
168222,"Pork, fresh, leg (ham), whole, separable lean and fat, raw",SR Legacy,17.43,18.87,0.0,0.0,245.0,non_vegetarian
168225,"Pork, fresh, leg (ham), whole, separable lean only, cooked, roasted",SR Legacy,29.41,9.44,0.0,0.0,211.0,non_vegetarian
168224,"Pork, fresh, leg (ham), whole, separable lean only, raw",SR Legacy,20.48,5.41,0.0,0.0,136.0,non_vegetarian
167822,"Pork, fresh, loin, blade (chops or roasts), bone-in, separable lean and fat, raw",SR Legacy,19.56,12.27,0.0,0.0,194.0,non_vegetarian
168234,"Pork, fresh, loin, blade (chops or roasts), bone-in, separable lean only, raw",SR Legacy,21.22,5.84,0.0,0.0,143.0,non_vegetarian
168381,"Pork, fresh, loin, blade (chops or roasts), boneless, separable lean and fat only, raw",SR Legacy,20.54,7.94,0.76,0.0,157.0,non_vegetarian
169194,"Pork, fresh, loin, blade (chops or roasts), boneless, separable lean only, raw",SR Legacy,21.35,3.78,0.82,0.0,123.0,non_vegetarian
167823,"Pork, fresh, loin, blade (chops), bone-in, separable lean and fat, cooked, braised",SR Legacy,26.54,15.71,0.0,0.0,255.0,non_vegetarian
167824,"Pork, fresh, loin, blade (chops), bone-in, separable lean and fat, cooked, broiled",SR Legacy,23.72,14.35,0.0,0.0,231.0,non_vegetarian
167884,"Pork, fresh, loin, blade (chops), bone-in, separable lean and fat, cooked, pan-fried",SR Legacy,25.02,16.56,0.0,0.0,256.0,non_vegetarian
168235,"Pork, fresh, loin, blade (chops), bone-in, separable lean only, cooked, braised",SR Legacy,28.02,11.29,0.0,0.0,222.0,non_vegetarian
168236,"Pork, fresh, loin, blade (chops), bone-in, separable lean only, cooked, broiled",SR Legacy,24.99,9.56,0.0,0.0,193.0,non_vegetarian
167868,"Pork, fresh, loin, blade (chops), bone-in, separable lean only, cooked, pan-fried",SR Legacy,26.38,12.14,0.0,0.0,222.0,non_vegetarian
169196,"Pork, fresh, loin, blade (chops), boneless, separable lean only, boneless, cooked, broiled",SR Legacy,26.14,6.74,0.89,0.0,169.0,non_vegetarian
167825,"Pork, fresh, loin, blade (roasts), bone-in, separable lean and fat, cooked, roasted",SR Legacy,24.29,16.71,0.0,0.0,254.0,non_vegetarian
168237,"Pork, fresh, loin, blade (roasts), bone-in, separable lean only, cooked, roasted",SR Legacy,25.7,11.89,0.0,0.0,217.0,non_vegetarian
169198,"Pork, fresh, loin, blade (roasts), boneless, separable lean and fat, cooked, roasted",SR Legacy,26.48,10.32,0.0,0.0,199.0,non_vegetarian
169195,"Pork, fresh, loin, blade (roasts), boneless, separable lean only, cooked, roasted",SR Legacy,27.58,7.14,0.0,0.0,175.0,non_vegetarian
167826,"Pork, fresh, loin, center loin (chops), bone-in, separable lean and fat, cooked, braised",SR Legacy,28.21,13.51,0.0,0.0,242.0,non_vegetarian
167827,"Pork, fresh, loin, center loin (chops), bone-in, separable lean and fat, cooked, broiled",SR Legacy,25.61,11.06,0.0,0.0,209.0,non_vegetarian
168292,"Pork, fresh, loin, center loin (chops), bone-in, separable lean and fat, cooked, pan-fried",SR Legacy,27.63,13.32,0.0,0.0,238.0,non_vegetarian
168238,"Pork, fresh, loin, center loin (chops), bone-in, separable lean and fat, raw",SR Legacy,20.71,9.03,0.0,0.0,170.0,non_vegetarian
168239,"Pork, fresh, loin, center loin (chops), bone-in, separable lean only, cooked, braised",SR Legacy,30.2,7.86,0.0,0.0,200.0,non_vegetarian
168240,"Pork, fresh, loin, center loin (chops), bone-in, separable lean only, cooked, broiled",SR Legacy,26.76,7.29,0.0,0.0,180.0,non_vegetarian
167882,"Pork, fresh, loin, center loin (chops), bone-in, separable lean only, cooked, pan-fried",SR Legacy,29.56,7.66,0.0,0.0,195.0,non_vegetarian
167829,"Pork, fresh, loin, center loin (chops), bone-in, separable lean only, raw",SR Legacy,21.99,3.71,0.0,0.0,127.0,non_vegetarian
168298,"Pork, fresh, loin, center loin (chops), boneless, separable lean and fat, cooked, pan-broiled",SR Legacy,26.68,13.6,0.0,0.0,229.0,non_vegetarian
168286,"Pork, fresh, loin, center loin (chops), boneless, separable lean and fat, raw",SR Legacy,21.14,12.96,0.0,0.0,201.0,non_vegetarian
168285,"Pork, fresh, loin, center loin (chops), boneless, separable lean only, cooked, pan-broiled",SR Legacy,30.02,4.65,0.0,0.0,162.0,non_vegetarian
168263,"Pork, fresh, loin, center loin (chops), boneless, separable lean only, raw",SR Legacy,23.75,3.09,0.0,0.0,123.0,non_vegetarian
167828,"Pork, fresh, loin, center loin (roasts), bone-in, separable lean and fat, cooked, roasted",SR Legacy,27.01,12.8,0.0,0.0,231.0,non_vegetarian
168241,"Pork, fresh, loin, center loin (roasts), bone-in, separable lean only, cooked, roasted",SR Legacy,28.58,7.95,0.0,0.0,194.0,non_vegetarian
168242,"Pork, fresh, loin, center rib (chops or roasts), bone-in, separable lean and fat, raw",SR Legacy,20.28,11.04,0.0,0.0,186.0,non_vegetarian
167833,"Pork, fresh, loin, center rib (chops or roasts), bone-in, separable lean only, raw",SR Legacy,21.79,4.8,0.0,0.0,136.0,non_vegetarian
167889,"Pork, fresh, loin, center rib (chops or roasts), boneless, separable lean and fat, raw",SR Legacy,19.9,14.01,0.0,0.0,211.0,non_vegetarian
168302,"Pork, fresh, loin, center rib (chops or roasts), boneless, separable lean only, raw",SR Legacy,21.8,6.48,0.0,0.0,152.0,non_vegetarian
167830,"Pork, fresh, loin, center rib (chops), bone-in, separable lean and fat, cooked, braised",SR Legacy,26.66,16.28,0.0,0.0,261.0,non_vegetarian
167831,"Pork, fresh, loin, center rib (chops), bone-in, separable lean and fat, cooked, broiled",SR Legacy,24.42,13.04,0.0,0.0,222.0,non_vegetarian
168293,"Pork, fresh, loin, center rib (chops), bone-in, separable lean and fat, cooked, pan-fried",SR Legacy,26.81,15.71,0.0,0.0,256.0,non_vegetarian
168243,"Pork, fresh, loin, center rib (chops), bone-in, separable lean only, cooked, braised",SR Legacy,29.03,9.32,0.0,0.0,208.0,non_vegetarian
168244,"Pork, fresh, loin, center rib (chops), bone-in, separable lean only, cooked, broiled",SR Legacy,25.79,8.36,0.0,0.0,186.0,non_vegetarian
167883,"Pork, fresh, loin, center rib (chops), bone-in, separable lean only, cooked, pan-fried",SR Legacy,28.84,9.73,0.0,0.0,211.0,non_vegetarian
167890,"Pork, fresh, loin, center rib (chops), boneless, separable lean and fat, cooked, braised",SR Legacy,26.29,15.79,0.0,0.0,255.0,non_vegetarian
167891,"Pork, fresh, loin, center rib (chops), boneless, separable lean and fat, cooked, broiled",SR Legacy,27.63,15.76,0.0,0.0,260.0,non_vegetarian
167892,"Pork, fresh, loin, center rib (chops), boneless, separable lean and fat, cooked, pan-fried",SR Legacy,25.82,18.05,0.0,0.0,273.0,non_vegetarian
168303,"Pork, fresh, loin, center rib (chops), boneless, separable lean only, cooked, braised",SR Legacy,27.95,10.14,0.0,0.0,211.0,non_vegetarian
168304,"Pork, fresh, loin, center rib (chops), boneless, separable lean only, cooked, broiled",SR Legacy,29.46,10.05,0.0,0.0,216.0,non_vegetarian
167893,"Pork, fresh, loin, center rib (chops), boneless, separable lean only, cooked, pan-fried",SR Legacy,27.68,11.8,0.0,0.0,224.0,non_vegetarian
167832,"Pork, fresh, loin, center rib (roasts), bone-in, separable lean and fat, cooked, roasted",SR Legacy,26.99,14.68,0.0,0.0,248.0,non_vegetarian
168245,"Pork, fresh, loin, center rib (roasts), bone-in, separable lean only, cooked, roasted",SR Legacy,28.82,9.21,0.0,0.0,206.0,non_vegetarian
168301,"Pork, fresh, loin, center rib (roasts), boneless, separable lean and fat, cooked, roasted",SR Legacy,26.99,15.15,0.0,0.0,252.0,non_vegetarian
167894,"Pork, fresh, loin, center rib (roasts), boneless, separable lean only, cooked, roasted",SR Legacy,28.81,10.13,0.0,0.0,214.0,non_vegetarian
169200,"Pork, fresh, loin, country-style ribs, separable lean and fat, bone-in, cooked, broiled",SR Legacy,25.58,17.56,0.0,0.0,260.0,non_vegetarian
167897,"Pork, fresh, loin, country-style ribs, separable lean and fat, bone-in, cooked, roasted",SR Legacy,21.75,29.46,0.0,0.0,359.0,non_vegetarian
169199,"Pork, fresh, loin, country-style ribs, separable lean and fat, boneless, cooked, broiled",SR Legacy,26.28,15.73,0.0,0.0,247.0,non_vegetarian
169201,"Pork, fresh, loin, country-style ribs, separable lean and fat, boneless, cooked, roasted",SR Legacy,26.4,18.31,0.0,0.0,270.0,non_vegetarian
167896,"Pork, fresh, loin, country-style ribs, separable lean and fat, cooked, braised",SR Legacy,26.49,17.71,0.0,0.0,273.0,non_vegetarian
167895,"Pork, fresh, loin, country-style ribs, separable lean and fat, raw",SR Legacy,19.34,11.82,0.0,0.0,189.0,non_vegetarian
168378,"Pork, fresh, loin, country-style ribs, separable lean only, bone-in, cooked, broiled",SR Legacy,27.83,11.65,0.0,0.0,216.0,non_vegetarian
168307,"Pork, fresh, loin, country-style ribs, separable lean only, bone-in, cooked, roasted",SR Legacy,29.2,11.38,0.0,0.0,227.0,non_vegetarian
169197,"Pork, fresh, loin, country-style ribs, separable lean only, boneless, cooked, broiled",SR Legacy,27.83,11.65,0.0,0.0,216.0,non_vegetarian
168379,"Pork, fresh, loin, country-style ribs, separable lean only, boneless, cooked, roasted",SR Legacy,29.2,11.38,0.0,0.0,219.0,non_vegetarian
168306,"Pork, fresh, loin, country-style ribs, separable lean only, cooked, braised",SR Legacy,27.74,14.26,0.0,0.0,247.0,non_vegetarian
168305,"Pork, fresh, loin, country-style ribs, separable lean only, raw",SR Legacy,20.76,5.64,0.0,0.0,140.0,non_vegetarian
168246,"Pork, fresh, loin, sirloin (chops or roasts), bone-in, separable lean and fat, raw",SR Legacy,20.48,8.96,0.0,0.0,168.0,non_vegetarian
167837,"Pork, fresh, loin, sirloin (chops or roasts), bone-in, separable lean only, raw",SR Legacy,21.65,4.02,0.0,0.0,129.0,non_vegetarian
168308,"Pork, fresh, loin, sirloin (chops or roasts), boneless, separable lean and fat, raw",SR Legacy,22.49,4.05,0.0,0.0,133.0,non_vegetarian
167901,"Pork, fresh, loin, sirloin (chops or roasts), boneless, separable lean only, raw",SR Legacy,22.81,2.59,0.0,0.0,121.0,non_vegetarian
167834,"Pork, fresh, loin, sirloin (chops), bone-in, separable lean and fat, cooked, braised",SR Legacy,28.81,12.31,0.0,0.0,234.0,non_vegetarian
167835,"Pork, fresh, loin, sirloin (chops), bone-in, separable lean and fat, cooked, broiled",SR Legacy,26.96,11.82,0.0,0.0,222.0,non_vegetarian
167838,"Pork, fresh, loin, sirloin (chops), bone-in, separable lean only, cooked, braised",SR Legacy,31.0,6.9,0.0,0.0,195.0,non_vegetarian
168247,"Pork, fresh, loin, sirloin (chops), bone-in, separable lean only, cooked, broiled",SR Legacy,29.29,5.45,0.0,0.0,174.0,non_vegetarian
167898,"Pork, fresh, loin, sirloin (chops), boneless, separable lean and fat, cooked, braised",SR Legacy,28.41,5.47,0.0,0.0,171.0,non_vegetarian
167899,"Pork, fresh, loin, sirloin (chops), boneless, separable lean and fat, cooked, broiled",SR Legacy,28.19,5.53,0.0,0.0,170.0,non_vegetarian
168309,"Pork, fresh, loin, sirloin (chops), boneless, separable lean only, cooked, braised",SR Legacy,28.75,4.5,0.0,0.0,163.0,non_vegetarian
168310,"Pork, fresh, loin, sirloin (chops), boneless, separable lean only, cooked, broiled",SR Legacy,28.6,4.36,0.0,0.0,161.0,non_vegetarian
167836,"Pork, fresh, loin, sirloin (roasts), bone-in, separable lean and fat, cooked, roasted",SR Legacy,26.64,12.87,0.0,0.0,230.0,non_vegetarian
168248,"Pork, fresh, loin, sirloin (roasts), bone-in, separable lean only, cooked, roasted",SR Legacy,27.78,9.44,0.0,0.0,204.0,non_vegetarian
167900,"Pork, fresh, loin, sirloin (roasts), boneless, separable lean and fat, cooked, roasted",SR Legacy,29.62,7.32,0.0,0.0,192.0,non_vegetarian
168311,"Pork, fresh, loin, sirloin (roasts), boneless, separable lean only, cooked, roasted",SR Legacy,30.39,5.31,0.0,0.0,178.0,non_vegetarian
167904,"Pork, fresh, loin, tenderloin, separable lean and fat, cooked, broiled",SR Legacy,29.86,8.11,0.0,0.0,201.0,non_vegetarian
167905,"Pork, fresh, loin, tenderloin, separable lean and fat, cooked, roasted",SR Legacy,26.04,3.96,0.0,0.0,147.0,non_vegetarian
168312,"Pork, fresh, loin, tenderloin, separable lean and fat, raw",SR Legacy,20.65,3.53,0.0,0.0,120.0,non_vegetarian
169185,"Pork, fresh, loin, tenderloin, separable lean and fat, with added solution, cooked, roasted",SR Legacy,21.5,3.7,0.31,0.0,121.0,non_vegetarian
169184,"Pork, fresh, loin, tenderloin, separable lean and fat, with added solution, raw",SR Legacy,20.16,3.14,0.0,0.0,114.0,non_vegetarian
168313,"Pork, fresh, loin, tenderloin, separable lean only, cooked, broiled",SR Legacy,30.42,6.33,0.0,0.0,187.0,non_vegetarian
168250,"Pork, fresh, loin, tenderloin, separable lean only, cooked, roasted",SR Legacy,26.17,3.51,0.0,0.0,143.0,non_vegetarian
168249,"Pork, fresh, loin, tenderloin, separable lean only, raw",SR Legacy,20.95,2.17,0.0,0.0,109.0,non_vegetarian
169180,"Pork, fresh, loin, tenderloin, separable lean only, with added solution, cooked, roasted",SR Legacy,21.61,3.15,0.31,0.0,116.0,non_vegetarian
167840,"Pork, fresh, loin, top loin (chops), boneless, separable lean and fat, cooked, braised",SR Legacy,29.2,8.31,0.0,0.0,200.0,non_vegetarian
167841,"Pork, fresh, loin, top loin (chops), boneless, separable lean and fat, cooked, broiled",SR Legacy,26.62,9.14,0.0,0.0,196.0,non_vegetarian
167887,"Pork, fresh, loin, top loin (chops), boneless, separable lean and fat, cooked, pan-fried",SR Legacy,29.36,7.86,0.0,0.0,196.0,non_vegetarian
167839,"Pork, fresh, loin, top loin (chops), boneless, separable lean and fat, raw",SR Legacy,21.55,6.94,0.0,0.0,155.0,non_vegetarian
169183,"Pork, fresh, loin, top loin (chops), boneless, separable lean and fat, with added solution, cooked, broiled",SR Legacy,28.33,9.42,0.02,0.0,198.0,non_vegetarian
167913,"Pork, fresh, loin, top loin (chops), boneless, separable lean and fat, with added solution, cooked, pan-broiled",SR Legacy,28.35,7.66,0.0,0.0,190.0,non_vegetarian
169182,"Pork, fresh, loin, top loin (chops), boneless, separable lean and fat, with added solution, raw",SR Legacy,19.45,10.26,0.0,0.0,171.0,non_vegetarian
168252,"Pork, fresh, loin, top loin (chops), boneless, separable lean only, cooked, braised",SR Legacy,30.54,4.34,0.0,0.0,170.0,non_vegetarian
168253,"Pork, fresh, loin, top loin (chops), boneless, separable lean only, cooked, broiled",SR Legacy,27.58,6.08,0.0,0.0,173.0,non_vegetarian
168294,"Pork, fresh, loin, top loin (chops), boneless, separable lean only, cooked, pan-fried",SR Legacy,30.46,4.62,0.0,0.0,172.0,non_vegetarian
168251,"Pork, fresh, loin, top loin (chops), boneless, separable lean only, raw",SR Legacy,22.41,3.42,0.0,0.0,127.0,non_vegetarian
168364,"Pork, fresh, loin, top loin (chops), boneless, separable lean only, with added solution, cooked, broiled",SR Legacy,29.65,5.73,0.0,0.0,170.0,non_vegetarian
167912,"Pork, fresh, loin, top loin (chops), boneless, separable lean only, with added solution, cooked, pan-broiled",SR Legacy,28.95,5.0,0.0,0.0,169.0,non_vegetarian
169181,"Pork, fresh, loin, top loin (chops), boneless, separable lean only, with added solution, raw",SR Legacy,21.09,3.48,0.22,0.0,117.0,non_vegetarian
167842,"Pork, fresh, loin, top loin (roasts), boneless, separable lean and fat, cooked, roasted",SR Legacy,26.45,8.82,0.0,0.0,192.0,non_vegetarian
168314,"Pork, fresh, loin, top loin (roasts), boneless, separable lean and fat, raw",SR Legacy,21.34,8.33,0.0,0.0,166.0,non_vegetarian
168254,"Pork, fresh, loin, top loin (roasts), boneless, separable lean only, cooked, roasted",SR Legacy,27.23,6.28,0.0,0.0,173.0,non_vegetarian
168315,"Pork, fresh, loin, top loin (roasts), boneless, separable lean only, raw",SR Legacy,22.39,4.06,0.0,0.0,132.0,non_vegetarian
167819,"Pork, fresh, loin, whole, separable lean and fat, cooked, braised",SR Legacy,27.23,13.62,0.0,0.0,239.0,non_vegetarian
167820,"Pork, fresh, loin, whole, separable lean and fat, cooked, broiled",SR Legacy,27.32,13.92,0.0,0.0,242.0,non_vegetarian
167821,"Pork, fresh, loin, whole, separable lean and fat, cooked, roasted",SR Legacy,27.09,14.65,0.0,0.0,248.0,non_vegetarian
167818,"Pork, fresh, loin, whole, separable lean and fat, raw",SR Legacy,19.74,12.58,0.0,0.0,198.0,non_vegetarian
168231,"Pork, fresh, loin, whole, separable lean only, cooked, braised",SR Legacy,28.57,9.12,0.0,0.0,204.0,non_vegetarian
168232,"Pork, fresh, loin, whole, separable lean only, cooked, broiled",SR Legacy,28.57,9.8,0.0,0.0,210.0,non_vegetarian
168233,"Pork, fresh, loin, whole, separable lean only, cooked, roasted",SR Legacy,28.62,9.63,0.0,0.0,209.0,non_vegetarian
168230,"Pork, fresh, loin, whole, separable lean only, raw",SR Legacy,21.43,5.66,0.0,0.0,143.0,non_vegetarian
168221,"Pork, fresh, separable fat, cooked",SR Legacy,7.06,66.1,0.0,0.0,626.0,non_vegetarian
167813,"Pork, fresh, separable fat, raw",SR Legacy,9.25,65.7,0.0,0.0,632.0,non_vegetarian
167850,"Pork, fresh, shoulder, (Boston butt), blade (steaks), separable lean and fat, cooked, braised",SR Legacy,25.07,17.69,0.0,0.0,267.0,non_vegetarian
167849,"Pork, fresh, shoulder, (Boston butt), blade (steaks), separable lean and fat, raw",SR Legacy,17.42,12.36,0.0,0.0,186.0,non_vegetarian
168366,"Pork, fresh, shoulder, (Boston butt), blade (steaks), separable lean and fat, with added solution, cooked, braised",SR Legacy,25.84,16.94,0.03,0.0,263.0,non_vegetarian
168365,"Pork, fresh, shoulder, (Boston butt), blade (steaks), separable lean and fat,with added solution, raw",SR Legacy,17.19,11.12,0.16,0.0,169.0,non_vegetarian
168261,"Pork, fresh, shoulder, (Boston butt), blade (steaks), separable lean only, cooked, braised",SR Legacy,26.57,13.2,0.0,0.0,233.0,non_vegetarian
168260,"Pork, fresh, shoulder, (Boston butt), blade (steaks), separable lean only, raw",SR Legacy,18.73,5.71,0.0,0.0,132.0,non_vegetarian
168362,"Pork, fresh, shoulder, (Boston butt), blade (steaks), separable lean only, with added solution cooked, braised",SR Legacy,27.58,12.14,0.0,0.0,227.0,non_vegetarian
168363,"Pork, fresh, shoulder, (Boston butt), blade (steaks), separable lean only, with added solution, raw",SR Legacy,18.29,5.36,0.18,0.0,122.0,non_vegetarian
168256,"Pork, fresh, shoulder, arm picnic, separable lean and fat, cooked, braised",SR Legacy,24.88,14.33,0.0,0.0,235.0,non_vegetarian
168257,"Pork, fresh, shoulder, arm picnic, separable lean and fat, cooked, roasted",SR Legacy,23.47,24.01,0.0,0.0,317.0,non_vegetarian
168255,"Pork, fresh, shoulder, arm picnic, separable lean and fat, raw",SR Legacy,18.71,12.51,0.0,0.0,193.0,non_vegetarian
167847,"Pork, fresh, shoulder, arm picnic, separable lean only, cooked, braised",SR Legacy,26.76,8.87,0.0,0.0,194.0,non_vegetarian
167848,"Pork, fresh, shoulder, arm picnic, separable lean only, cooked, roasted",SR Legacy,26.68,12.62,0.0,0.0,228.0,non_vegetarian
168258,"Pork, fresh, shoulder, arm picnic, separable lean only, raw",SR Legacy,20.26,3.77,0.0,0.0,120.0,non_vegetarian
168259,"Pork, fresh, shoulder, blade, boston (roasts), separable lean and fat, cooked, roasted",SR Legacy,23.11,18.86,0.0,0.0,269.0,non_vegetarian
167852,"Pork, fresh, shoulder, blade, boston (roasts), separable lean only, cooked, roasted",SR Legacy,24.21,14.3,0.0,0.0,232.0,non_vegetarian
167851,"Pork, fresh, shoulder, blade, boston (steaks), separable lean and fat, cooked, broiled",SR Legacy,25.58,16.61,0.0,0.0,259.0,non_vegetarian
168262,"Pork, fresh, shoulder, blade, boston (steaks), separable lean only, cooked, broiled",SR Legacy,26.74,12.54,0.0,0.0,227.0,non_vegetarian
167844,"Pork, fresh, shoulder, whole, separable lean and fat, cooked, roasted",SR Legacy,23.28,21.39,0.0,0.0,292.0,non_vegetarian
167843,"Pork, fresh, shoulder, whole, separable lean and fat, raw",SR Legacy,17.18,17.99,0.0,0.0,236.0,non_vegetarian
167846,"Pork, fresh, shoulder, whole, separable lean only, cooked, roasted",SR Legacy,25.33,13.54,0.0,0.0,230.0,non_vegetarian
167845,"Pork, fresh, shoulder, whole, separable lean only, raw",SR Legacy,19.55,7.14,0.0,0.0,148.0,non_vegetarian
167854,"Pork, fresh, spareribs, separable lean and fat, cooked, braised",SR Legacy,29.06,30.3,0.0,0.0,397.0,non_vegetarian
169178,"Pork, fresh, spareribs, separable lean and fat, cooked, roasted",SR Legacy,20.89,30.86,0.0,0.0,361.0,non_vegetarian
167853,"Pork, fresh, spareribs, separable lean and fat, raw",SR Legacy,15.47,23.4,0.0,0.0,277.0,non_vegetarian
168265,"Pork, fresh, variety meats and by-products, brain, cooked, braised",SR Legacy,12.14,9.51,0.0,0.0,138.0,non_vegetarian
168264,"Pork, fresh, variety meats and by-products, brain, raw",SR Legacy,10.28,9.21,0.0,0.0,127.0,non_vegetarian
167856,"Pork, fresh, variety meats and by-products, chitterlings, cooked, simmered",SR Legacy,12.49,20.32,0.0,0.0,233.0,non_vegetarian
168266,"Pork, fresh, variety meats and by-products, chitterlings, raw",SR Legacy,7.64,16.61,0.0,0.0,182.0,non_vegetarian
167858,"Pork, fresh, variety meats and by-products, ears, frozen, cooked, simmered",SR Legacy,15.95,10.8,0.2,0.0,166.0,non_vegetarian
167857,"Pork, fresh, variety meats and by-products, ears, frozen, raw",SR Legacy,22.45,15.1,0.6,0.0,234.0,non_vegetarian
168290,"Pork, fresh, variety meats and by-products, feet, cooked, simmered",SR Legacy,21.94,16.05,0.0,0.0,238.0,non_vegetarian
167859,"Pork, fresh, variety meats and by-products, feet, raw",SR Legacy,23.16,12.59,0.0,0.0,212.0,non_vegetarian
168268,"Pork, fresh, variety meats and by-products, heart, cooked, braised",SR Legacy,23.6,5.05,0.4,0.0,148.0,non_vegetarian
168267,"Pork, fresh, variety meats and by-products, heart, raw",SR Legacy,17.27,4.36,1.33,0.0,118.0,non_vegetarian
168269,"Pork, fresh, variety meats and by-products, jowl, raw",SR Legacy,6.38,69.61,0.0,0.0,655.0,non_vegetarian
167860,"Pork, fresh, variety meats and by-products, kidneys, cooked, braised",SR Legacy,25.4,4.7,0.0,0.0,151.0,non_vegetarian
168270,"Pork, fresh, variety meats and by-products, kidneys, raw",SR Legacy,16.46,3.25,0.0,0.0,100.0,non_vegetarian
167861,"Pork, fresh, variety meats and by-products, leaf fat, raw",SR Legacy,1.76,94.16,0.0,0.0,857.0,non_vegetarian
167863,"Pork, fresh, variety meats and by-products, liver, cooked, braised",SR Legacy,26.02,4.4,3.76,0.0,165.0,non_vegetarian
167862,"Pork, fresh, variety meats and by-products, liver, raw",SR Legacy,21.39,3.65,2.47,0.0,134.0,non_vegetarian
168271,"Pork, fresh, variety meats and by-products, lungs, cooked, braised",SR Legacy,16.6,3.1,0.0,0.0,99.0,non_vegetarian
167864,"Pork, fresh, variety meats and by-products, lungs, raw",SR Legacy,14.08,2.72,0.0,0.0,85.0,non_vegetarian
168272,"Pork, fresh, variety meats and by-products, mechanically separated, raw",SR Legacy,15.03,26.54,0.0,0.0,304.0,non_vegetarian
168274,"Pork, fresh, variety meats and by-products, pancreas, cooked, braised",SR Legacy,28.5,10.8,0.0,0.0,219.0,non_vegetarian
168273,"Pork, fresh, variety meats and by-products, pancreas, raw",SR Legacy,18.56,13.24,0.0,0.0,199.0,non_vegetarian
167866,"Pork, fresh, variety meats and by-products, spleen, cooked, braised",SR Legacy,28.2,3.2,0.0,0.0,149.0,non_vegetarian
167865,"Pork, fresh, variety meats and by-products, spleen, raw",SR Legacy,17.86,2.59,0.0,0.0,100.0,non_vegetarian
168323,"Pork, fresh, variety meats and by-products, stomach, cooked, simmered",SR Legacy,21.4,7.26,0.09,0.0,157.0,non_vegetarian
167867,"Pork, fresh, variety meats and by-products, stomach, raw",SR Legacy,16.85,10.14,0.0,0.0,159.0,non_vegetarian
167881,"Pork, fresh, variety meats and by-products, tail, cooked, simmered",SR Legacy,17.0,35.8,0.0,0.0,396.0,non_vegetarian
168291,"Pork, fresh, variety meats and by-products, tail, raw",SR Legacy,17.75,33.5,0.0,0.0,378.0,non_vegetarian
168276,"Pork, fresh, variety meats and by-products, tongue, cooked, braised",SR Legacy,24.1,18.6,0.0,0.0,271.0,non_vegetarian
168275,"Pork, fresh, variety meats and by-products, tongue, raw",SR Legacy,16.3,17.2,0.0,0.0,225.0,non_vegetarian
169191,"Pork, ground, 72% lean / 28% fat, cooked, crumbles",SR Legacy,22.83,32.93,1.39,0.0,393.0,non_vegetarian
168373,"Pork, ground, 72% lean / 28% fat, cooked, pan-broiled",SR Legacy,22.59,31.42,1.08,0.0,377.0,non_vegetarian
169192,"Pork, ground, 84% lean / 16% fat, cooked, crumbles",SR Legacy,26.69,20.04,0.58,0.0,289.0,non_vegetarian
168374,"Pork, ground, 84% lean / 16% fat, cooked, pan-broiled",SR Legacy,27.14,21.39,0.0,0.0,301.0,non_vegetarian
168372,"Pork, ground, 84% lean / 16% fat, raw",SR Legacy,17.99,16.0,0.44,0.0,218.0,non_vegetarian
169193,"Pork, ground, 96% lean / 4% fat, cooked, crumbles",SR Legacy,30.55,7.15,0.0,0.0,187.0,non_vegetarian
168375,"Pork, ground, 96% lean / 4% fat, cooked, pan-broiled",SR Legacy,31.69,6.2,0.57,0.0,185.0,non_vegetarian
169190,"Pork, ground, 96% lean / 4% fat, raw",SR Legacy,21.1,4.0,0.21,0.0,121.0,non_vegetarian
2514745,"Pork, ground, raw",Foundation Foods,17.80625,17.49,0.0,,228.2728,non_vegetarian
169186,"Pork, Leg Cap Steak, boneless, separable lean and fat, raw",SR Legacy,21.64,3.39,0.0,0.0,123.0,non_vegetarian
168370,"Pork, Leg sirloin tip roast, boneless, separable lean and fat, cooked, braised",SR Legacy,31.11,2.56,0.0,0.0,156.0,non_vegetarian
168371,"Pork, Leg sirloin tip roast, boneless, separable lean and fat, raw",SR Legacy,22.88,1.71,0.0,0.0,113.0,non_vegetarian
2646168,"Pork, loin, boneless, raw",Foundation Foods,21.11875,9.469,0.0,,167.769,non_vegetarian
168368,"Pork, loin, leg cap steak, boneless, separable lean and fat, cooked, broiled",SR Legacy,27.57,4.41,0.0,0.0,158.0,non_vegetarian
2646169,"Pork, loin, tenderloin, boneless, raw",Foundation Foods,21.58125,3.899,0.0,,119.039,non_vegetarian
169082,"Pork, oriental style, dehydrated",SR Legacy,11.8,62.4,1.4,0.0,615.0,non_vegetarian
169157,"Pork, pickled pork hocks",SR Legacy,19.11,10.54,0.0,0.0,171.0,non_vegetarian
169188,"Pork, Shoulder breast, boneless, separable lean and fat, cooked, broiled",SR Legacy,28.47,4.49,0.0,0.0,162.0,non_vegetarian
169187,"Pork, Shoulder breast, boneless, separable lean and fat, raw",SR Legacy,22.54,3.4,0.0,0.0,127.0,non_vegetarian
168369,"Pork, Shoulder petite tender, boneless, separable lean and fat, raw",SR Legacy,21.65,3.91,0.0,0.0,128.0,non_vegetarian
169189,"Pork, shoulder, petite tender, boneless, separable lean and fat, cooked, broiled",SR Legacy,27.47,4.23,0.0,0.0,155.0,non_vegetarian
170253,"Potato chips, without salt, reduced fat",SR Legacy,7.1,20.8,67.8,6.1,487.0,vegan
168446,Potato flour,SR Legacy,6.9,0.34,83.1,5.9,357.0,vegan
170092,Potato pancakes,SR Legacy,6.08,14.76,27.81,3.3,268.0,vegan
170048,"Potato puffs, frozen, oven-heated",SR Legacy,2.13,9.05,27.29,2.0,192.0,vegan
170047,"Potato puffs, frozen, unprepared",SR Legacy,1.93,8.71,24.8,2.3,178.0,vegan
173343,Potato salad with egg,SR Legacy,1.96,9.4,16.18,1.3,157.0,vegetarian
169269,"Potato salad, home-prepared",SR Legacy,2.68,8.2,11.17,1.3,143.0,vegan
171608,"Potato soup, instant, dry mix",SR Legacy,9.2,3.1,76.14,7.6,343.0,vegan
168443,"Potato wedges, frozen (Includes foods for USDA's Food Distribution Program)",SR Legacy,2.7,2.2,25.46,2.0,129.0,vegan
170448,"Potatoes, au gratin, dry mix, prepared with water, whole milk and butter",SR Legacy,2.3,4.12,12.84,0.9,93.0,vegetarian
170447,"Potatoes, au gratin, dry mix, unprepared",SR Legacy,8.9,3.7,74.31,4.1,314.0,vegan
170442,"Potatoes, au gratin, home-prepared from recipe using butter",SR Legacy,5.06,7.59,11.26,1.8,134.0,vegetarian
170524,"Potatoes, au gratin, home-prepared from recipe using margarine",SR Legacy,5.06,7.59,11.27,1.8,132.0,vegan
170111,"Potatoes, baked, flesh and skin, with salt",SR Legacy,2.5,0.13,21.15,2.2,93.0,vegan
170093,"Potatoes, baked, flesh and skin, without salt",SR Legacy,2.5,0.13,21.15,2.2,93.0,vegan
170112,"Potatoes, baked, flesh, with salt",SR Legacy,1.96,0.1,21.55,1.5,93.0,vegan
170033,"Potatoes, baked, flesh, without salt",SR Legacy,1.96,0.1,21.55,1.5,93.0,vegan
170113,"Potatoes, baked, skin only, with salt",SR Legacy,4.29,0.1,46.06,7.9,198.0,vegan
170034,"Potatoes, baked, skin, without salt",SR Legacy,4.29,0.1,46.06,7.9,198.0,vegan
170114,"Potatoes, boiled, cooked in skin, flesh, with salt",SR Legacy,1.87,0.1,20.13,2.0,87.0,vegan
170438,"Potatoes, boiled, cooked in skin, flesh, without salt",SR Legacy,1.87,0.1,20.13,1.8,87.0,vegan
170519,"Potatoes, boiled, cooked in skin, skin, with salt",SR Legacy,2.86,0.1,17.2,3.3,78.0,vegan
170439,"Potatoes, boiled, cooked in skin, skin, without salt",SR Legacy,2.86,0.1,17.21,3.3,78.0,vegan
170520,"Potatoes, boiled, cooked without skin, flesh, with salt",SR Legacy,1.71,0.1,20.01,2.0,86.0,vegan
170440,"Potatoes, boiled, cooked without skin, flesh, without salt",SR Legacy,1.71,0.1,20.01,1.8,86.0,vegan
170444,"Potatoes, canned, drained solids",SR Legacy,1.41,0.21,13.61,2.3,60.0,vegan
169084,"Potatoes, canned, drained solids, no salt added",SR Legacy,1.4,0.2,13.6,2.4,60.0,vegan
170443,"Potatoes, canned, solids and liquids",SR Legacy,1.2,0.11,9.89,1.4,44.0,vegan
170026,"Potatoes, flesh and skin, raw",SR Legacy,2.05,0.09,17.49,2.1,77.0,vegan
169264,"Potatoes, french fried, all types, salt added in processing, frozen, home-prepared, oven heated",SR Legacy,2.75,5.48,25.55,2.0,158.0,vegan
168442,"Potatoes, french fried, all types, salt added in processing, frozen, unprepared",SR Legacy,2.24,4.66,24.81,1.9,147.0,vegan
170523,"Potatoes, french fried, all types, salt not added in processing, frozen, as purchased",SR Legacy,2.24,4.66,24.81,1.9,147.0,vegan
170118,"Potatoes, french fried, all types, salt not added in processing, frozen, oven-heated",SR Legacy,2.66,5.22,28.71,2.6,168.0,vegan
169265,"Potatoes, french fried, cottage-cut, salt not added in processing, frozen, as purchased",SR Legacy,2.42,5.78,23.98,3.0,153.0,vegan
169266,"Potatoes, french fried, cottage-cut, salt not added in processing, frozen, oven-heated",SR Legacy,3.44,8.2,34.03,3.2,218.0,vegan
170436,"Potatoes, french fried, crinkle or regular cut, salt added in processing, frozen, as purchased",SR Legacy,2.34,4.99,23.96,2.0,146.0,vegan
170437,"Potatoes, french fried, crinkle or regular cut, salt added in processing, frozen, oven-heated",SR Legacy,2.51,5.13,27.5,2.3,161.0,vegan
168948,"Potatoes, french fried, cross cut, frozen, unprepared",SR Legacy,2.7,10.0,22.95,2.3,187.0,vegan
170451,"Potatoes, french fried, shoestring, salt added in processing, frozen, as purchased",SR Legacy,2.16,6.24,25.59,2.3,163.0,vegan
170452,"Potatoes, french fried, shoestring, salt added in processing, frozen, oven-heated",SR Legacy,2.9,6.76,31.66,2.8,194.0,vegan
168947,"Potatoes, french fried, steak cut, salt not added in processing, frozen, unprepared",SR Legacy,2.4,3.42,24.31,2.4,134.0,vegan
168444,"Potatoes, french fried, steak fries, salt added in processing, frozen, as purchased",SR Legacy,2.19,3.39,23.51,1.9,130.0,vegan
168445,"Potatoes, french fried, steak fries, salt added in processing, frozen, oven-heated",SR Legacy,2.57,3.76,26.98,2.6,148.0,vegan
168946,"Potatoes, french fried, wedge cut, frozen, unprepared",SR Legacy,2.56,7.47,22.22,2.4,162.0,vegan
170117,"Potatoes, frozen, french fried, par fried, cottage-cut, prepared, heated in oven, with salt",SR Legacy,3.44,8.2,34.03,3.2,218.0,vegan
169268,"Potatoes, frozen, french fried, par fried, extruded, prepared, heated in oven, without salt",SR Legacy,3.55,18.71,39.68,3.2,333.0,vegan
169267,"Potatoes, frozen, french fried, par fried, extruded, unprepared",SR Legacy,2.83,14.95,30.15,2.9,260.0,vegan
170116,"Potatoes, frozen, whole, cooked, boiled, drained, with salt",SR Legacy,1.98,0.13,13.93,1.4,63.0,vegan
170049,"Potatoes, frozen, whole, cooked, boiled, drained, without salt",SR Legacy,1.98,0.13,14.52,1.4,65.0,vegan
2346403,"Potatoes, gold, without skin, raw",Foundation Foods,1.8125,0.2638,15.9624,,73.4738,vegan
170044,"Potatoes, hash brown, frozen, plain, prepared, pan fried in canola oil",SR Legacy,2.65,11.59,28.51,3.2,219.0,vegan
170043,"Potatoes, hash brown, frozen, plain, unprepared",SR Legacy,2.06,0.62,17.72,1.4,82.0,vegan
170046,"Potatoes, hash brown, frozen, with butter sauce, prepared",SR Legacy,2.46,8.79,24.13,3.8,178.0,vegetarian
170045,"Potatoes, hash brown, frozen, with butter sauce, unprepared",SR Legacy,1.87,6.66,18.28,2.9,135.0,vegetarian
170036,"Potatoes, hash brown, home-prepared",SR Legacy,3.0,12.52,35.11,3.2,265.0,vegan
167605,"Potatoes, hash brown, refrigerated, prepared, pan-fried in canola oil",SR Legacy,3.24,10.3,33.99,3.6,242.0,vegan
167604,"Potatoes, hash brown, refrigerated, unprepared",SR Legacy,1.75,0.08,19.16,1.8,84.0,vegan
170445,"Potatoes, mashed, dehydrated, flakes without milk, dry form",SR Legacy,8.34,0.41,81.17,6.6,354.0,vegetarian
170041,"Potatoes, mashed, dehydrated, granules with milk, dry form",SR Legacy,10.9,1.1,77.7,6.6,357.0,vegetarian
170039,"Potatoes, mashed, dehydrated, granules without milk, dry form",SR Legacy,8.22,0.54,85.51,7.1,372.0,vegetarian
170446,"Potatoes, mashed, dehydrated, prepared from flakes without milk, whole milk and butter added",SR Legacy,1.77,5.13,10.87,0.8,97.0,vegetarian
169372,"Potatoes, mashed, dehydrated, prepared from flakes without milk, whole milk and margarine added",SR Legacy,1.9,5.6,15.02,2.3,113.0,vegetarian
170042,"Potatoes, mashed, dehydrated, prepared from granules with milk, water and margarine added",SR Legacy,2.13,4.8,16.13,1.3,116.0,vegetarian
170040,"Potatoes, mashed, dehydrated, prepared from granules without milk, whole milk and butter added",SR Legacy,2.05,4.96,14.36,2.2,108.0,vegetarian
170493,"Potatoes, mashed, home-prepared, whole milk added",SR Legacy,1.91,0.57,17.57,1.5,83.0,vegetarian
168555,"Potatoes, mashed, home-prepared, whole milk and butter added",SR Legacy,1.86,4.22,16.81,1.5,113.0,vegetarian
170037,"Potatoes, mashed, home-prepared, whole milk and margarine added",SR Legacy,1.96,4.2,16.94,1.5,113.0,vegetarian
168554,"Potatoes, mashed, prepared from granules, without milk, whole milk and margarine",SR Legacy,2.05,4.93,14.4,2.2,108.0,vegetarian
169768,"Potatoes, mashed, ready-to-eat",SR Legacy,1.97,5.01,13.29,1.9,106.0,vegan
170094,"Potatoes, microwaved, cooked in skin, flesh and skin, without salt",SR Legacy,2.44,0.1,24.24,2.3,105.0,vegan
170522,"Potatoes, microwaved, cooked in skin, flesh, with salt",SR Legacy,2.1,0.1,23.28,1.6,100.0,vegan
170441,"Potatoes, microwaved, cooked in skin, flesh, without salt",SR Legacy,2.1,0.1,23.28,1.6,100.0,vegan
170035,"Potatoes, microwaved, cooked in skin, skin, without salt",SR Legacy,4.39,0.1,29.63,5.5,132.0,vegan
170521,"Potatoes, microwaved, cooked, in skin, flesh and skin, with salt",SR Legacy,2.44,0.1,24.24,2.3,105.0,vegan
170115,"Potatoes, microwaved, cooked, in skin, skin with salt",SR Legacy,4.39,0.1,29.63,5.5,132.0,vegan
170454,"Potatoes, o'brien, frozen, prepared",SR Legacy,2.22,13.21,21.86,1.7,204.0,vegan
170453,"Potatoes, o'brien, frozen, unprepared",SR Legacy,1.83,0.14,17.47,1.9,76.0,vegan
170498,"Potatoes, o'brien, home-prepared",SR Legacy,2.35,1.28,15.47,,81.0,vegan
170032,"Potatoes, raw, skin",SR Legacy,2.57,0.1,12.44,2.5,58.0,vegan
170435,"Potatoes, red, flesh and skin, baked",SR Legacy,2.3,0.15,19.59,1.8,87.0,vegan
170029,"Potatoes, red, flesh and skin, raw",SR Legacy,1.89,0.14,15.9,1.7,70.0,vegan
2346402,"Potatoes, red, without skin, raw",Foundation Foods,2.0625,0.2475,16.27,,75.5575,vegan
170031,"Potatoes, roasted, salt added in processing, frozen, unprepared",SR Legacy,2.22,1.81,26.15,2.6,127.0,vegan
170030,"Potatoes, Russet, flesh and skin, baked",SR Legacy,2.63,0.13,21.44,2.3,95.0,vegan
170027,"Potatoes, russet, flesh and skin, raw (Includes foods for USDA's Food Distribution Program)",SR Legacy,2.14,0.08,18.07,1.3,79.0,vegan
2346401,"Potatoes, russet, without skin, raw",Foundation Foods,2.27375,0.36,17.77125,,83.42,vegan
170450,"Potatoes, scalloped, dry mix, prepared with water, whole milk and butter",SR Legacy,2.12,4.3,12.77,1.1,93.0,non_vegetarian
170449,"Potatoes, scalloped, dry mix, unprepared",SR Legacy,7.77,4.59,73.93,8.6,358.0,non_vegetarian
170038,"Potatoes, scalloped, home-prepared with butter",SR Legacy,2.87,3.68,10.78,1.9,88.0,non_vegetarian
170525,"Potatoes, scalloped, home-prepared with margarine",SR Legacy,2.87,3.68,10.78,1.9,88.0,non_vegetarian
170434,"Potatoes, white, flesh and skin, baked",SR Legacy,2.1,0.15,21.08,2.1,92.0,vegan
170028,"Potatoes, white, flesh and skin, raw",SR Legacy,1.68,0.1,15.71,2.4,69.0,vegan
169764,"Potatoes, yellow fleshed, french fried, frozen, unprepared",SR Legacy,2.47,5.84,25.01,2.2,162.0,vegan
168945,"Potatoes, yellow fleshed, hash brown, shredded, salt added in processing, frozen, unprepared",SR Legacy,2.04,0.07,17.98,2.0,81.0,vegan
169763,"Potatoes, yellow fleshed, roasted, salt added in processing, frozen, unprepared",SR Legacy,1.99,1.85,23.44,2.6,119.0,vegan
169773,"Potsticker or wonton, pork and vegetable, frozen, unprepared",SR Legacy,8.28,5.52,13.28,1.4,136.0,non_vegetarian
168996,"Prairie Turnips, boiled (Northern Plains Indians)",SR Legacy,1.64,0.32,29.99,7.2,129.0,vegan
169818,"Prairie Turnips, raw (Northern Plains Indians)",SR Legacy,2.62,0.36,35.67,8.0,156.0,vegan
169817,"Prickly pears, broiled (Northern Plains Indians)",SR Legacy,0.39,0.31,21.57,,91.0,vegan
167750,"Prickly pears, raw",SR Legacy,0.73,0.51,9.57,3.6,41.0,vegan
169816,"Prickly pears, raw (Northern Plains Indians)",SR Legacy,0.12,0.11,10.17,5.3,42.0,vegan
173460,"Protein supplement, milk based, Muscle Milk Light, powder",SR Legacy,50.0,12.0,22.0,2.0,396.0,vegetarian
173459,"Protein supplement, milk based, Muscle Milk, powder",SR Legacy,45.71,17.14,18.5,7.1,411.0,vegetarian
168832,"Pudding, lemon, dry mix, regular, prepared with sugar, egg yolk and water",SR Legacy,0.65,1.12,24.2,0.0,109.0,vegetarian
169648,"Puddings, banana, dry mix, instant",SR Legacy,0.0,0.6,92.7,0.0,367.0,vegan
167588,"Puddings, banana, dry mix, instant, prepared with 2% milk",SR Legacy,2.76,1.7,19.74,0.0,105.0,vegetarian
169649,"Puddings, banana, dry mix, instant, prepared with whole milk",SR Legacy,2.62,2.8,19.76,0.0,115.0,vegetarian
168866,"Puddings, banana, dry mix, instant, with added oil",SR Legacy,0.0,4.4,89.0,0.0,386.0,vegan
169650,"Puddings, banana, dry mix, regular",SR Legacy,0.0,0.4,93.0,0.3,366.0,vegan
167589,"Puddings, banana, dry mix, regular, prepared with 2% milk",SR Legacy,2.9,1.73,18.43,0.0,101.0,vegetarian
168825,"Puddings, banana, dry mix, regular, prepared with whole milk",SR Legacy,2.74,2.89,18.44,0.0,111.0,vegetarian
170241,"Puddings, banana, dry mix, regular, with added oil",SR Legacy,0.0,5.0,88.4,0.3,387.0,vegan
167998,"Puddings, chocolate, dry mix, instant, prepared with 2% milk",SR Legacy,3.15,1.92,18.89,0.4,105.0,vegetarian
169600,"Puddings, chocolate, dry mix, instant, prepared with whole milk",SR Legacy,3.1,3.1,18.8,1.0,111.0,vegetarian
168780,"Puddings, chocolate, dry mix, regular, prepared with 2% milk",SR Legacy,3.28,2.06,19.76,0.8,111.0,vegetarian
169604,"Puddings, chocolate, dry mix, regular, prepared with whole milk",SR Legacy,3.16,3.15,19.64,0.8,120.0,vegetarian
168826,"Puddings, coconut cream, dry mix, instant",SR Legacy,0.9,10.0,83.5,4.0,415.0,vegetarian
168781,"Puddings, coconut cream, dry mix, instant, prepared with 2% milk",SR Legacy,2.9,2.3,19.2,0.1,107.0,vegetarian
168827,"Puddings, coconut cream, dry mix, instant, prepared with whole milk",SR Legacy,2.9,3.5,19.1,0.1,117.0,vegetarian
168828,"Puddings, coconut cream, dry mix, regular",SR Legacy,1.0,11.36,81.84,1.6,434.0,vegetarian
169615,"Puddings, coconut cream, dry mix, regular, prepared with 2% milk",SR Legacy,3.1,2.5,17.8,0.2,104.0,vegetarian
168829,"Puddings, coconut cream, dry mix, regular, prepared with whole milk",SR Legacy,3.0,3.8,17.7,0.2,114.0,vegetarian
169654,"Puddings, lemon, dry mix, instant",SR Legacy,0.0,0.7,95.4,0.0,378.0,vegan
168786,"Puddings, lemon, dry mix, instant, prepared with 2% milk",SR Legacy,2.76,1.71,20.2,0.0,107.0,vegetarian
168830,"Puddings, lemon, dry mix, instant, prepared with whole milk",SR Legacy,2.7,2.9,20.1,0.0,115.0,vegetarian
168831,"Puddings, lemon, dry mix, regular",SR Legacy,0.1,0.5,91.8,0.1,363.0,vegan
170242,"Puddings, lemon, dry mix, regular, with added oil, potassium, sodium",SR Legacy,0.1,1.5,90.3,0.1,366.0,vegan
168783,"Puddings, rice, dry mix",SR Legacy,2.7,0.1,91.2,0.7,376.0,vegan
169611,"Puddings, rice, dry mix, prepared with 2% milk",SR Legacy,3.29,1.63,20.81,0.1,111.0,vegetarian
169605,"Puddings, rice, dry mix, prepared with whole milk",SR Legacy,3.25,2.82,20.68,0.1,121.0,vegetarian
168782,"Puddings, rice, ready-to-eat",SR Legacy,3.23,2.15,18.39,0.3,108.0,vegan
169612,"Puddings, tapioca, dry mix, prepared with 2% milk",SR Legacy,2.88,1.67,19.56,0.0,105.0,vegetarian
169607,"Puddings, tapioca, dry mix, prepared with whole milk",SR Legacy,2.84,2.89,19.43,0.0,115.0,vegetarian
168785,"Puddings, vanilla, dry mix, instant, prepared with whole milk",SR Legacy,2.7,2.9,19.7,0.0,114.0,vegetarian
168788,"Puddings, vanilla, dry mix, regular, prepared with 2% milk",SR Legacy,2.94,1.73,18.53,0.0,101.0,vegetarian
169610,"Puddings, vanilla, dry mix, regular, prepared with whole milk",SR Legacy,2.8,2.9,18.92,0.1,113.0,vegetarian
173344,Pulled pork in barbecue sauce,SR Legacy,13.19,4.42,18.74,1.2,168.0,non_vegetarian
172829,"Quail, breast, meat only, raw",SR Legacy,22.59,2.99,0.0,0.0,123.0,non_vegetarian
169902,"Quail, cooked, total edible",SR Legacy,25.1,14.1,0.0,0.0,227.0,non_vegetarian
172418,"Quail, meat and skin, raw",SR Legacy,19.63,12.05,0.0,0.0,192.0,non_vegetarian
172419,"Quail, meat only, raw",SR Legacy,21.76,4.53,0.0,0.0,134.0,non_vegetarian
168917,"Quinoa, cooked",SR Legacy,4.4,1.92,21.3,2.8,120.0,vegan
168874,"Quinoa, uncooked",SR Legacy,14.12,6.07,64.16,7.0,368.0,vegan
2747664,"Radicchio, raw",Foundation Foods,1.30875,0.1431,4.96125,2.114,26.3679,vegan
170095,"Radish seeds, sprouted, raw",SR Legacy,3.81,2.53,3.6,,43.0,vegan
169889,"Radishes, hawaiian style, pickled",SR Legacy,1.1,0.3,5.2,2.2,28.0,vegan
170122,"Radishes, oriental, cooked, boiled, drained, with salt",SR Legacy,0.67,0.24,3.43,1.6,17.0,vegan
168452,"Radishes, oriental, cooked, boiled, drained, without salt",SR Legacy,0.67,0.24,3.43,1.6,17.0,vegan
168453,"Radishes, oriental, dried",SR Legacy,7.9,0.72,63.37,23.9,271.0,vegan
168451,"Radishes, oriental, raw",SR Legacy,0.6,0.1,4.1,1.6,18.0,vegan
169276,"Radishes, raw",SR Legacy,0.68,0.1,3.4,1.6,16.0,vegan
2747665,"Radishes, red, raw",Foundation Foods,0.65625,0.08313,4.05682,1.314,19.60045,vegan
170081,"Radishes, white icicle, raw",SR Legacy,1.1,0.1,2.63,1.4,14.0,vegan
168165,"Raisins, dark, seedless (Includes foods for USDA's Food Distribution Program)",SR Legacy,3.3,0.25,79.32,4.5,299.0,vegan
168164,"Raisins, golden, seedless",SR Legacy,3.28,0.2,80.02,3.3,301.0,vegan
168166,"Raisins, seeded",SR Legacy,2.52,0.54,78.47,6.8,296.0,vegan
167808,"Raspberries, puree, seedless",SR Legacy,1.02,0.87,7.99,0.9,41.0,vegan
167809,"Raspberries, puree, with seeds",SR Legacy,1.1,0.97,11.51,4.3,55.0,vegan
168217,Raspberry juice concentrate,SR Legacy,3.04,1.34,53.19,1.1,221.0,vegan
172113,"Ravioli, cheese with tomato sauce, frozen, not prepared, includes regular and light entrees",SR Legacy,4.52,2.61,17.31,1.4,111.0,vegetarian
173328,"Ravioli, cheese-filled, canned",SR Legacy,2.48,1.45,13.64,1.3,77.0,vegetarian
173329,"Ravioli, meat-filled, with tomato sauce or meat sauce, canned",SR Legacy,3.24,3.41,13.26,1.5,97.0,non_vegetarian
172465,"Refried beans, canned, fat-free",SR Legacy,5.34,0.45,13.5,4.7,79.0,vegan
172438,"Refried beans, canned, traditional style",SR Legacy,4.98,2.01,13.55,3.7,90.0,vegan
174298,"Refried beans, canned, traditional, reduced sodium",SR Legacy,4.98,2.01,13.55,3.7,89.0,vegan
174296,"Refried beans, canned, vegetarian",SR Legacy,5.28,0.87,13.5,4.7,83.0,vegan
168789,"Rennin, chocolate, dry mix, prepared with 2% milk",SR Legacy,3.24,2.06,13.47,0.5,85.0,vegetarian
169617,"Rennin, chocolate, dry mix, prepared with whole milk",SR Legacy,3.2,3.34,13.34,0.5,96.0,vegetarian
168790,"Rennin, vanilla, dry mix, prepared with 2% milk",SR Legacy,3.06,1.77,12.34,0.0,77.0,vegetarian
168793,"Rennin, vanilla, dry mix, prepared with whole milk",SR Legacy,3.03,3.07,12.21,0.0,89.0,vegetarian
168072,"Restaurant, Chinese, beef and vegetables",SR Legacy,7.08,5.3,7.29,1.5,105.0,non_vegetarian
167678,"Restaurant, Chinese, chicken and vegetables",SR Legacy,8.18,4.56,5.38,0.9,95.0,non_vegetarian
168083,"Restaurant, Chinese, chicken chow mein",SR Legacy,6.76,2.8,8.29,1.0,85.0,non_vegetarian
167667,"Restaurant, Chinese, egg rolls, assorted",SR Legacy,8.28,11.94,27.29,2.6,250.0,vegetarian
167668,"Restaurant, Chinese, fried rice, without meat",SR Legacy,4.05,2.96,32.79,1.1,174.0,non_vegetarian
167675,"Restaurant, Chinese, general tso's chicken",SR Legacy,12.9,16.36,23.99,0.9,295.0,non_vegetarian
167676,"Restaurant, Chinese, kung pao chicken",SR Legacy,9.76,6.98,6.87,1.5,129.0,non_vegetarian
167674,"Restaurant, Chinese, lemon chicken",SR Legacy,11.87,13.55,20.61,1.0,252.0,non_vegetarian
167679,"Restaurant, Chinese, orange chicken",SR Legacy,14.46,12.68,22.46,0.8,262.0,non_vegetarian
168087,"Restaurant, Chinese, sesame chicken",SR Legacy,14.33,14.25,26.88,0.7,293.0,non_vegetarian
168080,"Restaurant, Chinese, shrimp and vegetables",SR Legacy,5.9,4.05,4.52,1.4,78.0,non_vegetarian
168081,"Restaurant, Chinese, sweet and sour chicken",SR Legacy,10.1,12.65,23.86,1.0,250.0,non_vegetarian
334462,"Restaurant, Chinese, sweet and sour pork",Foundation Foods,8.88,13.6,25.5,1.0,260.0,non_vegetarian
168084,"Restaurant, Chinese, vegetable chow mein, without meat or noodles",SR Legacy,1.34,1.68,5.74,1.2,43.0,non_vegetarian
167677,"Restaurant, Chinese, vegetable lo mein, without meat",SR Legacy,4.77,2.35,20.16,1.3,121.0,non_vegetarian
169837,"Restaurant, family style, chicken fingers, from kid's menu",SR Legacy,18.68,17.45,18.77,1.1,307.0,non_vegetarian
169847,"Restaurant, family style, chicken tenders",SR Legacy,18.88,16.63,19.29,0.9,302.0,non_vegetarian
169028,"Restaurant, family style, chili with meat and beans",SR Legacy,12.56,9.79,4.57,1.4,157.0,non_vegetarian
169846,"Restaurant, family style, fish fillet, battered or breaded, fried",SR Legacy,13.49,10.79,16.89,0.9,219.0,non_vegetarian
169839,"Restaurant, family style, macaroni & cheese, from kids' menu",SR Legacy,5.42,6.06,18.8,1.1,151.0,vegetarian
169027,"Restaurant, family style, onion rings",SR Legacy,4.89,19.28,40.72,2.6,356.0,vegan
169838,"Restaurant, family style, shrimp, breaded and fried",SR Legacy,12.67,18.67,22.29,1.5,308.0,non_vegetarian
169029,"Restaurant, family style, spaghetti and meatballs",SR Legacy,7.84,8.52,15.51,1.5,170.0,non_vegetarian
169038,"Restaurant, Italian, cheese ravioli with marinara sauce",SR Legacy,7.07,5.7,18.5,1.2,154.0,vegetarian
168062,"Restaurant, Italian, chicken parmesan without pasta",SR Legacy,16.17,10.64,10.92,0.9,204.0,non_vegetarian
169850,"Restaurant, Italian, lasagna with meat",SR Legacy,10.83,10.69,11.36,1.5,185.0,non_vegetarian
167680,"Restaurant, Italian, spaghetti with meat sauce",SR Legacy,5.79,3.59,16.4,1.6,121.0,non_vegetarian
169033,"Restaurant, Italian, spaghetti with pomodoro sauce (no meat)",SR Legacy,3.9,1.89,17.77,1.7,104.0,non_vegetarian
168070,"Restaurant, Latino, arepa (unleavened cornmeal bread)",SR Legacy,5.48,5.38,37.14,2.6,219.0,vegan
168064,"Restaurant, Latino, Arroz con frijoles negros (rice and black beans)",SR Legacy,4.64,3.85,24.4,3.4,151.0,vegan
168066,"Restaurant, Latino, Arroz con grandules (rice and pigeonpeas)",SR Legacy,3.5,4.98,30.75,1.4,182.0,vegan
168065,"Restaurant, Latino, Arroz con habichuelas colorados (Rice And Red Beans)",SR Legacy,3.96,3.46,23.74,2.6,142.0,vegan
168063,"Restaurant, Latino, arroz con leche (rice pudding)",SR Legacy,3.2,3.69,24.92,0.5,146.0,vegan
168068,"Restaurant, Latino, black bean soup",SR Legacy,5.1,2.57,14.79,4.9,103.0,vegan
167659,"Restaurant, Latino, chicken and rice, entree, prepared",SR Legacy,12.02,5.06,20.03,1.2,174.0,non_vegetarian
167660,"Restaurant, Latino, empanadas, beef, prepared",SR Legacy,11.31,18.37,31.19,2.0,335.0,non_vegetarian
334720,"Restaurant, Latino, pupusas con frijoles (pupusas, bean)",Foundation Foods,5.59,9.01,31.5,5.8,229.0,vegan
167662,"Restaurant, Latino, pupusas con queso (pupusas, cheese)",SR Legacy,11.72,13.25,22.39,2.9,256.0,vegetarian
167663,"Restaurant, Latino, pupusas del cerdo (pupusas, pork)",SR Legacy,11.51,10.43,23.02,2.6,232.0,non_vegetarian
167664,"Restaurant, Latino, tamale, corn",SR Legacy,3.48,7.21,26.68,3.2,186.0,vegan
334628,"Restaurant, Latino, tamale, pork",Foundation Foods,7.38,9.04,15.8,2.4,174.0,non_vegetarian
169855,"Restaurant, Mexican, cheese enchilada",SR Legacy,11.24,18.47,15.45,1.9,273.0,vegetarian
169035,"Restaurant, Mexican, cheese quesadilla",SR Legacy,15.93,23.08,24.11,1.7,368.0,vegetarian
169856,"Restaurant, Mexican, cheese tamales",SR Legacy,8.99,11.99,17.97,2.2,216.0,vegetarian
167666,"Restaurant, Mexican, refried beans",SR Legacy,6.91,6.77,16.79,8.0,156.0,vegan
167658,"Restaurant, Mexican, soft taco with ground beef, cheese and lettuce",SR Legacy,12.56,10.81,17.92,1.5,219.0,non_vegetarian
167665,"Restaurant, Mexican, spanish rice",SR Legacy,3.28,5.29,31.16,1.2,185.0,vegan
168950,"Rice and vermicelli mix, beef flavor, prepared with 80% margarine",SR Legacy,2.82,3.2,22.03,0.6,129.0,non_vegetarian
168949,"Rice and vermicelli mix, beef flavor, unprepared",SR Legacy,10.84,1.27,76.02,1.6,359.0,non_vegetarian
173348,"Rice and vermicelli mix, chicken flavor, prepared with 80% margarine",SR Legacy,2.65,3.45,23.54,0.7,136.0,non_vegetarian
168952,"Rice and vermicelli mix, rice pilaf flavor, prepared with 80% margarine",SR Legacy,2.94,3.7,25.67,0.6,148.0,vegan
168951,"Rice and vermicelli mix, rice pilaf flavor, unprepared",SR Legacy,10.42,1.37,76.31,1.2,359.0,vegan
173006,Rice and Wheat cereal bar,SR Legacy,9.09,9.09,72.73,1.8,409.0,vegan
173339,"Rice bowl with chicken, frozen entree, prepared (includes fried, teriyaki, and sweet and sour varieties)",SR Legacy,5.65,1.56,22.46,0.7,126.0,non_vegetarian
169713,"Rice bran, crude",SR Legacy,13.35,20.85,49.69,21.0,316.0,vegan
168107,"Rice cake, cracker (include hain mini rice cakes)",SR Legacy,7.1,4.3,81.1,4.2,392.0,vegan
173161,Rice crackers,SR Legacy,10.0,5.0,82.64,0.0,416.0,vegan
168898,"Rice flour, brown",SR Legacy,7.23,2.78,76.48,4.6,363.0,vegan
169714,"Rice flour, white, unenriched",SR Legacy,5.95,1.42,80.13,2.4,366.0,vegan
169778,"Rice mix, cheese flavor, dry mix, unprepared",SR Legacy,8.77,3.51,73.88,1.8,362.0,vegetarian
168964,"Rice mix, white and wild, flavored, unprepared",SR Legacy,3.49,2.57,26.28,0.8,142.0,vegan
168914,"Rice noodles, cooked",SR Legacy,1.79,0.2,24.01,1.0,108.0,vegan
169742,"Rice noodles, dry",SR Legacy,5.95,0.56,80.18,1.6,364.0,vegan
2710825,"Rice, black, unenriched, raw",Foundation Foods,7.56875,3.438,77.18825,4.179,369.97,vegan
2512380,"Rice, brown, long grain, unenriched, raw",Foundation Foods,7.25305,3.306,76.68795,3.021,365.518,vegan
169704,"Rice, brown, long-grain, cooked (Includes foods for USDA's Food Distribution Program)",SR Legacy,2.74,0.97,25.58,1.6,123.0,vegan
169703,"Rice, brown, long-grain, raw (Includes foods for USDA's Food Distribution Program)",SR Legacy,7.54,3.2,76.25,3.6,367.0,vegan
168875,"Rice, brown, medium-grain, cooked (Includes foods for USDA's Food Distribution Program)",SR Legacy,2.32,0.83,23.51,1.8,112.0,vegan
169706,"Rice, brown, medium-grain, raw (Includes foods for USDA's Food Distribution Program)",SR Legacy,7.5,2.68,76.17,3.4,362.0,vegan
173263,"Rice, brown, parboiled, cooked, UNCLE BENS",SR Legacy,3.09,0.85,31.33,1.7,147.0,vegan
168876,"Rice, brown, parboiled, dry, UNCLE BEN'S",SR Legacy,7.6,2.75,78.68,3.5,370.0,vegan
2710838,"Rice, red, unenriched, dry, raw",Foundation Foods,8.5625,3.44,76.1545,4.198,369.828,vegan
169711,"Rice, white, glutinous, unenriched, cooked",SR Legacy,2.02,0.19,21.09,1.0,97.0,vegan
168883,"Rice, white, glutinous, unenriched, uncooked",SR Legacy,6.81,0.55,81.68,2.8,370.0,vegan
2512381,"Rice, white, long grain, unenriched, raw",Foundation Foods,7.03885,1.033,80.31315,0.1488,358.705,vegan
169708,"Rice, white, long-grain, parboiled, enriched, cooked",SR Legacy,2.91,0.37,26.05,0.9,123.0,vegan
169707,"Rice, white, long-grain, parboiled, enriched, dry",SR Legacy,7.51,1.03,80.89,1.8,374.0,vegan
169759,"Rice, white, long-grain, parboiled, unenriched, cooked",SR Legacy,2.91,0.37,26.05,0.9,123.0,vegan
169758,"Rice, white, long-grain, parboiled, unenriched, dry",SR Legacy,7.51,1.03,80.89,1.8,374.0,vegan
169709,"Rice, white, long-grain, precooked or instant, enriched, dry",SR Legacy,7.82,0.94,82.32,1.9,380.0,vegan
169710,"Rice, white, long-grain, precooked or instant, enriched, prepared",SR Legacy,2.18,0.5,26.76,0.6,124.0,vegan
169753,"Rice, white, long-grain, regular, cooked, enriched, with salt",SR Legacy,2.69,0.28,28.17,0.4,130.0,vegan
168935,"Rice, white, long-grain, regular, cooked, unenriched, with salt",SR Legacy,2.69,0.28,28.17,0.4,130.0,vegan
168878,"Rice, white, long-grain, regular, enriched, cooked",SR Legacy,2.69,0.28,28.17,0.4,130.0,vegan
168877,"Rice, white, long-grain, regular, raw, enriched",SR Legacy,7.13,0.66,79.95,1.3,365.0,vegan
169756,"Rice, white, long-grain, regular, raw, unenriched",SR Legacy,7.13,0.66,79.95,1.3,365.0,vegan
169757,"Rice, white, long-grain, regular, unenriched, cooked without salt",SR Legacy,2.69,0.28,28.17,0.4,130.0,vegan
168930,"Rice, white, medium-grain, cooked, unenriched",SR Legacy,2.38,0.21,28.59,,130.0,vegan
168880,"Rice, white, medium-grain, enriched, cooked",SR Legacy,2.38,0.21,28.59,0.3,130.0,vegan
168879,"Rice, white, medium-grain, raw, enriched",SR Legacy,6.61,0.58,79.34,1.4,360.0,vegan
169760,"Rice, white, medium-grain, raw, unenriched",SR Legacy,6.61,0.58,79.34,,360.0,vegan
168932,"Rice, white, short-grain, cooked, unenriched",SR Legacy,2.36,0.19,28.73,,130.0,vegan
168882,"Rice, white, short-grain, enriched, cooked",SR Legacy,2.36,0.19,28.73,,130.0,vegan
168881,"Rice, white, short-grain, enriched, uncooked",SR Legacy,6.5,0.52,79.15,2.8,358.0,vegan
168931,"Rice, white, short-grain, raw, unenriched",SR Legacy,6.5,0.52,79.15,,358.0,vegan
169712,"Rice, white, steamed, Chinese restaurant",SR Legacy,3.2,0.27,33.88,0.9,151.0,vegan
173347,"RICE-A-RONI, chicken flavor, unprepared",SR Legacy,10.64,1.04,76.08,1.2,356.0,non_vegetarian
174597,Roast beef spread,SR Legacy,15.27,16.28,3.73,0.2,223.0,non_vegetarian
174570,"Roast beef, deli style, prepackaged, sliced",SR Legacy,18.62,3.69,0.64,0.0,115.0,non_vegetarian
175027,"Rolls, dinner, egg",SR Legacy,9.5,6.4,52.0,3.7,307.0,vegetarian
175028,"Rolls, dinner, oat bran",SR Legacy,9.5,4.6,40.2,4.1,236.0,vegan
172810,"Rolls, dinner, plain, prepared from recipe, made with low fat (2%) milk",SR Legacy,8.5,7.3,53.4,1.9,316.0,vegetarian
175029,"Rolls, dinner, rye",SR Legacy,10.3,3.4,53.1,4.9,286.0,vegan
175030,"Rolls, dinner, wheat",SR Legacy,8.6,6.3,46.0,3.8,273.0,vegan
172794,"Rolls, dinner, whole-wheat",SR Legacy,8.7,4.7,51.1,7.5,266.0,vegan
171861,"Rolls, gluten-free, white, made with brown rice flour, tapioca starch, and potato starch",SR Legacy,7.99,6.4,55.1,3.6,310.0,vegan
171863,"Rolls, gluten-free, white, made with brown rice flour, tapioca starch, and sorghum flour",SR Legacy,5.65,8.2,40.24,2.9,257.0,vegan
171862,"Rolls, gluten-free, white, made with rice flour, rice starch, and corn starch",SR Legacy,3.34,2.65,50.47,5.1,239.0,vegan
171864,"Rolls, gluten-free, whole grain, made with tapioca starch and brown rice flour",SR Legacy,11.8,11.6,44.29,11.2,329.0,vegan
174089,"Rolls, hamburger or hot dog, wheat/cracked wheat",SR Legacy,11.69,3.61,47.31,4.2,269.0,non_vegetarian
174090,"Rolls, hamburger or hot dog, whole wheat",SR Legacy,12.38,4.38,44.93,6.1,269.0,non_vegetarian
172797,"Rolls, hamburger or hotdog, mixed-grain",SR Legacy,9.6,6.0,44.6,3.8,263.0,non_vegetarian
172796,"Rolls, hamburger or hotdog, plain",SR Legacy,9.77,3.91,50.12,1.8,279.0,non_vegetarian
174094,"Rolls, hamburger, whole grain white, calcium-fortified",SR Legacy,9.3,3.49,46.5,2.3,255.0,non_vegetarian
168171,"Rose-apples, raw",SR Legacy,0.6,0.3,5.7,,25.0,vegan
167805,"Ruby Red grapefruit juice blend (grapefruit, grape, apple), OCEAN SPRAY, bottled, with added vitamin C",SR Legacy,0.5,0.1,10.53,0.2,44.0,vegan
172831,"Ruffed Grouse, breast meat, skinless, raw",SR Legacy,25.94,0.88,0.0,0.0,112.0,non_vegetarian
168885,"Rye flour, dark",SR Legacy,15.91,2.22,68.63,23.8,325.0,vegan
168887,"Rye flour, light",SR Legacy,9.82,1.33,76.68,8.0,357.0,vegan
168886,"Rye flour, medium",SR Legacy,10.88,1.52,75.43,11.8,349.0,vegan
168884,Rye grain,SR Legacy,10.34,1.63,75.86,15.1,338.0,vegan
167704,"Salad dressing, bacon and tomato",SR Legacy,1.8,35.0,2.0,0.2,326.0,non_vegetarian
173562,"Salad dressing, blue or roquefort cheese dressing, commercial, regular",SR Legacy,1.37,51.1,4.77,0.4,484.0,vegetarian
167699,"Salad dressing, blue or roquefort cheese dressing, fat-free",SR Legacy,1.52,1.01,25.6,1.8,115.0,vegetarian
167692,"Salad dressing, blue or roquefort cheese dressing, light",SR Legacy,2.1,2.7,13.2,0.0,86.0,vegetarian
169876,"Salad dressing, blue or roquefort cheese, low calorie",SR Legacy,5.1,7.2,2.9,0.0,99.0,vegetarian
169895,"Salad dressing, buttermilk, lite",SR Legacy,1.25,12.42,21.33,1.1,202.0,vegetarian
171419,"Salad dressing, french, cottonseed, oil, home recipe",SR Legacy,0.1,70.2,3.4,0.0,631.0,vegan
171034,"Salad dressing, honey mustard dressing, reduced calorie",SR Legacy,0.98,10.0,28.26,0.8,207.0,vegetarian
171043,"Salad dressing, honey mustard, regular",SR Legacy,0.87,40.83,23.33,0.4,464.0,vegetarian
171003,"Salad dressing, KRAFT Mayo Fat Free Mayonnaise Dressing",SR Legacy,0.2,0.0,15.8,2.0,64.0,vegetarian
171002,"Salad dressing, KRAFT Mayo Light Mayonnaise",SR Legacy,0.6,32.9,8.5,0.1,334.0,vegetarian
168112,"Salad dressing, mayonnaise and mayonnaise-type, low calorie",SR Legacy,0.9,19.0,23.9,0.0,263.0,vegetarian
171403,"Salad dressing, mayonnaise type, regular, with salt",SR Legacy,0.65,21.6,14.78,0.0,250.0,vegetarian
171407,"Salad dressing, mayonnaise, imitation, milk cream",SR Legacy,2.1,5.1,11.1,0.0,97.0,vegetarian
171406,"Salad dressing, mayonnaise, imitation, soybean",SR Legacy,0.3,19.2,16.0,0.0,232.0,vegetarian
171408,"Salad dressing, mayonnaise, imitation, soybean without cholesterol",SR Legacy,0.1,47.7,15.8,0.0,482.0,vegetarian
173594,"Salad dressing, mayonnaise, light",SR Legacy,0.37,22.22,9.23,0.0,238.0,vegetarian
171037,"Salad Dressing, mayonnaise, light, SMART BALANCE, Omega Plus light",SR Legacy,1.53,34.18,9.39,0.2,333.0,vegetarian
171009,"Salad dressing, mayonnaise, regular",SR Legacy,0.96,74.85,0.57,0.0,680.0,vegetarian
171010,"Salad dressing, mayonnaise, soybean and safflower oil, with salt",SR Legacy,1.1,79.4,2.7,0.0,717.0,vegetarian
171418,"Salad dressing, mayonnaise, soybean oil, without salt",SR Legacy,1.1,79.4,2.7,0.0,717.0,vegetarian
167700,"Salad Dressing, mayonnaise-like, fat-free",SR Legacy,0.2,2.7,15.5,1.9,84.0,vegetarian
171444,"Salad dressing, mayonnaise-type, light",SR Legacy,0.65,10.0,16.4,0.0,158.0,vegetarian
168093,"Salad dressing, peppercorn dressing, commercial, regular",SR Legacy,1.2,61.4,3.5,0.0,564.0,vegan
171044,"Salad dressing, poppyseed, creamy",SR Legacy,0.92,33.33,23.73,0.3,399.0,vegetarian
171006,"Salad dressing, sesame seed dressing, regular",SR Legacy,3.1,45.2,8.6,1.0,443.0,vegan
172935,"Salami, cooked, beef",SR Legacy,12.6,22.2,1.9,0.0,261.0,non_vegetarian
172936,"Salami, cooked, beef and pork",SR Legacy,21.85,25.9,2.4,0.0,336.0,non_vegetarian
172937,"Salami, cooked, turkey",SR Legacy,19.2,9.21,1.55,0.1,172.0,non_vegetarian
172938,"Salami, dry or hard, pork",SR Legacy,22.58,33.72,1.6,0.0,407.0,non_vegetarian
174582,"Salami, dry or hard, pork, beef",SR Legacy,21.07,31.65,0.72,0.0,378.0,non_vegetarian
174603,"Salami, Italian, pork",SR Legacy,21.7,37.0,1.2,0.0,425.0,non_vegetarian
172966,"Salami, Italian, pork and beef, dry, sliced, 50% less sodium",SR Legacy,21.8,26.4,6.4,0.0,350.0,non_vegetarian
174598,"Salami, pork, beef, less sodium",SR Legacy,15.01,30.5,15.38,0.2,396.0,non_vegetarian
173721,"Salmon nuggets, breaded, frozen, heated",SR Legacy,12.69,11.72,13.96,0.0,212.0,non_vegetarian
173722,"Salmon nuggets, cooked as purchased, unheated",SR Legacy,11.97,10.43,11.85,0.0,189.0,non_vegetarian
169813,"Salmon, red (sockeye), filets with skin, smoked (Alaska Native)",SR Legacy,60.62,11.43,0.0,0.0,345.0,non_vegetarian
173723,"Salmon, sockeye, canned, drained solids, without skin and bones",SR Legacy,26.33,5.87,0.0,0.0,158.0,non_vegetarian
175174,"Salmon, sockeye, canned, total can contents",SR Legacy,20.63,7.17,0.0,0.0,153.0,non_vegetarian
168048,"Salmonberries, raw (Alaska Native)",SR Legacy,0.85,0.33,10.05,1.9,47.0,non_vegetarian
169277,"Salsify, (vegetable oyster), raw",SR Legacy,3.3,0.2,18.6,3.3,82.0,non_vegetarian
169069,"Sandwich spread, meatless",SR Legacy,8.0,9.0,9.0,3.3,149.0,non_vegetarian
174583,"Sandwich spread, pork, beef",SR Legacy,7.66,17.34,11.94,0.2,235.0,non_vegetarian
171584,"Sauce, cheese sauce mix, dry",SR Legacy,7.68,18.33,60.52,1.0,438.0,vegetarian
171191,"Sauce, cheese, ready-to-serve",SR Legacy,6.71,13.29,6.83,0.5,174.0,vegetarian
171823,"Sauce, duck, ready-to-serve",SR Legacy,0.36,0.13,60.66,0.6,245.0,non_vegetarian
174531,"Sauce, fish, ready-to-serve",SR Legacy,5.06,0.01,3.64,0.0,35.0,non_vegetarian
171833,"Sauce, horseradish",SR Legacy,1.09,50.89,10.05,1.0,503.0,vegan
174529,"Sauce, oyster, ready-to-serve",SR Legacy,1.35,0.25,10.92,0.3,51.0,non_vegetarian
332282,"Sauce, pasta, spaghetti/marinara, ready-to-serve",Foundation Foods,1.41,1.48,8.05,1.8,45.0,vegan
171597,"Sauce, pasta, spaghetti/marinara, ready-to-serve, low sodium",SR Legacy,1.41,1.48,8.06,1.8,51.0,vegan
171575,"Sauce, peanut, made from coconut, water, sugar, peanuts",SR Legacy,2.02,6.34,28.46,1.1,179.0,vegan
174070,"Sauce, peanut, made from peanut butter, water, soy sauce",SR Legacy,6.31,16.02,22.02,1.8,257.0,vegetarian
172879,"Sauce, plum, ready-to-serve",SR Legacy,0.89,1.04,42.81,0.7,184.0,vegan
324038,"Sauce, salsa, ready-to-serve",Foundation Foods,1.44,0.19,6.74,1.8,29.0,vegan
171824,"Sauce, salsa, verde, ready-to-serve",SR Legacy,1.13,0.89,6.36,1.9,38.0,vegan
171825,"Sauce, steak, tomato based",SR Legacy,1.25,0.23,22.04,1.5,95.0,vegan
171595,"Sauce, tomato chili sauce, bottled, with salt",SR Legacy,2.5,0.3,19.79,2.4,92.0,vegan
174542,"Sauce, white, thin, prepared-from-recipe, with butter",SR Legacy,3.95,2.56,8.29,0.1,72.0,vegetarian
170606,"Sausage, beef, cured, cooked, smoked",SR Legacy,14.11,26.91,2.42,0.0,312.0,non_vegetarian
174618,"Sausage, beef, fresh, cooked",SR Legacy,18.21,27.98,0.35,0.0,332.0,non_vegetarian
171617,"Sausage, Berliner, pork, beef",SR Legacy,15.27,17.2,2.59,0.0,230.0,non_vegetarian
174616,"Sausage, breakfast sausage, beef, pre-cooked, unprepared",SR Legacy,12.9,28.22,4.61,0.0,327.0,non_vegetarian
173880,"Sausage, chicken or turkey, Italian style,  lower sodium",SR Legacy,21.43,4.46,14.25,0.0,183.0,non_vegetarian
174605,"Sausage, chicken, beef, pork, skinless, smoked",SR Legacy,13.6,14.3,8.1,0.0,216.0,non_vegetarian
169781,"Sausage, egg and cheese breakfast biscuit",SR Legacy,9.54,22.13,21.57,2.0,324.0,non_vegetarian
174586,"Sausage, Italian, pork, mild, cooked, pan-fried",SR Legacy,18.4,26.4,1.86,0.0,324.0,non_vegetarian
171631,"Sausage, Italian, pork, mild, raw",SR Legacy,13.9,24.26,2.97,0.0,290.0,non_vegetarian
172952,"Sausage, Italian, sweet, links",SR Legacy,16.13,8.42,2.1,0.0,149.0,non_vegetarian
174604,"Sausage, Italian, turkey, smoked",SR Legacy,15.05,8.75,4.65,0.9,158.0,non_vegetarian
174269,"Sausage, meatless",SR Legacy,20.28,18.16,8.09,2.8,255.0,non_vegetarian
174588,"Sausage, New england brand, pork, beef",SR Legacy,17.27,7.58,4.83,0.0,161.0,non_vegetarian
172953,"Sausage, Polish, beef with chicken, hot",SR Legacy,17.6,19.4,3.6,0.0,259.0,non_vegetarian
172954,"Sausage, Polish, pork and beef, smoked",SR Legacy,12.07,26.56,1.98,0.0,301.0,non_vegetarian
174579,"Sausage, pork and beef, fresh, cooked",SR Legacy,13.8,36.25,2.7,0.0,396.0,non_vegetarian
172955,"Sausage, pork and beef, with cheddar cheese, smoked",SR Legacy,12.89,25.84,2.13,0.0,296.0,non_vegetarian
171632,"Sausage, pork and turkey, pre-cooked",SR Legacy,12.05,30.64,3.63,0.0,342.0,non_vegetarian
332864,"Sausage, pork, chorizo, link or ground, cooked, pan-fried",Foundation Foods,19.3,28.1,2.63,,346.0,non_vegetarian
173859,"Sausage, pork, chorizo, link or ground, raw",SR Legacy,13.63,25.1,3.78,0.0,296.0,non_vegetarian
173883,"Sausage, pork, turkey, and beef, reduced sodium",SR Legacy,10.71,26.79,0.11,0.1,284.0,non_vegetarian
174584,"Sausage, smoked link sausage, pork",SR Legacy,11.98,28.23,0.94,0.0,309.0,non_vegetarian
174585,"Sausage, smoked link sausage, pork and beef",SR Legacy,12.0,28.73,2.42,0.0,320.0,non_vegetarian
172939,"Sausage, smoked link sausage, pork and beef (nonfat dry milk added)",SR Legacy,13.28,27.61,1.92,0.0,313.0,non_vegetarian
174599,"Sausage, summer, pork and beef, sticks, with cheddar cheese",SR Legacy,19.43,37.91,1.82,0.2,426.0,non_vegetarian
167694,"Sausage, turkey and pork, fresh, bulk, patty or link, cooked",SR Legacy,22.7,23.0,0.7,0.0,307.0,non_vegetarian
174600,"Sausage, turkey, breakfast links, mild, raw",SR Legacy,15.91,10.39,3.18,0.0,174.0,non_vegetarian
173871,"Sausage, turkey, fresh, cooked",SR Legacy,23.89,10.44,0.0,0.0,196.0,non_vegetarian
174617,"Sausage, turkey, fresh, raw",SR Legacy,18.79,8.08,0.47,0.0,155.0,non_vegetarian
174606,"Sausage, turkey, hot, smoked",SR Legacy,15.05,8.75,4.65,0.3,158.0,non_vegetarian
172948,"Sausage, turkey, pork, and beef, low fat, smoked",SR Legacy,8.0,2.5,11.54,0.6,101.0,non_vegetarian
174580,"Sausage, turkey, reduced fat, brown and serve, cooked",SR Legacy,17.0,10.3,10.92,0.3,204.0,non_vegetarian
172942,"Sausage, Vienna, canned, chicken, beef, pork",SR Legacy,10.5,19.4,2.6,0.0,230.0,non_vegetarian
2747666,"Scallops, bay, Patagonian, frozen, wild caught",Foundation Foods,16.3875,0.4192,2.2833,,78.456,non_vegetarian
2747667,"Scallops, sea, frozen, wild caught",Foundation Foods,13.5125,0.4933,1.9662,,66.3545,non_vegetarian
168009,"Schar, Gluten-Free, Wheat-Free, Classic White Bread",SR Legacy,3.81,4.47,46.13,5.1,240.0,vegan
167946,"SCHIFF,TIGER'S MILK BAR",SR Legacy,16.8,14.29,56.46,2.3,387.0,vegetarian
170795,"School Lunch, chicken nuggets, whole grain breaded",SR Legacy,15.67,12.9,22.86,2.2,270.0,non_vegetarian
170794,"School Lunch, chicken patty, whole grain breaded",SR Legacy,17.64,13.93,12.5,2.3,246.0,non_vegetarian
170305,"School Lunch, pizza, BIG DADDY'S LS 16"" 51% Whole Grain Rolled Edge Cheese Pizza, frozen",SR Legacy,13.89,8.81,27.1,2.7,243.0,vegetarian
170701,"School Lunch, pizza, BIG DADDY'S LS 16"" 51% Whole Grain Rolled Edge Turkey Pepperoni Pizza, frozen",SR Legacy,13.63,9.33,27.35,4.1,248.0,non_vegetarian
170779,"School Lunch, pizza, cheese topping, thick crust, whole grain, frozen, cooked",SR Legacy,14.62,9.27,28.08,2.9,254.0,vegetarian
170792,"School Lunch, pizza, cheese topping, thin crust, whole grain, frozen, cooked",SR Legacy,12.72,7.91,31.31,4.0,247.0,vegetarian
170793,"School Lunch, pizza, sausage topping, thick crust, whole grain, frozen, cooked",SR Legacy,13.26,9.07,30.58,4.0,257.0,non_vegetarian
170782,"School Lunch, pizza, sausage topping, thin crust, whole grain, frozen, cooked",SR Legacy,12.63,7.83,32.24,3.9,250.0,non_vegetarian
170704,"School Lunch, pizza, TONY'S Breakfast Pizza Sausage, frozen",SR Legacy,10.39,10.04,26.99,2.0,240.0,non_vegetarian
170702,"School Lunch, pizza, TONY'S SMARTPIZZA Whole Grain 4x6 Cheese Pizza 50/50 Cheese, frozen",SR Legacy,12.08,7.51,29.27,3.8,233.0,vegetarian
170703,"School Lunch, pizza, TONY'S SMARTPIZZA Whole Grain 4x6 Pepperoni Pizza 50/50 Cheese, frozen",SR Legacy,12.14,8.19,28.84,4.1,238.0,vegetarian
172969,"Scrapple, pork",SR Legacy,8.06,13.87,14.06,0.3,213.0,non_vegetarian
167618,"Sea cucumber, yane (Alaska Native)",SR Legacy,13.0,0.4,0.0,,56.0,vegan
169002,"Sea lion, Steller, heart (Alaska Native)",SR Legacy,17.0,3.3,1.0,,102.0,non_vegetarian
169001,"Sea lion, Steller, kidney (Alaska Native)",SR Legacy,18.1,1.7,1.4,,93.0,non_vegetarian
169000,"Sea lion, Steller, liver (Alaska Native)",SR Legacy,22.9,5.0,0.0,,137.0,non_vegetarian
169003,"Sea lion, Steller, meat (Alaska Native)",SR Legacy,25.85,1.88,0.0,,120.0,non_vegetarian
169824,"Sea lion, Steller, meat with fat (Alaska Native)",SR Legacy,22.1,14.65,5.55,,242.0,non_vegetarian
168020,"Seal, bearded (Oogruk), meat, dried (Alaska Native)",SR Legacy,82.6,2.3,0.0,0.0,351.0,non_vegetarian
168051,"Seal, bearded (Oogruk), meat, dried, in oil (Alaska Native)",SR Legacy,35.31,25.08,0.0,0.0,367.0,non_vegetarian
168053,"Seal, bearded (Oogruk), meat, low quadrant, raw (Alaska Native)",SR Legacy,23.63,10.17,0.0,0.0,186.0,non_vegetarian
167650,"Seal, bearded (Oogruk), meat, partially dried (Alaska Native)",SR Legacy,62.38,2.31,0.0,,270.0,non_vegetarian
167610,"Seal, bearded (Oogruk), meat, raw (Alaska Native)",SR Legacy,26.7,0.4,0.0,,110.0,non_vegetarian
168026,"Seal, ringed, liver (Alaska Native)",SR Legacy,18.6,3.3,2.9,,116.0,non_vegetarian
168025,"Seal, ringed, meat (Alaska Native)",SR Legacy,28.4,3.2,0.0,,142.0,non_vegetarian
170145,"Seeds, breadfruit seeds, boiled",SR Legacy,5.3,2.3,32.0,4.8,168.0,vegan
170144,"Seeds, breadfruit seeds, raw",SR Legacy,7.4,5.59,29.24,5.2,191.0,vegan
170595,"Seeds, breadfruit seeds, roasted",SR Legacy,6.2,2.7,40.1,6.0,207.0,vegan
170553,"Seeds, breadnut tree seeds, dried",SR Legacy,8.62,1.68,79.39,14.9,367.0,vegan
170552,"Seeds, breadnut tree seeds, raw",SR Legacy,5.97,0.99,46.28,,217.0,vegan
170554,"Seeds, chia seeds, dried",SR Legacy,16.54,30.74,42.12,34.4,486.0,vegan
170146,"Seeds, cottonseed flour, low fat (glandless)",SR Legacy,49.83,1.41,36.1,,332.0,vegan
170555,"Seeds, cottonseed flour, partially defatted (glandless)",SR Legacy,40.96,6.2,40.54,3.0,359.0,vegan
170596,"Seeds, cottonseed kernels, roasted (glandless)",SR Legacy,32.59,36.29,21.9,5.5,506.0,vegan
170147,"Seeds, cottonseed meal, partially defatted (glandless)",SR Legacy,49.1,4.77,38.43,,367.0,vegan
169414,"Seeds, flaxseed",SR Legacy,18.29,42.16,28.88,27.3,534.0,vegan
170148,"Seeds, hemp seed, hulled",SR Legacy,31.56,48.75,8.67,4.0,553.0,vegan
170149,"Seeds, lotus seeds, dried",SR Legacy,15.41,1.97,64.47,,332.0,vegan
168591,"Seeds, lotus seeds, raw",SR Legacy,4.13,0.53,17.28,,89.0,vegan
170556,"Seeds, pumpkin and squash seed kernels, dried",SR Legacy,30.23,49.05,10.71,6.0,559.0,vegan
169415,"Seeds, pumpkin and squash seed kernels, roasted, with salt added",SR Legacy,29.84,49.05,14.71,6.5,574.0,vegan
170557,"Seeds, pumpkin and squash seed kernels, roasted, without salt",SR Legacy,29.84,49.05,14.71,6.5,574.0,vegan
168601,"Seeds, pumpkin and squash seeds, whole, roasted, with salt added",SR Legacy,18.55,19.4,53.75,18.4,446.0,vegan
170188,"Seeds, pumpkin and squash seeds, whole, roasted, without salt",SR Legacy,18.55,19.4,53.75,18.4,446.0,vegan
2515380,"Seeds, pumpkin seeds (pepitas), raw",Foundation Foods,29.9079,40.03,18.6751,5.079,554.602,vegan
170558,"Seeds, safflower seed kernels, dried",SR Legacy,16.18,38.45,34.29,,517.0,vegan
170559,"Seeds, safflower seed meal, partially defatted",SR Legacy,35.62,2.39,48.73,,342.0,vegan
170191,"Seeds, sesame butter, paste",SR Legacy,18.08,50.87,24.05,5.5,586.0,vegetarian
169410,"Seeds, sesame butter, tahini, from raw and stone ground kernels",SR Legacy,17.81,48.0,26.19,9.3,570.0,vegetarian
170189,"Seeds, sesame butter, tahini, from roasted and toasted kernels (most common type)",SR Legacy,17.0,53.76,21.19,9.3,595.0,vegetarian
169406,"Seeds, sesame butter, tahini, from unroasted kernels (non-chemically removed seed coat)",SR Legacy,17.95,56.44,17.89,9.3,607.0,vegetarian
168604,"Seeds, sesame butter, tahini, type of kernels unspecified",SR Legacy,17.4,53.01,21.5,4.7,592.0,vegetarian
170192,"Seeds, sesame flour, high-fat",SR Legacy,30.78,37.1,26.62,,526.0,vegan
170560,"Seeds, sesame flour, low-fat",SR Legacy,50.14,1.75,35.51,,333.0,vegan
170153,"Seeds, sesame flour, partially defatted",SR Legacy,40.32,11.89,35.14,,382.0,vegan
170561,"Seeds, sesame meal, partially defatted",SR Legacy,16.96,48.0,26.04,,567.0,vegan
169412,"Seeds, sesame seed kernels, dried (decorticated)",SR Legacy,20.45,61.21,11.73,11.6,631.0,vegan
169416,"Seeds, sesame seed kernels, toasted, with salt added (decorticated)",SR Legacy,16.96,48.0,26.04,16.9,567.0,vegan
170152,"Seeds, sesame seed kernels, toasted, without salt added (decorticated)",SR Legacy,16.96,48.0,26.04,16.9,567.0,vegan
170150,"Seeds, sesame seeds, whole, dried",SR Legacy,17.73,49.67,23.45,11.8,573.0,vegan
170151,"Seeds, sesame seeds, whole, roasted and toasted",SR Legacy,16.96,48.0,25.74,14.0,565.0,vegan
168587,"Seeds, sisymbrium sp. seeds, whole, dried",SR Legacy,12.14,4.6,58.26,,318.0,vegan
168595,"Seeds, sunflower seed butter, with salt added (Includes foods for USDA's Food Distribution Program)",SR Legacy,17.28,55.2,23.32,5.7,617.0,vegetarian
170155,"Seeds, sunflower seed butter, without salt",SR Legacy,17.28,55.2,23.32,5.7,617.0,vegetarian
170156,"Seeds, sunflower seed flour, partially defatted",SR Legacy,48.06,1.61,35.83,5.2,326.0,vegan
169417,"Seeds, sunflower seed kernels from shell, dry roasted, with salt added",SR Legacy,19.33,49.8,15.31,9.0,546.0,vegan
170562,"Seeds, sunflower seed kernels, dried",SR Legacy,20.78,51.46,20.0,8.6,584.0,vegan
325524,"Seeds, sunflower seed kernels, dry roasted, with salt added",Foundation Foods,21.0,56.1,17.1,10.3,612.0,vegan
170563,"Seeds, sunflower seed kernels, dry roasted, without salt",SR Legacy,19.33,49.8,24.07,11.1,582.0,vegan
168593,"Seeds, sunflower seed kernels, oil roasted, with salt added",SR Legacy,20.06,51.3,22.89,10.6,592.0,vegan
170564,"Seeds, sunflower seed kernels, oil roasted, without salt",SR Legacy,20.06,51.3,22.89,10.6,592.0,vegan
168594,"Seeds, sunflower seed kernels, toasted, with salt added",SR Legacy,17.21,56.8,20.59,11.5,619.0,vegan
170154,"Seeds, sunflower seed kernels, toasted, without salt",SR Legacy,17.21,56.8,20.59,11.5,619.0,vegan
2515381,"Seeds, sunflower seed, kernel, raw",Foundation Foods,18.8733,48.44,24.5007,7.215,609.456,vegan
169407,"Seeds, watermelon seed kernels, dried",SR Legacy,28.33,47.37,15.31,,557.0,vegan
2262073,"Sesame butter, creamy",Foundation Foods,19.7054,62.4,14.179,8.372,697.1376,vegetarian
167577,"Sherbet, orange",SR Legacy,1.1,2.0,30.4,1.3,144.0,vegan
172329,"Shortening bread, soybean (hydrogenated) and cottonseed",SR Legacy,0.0,100.0,0.0,0.0,884.0,vegan
172330,"Shortening cake mix, soybean (hydrogenated) and cottonseed (hydrogenated)",SR Legacy,0.0,100.0,0.0,0.0,884.0,vegan
173568,"Shortening confectionery, coconut (hydrogenated) and or palm kernel (hydrogenated)",SR Legacy,0.0,100.0,0.0,0.0,884.0,vegan
173567,"Shortening frying (heavy duty), beef tallow and cottonseed",SR Legacy,0.0,100.0,0.0,0.0,900.0,non_vegetarian
172333,"Shortening frying (heavy duty), soybean (hydrogenated), linoleic (less than 1%)",SR Legacy,0.0,100.0,0.0,0.0,884.0,vegan
172332,Shortening household soybean (hydrogenated) and palm,SR Legacy,0.0,100.0,0.0,0.0,884.0,vegan
173566,"Shortening industrial, lard and vegetable oil",SR Legacy,0.0,100.0,0.0,0.0,900.0,non_vegetarian
173569,"Shortening industrial, soybean (hydrogenated) and cottonseed",SR Legacy,0.0,100.0,0.0,0.0,884.0,vegan
172327,"Shortening, household, lard and vegetable oil",SR Legacy,0.0,100.0,0.0,0.0,900.0,non_vegetarian
171011,"Shortening, household, soybean (partially hydrogenated)-cottonseed (partially hydrogenated)",SR Legacy,0.0,100.0,0.0,0.0,884.0,vegan
173606,"Shortening, industrial, soy (partially hydrogenated ) and corn for frying",SR Legacy,0.0,100.0,0.0,0.0,884.0,vegan
173607,"Shortening, industrial, soy (partially hydrogenated ) for baking and confections",SR Legacy,0.0,100.0,0.0,0.0,884.0,vegan
173597,"Shortening, industrial, soy (partially hydrogenated), pourable liquid fry shortening",SR Legacy,0.0,100.0,0.0,0.0,884.0,vegan
173579,"Shortening, multipurpose, soybean (hydrogenated) and palm (hydrogenated)",SR Legacy,0.0,100.0,0.0,0.0,884.0,vegan
173575,"Shortening, special purpose for baking, soybean (hydrogenated) palm and cottonseed",SR Legacy,0.0,100.0,0.0,0.0,884.0,vegan
173574,"Shortening, special purpose for cakes and frostings, soybean (hydrogenated)",SR Legacy,0.0,100.0,0.0,0.0,884.0,vegan
173584,"Shortening, vegetable, household, composite",SR Legacy,0.0,99.97,0.0,0.0,884.0,vegan
175230,SILK Banana-Strawberry soy yogurt,SR Legacy,2.35,1.18,17.06,0.6,88.0,vegetarian
173780,SILK Black Cherry soy yogurt,SR Legacy,2.35,1.18,17.06,0.6,88.0,vegetarian
173781,SILK Blueberry soy yogurt,SR Legacy,2.35,1.18,17.06,0.6,88.0,vegetarian
173776,"SILK Chai, soymilk",SR Legacy,2.47,1.44,7.82,0.0,53.0,vegetarian
173770,"SILK Chocolate, soymilk",SR Legacy,2.06,1.44,9.47,0.8,58.0,vegetarian
175224,"SILK Coffee, soymilk",SR Legacy,2.06,1.44,10.29,0.0,62.0,vegetarian
175232,SILK French Vanilla Creamer,SR Legacy,0.0,6.67,20.0,0.0,133.0,vegetarian
173782,SILK Hazelnut Creamer,SR Legacy,0.0,6.67,20.0,0.0,133.0,vegetarian
175229,SILK Key Lime soy yogurt,SR Legacy,2.35,1.18,17.65,0.6,88.0,vegetarian
173773,"SILK Light Chocolate, soymilk",SR Legacy,2.06,0.62,9.05,0.8,49.0,vegetarian
173771,"SILK Light Plain, soymilk",SR Legacy,2.47,0.82,3.29,0.4,29.0,vegetarian
173772,"SILK Light Vanilla, soymilk",SR Legacy,2.47,0.82,4.12,0.4,33.0,vegetarian
173777,"SILK Mocha, soymilk",SR Legacy,2.06,1.44,9.05,0.0,58.0,vegetarian
173775,"SILK Nog, soymilk",SR Legacy,2.46,1.64,12.3,0.0,74.0,vegetarian
175231,SILK Original Creamer,SR Legacy,0.0,6.67,6.67,0.0,100.0,vegetarian
173779,SILK Peach soy yogurt,SR Legacy,2.35,1.18,18.82,0.6,94.0,vegetarian
175227,SILK Plain soy yogurt,SR Legacy,2.64,1.76,9.69,0.4,66.0,vegetarian
175218,"SILK Plain, soymilk",SR Legacy,2.88,1.65,3.29,0.4,41.0,vegetarian
175222,"SILK Plus Fiber, soymilk",SR Legacy,2.47,1.44,5.76,2.1,41.0,vegetarian
175221,"SILK Plus for Bone Health, soymilk",SR Legacy,2.47,1.44,4.53,0.8,41.0,vegetarian
175220,"SILK Plus Omega-3 DHA, soymilk",SR Legacy,2.88,2.06,3.29,0.4,45.0,vegetarian
173778,SILK Raspberry soy yogurt,SR Legacy,2.35,1.18,17.65,0.6,88.0,vegetarian
175228,SILK Strawberry soy yogurt,SR Legacy,2.35,1.18,18.24,0.6,94.0,vegetarian
175223,"SILK Unsweetened, soymilk",SR Legacy,2.88,1.65,1.65,0.4,33.0,vegetarian
175225,SILK Vanilla soy yogurt (family size),SR Legacy,2.64,1.76,13.66,0.4,79.0,vegetarian
175226,SILK Vanilla soy yogurt (single serving size),SR Legacy,2.94,1.76,14.71,0.6,88.0,vegetarian
175219,"SILK Vanilla, soymilk",SR Legacy,2.47,1.44,4.12,0.4,41.0,vegetarian
173774,"SILK Very Vanilla, soymilk",SR Legacy,2.47,1.65,7.82,0.4,53.0,vegetarian
171577,"SMART SOUP, French Lentil",SR Legacy,2.9,1.06,9.5,2.9,53.0,vegan
171181,"SMART SOUP, Indian Bean Masala",SR Legacy,3.3,0.88,10.5,2.6,57.0,vegan
171182,"SMART SOUP, Moroccan Chick Pea",SR Legacy,2.0,1.06,9.7,3.1,51.0,vegan
171576,"SMART SOUP, Santa Fe Corn Chowder",SR Legacy,2.0,0.71,11.2,2.0,55.0,vegan
171183,"SMART SOUP, Thai Coconut Curry",SR Legacy,0.8,1.06,6.5,1.0,36.0,vegan
171184,"SMART SOUP, Vietnamese Carrot Lemongrass",SR Legacy,1.3,1.06,8.2,1.5,44.0,vegan
168853,"Snack, potato chips, made from dried potatoes, plain",SR Legacy,4.62,35.28,55.38,2.9,545.0,vegan
173156,"Snack, Pretzel, hard chocolate coated",SR Legacy,7.05,17.64,70.07,3.5,467.0,vegan
168849,"Snacks, banana chips",SR Legacy,2.3,33.6,58.4,7.7,519.0,vegan
167536,"Snacks, beef jerky, chopped and formed",SR Legacy,33.2,25.6,11.0,1.8,410.0,non_vegetarian
168850,"Snacks, beef sticks, smoked",SR Legacy,21.5,49.6,5.4,,550.0,non_vegetarian
173155,"Snacks, brown rice chips",SR Legacy,8.2,2.8,81.5,4.2,384.0,vegan
174798,"Snacks, candy bits, yogurt covered with vitamin C",SR Legacy,0.0,7.5,86.9,0.2,415.0,vegetarian
174779,"Snacks, candy rolls, yogurt-covered, fruit flavored with high vitamin C",SR Legacy,0.46,6.53,74.64,3.3,359.0,vegetarian
168857,"Snacks, corn cakes",SR Legacy,8.1,2.4,83.4,1.9,387.0,vegan
170647,"Snacks, corn cakes, very low sodium",SR Legacy,8.1,2.4,83.4,,387.0,vegan
167538,"Snacks, corn-based, extruded, chips, barbecue-flavor",SR Legacy,7.0,32.7,56.2,5.2,523.0,vegan
170245,"Snacks, corn-based, extruded, chips, barbecue-flavor, made with enriched masa flour",SR Legacy,7.0,32.7,56.2,,523.0,vegan
167537,"Snacks, corn-based, extruded, chips, plain",SR Legacy,6.17,33.36,57.27,4.0,539.0,vegan
168127,"Snacks, corn-based, extruded, chips, unsalted",SR Legacy,6.6,33.4,57.4,4.4,557.0,vegan
167539,"Snacks, corn-based, extruded, cones, plain",SR Legacy,5.8,26.9,62.9,1.1,510.0,vegan
167948,"Snacks, corn-based, extruded, onion-flavor",SR Legacy,7.7,22.6,65.1,3.9,499.0,vegan
167949,"Snacks, corn-based, extruded, puffs or twists, cheese-flavor",SR Legacy,5.46,36.54,54.54,0.8,567.0,vegetarian
170244,"Snacks, corn-based, extruded, puffs or twists, cheese-flavor, unenriched",SR Legacy,5.76,35.76,54.1,2.2,558.0,vegetarian
169672,"Snacks, cornnuts, barbecue-flavor",SR Legacy,9.0,14.3,71.7,8.4,436.0,vegan
169673,"Snacks, crisped rice bar, almond",SR Legacy,7.0,20.4,64.6,3.6,458.0,vegan
167951,"Snacks, crisped rice bar, chocolate chip",SR Legacy,5.1,13.5,73.0,2.2,404.0,vegan
168811,"Snacks, FARLEY CANDY, FARLEY Fruit Snacks, with vitamins A, C, and E",SR Legacy,4.4,0.0,80.9,,341.0,vegan
174788,"Snacks, FRITOLAY, SUNCHIPS, multigrain, French onion flavor",SR Legacy,8.68,22.15,65.49,7.8,496.0,vegan
167540,"Snacks, fruit leather, pieces",SR Legacy,1.0,2.68,82.82,0.0,359.0,vegan
169636,"Snacks, fruit leather, pieces, with vitamin C",SR Legacy,0.1,3.5,85.2,3.5,373.0,vegan
167541,"Snacks, fruit leather, rolls",SR Legacy,0.1,3.0,85.8,0.0,371.0,vegan
168808,"Snacks, GENERAL MILLS, BETTY CROCKER Fruit Roll Ups, berry flavored, with vitamin C",SR Legacy,0.1,3.5,85.2,,373.0,vegan
168861,"Snacks, granola bar, fruit-filled, nonfat",SR Legacy,5.9,0.9,77.6,7.4,342.0,vegan
174801,"Snacks, granola bar, GENERAL MILLS NATURE VALLEY, SWEET&SALTY NUT, peanut",SR Legacy,9.14,22.86,61.14,2.9,487.0,vegan
174802,"Snacks, granola bar, GENERAL MILLS, NATURE VALLEY, with yogurt coating",SR Legacy,5.71,11.43,74.29,4.4,423.0,vegetarian
169863,"Snacks, granola bar, with coconut, chocolate coated",SR Legacy,5.2,32.2,55.2,6.2,531.0,vegan
167543,"Snacks, granola bars, hard, almond",SR Legacy,7.7,25.5,62.0,4.8,495.0,vegan
169681,"Snacks, granola bars, hard, peanut butter",SR Legacy,9.8,23.8,62.3,2.9,483.0,vegetarian
174795,"Snacks, granola bars, QUAKER OATMEAL TO GO, all flavors",SR Legacy,6.67,6.67,75.47,4.6,389.0,vegan
173148,"Snacks, granola bars, soft, almond, confectioners coating",SR Legacy,8.6,20.0,60.13,4.3,455.0,vegan
167545,"Snacks, granola bars, soft, coated, milk chocolate coating, chocolate chip",SR Legacy,5.8,24.9,63.8,3.4,466.0,vegetarian
167547,"Snacks, granola bars, soft, coated, milk chocolate coating, peanut butter",SR Legacy,10.2,31.1,53.4,2.8,508.0,vegetarian
169674,"Snacks, granola bars, soft, uncoated, chocolate chip",SR Legacy,5.65,16.57,70.2,3.8,418.0,vegan
169675,"Snacks, granola bars, soft, uncoated, chocolate chip, graham and marshmallow",SR Legacy,6.1,15.5,70.8,4.0,427.0,non_vegetarian
169676,"Snacks, granola bars, soft, uncoated, nut and raisin",SR Legacy,8.0,20.4,63.6,5.6,454.0,vegan
167955,"Snacks, granola bars, soft, uncoated, peanut butter",SR Legacy,10.5,15.8,64.4,4.3,426.0,vegetarian
167548,"Snacks, granola bars, soft, uncoated, peanut butter and chocolate chip",SR Legacy,9.8,20.0,62.2,4.2,432.0,vegetarian
167954,"Snacks, granola bars, soft, uncoated, plain",SR Legacy,7.4,17.2,67.3,4.6,443.0,vegan
167544,"Snacks, granola bars, soft, uncoated, raisin",SR Legacy,7.6,17.8,66.4,4.2,448.0,vegan
169688,"Snacks, KELLOGG, KELLOGG'S Low Fat Granola Bar, Crunchy Almond/Brown Sugar",SR Legacy,8.0,7.4,78.0,6.2,390.0,vegan
169687,"Snacks, KELLOGG, KELLOGG'S RICE KRISPIES TREATS Squares",SR Legacy,3.4,9.0,80.5,0.0,417.0,vegan
168862,"Snacks, KELLOGG, KELLOGG'S, NUTRI-GRAIN Cereal Bars, fruit",SR Legacy,4.22,8.67,67.61,3.0,365.0,vegan
167950,"Snacks, KRAFT, CORNNUTS, plain",SR Legacy,8.5,15.64,71.86,6.9,446.0,vegan
167964,"Snacks, M&M MARS, COMBOS Snacks Cheddar Cheese Pretzel",SR Legacy,9.85,16.92,66.5,3.6,463.0,vegetarian
173135,"Snacks, M&M MARS, KUDOS Whole Grain Bar, M&M's milk chocolate",SR Legacy,3.78,11.95,73.01,2.4,415.0,vegetarian
173133,"Snacks, M&M MARS, KUDOS Whole Grain Bars, peanut butter",SR Legacy,5.88,20.78,64.69,2.6,463.0,vegetarian
173151,"Snacks, NUTRI-GRAIN FRUIT AND NUT BAR",SR Legacy,9.38,10.93,66.72,7.5,403.0,vegan
167958,"Snacks, oriental mix, rice-based",SR Legacy,17.31,25.58,51.62,13.2,506.0,vegan
173157,"Snacks, peas, roasted, wasabi-flavored",SR Legacy,14.11,14.11,62.2,3.8,432.0,vegan
173142,"Snacks, plantain chips, salted",SR Legacy,2.28,29.59,63.84,3.5,531.0,vegan
167959,"Snacks, popcorn, air-popped",SR Legacy,12.94,4.54,77.78,14.5,387.0,vegan
170246,"Snacks, popcorn, air-popped (Unsalted)",SR Legacy,12.0,4.2,77.9,15.1,382.0,vegan
167550,"Snacks, popcorn, cakes",SR Legacy,9.7,3.1,80.1,2.9,384.0,vegan
167551,"Snacks, popcorn, caramel-coated, with peanuts",SR Legacy,6.4,7.8,80.7,3.8,400.0,vegan
167552,"Snacks, popcorn, caramel-coated, without peanuts",SR Legacy,3.8,12.8,79.1,5.2,431.0,vegan
167960,"Snacks, popcorn, cheese-flavor",SR Legacy,9.3,33.2,51.6,9.9,526.0,vegetarian
169861,"Snacks, popcorn, home-prepared, oil-popped, unsalted",SR Legacy,9.0,28.1,58.1,10.0,500.0,vegan
173131,"Snacks, popcorn, microwave, 94% fat free",SR Legacy,10.72,6.1,76.04,13.6,402.0,vegan
174778,"Snacks, popcorn, microwave, low fat",SR Legacy,12.6,9.5,72.0,14.2,424.0,vegan
174785,"Snacks, popcorn, microwave, regular (butter) flavor, made with partially hydrogenated oil",SR Legacy,7.5,34.02,55.16,10.0,557.0,vegetarian
167549,"Snacks, popcorn, oil-popped, microwave, regular flavor, no trans fat",SR Legacy,7.29,43.55,45.06,8.1,583.0,vegan
170247,"Snacks, popcorn, oil-popped, white popcorn, salt added",SR Legacy,9.0,28.1,57.2,10.0,500.0,vegan
168851,"Snacks, pork skins, barbecue-flavor",SR Legacy,57.9,31.8,1.6,,538.0,non_vegetarian
167961,"Snacks, pork skins, plain",SR Legacy,61.3,31.3,0.0,0.0,544.0,non_vegetarian
167962,"Snacks, potato chips, barbecue-flavor",SR Legacy,6.51,31.06,55.92,3.8,487.0,vegan
169682,"Snacks, potato chips, cheese-flavor",SR Legacy,8.5,27.2,57.7,5.2,496.0,vegetarian
169686,"Snacks, potato chips, fat free, salted",SR Legacy,9.64,0.6,83.76,7.5,379.0,vegan
169684,"Snacks, potato chips, fat-free, made with olestra",SR Legacy,7.74,0.7,65.0,6.8,274.0,vegan
174805,"Snacks, potato chips, lightly salted",SR Legacy,6.72,35.39,53.54,4.2,560.0,vegan
174804,"Snacks, potato chips, made from dried potatoes (preformed), multigrain",SR Legacy,5.3,24.74,65.34,2.7,505.0,vegan
169678,"Snacks, potato chips, made from dried potatoes, cheese-flavor",SR Legacy,7.0,37.0,50.6,3.4,551.0,vegetarian
168864,"Snacks, potato chips, made from dried potatoes, fat-free, made with olestra",SR Legacy,5.06,0.93,56.0,7.3,253.0,vegan
167553,"Snacks, potato chips, made from dried potatoes, reduced fat",SR Legacy,4.56,26.14,64.76,3.2,502.0,vegan
167554,"Snacks, potato chips, made from dried potatoes, sour-cream and onion-flavor",SR Legacy,6.6,37.0,51.3,1.2,547.0,vegetarian
170248,"Snacks, potato chips, plain, made with partially hydrogenated soybean oil, salted",SR Legacy,7.0,34.6,52.9,4.8,536.0,vegan
170648,"Snacks, potato chips, plain, made with partially hydrogenated soybean oil, unsalted",SR Legacy,7.0,34.6,52.9,4.8,536.0,vegan
169677,"Snacks, potato chips, plain, salted",SR Legacy,6.39,33.98,53.83,3.1,532.0,vegan
170649,"Snacks, potato chips, plain, unsalted",SR Legacy,7.0,34.6,52.9,4.8,536.0,vegan
169683,"Snacks, potato chips, reduced fat",SR Legacy,7.1,20.8,66.9,5.9,471.0,vegan
167963,"Snacks, potato chips, sour-cream-and-onion-flavor",SR Legacy,8.1,33.9,51.5,5.2,531.0,vegetarian
169046,"Snacks, potato chips, white, restructured, baked",SR Legacy,5.0,18.2,71.4,4.8,469.0,vegan
168854,"Snacks, potato sticks",SR Legacy,6.7,34.4,53.3,3.4,522.0,vegan
174806,"Snacks, Pretzels, gluten- free made with cornstarch and potato flour",SR Legacy,3.52,6.67,78.62,3.3,389.0,vegan
167556,"Snacks, pretzels, hard, confectioner's coating, chocolate-flavor",SR Legacy,7.5,16.7,70.9,2.4,457.0,vegan
170249,"Snacks, pretzels, hard, plain, made with enriched flour, unsalted",SR Legacy,9.1,3.5,79.2,2.8,381.0,vegan
170650,"Snacks, pretzels, hard, plain, made with unenriched flour, salted",SR Legacy,9.1,3.5,79.2,2.8,381.0,vegan
170651,"Snacks, pretzels, hard, plain, made with unenriched flour, unsalted",SR Legacy,9.1,3.5,79.2,2.8,381.0,vegan
167965,"Snacks, pretzels, hard, whole-wheat including both salted and unsalted",SR Legacy,11.1,2.6,81.3,7.7,362.0,vegan
167967,"Snacks, rice cakes, brown rice, buckwheat",SR Legacy,9.0,3.5,80.1,3.8,380.0,vegan
170251,"Snacks, rice cakes, brown rice, buckwheat, unsalted",SR Legacy,9.0,3.5,80.1,,380.0,vegan
169679,"Snacks, rice cakes, brown rice, corn",SR Legacy,8.4,3.2,81.2,2.9,385.0,vegan
169680,"Snacks, rice cakes, brown rice, multigrain",SR Legacy,8.5,3.5,80.1,3.0,387.0,vegan
170252,"Snacks, rice cakes, brown rice, multigrain, unsalted",SR Legacy,8.5,3.5,80.1,,387.0,vegan
170250,"Snacks, rice cakes, brown rice, plain, unsalted",SR Legacy,8.2,2.8,81.5,4.2,387.0,vegan
168855,"Snacks, rice cakes, brown rice, rye",SR Legacy,8.1,3.8,79.9,4.0,386.0,vegan
167557,"Snacks, rice cakes, brown rice, sesame seed",SR Legacy,7.6,3.8,81.5,5.4,392.0,vegan
170652,"Snacks, rice cakes, brown rice, sesame seed, unsalted",SR Legacy,7.6,3.8,81.5,,392.0,vegan
167966,"Snacks, rice cracker brown rice, plain",SR Legacy,8.2,2.8,81.5,4.2,387.0,vegan
168856,"Snacks, sesame sticks, wheat-based, salted",SR Legacy,10.9,36.7,46.5,2.8,541.0,vegan
170653,"Snacks, sesame sticks, wheat-based, unsalted",SR Legacy,10.9,36.7,46.5,,541.0,vegan
173160,"Snacks, shrimp cracker",SR Legacy,7.14,17.86,59.09,5.6,426.0,non_vegetarian
173140,"Snacks, soy chips or crisps, salted",SR Legacy,26.5,7.35,53.15,3.5,385.0,vegan
169635,"Snacks, SUNKIST, SUNKIST Fruit Roll, strawberry, with vitamins A, C, and E",SR Legacy,0.6,1.0,82.7,7.7,342.0,vegan
174783,"Snacks, sweet potato chips, unsalted",SR Legacy,2.94,32.35,56.82,8.8,532.0,vegan
168863,"Snacks, tortilla chips, low fat, made with olestra, nacho cheese",SR Legacy,8.44,3.53,65.22,6.4,318.0,vegetarian
167559,"Snacks, tortilla chips, nacho cheese",SR Legacy,7.36,27.42,60.81,5.1,519.0,vegetarian
170256,"Snacks, tortilla chips, nacho-flavor, made with enriched masa flour",SR Legacy,7.8,25.6,62.3,5.3,511.0,vegan
167558,"Snacks, tortilla chips, plain, white corn, salted",SR Legacy,7.1,20.68,67.78,5.4,472.0,vegan
168116,"Snacks, tortilla chips, unsalted, white corn",SR Legacy,7.79,23.36,65.32,5.3,503.0,vegan
167969,"Snacks, trail mix, regular, with chocolate chips, salted nuts and seeds",SR Legacy,14.2,31.9,44.9,5.0,484.0,vegan
170655,"Snacks, trail mix, regular, with chocolate chips, unsalted nuts and seeds",SR Legacy,14.2,31.9,44.9,,484.0,vegan
174791,"Snacks, vegetable chips, HAIN CELESTIAL GROUP, TERRA CHIPS",SR Legacy,4.13,29.81,57.97,10.9,517.0,vegan
174796,"Snacks, vegetable chips, made from garden vegetables",SR Legacy,5.32,23.3,60.43,4.7,473.0,vegan
2747670,"Snow crab, legs only, frozen  ",Foundation Foods,15.5375,0.2942,1.1063,,69.223,non_vegetarian
2710839,"Sorghum bran, white, unenriched, dry, raw",Foundation Foods,11.16875,9.259,68.69525,34.95,402.787,vegan
173262,"Sorghum flour, refined, unenriched",SR Legacy,9.53,1.24,76.85,1.9,357.0,vegan
2710840,"Sorghum flour, white, pearled, unenriched, dry, raw",Foundation Foods,10.2125,3.238,73.5065,3.299,364.018,vegan
168943,"Sorghum flour, whole-grain",SR Legacy,8.43,3.34,76.64,6.6,359.0,vegan
169716,Sorghum grain,SR Legacy,10.62,3.46,72.09,6.7,329.0,vegan
2710841,"Sorghum grain, white, pearled, unenriched, dry, raw",Foundation Foods,10.25,3.265,74.872,3.916,369.873,vegan
2710842,"Sorghum, whole grain, white, dry, raw",Foundation Foods,10.08125,4.219,73.57375,8.274,372.591,vegan
174533,"Soup, bean & ham, canned, reduced sodium, prepared with water or ready-to-serve",SR Legacy,4.19,1.03,13.66,4.0,81.0,non_vegetarian
171586,"Soup, bean with bacon, condensed, single brand",SR Legacy,6.5,2.1,18.0,4.6,117.0,non_vegetarian
171143,"Soup, bean with frankfurters, canned, condensed",SR Legacy,7.6,5.31,16.75,4.6,142.0,vegan
172905,"Soup, bean with frankfurters, canned, prepared with equal volume water",SR Legacy,3.99,2.79,8.8,,75.0,vegan
171144,"Soup, bean with ham, canned, chunky, ready-to-serve",SR Legacy,5.19,3.5,11.16,4.6,95.0,non_vegetarian
171142,"Soup, bean with pork, canned, condensed",SR Legacy,5.88,4.42,16.97,5.9,129.0,non_vegetarian
172904,"Soup, bean with pork, canned, prepared with equal volume water",SR Legacy,2.88,2.16,8.31,2.9,63.0,non_vegetarian
171611,"Soup, beef and mushroom, low sodium, chunk style",SR Legacy,4.3,2.3,9.58,0.2,69.0,non_vegetarian
171190,"Soup, beef and vegetables, canned, ready-to-serve",SR Legacy,3.18,1.16,6.16,1.2,48.0,non_vegetarian
174065,"Soup, beef and vegetables, reduced sodium, canned, ready-to-serve",SR Legacy,3.26,0.95,4.99,0.8,42.0,non_vegetarian
174073,"Soup, beef barley, ready to serve",SR Legacy,2.81,0.96,7.94,0.9,52.0,non_vegetarian
171548,"Soup, beef broth bouillon and consomme, canned, condensed",SR Legacy,2.52,0.0,0.32,0.0,11.0,non_vegetarian
171538,"Soup, beef broth or bouillon canned, ready-to-serve",SR Legacy,1.14,0.22,0.04,0.0,7.0,non_vegetarian
171560,"Soup, beef broth or bouillon, powder, dry",SR Legacy,15.97,8.89,17.4,0.0,213.0,non_vegetarian
172922,"Soup, beef broth or bouillon, powder, prepared with water",SR Legacy,0.21,0.08,0.25,0.0,3.0,non_vegetarian
174557,"Soup, beef broth, bouillon, consomme, prepared with equal volume water",SR Legacy,2.22,0.0,0.73,0.0,12.0,non_vegetarian
171561,"Soup, beef broth, cubed, dry",SR Legacy,17.3,4.0,16.1,0.0,170.0,non_vegetarian
172923,"Soup, beef broth, cubed, prepared with water",SR Legacy,0.21,0.08,0.25,0.0,3.0,non_vegetarian
172889,"Soup, beef broth, less/reduced sodium, ready to serve",SR Legacy,1.14,0.07,0.2,0.0,6.0,non_vegetarian
171175,"Soup, beef mushroom, canned, condensed",SR Legacy,4.6,2.4,5.2,0.2,61.0,non_vegetarian
171572,"Soup, beef mushroom, canned, prepared with equal volume water",SR Legacy,2.37,1.23,2.6,0.1,30.0,non_vegetarian
171539,"Soup, beef noodle, canned, condensed",SR Legacy,3.85,2.46,7.16,0.6,67.0,non_vegetarian
172906,"Soup, beef noodle, canned, prepared with equal volume water",SR Legacy,1.93,1.23,3.58,0.3,34.0,non_vegetarian
171612,"Soup, beef stroganoff, canned, chunky style, ready-to-serve",SR Legacy,5.1,4.6,9.0,0.6,98.0,non_vegetarian
171141,"Soup, black bean, canned, condensed",SR Legacy,4.83,1.32,15.42,6.8,91.0,vegan
172903,"Soup, black bean, canned, prepared with equal volume water",SR Legacy,2.42,0.66,7.71,3.4,46.0,vegan
171178,"Soup, broccoli cheese, canned, condensed, commercial",SR Legacy,2.1,5.3,7.7,1.8,87.0,vegetarian
171541,"Soup, cheese, canned, condensed",SR Legacy,0.8,3.92,11.3,2.2,82.0,vegetarian
172894,"Soup, cheese, canned, prepared with equal volume milk",SR Legacy,3.77,5.8,6.47,0.4,92.0,vegetarian
174550,"Soup, cheese, canned, prepared with equal volume water",SR Legacy,2.19,4.24,4.26,0.4,63.0,vegetarian
171546,"Soup, chicken and vegetable, canned, ready-to-serve",SR Legacy,1.97,0.73,4.68,0.9,33.0,non_vegetarian
171563,"Soup, chicken broth cubes, dry",SR Legacy,14.6,4.7,23.5,0.0,198.0,non_vegetarian
174566,"Soup, chicken broth cubes, dry, prepared with water",SR Legacy,0.39,0.12,0.62,,5.0,non_vegetarian
171562,"Soup, chicken broth or bouillon, dry",SR Legacy,16.66,13.88,18.01,0.0,267.0,non_vegetarian
172924,"Soup, chicken broth or bouillon, dry, prepared with water",SR Legacy,0.28,0.23,0.3,0.0,4.0,non_vegetarian
171542,"Soup, chicken broth, canned, condensed",SR Legacy,4.42,1.04,0.75,0.0,31.0,non_vegetarian
174551,"Soup, chicken broth, canned, prepared with equal volume water",SR Legacy,2.02,0.57,0.38,0.0,16.0,non_vegetarian
172888,"Soup, chicken broth, less/reduced sodium, ready to serve",SR Legacy,1.36,0.0,0.38,0.0,7.0,non_vegetarian
171609,"Soup, chicken broth, low sodium, canned",SR Legacy,2.0,0.6,1.2,0.0,16.0,non_vegetarian
174536,"Soup, chicken broth, ready-to-serve",SR Legacy,0.64,0.21,0.44,0.0,6.0,non_vegetarian
171585,"Soup, chicken corn chowder, chunky, ready-to-serve, single brand",SR Legacy,3.1,6.3,7.5,0.9,99.0,non_vegetarian
171147,"Soup, chicken gumbo, canned, condensed",SR Legacy,2.1,1.14,6.67,1.6,45.0,non_vegetarian
172908,"Soup, chicken gumbo, canned, prepared with equal volume water",SR Legacy,1.08,0.59,3.43,0.8,23.0,non_vegetarian
174522,"Soup, chicken mushroom, canned, condensed",SR Legacy,1.61,4.84,11.95,3.2,100.0,non_vegetarian
171573,"Soup, chicken mushroom, canned, prepared with equal volume water",SR Legacy,1.8,3.75,3.8,0.1,54.0,non_vegetarian
171543,"Soup, chicken noodle, canned, condensed",SR Legacy,2.37,1.55,6.07,0.9,48.0,non_vegetarian
172909,"Soup, chicken noodle, canned, prepared with equal volume water",SR Legacy,1.16,0.76,2.97,0.5,24.0,non_vegetarian
171571,"Soup, chicken noodle, dry, mix",SR Legacy,15.42,6.51,62.32,3.2,377.0,non_vegetarian
172925,"Soup, chicken noodle, dry, mix, prepared with water",SR Legacy,0.84,0.55,3.67,0.1,23.0,non_vegetarian
171593,"Soup, chicken noodle, low sodium, canned, prepared with equal volume water",SR Legacy,1.27,0.95,2.95,0.2,25.0,non_vegetarian
174064,"Soup, chicken noodle, reduced sodium, canned, ready-to-serve",SR Legacy,3.29,1.34,3.84,0.8,41.0,non_vegetarian
171544,"Soup, chicken rice, canned, chunky, ready-to-serve",SR Legacy,5.11,1.33,5.41,0.4,53.0,non_vegetarian
172892,"Soup, chicken vegetable with potato and cheese, chunky, ready-to-serve",SR Legacy,1.16,4.46,5.2,0.3,65.0,non_vegetarian
171149,"Soup, chicken vegetable, canned, condensed",SR Legacy,2.94,2.32,7.01,0.7,61.0,non_vegetarian
171545,"Soup, chicken with rice, canned, condensed",SR Legacy,1.84,1.56,11.57,0.9,68.0,non_vegetarian
172910,"Soup, chicken with rice, canned, prepared with equal volume water",SR Legacy,1.45,0.78,2.92,0.3,24.0,non_vegetarian
171145,"Soup, chicken, canned, chunky, ready-to-serve",SR Legacy,5.06,2.64,6.88,0.6,71.0,non_vegetarian
171150,"Soup, chili beef, canned, condensed",SR Legacy,5.09,2.53,18.86,2.5,117.0,non_vegetarian
172911,"Soup, chili beef, canned, prepared with equal volume water",SR Legacy,2.49,1.24,9.23,1.2,57.0,non_vegetarian
171162,"Soup, chunky beef, canned, ready-to-serve",SR Legacy,3.97,1.11,10.08,0.6,66.0,non_vegetarian
171148,"Soup, chunky chicken noodle, canned, ready-to-serve",SR Legacy,3.09,1.16,4.46,0.8,41.0,non_vegetarian
171559,"Soup, chunky vegetable, canned, ready-to-serve",SR Legacy,1.14,0.36,7.9,1.1,39.0,vegan
174071,"Soup, chunky vegetable, reduced sodium, canned, ready-to-serve",SR Legacy,1.16,0.51,10.28,1.1,50.0,vegan
171151,"Soup, clam chowder, manhattan style, canned, chunky, ready-to-serve",SR Legacy,3.02,1.41,7.84,1.2,56.0,non_vegetarian
171152,"Soup, clam chowder, manhattan, canned, condensed",SR Legacy,1.74,1.76,9.74,1.2,61.0,non_vegetarian
174554,"Soup, clam chowder, manhattan, canned, prepared with equal volume water",SR Legacy,0.85,0.86,4.77,0.6,30.0,non_vegetarian
171547,"Soup, clam chowder, new england, canned, condensed",SR Legacy,3.17,2.06,10.32,0.7,72.0,non_vegetarian
174539,"Soup, clam chowder, new england, canned, prepared with equal volume low fat (2%) milk",SR Legacy,3.24,2.02,7.46,0.3,61.0,non_vegetarian
174555,"Soup, clam chowder, new england, canned, prepared with equal volume water",SR Legacy,1.55,1.01,5.05,0.3,35.0,non_vegetarian
174062,"Soup, clam chowder, new england, canned, ready-to-serve",SR Legacy,2.61,3.94,8.28,1.0,79.0,non_vegetarian
174063,"Soup, clam chowder, new england, reduced sodium, canned, ready-to-serve",SR Legacy,2.33,4.23,5.68,0.8,70.0,non_vegetarian
171537,"Soup, cream of asparagus, canned, condensed",SR Legacy,1.82,3.26,8.52,0.4,69.0,vegetarian
172891,"Soup, cream of asparagus, canned, prepared with equal volume milk",SR Legacy,2.55,3.3,6.61,0.3,65.0,vegetarian
174549,"Soup, cream of asparagus, canned, prepared with equal volume water",SR Legacy,0.94,1.68,4.38,0.2,35.0,vegetarian
171540,"Soup, cream of celery, canned, condensed",SR Legacy,1.32,4.46,7.03,0.6,72.0,vegetarian
172893,"Soup, cream of celery, canned, prepared with equal volume milk",SR Legacy,2.29,3.91,5.86,0.3,66.0,vegetarian
172907,"Soup, cream of celery, canned, prepared with equal volume water",SR Legacy,0.68,2.29,3.62,0.3,37.0,vegetarian
171146,"Soup, cream of chicken, canned, condensed",SR Legacy,2.38,5.77,7.16,0.0,90.0,non_vegetarian
171602,"Soup, cream of chicken, canned, condensed, reduced sodium",SR Legacy,1.8,1.3,9.5,0.4,58.0,non_vegetarian
174537,"Soup, cream of chicken, canned, prepared with equal volume milk",SR Legacy,3.01,4.62,6.04,0.1,77.0,non_vegetarian
174553,"Soup, cream of chicken, canned, prepared with equal volume water",SR Legacy,1.41,3.02,3.8,0.1,48.0,non_vegetarian
174567,"Soup, cream of chicken, dry, mix, prepared with water",SR Legacy,0.68,2.04,5.11,0.1,41.0,non_vegetarian
171155,"Soup, cream of mushroom, canned, condensed",SR Legacy,1.35,5.3,6.8,0.7,79.0,vegetarian
172887,"Soup, cream of mushroom, canned, condensed, reduced sodium",SR Legacy,1.21,1.69,8.1,0.6,52.0,vegetarian
174540,"Soup, cream of mushroom, canned, prepared with equal volume low fat (2%) milk",SR Legacy,2.36,3.58,5.76,0.3,65.0,vegetarian
172915,"Soup, cream of mushroom, canned, prepared with equal volume water",SR Legacy,0.66,2.59,3.33,0.3,39.0,vegetarian
171607,"Soup, cream of mushroom, low sodium, ready-to-serve, canned",SR Legacy,1.0,3.7,4.53,0.2,53.0,vegetarian
171552,"Soup, cream of onion, canned, condensed",SR Legacy,2.2,4.2,10.4,0.4,88.0,vegetarian
174541,"Soup, cream of onion, canned, prepared with equal volume milk",SR Legacy,2.74,3.78,7.4,0.3,75.0,vegetarian
174559,"Soup, cream of onion, canned, prepared with equal volume water",SR Legacy,1.13,2.16,5.2,0.4,44.0,vegetarian
171158,"Soup, cream of potato, canned, condensed",SR Legacy,1.51,1.88,12.79,1.3,74.0,vegetarian
172897,"Soup, cream of potato, canned, prepared with equal volume milk",SR Legacy,2.33,2.6,6.92,0.2,60.0,vegetarian
172917,"Soup, cream of potato, canned, prepared with equal volume water",SR Legacy,0.72,0.97,4.7,0.2,30.0,vegetarian
171159,"Soup, cream of shrimp, canned, condensed",SR Legacy,2.22,4.14,6.53,0.2,72.0,non_vegetarian
172898,"Soup, cream of shrimp, canned, prepared with equal volume low fat (2%) milk",SR Legacy,2.78,3.23,5.64,0.1,61.0,non_vegetarian
172918,"Soup, cream of shrimp, canned, prepared with equal volume water",SR Legacy,1.11,2.07,3.27,0.1,36.0,non_vegetarian
171166,"Soup, cream of vegetable, dry, powder",SR Legacy,8.0,24.1,52.1,3.0,446.0,vegetarian
174807,"Soup, egg drop, Chinese restaurant",SR Legacy,1.16,0.61,4.29,0.4,27.0,vegetarian
168027,"Soup, fish, homemade (Alaska Native)",SR Legacy,7.4,2.2,5.6,,72.0,non_vegetarian
172899,"Soup, HEALTHY CHOICE Chicken and Rice Soup, canned",SR Legacy,2.53,0.55,5.71,0.8,37.0,non_vegetarian
174545,"Soup, HEALTHY CHOICE Chicken Noodle Soup, canned",SR Legacy,3.69,0.63,5.2,0.8,41.0,non_vegetarian
172900,"Soup, HEALTHY CHOICE Garden Vegetable Soup, canned",SR Legacy,2.13,0.21,10.04,1.9,51.0,vegan
171549,"Soup, lentil with ham, canned, ready-to-serve",SR Legacy,3.74,1.12,8.16,,56.0,non_vegetarian
171154,"Soup, mushroom barley, canned, condensed",SR Legacy,1.5,1.8,9.6,,61.0,vegan
172914,"Soup, mushroom barley, canned, prepared with equal volume water",SR Legacy,0.77,0.93,4.8,0.3,30.0,vegan
171156,"Soup, mushroom with beef stock, canned, condensed",SR Legacy,2.51,3.21,7.41,0.1,68.0,non_vegetarian
174558,"Soup, mushroom with beef stock, canned, prepared with equal volume water",SR Legacy,1.29,1.65,3.81,0.3,35.0,non_vegetarian
171551,"Soup, onion, canned, condensed",SR Legacy,3.06,1.42,6.68,0.7,46.0,vegan
171165,"Soup, onion, dry, mix",SR Legacy,7.48,0.34,65.07,6.6,293.0,vegan
174568,"Soup, onion, dry, mix, prepared with water",SR Legacy,0.32,0.01,2.77,0.3,12.0,vegan
171553,"Soup, oyster stew, canned, condensed",SR Legacy,1.72,3.13,3.32,0.0,48.0,non_vegetarian
172895,"Soup, oyster stew, canned, prepared with equal volume milk",SR Legacy,2.51,3.24,3.99,0.0,55.0,non_vegetarian
174560,"Soup, oyster stew, canned, prepared with equal volume water",SR Legacy,0.87,1.59,1.69,,24.0,non_vegetarian
171554,"Soup, pea, green, canned, condensed",SR Legacy,6.54,2.23,20.18,3.9,125.0,vegan
172896,"Soup, pea, green, canned, prepared with equal volume milk",SR Legacy,4.97,2.77,12.69,1.1,94.0,vegetarian
174561,"Soup, pea, green, canned, prepared with equal volume water",SR Legacy,3.2,1.09,9.88,1.9,61.0,vegan
171592,"Soup, pea, low sodium, prepared with equal volume water",SR Legacy,3.2,1.09,9.88,1.9,62.0,vegan
171555,"Soup, pea, split with ham, canned, chunky, ready-to-serve",SR Legacy,4.62,1.66,11.17,1.7,77.0,non_vegetarian
171157,"Soup, pea, split with ham, canned, condensed",SR Legacy,7.68,3.28,20.81,1.7,141.0,non_vegetarian
172916,"Soup, pea, split with ham, canned, prepared with equal volume water",SR Legacy,4.08,1.74,11.05,0.9,75.0,non_vegetarian
171614,"Soup, ramen noodle, beef flavor, dry",SR Legacy,10.06,17.73,60.34,3.0,441.0,non_vegetarian
171615,"Soup, ramen noodle, chicken flavor, dry",SR Legacy,10.22,17.52,60.23,2.9,439.0,non_vegetarian
172883,"Soup, stock, beef, home-prepared",SR Legacy,1.97,0.09,1.2,0.0,13.0,non_vegetarian
172884,"Soup, stock, chicken, home-prepared",SR Legacy,2.52,1.2,3.53,0.0,36.0,non_vegetarian
172885,"Soup, stock, fish, home-prepared",SR Legacy,2.26,0.81,0.0,0.0,16.0,non_vegetarian
171179,"Soup, SWANSON, beef broth, lower sodium",SR Legacy,1.2,0.08,0.21,,6.0,non_vegetarian
171180,"Soup, SWANSON, vegetable broth",SR Legacy,0.23,0.07,1.02,0.0,6.0,vegan
171160,"Soup, tomato beef with noodle, canned, condensed",SR Legacy,3.55,3.42,16.87,1.2,112.0,non_vegetarian
172919,"Soup, tomato beef with noodle, canned, prepared with equal volume water",SR Legacy,1.78,1.71,8.44,0.6,56.0,non_vegetarian
172881,"Soup, tomato bisque, canned, condensed",SR Legacy,1.76,1.95,18.47,0.8,96.0,vegan
172902,"Soup, tomato bisque, canned, prepared with equal volume milk",SR Legacy,2.51,2.63,11.73,0.2,79.0,vegetarian
171574,"Soup, tomato bisque, canned, prepared with equal volume water",SR Legacy,0.92,1.02,9.6,0.2,50.0,vegan
171557,"Soup, tomato rice, canned, condensed",SR Legacy,1.64,2.12,17.08,1.3,93.0,vegan
172920,"Soup, tomato rice, canned, prepared with equal volume water",SR Legacy,0.82,1.06,8.54,0.7,47.0,vegan
172882,"Soup, tomato, canned, condensed",SR Legacy,1.46,0.44,15.22,1.1,66.0,vegan
171587,"Soup, tomato, canned, condensed, reduced sodium",SR Legacy,1.61,0.56,13.41,1.2,65.0,vegan
174546,"Soup, tomato, canned, prepared with equal volume low fat (2%) milk",SR Legacy,2.42,1.24,9.82,0.5,55.0,vegetarian
171176,"Soup, tomato, canned, prepared with equal volume water, commercial",SR Legacy,0.71,0.21,7.45,0.5,32.0,vegan
174569,"Soup, tomato, dry, mix, prepared with water",SR Legacy,0.93,0.61,7.17,0.4,38.0,vegan
171591,"Soup, tomato, low sodium, with water",SR Legacy,0.79,0.28,6.57,0.6,30.0,vegan
174562,"Soup, turkey noodle, canned, prepared with equal volume water",SR Legacy,1.6,0.82,3.54,0.3,28.0,non_vegetarian
174563,"Soup, turkey vegetable, canned, prepared with equal volume water",SR Legacy,1.28,1.26,3.58,0.2,30.0,non_vegetarian
171558,"Soup, turkey, chunky, canned, ready-to-serve",SR Legacy,4.33,1.87,5.96,,57.0,non_vegetarian
171163,"Soup, vegetable beef, canned, condensed",SR Legacy,4.45,1.51,8.11,1.6,63.0,non_vegetarian
174565,"Soup, vegetable beef, canned, prepared with equal volume water",SR Legacy,2.23,0.76,4.06,0.8,31.0,non_vegetarian
171189,"Soup, vegetable beef, microwavable, ready-to-serve, single brand",SR Legacy,6.2,0.7,3.3,1.5,44.0,non_vegetarian
171583,"Soup, vegetable broth, ready to serve",SR Legacy,0.24,0.07,0.93,0.0,5.0,vegan
171596,"Soup, vegetable chicken, canned, prepared with water, low sodium",SR Legacy,5.1,2.0,8.76,0.4,69.0,non_vegetarian
171594,"Soup, vegetable soup, condensed, low sodium, prepared with equal volume water",SR Legacy,1.1,0.45,6.06,1.1,33.0,vegan
171164,"Soup, vegetable with beef broth, canned, condensed",SR Legacy,2.42,1.56,10.7,1.3,66.0,non_vegetarian
172921,"Soup, vegetable with beef broth, canned, prepared with equal volume water",SR Legacy,1.21,0.78,5.35,0.7,33.0,non_vegetarian
174538,"Soup, vegetable, canned, low sodium, condensed",SR Legacy,2.2,0.9,12.11,2.1,65.0,vegan
171161,"Soup, vegetarian vegetable, canned, condensed",SR Legacy,1.72,1.58,9.78,0.5,59.0,vegan
174564,"Soup, vegetarian vegetable, canned, prepared with equal volume water",SR Legacy,0.86,0.79,4.89,0.3,28.0,vegan
173444,"Sour cream, fat free",SR Legacy,3.1,0.0,15.6,0.0,74.0,vegetarian
170869,"Sour cream, imitation, cultured",SR Legacy,2.4,19.52,6.63,0.0,208.0,vegetarian
173443,"Sour cream, light",SR Legacy,3.5,10.6,7.1,0.0,136.0,vegetarian
173442,"Sour cream, reduced fat",SR Legacy,7.0,14.1,7.0,0.0,181.0,vegetarian
171259,"Sour dressing, non-butterfat, cultured, filled cream-type",SR Legacy,3.25,16.57,4.68,0.0,178.0,vegetarian
174275,"Soy flour, defatted",SR Legacy,51.46,1.22,33.92,17.5,327.0,vegan
174273,"Soy flour, full-fat, raw",SR Legacy,37.81,20.65,31.92,9.6,434.0,vegan
174274,"Soy flour, full-fat, roasted",SR Legacy,38.09,21.86,30.38,9.7,439.0,vegan
172444,"Soy flour, low-fat",SR Legacy,49.81,8.9,30.63,16.0,372.0,vegan
172445,"Soy meal, defatted, raw",SR Legacy,49.2,2.39,35.89,,337.0,vegan
2257044,"Soy milk, sweetened, plain, refrigerated",Foundation Foods,2.776875,1.957,2.996125,0.0,40.705,vegetarian
1750337,"Soy milk, unsweetened, plain, shelf stable",Foundation Foods,3.546875,2.125,1.293125,0.0,38.485,vegetarian
174301,"Soy protein concentrate, produced by acid wash",SR Legacy,63.63,0.46,25.41,5.5,328.0,vegan
172447,"Soy protein concentrate, produced by alcohol extraction",SR Legacy,63.63,0.46,25.41,5.5,328.0,vegan
174276,Soy protein isolate,SR Legacy,88.32,3.39,0.0,0.0,335.0,vegan
174302,"Soy protein isolate, potassium type",SR Legacy,88.32,0.53,2.59,0.0,321.0,vegan
174279,Soy sauce made from hydrolyzed vegetable protein,SR Legacy,7.0,0.51,7.84,0.5,60.0,vegan
174278,Soy sauce made from soy (tamari),SR Legacy,10.51,0.1,5.57,0.8,60.0,vegan
174277,Soy sauce made from soy and wheat (shoyu),SR Legacy,8.14,0.57,4.93,0.8,53.0,vegan
172473,"Soy sauce made from soy and wheat (shoyu), low sodium",SR Legacy,9.05,0.3,5.59,0.7,57.0,vegan
172474,"Soy sauce, reduced sodium, made from hydrolyzed vegetable protein",SR Legacy,8.19,0.31,14.44,0.3,90.0,vegan
169083,"Soybean, curd cheese",SR Legacy,12.5,8.1,6.9,0.0,151.0,vegetarian
170530,"Soybeans, green, cooked, boiled, drained, with salt",SR Legacy,12.35,6.4,11.05,4.2,141.0,vegan
169283,"Soybeans, green, cooked, boiled, drained, without salt",SR Legacy,12.35,6.4,11.05,4.2,141.0,vegan
169282,"Soybeans, green, raw",SR Legacy,12.95,6.8,11.05,4.2,147.0,vegan
174271,"Soybeans, mature cooked, boiled, without salt",SR Legacy,18.21,8.97,8.36,6.0,172.0,vegan
174299,"Soybeans, mature seeds, cooked, boiled, with salt",SR Legacy,18.21,8.97,8.36,6.0,172.0,vegan
172441,"Soybeans, mature seeds, dry roasted",SR Legacy,43.32,21.62,28.98,8.1,449.0,vegan
174270,"Soybeans, mature seeds, raw",SR Legacy,36.49,19.94,30.16,9.3,446.0,vegan
174300,"Soybeans, mature seeds, roasted, no salt added",SR Legacy,38.55,25.4,30.22,17.7,469.0,vegan
172440,"Soybeans, mature seeds, roasted, salted",SR Legacy,38.55,25.4,30.22,17.7,469.0,vegan
168460,"Soybeans, mature seeds, sprouted, cooked, steamed",SR Legacy,8.47,4.45,6.53,0.8,81.0,vegan
169369,"Soybeans, mature seeds, sprouted, cooked, steamed, with salt",SR Legacy,8.47,4.45,6.53,0.8,81.0,vegan
168461,"Soybeans, mature seeds, sprouted, cooked, stir-fried",SR Legacy,13.1,7.1,9.4,0.8,125.0,vegan
169370,"Soybeans, mature seeds, sprouted, cooked, stir-fried, with salt",SR Legacy,13.1,7.1,9.4,0.8,125.0,vegan
169284,"Soybeans, mature seeds, sprouted, raw",SR Legacy,13.09,6.7,9.57,1.1,122.0,vegan
173765,"Soymilk (All flavors), enhanced",SR Legacy,2.94,1.99,3.45,0.4,45.0,vegetarian
173769,"Soymilk (All flavors), lowfat, with added calcium, vitamins A and D",SR Legacy,1.65,0.62,7.2,0.8,43.0,vegetarian
175216,"Soymilk (all flavors), nonfat, with added calcium, vitamins A and D",SR Legacy,2.47,0.04,4.14,0.2,28.0,vegetarian
175215,"Soymilk (all flavors), unsweetened, with added calcium, vitamins A and D",SR Legacy,2.86,1.61,1.74,0.5,33.0,vegetarian
173767,"Soymilk, chocolate and other flavors, light, with added calcium, vitamins A and D",SR Legacy,2.1,0.64,8.24,0.7,47.0,vegetarian
175217,"Soymilk, chocolate, nonfat, with added calcium, vitamins A and D",SR Legacy,2.47,0.04,8.51,0.2,44.0,vegetarian
174293,"Soymilk, chocolate, unfortified",SR Legacy,2.26,1.53,9.95,0.4,63.0,vegetarian
174295,"Soymilk, chocolate, with added calcium, vitamins A and D",SR Legacy,2.26,1.53,9.95,0.4,63.0,vegetarian
173768,"Soymilk, original and vanilla, light, unsweetened, with added calcium, vitamins A and D",SR Legacy,2.62,0.85,3.85,0.6,34.0,vegetarian
173766,"Soymilk, original and vanilla, light, with added calcium, vitamins A and D",SR Legacy,2.38,0.77,3.51,0.3,30.0,vegetarian
172446,"Soymilk, original and vanilla, unfortified",SR Legacy,3.27,1.75,6.28,0.6,54.0,vegetarian
172456,"Soymilk, original and vanilla, with added calcium, vitamins A and D",SR Legacy,2.6,1.47,4.92,0.2,43.0,vegetarian
172089,"Spaghetti with meat sauce, frozen entree",SR Legacy,5.05,1.01,15.24,1.8,90.0,non_vegetarian
168912,"Spaghetti, spinach, cooked",SR Legacy,4.58,0.63,26.15,,130.0,vegan
168911,"Spaghetti, spinach, dry",SR Legacy,13.35,1.57,74.81,10.6,372.0,vegan
172099,"Spaghetti, with meatballs in tomato sauce, canned",SR Legacy,4.37,4.11,11.45,2.7,100.0,non_vegetarian
169777,"Spanish rice mix, dry mix, prepared (with canola/vegetable oil blend or diced tomatoes and margarine)",SR Legacy,3.27,2.38,22.74,1.5,125.0,vegan
168959,"Spanish rice mix, dry mix, unprepared",SR Legacy,10.62,1.62,76.45,3.1,363.0,vegan
172239,"Spearmint, dried",SR Legacy,19.93,6.03,52.04,29.8,285.0,vegan
173475,"Spearmint, fresh",SR Legacy,3.29,0.73,8.41,6.8,44.0,vegan
169746,"Spelt, cooked",SR Legacy,5.5,0.85,26.44,3.9,127.0,vegan
169745,"Spelt, uncooked",SR Legacy,14.57,2.43,70.19,10.7,338.0,vegan
171316,"Spices, anise seed",SR Legacy,17.6,15.9,50.02,14.6,337.0,vegan
170918,"Spices, caraway seed",SR Legacy,19.77,14.59,49.9,38.0,333.0,vegan
170920,"Spices, celery seed",SR Legacy,18.07,25.27,41.35,11.8,392.0,vegan
170922,"Spices, coriander seed",SR Legacy,12.37,17.77,54.99,41.9,298.0,vegan
170923,"Spices, cumin seed",SR Legacy,17.81,22.27,44.24,10.5,375.0,vegan
170925,"Spices, dill seed",SR Legacy,15.98,14.54,55.17,21.1,305.0,vegan
171323,"Spices, fennel seed",SR Legacy,15.8,14.87,52.29,39.8,345.0,vegan
171324,"Spices, fenugreek seed",SR Legacy,23.0,6.41,58.35,24.6,323.0,vegan
171325,"Spices, garlic powder",SR Legacy,16.55,0.73,72.73,9.0,331.0,vegan
170929,"Spices, mustard seed, ground",SR Legacy,26.08,36.24,28.09,12.2,508.0,vegan
171327,"Spices, onion powder",SR Legacy,10.41,1.04,79.12,15.2,341.0,vegan
171330,"Spices, poppy seed",SR Legacy,17.99,41.56,28.13,19.5,525.0,vegan
170494,Spinach souffle,SR Legacy,7.89,12.95,5.9,0.7,172.0,vegan
1750352,"Spinach, baby",Foundation Foods,2.851875,0.6188,2.406325,1.558,26.602,vegan
170123,"Spinach, canned, no salt added, solids and liquids",SR Legacy,2.11,0.37,2.92,2.2,19.0,vegan
169286,"Spinach, canned, regular pack, drained solids",SR Legacy,2.81,0.5,3.4,2.4,23.0,vegan
169285,"Spinach, canned, regular pack, solids and liquids",SR Legacy,2.11,0.37,2.92,1.6,19.0,vegan
170531,"Spinach, cooked, boiled, drained, with salt",SR Legacy,2.97,0.26,3.75,2.4,23.0,vegan
168463,"Spinach, cooked, boiled, drained, without salt",SR Legacy,2.97,0.26,3.75,2.4,23.0,vegan
170124,"Spinach, frozen, chopped or leaf, cooked, boiled, drained, with salt",SR Legacy,4.01,0.87,4.8,3.7,34.0,vegan
169288,"Spinach, frozen, chopped or leaf, cooked, boiled, drained, without salt",SR Legacy,4.01,0.87,4.8,3.7,34.0,vegan
169287,"Spinach, frozen, chopped or leaf, unprepared (Includes foods for USDA's Food Distribution Program)",SR Legacy,3.63,0.57,4.21,2.9,29.0,vegan
1750353,"Spinach, mature",Foundation Foods,2.90625,0.6044,2.64135,1.588,27.63,vegan
168462,"Spinach, raw",SR Legacy,2.86,0.39,3.63,2.2,23.0,vegan
174534,"Split pea soup, canned, reduced sodium, prepared with water or ready-to serve",SR Legacy,3.85,0.92,11.83,1.9,71.0,vegan
174535,"Split pea with ham soup, canned, reduced sodium, prepared with water or ready-to-serve",SR Legacy,4.0,0.7,11.4,1.9,68.0,non_vegetarian
171080,"Squab, (pigeon), light meat without skin, raw",SR Legacy,21.76,4.52,0.0,0.0,134.0,non_vegetarian
174475,"Squab, (pigeon), meat and skin, raw",SR Legacy,18.47,23.8,0.0,0.0,294.0,non_vegetarian
171079,"Squab, (pigeon), meat only, raw",SR Legacy,17.5,7.5,0.0,0.0,142.0,non_vegetarian
167632,"Squash, Indian, cooked, boiled (Navajo)",SR Legacy,0.31,0.15,3.22,1.5,16.0,vegan
168040,"Squash, Indian, raw (Navajo)",SR Legacy,0.52,0.2,5.64,,26.0,vegan
170125,"Squash, summer, all varieties, cooked, boiled, drained, with salt",SR Legacy,0.91,0.31,4.31,1.4,20.0,vegan
170488,"Squash, summer, all varieties, cooked, boiled, drained, without salt",SR Legacy,0.91,0.31,4.31,1.4,20.0,vegan
170487,"Squash, summer, all varieties, raw",SR Legacy,1.21,0.18,3.35,1.1,16.0,vegan
168466,"Squash, summer, crookneck and straightneck, canned, drained, solid, without salt",SR Legacy,0.61,0.07,2.96,1.4,13.0,vegan
170126,"Squash, summer, crookneck and straightneck, cooked, boiled, drained, with salt",SR Legacy,1.04,0.39,3.79,1.1,19.0,vegan
168465,"Squash, summer, crookneck and straightneck, cooked, boiled, drained, without salt",SR Legacy,1.04,0.39,3.79,1.1,19.0,vegan
170532,"Squash, summer, crookneck and straightneck, frozen, cooked, boiled, drained, with salt",SR Legacy,1.28,0.2,5.54,1.4,25.0,vegan
168468,"Squash, summer, crookneck and straightneck, frozen, cooked, boiled, drained, without salt",SR Legacy,1.28,0.2,5.54,1.4,25.0,vegan
168467,"Squash, summer, crookneck and straightneck, frozen, unprepared",SR Legacy,0.83,0.14,4.8,1.2,20.0,vegan
168464,"Squash, summer, crookneck and straightneck, raw",SR Legacy,1.01,0.27,3.88,1.0,19.0,vegan
2685568,"Squash, summer, green, zucchini, includes skin, raw",Foundation Foods,0.984375,0.205,3.27,0.7525,19.0,vegan
170533,"Squash, summer, scallop, cooked, boiled, drained, with salt",SR Legacy,1.03,0.17,3.3,1.9,16.0,non_vegetarian
169290,"Squash, summer, scallop, cooked, boiled, drained, without salt",SR Legacy,1.03,0.17,3.3,1.9,16.0,non_vegetarian
169289,"Squash, summer, scallop, raw",SR Legacy,1.2,0.2,3.84,1.2,18.0,non_vegetarian
2685569,"Squash, summer, yellow, includes skin, raw",Foundation Foods,0.890625,0.135,4.39,0.9563,22.0,vegan
170534,"Squash, summer, zucchini, includes skin, cooked, boiled, drained, with salt",SR Legacy,1.14,0.36,2.69,1.0,15.0,vegan
169292,"Squash, summer, zucchini, includes skin, cooked, boiled, drained, without salt",SR Legacy,1.14,0.36,2.69,1.0,15.0,vegan
170535,"Squash, summer, zucchini, includes skin, frozen, cooked, boiled, drained, with salt",SR Legacy,1.15,0.13,2.97,1.3,14.0,vegan
168470,"Squash, summer, zucchini, includes skin, frozen, cooked, boiled, drained, without salt",SR Legacy,1.15,0.13,3.56,1.3,17.0,vegan
168469,"Squash, summer, zucchini, includes skin, frozen, unprepared",SR Legacy,1.16,0.13,3.58,1.3,17.0,vegan
169291,"Squash, summer, zucchini, includes skin, raw",SR Legacy,1.21,0.32,3.11,1.0,17.0,vegan
168471,"Squash, summer, zucchini, italian style, canned",SR Legacy,1.03,0.11,6.85,,29.0,vegan
170128,"Squash, winter, acorn, cooked, baked, with salt",SR Legacy,1.12,0.14,14.58,4.4,56.0,vegan
169293,"Squash, winter, acorn, cooked, baked, without salt",SR Legacy,1.12,0.14,14.58,4.4,56.0,vegan
170129,"Squash, winter, acorn, cooked, boiled, mashed, with salt",SR Legacy,0.67,0.08,8.79,2.6,34.0,vegan
169294,"Squash, winter, acorn, cooked, boiled, mashed, without salt",SR Legacy,0.67,0.08,8.79,2.6,34.0,vegan
2685571,"Squash, winter, acorn, raw",Foundation Foods,1.25,0.1825,10.48,2.635,48.5625,vegan
170127,"Squash, winter, all varieties, cooked, baked, with salt",SR Legacy,0.89,0.35,8.85,2.8,37.0,vegan
170490,"Squash, winter, all varieties, cooked, baked, without salt",SR Legacy,0.89,0.35,8.85,2.8,37.0,vegan
170489,"Squash, winter, all varieties, raw",SR Legacy,0.95,0.13,8.59,1.5,34.0,vegan
170130,"Squash, winter, butternut, cooked, baked, with salt",SR Legacy,0.9,0.09,10.49,3.2,40.0,vegetarian
169296,"Squash, winter, butternut, cooked, baked, without salt",SR Legacy,0.9,0.09,10.49,3.2,40.0,vegetarian
170536,"Squash, winter, butternut, frozen, cooked, boiled, with salt",SR Legacy,1.23,0.07,10.04,,39.0,vegetarian
168474,"Squash, winter, butternut, frozen, cooked, boiled, without salt",SR Legacy,1.23,0.07,10.05,,39.0,vegetarian
168473,"Squash, winter, butternut, frozen, unprepared",SR Legacy,1.76,0.1,14.41,1.3,57.0,vegetarian
2685570,"Squash, winter, butternut, raw",Foundation Foods,1.14875,0.1675,10.50745,1.959,48.1323,vegetarian
170537,"Squash, winter, hubbard, baked, with salt",SR Legacy,2.48,0.62,10.81,4.9,50.0,vegan
168476,"Squash, winter, hubbard, baked, without salt",SR Legacy,2.48,0.62,10.81,4.9,50.0,vegan
170538,"Squash, winter, hubbard, cooked, boiled, mashed, with salt",SR Legacy,1.48,0.37,6.46,2.9,30.0,vegan
169297,"Squash, winter, hubbard, cooked, boiled, mashed, without salt",SR Legacy,1.48,0.37,6.46,2.9,30.0,vegan
168475,"Squash, winter, hubbard, raw",SR Legacy,2.0,0.5,8.7,3.9,40.0,vegan
170539,"Squash, winter, spaghetti, cooked, boiled, drained, or baked, with salt",SR Legacy,0.66,0.26,6.46,1.4,27.0,vegan
169299,"Squash, winter, spaghetti, cooked, boiled, drained, or baked, without salt",SR Legacy,0.66,0.26,6.46,1.4,27.0,vegan
169298,"Squash, winter, spaghetti, raw",SR Legacy,0.64,0.57,6.91,1.5,31.0,vegan
168565,"Squash, zucchini, baby, raw",SR Legacy,2.71,0.4,3.11,1.1,21.0,vegan
2747671,"Squid (calamari), frozen, tubes only",Foundation Foods,8.80625,0.5508,0.93215,,43.9108,non_vegetarian
167619,"Squirrel, ground, meat (Alaska Native)",SR Legacy,19.3,3.8,0.0,,111.0,non_vegetarian
168060,"Steelhead trout, boiled, canned (Alaska Native)",SR Legacy,21.11,8.26,0.0,0.0,159.0,non_vegetarian
168059,"Steelhead trout, dried, flesh (Shoshone Bannock)",SR Legacy,77.27,8.06,0.0,0.0,382.0,non_vegetarian
168042,"Stew, dumpling with mutton (Navajo)",SR Legacy,8.71,3.78,8.03,,101.0,non_vegetarian
168043,"Stew, hominy with mutton (Navajo)",SR Legacy,6.71,2.06,9.38,2.0,83.0,non_vegetarian
168044,"Stew, mutton, corn, squash (Navajo)",SR Legacy,8.62,4.34,7.27,1.7,103.0,non_vegetarian
169006,"Stew, pinto bean and hominy, badufsuki (Hopi)",SR Legacy,1.42,0.54,5.38,1.5,32.0,vegan
167637,"Stew, steamed corn (Navajo)",SR Legacy,8.82,3.75,10.8,2.3,112.0,vegan
174869,"Strawberry-flavor beverage mix, powder",SR Legacy,0.1,0.2,99.1,0.0,389.0,vegan
175032,"Strudel, apple",SR Legacy,3.3,11.2,41.1,2.2,274.0,vegan
170312,"SUBWAY, B.L.T. sub on white bread with bacon, lettuce and tomato",SR Legacy,10.06,6.41,26.66,1.6,205.0,non_vegetarian
170712,"SUBWAY, black forest ham sub on white bread with lettuce and tomato",SR Legacy,9.12,2.53,22.91,1.3,151.0,non_vegetarian
170315,"SUBWAY, cold cut sub on white bread with lettuce and tomato",SR Legacy,10.52,10.04,20.43,1.2,214.0,vegan
170708,"SUBWAY, meatball marinara sub on white bread (no toppings)",SR Legacy,9.77,8.45,26.01,2.1,219.0,non_vegetarian
170314,"SUBWAY, oven roasted chicken sub on white bread with lettuce and tomato",SR Legacy,10.84,3.15,21.35,1.2,157.0,non_vegetarian
170713,"SUBWAY, roast beef sub on white bread with lettuce and tomato",SR Legacy,12.17,2.73,20.34,0.7,155.0,non_vegetarian
170310,"SUBWAY, steak & cheese sub on white bread with American cheese, lettuce and tomato",SR Legacy,12.29,5.34,21.49,1.2,183.0,vegetarian
170307,"SUBWAY, SUBWAY CLUB sub on white bread with lettuce and tomato",SR Legacy,10.66,2.42,20.36,1.4,146.0,vegan
170705,"SUBWAY, sweet onion chicken teriyaki sub on white bread with lettuce, tomato and sweet onion sauce",SR Legacy,10.91,2.37,22.54,1.2,155.0,non_vegetarian
170316,"SUBWAY, tuna sub on white bread with lettuce and tomato",SR Legacy,12.33,12.04,15.95,0.7,221.0,non_vegetarian
170711,"SUBWAY, turkey breast sub on white bread with lettuce and tomato",SR Legacy,9.12,2.31,22.42,1.3,147.0,non_vegetarian
168478,"Succotash, (corn and limas), canned, with cream style corn",SR Legacy,2.64,0.54,17.61,3.0,77.0,vegetarian
168479,"Succotash, (corn and limas), canned, with whole kernel corn, solids and liquids",SR Legacy,2.6,0.49,13.98,2.6,63.0,vegan
170540,"Succotash, (corn and limas), cooked, boiled, drained, with salt",SR Legacy,5.07,0.8,24.37,,111.0,vegan
168477,"Succotash, (corn and limas), cooked, boiled, drained, without salt",SR Legacy,5.07,0.8,24.38,4.5,115.0,vegan
170131,"Succotash, (corn and limas), frozen, cooked, boiled, drained, with salt",SR Legacy,4.31,0.89,19.95,4.1,93.0,vegan
168481,"Succotash, (corn and limas), frozen, cooked, boiled, drained, without salt",SR Legacy,4.31,0.89,19.95,4.1,93.0,vegan
168480,"Succotash, (corn and limas), frozen, unprepared",SR Legacy,4.31,0.89,19.94,4.0,93.0,vegan
169300,"Succotash, (corn and limas), raw",SR Legacy,5.03,1.02,19.59,3.8,99.0,vegan
168175,"Sugar-apples, (sweetsop), raw",SR Legacy,2.06,0.29,23.64,4.4,94.0,vegan
170133,"Sweet potato leaves, cooked, steamed, with salt",SR Legacy,2.18,0.34,7.38,1.9,35.0,vegan
169304,"Sweet potato leaves, cooked, steamed, without salt",SR Legacy,2.18,0.34,7.38,1.9,35.0,vegan
169303,"Sweet potato leaves, raw",SR Legacy,2.49,0.51,8.82,5.3,42.0,vegan
168016,"Sweet Potato puffs, frozen, unprepared",SR Legacy,1.36,3.58,30.72,1.9,161.0,vegan
169305,"Sweet potato, canned, mashed",SR Legacy,1.98,0.2,23.19,1.7,101.0,vegan
170084,"Sweet potato, canned, syrup pack, drained solids",SR Legacy,1.28,0.32,25.36,3.0,108.0,vegan
170083,"Sweet potato, canned, syrup pack, solids and liquids",SR Legacy,0.98,0.2,20.93,2.5,89.0,vegan
168485,"Sweet potato, canned, vacuum pack",SR Legacy,1.65,0.2,21.12,1.8,91.0,vegan
170134,"Sweet potato, cooked, baked in skin, flesh, with salt",SR Legacy,2.01,0.15,20.71,3.3,90.0,vegan
168483,"Sweet potato, cooked, baked in skin, flesh, without salt",SR Legacy,2.01,0.15,20.71,3.3,90.0,vegan
168484,"Sweet potato, cooked, boiled, without skin",SR Legacy,1.37,0.14,17.72,2.5,76.0,vegan
170541,"Sweet potato, cooked, boiled, without skin, with salt",SR Legacy,1.37,0.14,17.72,2.5,76.0,vegan
170088,"Sweet potato, cooked, candied, home-prepared",SR Legacy,0.89,3.54,32.12,2.1,164.0,vegan
170542,"Sweet potato, frozen, cooked, baked, with salt",SR Legacy,1.71,0.12,23.4,1.8,100.0,vegan
169307,"Sweet potato, frozen, cooked, baked, without salt",SR Legacy,1.71,0.12,23.4,1.8,100.0,vegan
169306,"Sweet potato, frozen, unprepared (Includes foods for USDA's Food Distribution Program)",SR Legacy,1.71,0.18,22.22,1.7,96.0,vegan
168482,"Sweet potato, raw, unprepared (Includes foods for USDA's Food Distribution Program)",SR Legacy,1.57,0.05,20.12,3.0,86.0,vegan
168015,"Sweet Potatoes, french fried, crosscut, frozen, unprepared",SR Legacy,1.7,11.1,25.52,3.4,209.0,vegan
167606,"Sweet Potatoes, french fried, frozen as packaged, salt added in processing",SR Legacy,2.16,8.92,35.58,5.7,182.0,vegan
2346404,"Sweet potatoes, orange flesh, without skin, raw",Foundation Foods,1.578125,0.375,17.327875,,78.999,vegan
175033,"Sweet rolls, cheese",SR Legacy,7.1,18.3,43.7,1.2,360.0,vegetarian
174601,"Swisswurst, pork and beef, with swiss cheese, smoked",SR Legacy,12.69,27.37,1.6,0.0,307.0,non_vegetarian
2747672,"Swordfish, frozen, wild caught",Foundation Foods,19.2375,8.123,0.4495,,151.855,non_vegetarian
167957,"Syrup, fruit flavored",SR Legacy,0.0,0.02,65.1,0.0,261.0,vegan
168836,"Syrups, corn, dark",SR Legacy,0.0,0.0,77.59,0.0,286.0,vegan
169659,"Syrups, corn, high-fructose",SR Legacy,0.0,0.0,76.0,0.0,281.0,vegan
168837,"Syrups, corn, light",SR Legacy,0.0,0.2,76.79,0.0,283.0,vegan
169662,"Syrups, sorghum",SR Legacy,0.0,0.0,74.9,0.0,290.0,vegan
168839,"Syrups, table blends, corn, refiner, and sugar",SR Legacy,0.0,0.0,83.9,0.0,319.0,vegan
167584,"Syrups, table blends, pancake, with butter",SR Legacy,0.0,0.09,72.43,0.0,291.0,vegetarian
169019,"T.G.I. FRIDAY'S, chicken fingers",SR Legacy,18.68,20.31,16.84,0.8,325.0,non_vegetarian
169013,"T.G.I. FRIDAY'S, chicken fingers, from kids' menu",SR Legacy,18.11,20.78,17.72,0.9,330.0,non_vegetarian
169832,"T.G.I. FRIDAY'S, FRIDAY'S Shrimp, breaded",SR Legacy,11.87,19.02,20.87,,302.0,non_vegetarian
169835,"T.G.I. FRIDAY'S, macaroni & cheese, from kid's menu",SR Legacy,5.03,3.45,17.4,1.0,121.0,vegetarian
170734,"TACO BELL, Bean Burrito",SR Legacy,7.35,6.05,31.23,4.2,209.0,vegan
170735,"TACO BELL, BURRITO SUPREME with beef",SR Legacy,7.03,6.8,23.37,3.7,183.0,non_vegetarian
170334,"TACO BELL, BURRITO SUPREME with chicken",SR Legacy,9.84,6.42,20.51,2.4,179.0,non_vegetarian
170332,"TACO BELL, Original Taco with beef, cheese and lettuce",SR Legacy,8.86,12.7,19.85,3.9,229.0,non_vegetarian
170333,"TACO BELL, Soft Taco with beef, cheese and lettuce",SR Legacy,9.25,9.75,20.23,2.9,206.0,non_vegetarian
170732,"TACO BELL, Soft Taco with chicken, cheese and lettuce",SR Legacy,13.3,6.35,19.69,1.2,189.0,non_vegetarian
169007,"Tamales, masa and pork filling (Hopi)",SR Legacy,13.19,4.7,18.28,3.3,168.0,non_vegetarian
169106,"Tangerines, (mandarin oranges), canned, juice pack",SR Legacy,0.62,0.03,9.57,0.7,37.0,vegan
168184,"Tangerines, (mandarin oranges), canned, juice pack, drained",SR Legacy,0.75,0.04,9.41,1.2,38.0,vegan
169924,"Tangerines, (mandarin oranges), canned, light syrup pack",SR Legacy,0.45,0.1,16.19,0.7,61.0,vegan
169105,"Tangerines, (mandarin oranges), raw",SR Legacy,0.81,0.31,13.34,1.8,53.0,vegan
169717,"Tapioca, pearl, dry",SR Legacy,0.19,0.02,88.69,0.9,358.0,vegan
169772,"Taquitos, frozen, beef and cheese, oven-heated",SR Legacy,9.4,12.79,33.46,2.8,287.0,non_vegetarian
169771,"Taquitos, frozen, chicken and cheese, oven-heated",SR Legacy,9.21,12.54,33.63,2.9,284.0,non_vegetarian
168918,"Teff, cooked",SR Legacy,3.87,0.65,19.86,2.8,101.0,vegan
169747,"Teff, uncooked",SR Legacy,13.3,2.38,73.13,8.0,367.0,vegan
174272,Tempeh,SR Legacy,20.29,10.8,7.64,,192.0,vegan
172467,"Tempeh, cooked",SR Legacy,19.91,11.38,7.62,,195.0,vegan
172940,"Thuringer, cervelat, summer sausage, beef, pork",SR Legacy,17.45,30.43,3.33,0.0,362.0,non_vegetarian
175035,"Toaster pastries, fruit (includes apple, blueberry, cherry, strawberry)",SR Legacy,4.2,9.95,70.32,1.0,388.0,vegan
167927,"Toaster Pastries, fruit, frosted (include apples, blueberry, cherry, strawberry)",SR Legacy,4.01,9.02,71.83,1.8,385.0,vegan
167928,"Toaster pastries, fruit, toasted (include apple, blueberry, cherry, strawberry)",SR Legacy,4.7,11.03,72.7,1.0,409.0,vegan
167722,Tofu yogurt,SR Legacy,3.5,1.8,15.96,0.2,94.0,vegetarian
172450,"Tofu, dried-frozen (koyadofu)",SR Legacy,52.47,30.34,10.03,7.2,477.0,vegan
174303,"Tofu, dried-frozen (koyadofu), prepared with calcium sulfate",SR Legacy,52.43,30.34,8.3,1.2,470.0,vegan
174290,"Tofu, extra firm, prepared with nigari",SR Legacy,9.98,5.26,1.18,1.0,83.0,vegan
172448,"Tofu, firm, prepared with calcium sulfate and magnesium chloride (nigari)",SR Legacy,9.04,4.17,2.85,0.9,78.0,vegan
172451,"Tofu, fried",SR Legacy,18.82,20.18,8.86,3.9,270.0,vegan
174304,"Tofu, fried, prepared with calcium sulfate",SR Legacy,18.82,20.18,8.86,3.9,270.0,vegan
174291,"Tofu, hard, prepared with nigari",SR Legacy,12.68,9.99,4.39,0.6,145.0,vegan
172475,"Tofu, raw, firm, prepared with calcium sulfate",SR Legacy,17.27,8.72,2.78,2.3,144.0,vegan
172476,"Tofu, raw, regular, prepared with calcium sulfate",SR Legacy,8.08,4.78,1.87,0.3,76.0,vegan
174280,"Tofu, salted and fermented (fuyu)",SR Legacy,8.92,8.0,4.38,,116.0,vegan
174305,"Tofu, salted and fermented (fuyu), prepared with calcium sulfate",SR Legacy,8.15,8.0,5.15,,116.0,vegan
172449,"Tofu, soft, prepared with calcium sulfate and magnesium chloride (nigari)",SR Legacy,7.17,3.69,1.18,0.2,61.0,vegan
167708,"Tomato and vegetable juice, low sodium",SR Legacy,0.6,0.1,4.59,0.8,22.0,vegan
170458,"Tomato juice, canned, with salt added",SR Legacy,0.85,0.29,3.53,0.4,17.0,vegan
170545,"Tomato juice, canned, without salt added",SR Legacy,0.85,0.29,3.53,0.4,17.0,vegan
2003596,"Tomato juice, with added ingredients, from concentrate, shelf stable",Foundation Foods,0.859375,0.2875,4.320625,,23.3075,vegan
170461,Tomato powder,SR Legacy,12.91,0.44,74.68,16.5,302.0,vegan
170459,"Tomato products, canned, paste, without salt added (Includes foods for USDA's Food Distribution Program)",SR Legacy,4.32,0.47,18.91,4.1,82.0,vegan
170546,"Tomato products, canned, puree, with salt added",SR Legacy,1.65,0.21,8.98,1.9,38.0,vegan
170460,"Tomato products, canned, puree, without salt added",SR Legacy,1.65,0.21,8.98,1.9,38.0,vegan
170054,"Tomato products, canned, sauce",SR Legacy,1.2,0.3,5.31,1.5,24.0,vegan
170085,"Tomato products, canned, sauce, spanish style",SR Legacy,1.44,0.27,7.24,1.4,33.0,vegan
170057,"Tomato products, canned, sauce, with herbs and cheese",SR Legacy,2.13,1.93,10.24,2.2,59.0,vegetarian
170055,"Tomato products, canned, sauce, with mushrooms",SR Legacy,1.45,0.13,8.43,1.5,35.0,vegan
170056,"Tomato products, canned, sauce, with onions",SR Legacy,1.56,0.19,9.94,1.8,42.0,vegan
170462,"Tomato products, canned, sauce, with onions, green peppers, and celery",SR Legacy,0.94,0.74,8.77,1.4,41.0,vegan
170463,"Tomato products, canned, sauce, with tomato tidbits",SR Legacy,1.32,0.39,7.09,1.4,32.0,vegan
169074,"Tomato sauce, canned, no salt added",SR Legacy,1.2,0.3,5.31,1.5,24.0,vegan
2685580,"Tomato, paste, canned, without salt added",Foundation Foods,4.234375,0.7325,20.188125,4.704,104.2825,vegan
2685582,"Tomato, puree, canned",Foundation Foods,1.578125,0.265,8.036875,1.971,40.845,vegan
1750354,"Tomato, roma",Foundation Foods,0.695625,0.425,3.837475,0.9706,21.9574,vegan
2685579,"Tomato, sauce, canned, with salt added",Foundation Foods,1.351875,0.3825,6.331625,1.636,34.1765,vegan
333281,"Tomatoes, canned, red, ripe, diced",Foundation Foods,0.84,0.5,3.32,,18.0,vegan
2685581,"Tomatoes, crushed, canned",Foundation Foods,1.4375,0.3975,7.137,1.944,37.8755,vegan
321360,"Tomatoes, grape, raw",Foundation Foods,0.83,0.63,5.51,2.1,27.0,vegan
170456,"Tomatoes, green, raw",SR Legacy,1.2,0.2,5.1,1.1,23.0,vegan
170502,"Tomatoes, orange, raw",SR Legacy,1.16,0.19,3.18,0.9,16.0,vegan
170051,"Tomatoes, red, ripe, canned, packed in tomato juice",SR Legacy,0.79,0.25,3.47,1.9,16.0,vegan
170138,"Tomatoes, red, ripe, canned, packed in tomato juice, no salt added",SR Legacy,0.79,0.25,3.47,1.9,16.0,vegan
170052,"Tomatoes, red, ripe, canned, stewed",SR Legacy,0.91,0.19,6.19,1.0,26.0,vegan
170053,"Tomatoes, red, ripe, canned, with green chilies",SR Legacy,0.69,0.08,3.62,,15.0,vegan
170050,"Tomatoes, red, ripe, cooked",SR Legacy,0.95,0.11,4.01,0.7,18.0,vegan
170089,"Tomatoes, red, ripe, cooked, stewed",SR Legacy,1.96,2.68,13.05,1.7,79.0,vegan
170137,"Tomatoes, red, ripe, cooked, with salt",SR Legacy,0.95,0.11,4.01,0.7,18.0,vegan
170457,"Tomatoes, red, ripe, raw, year round average",SR Legacy,0.88,0.2,3.89,1.2,18.0,vegan
168567,"Tomatoes, sun-dried",SR Legacy,14.11,2.97,55.76,12.3,258.0,vegan
169384,"Tomatoes, sun-dried, packed in oil, drained",SR Legacy,5.06,14.08,23.33,5.8,213.0,vegan
2685578,"Tomatoes, whole, canned, solids and liquids, with salt added",Foundation Foods,0.8675,0.2063,4.2874,0.8725,22.4763,vegan
170096,"Tomatoes, yellow, raw",SR Legacy,0.98,0.26,2.98,0.7,15.0,vegan
168841,"Toppings, butterscotch or caramel",SR Legacy,1.21,0.0,57.01,0.0,216.0,vegetarian
169664,"Toppings, marshmallow cream",SR Legacy,0.8,0.3,79.0,0.1,322.0,vegetarian
169665,"Toppings, pineapple",SR Legacy,0.1,0.1,66.4,0.4,253.0,vegan
168758,"Toppings, strawberry",SR Legacy,0.2,0.1,66.3,0.7,254.0,vegan
172094,"Tortellini, pasta with cheese filling, fresh-refrigerated, as purchased",SR Legacy,13.5,7.23,47.0,1.9,307.0,vegetarian
169829,"Tortilla, blue corn, Sakwavikaviki (Hopi)",SR Legacy,7.83,1.4,58.12,3.4,276.0,vegan
168041,"Tortilla, includes plain and from mutton sandwich (Navajo)",SR Legacy,7.28,0.95,49.94,2.4,237.0,non_vegetarian
175036,"Tortillas, ready-to-bake or -fry, corn",SR Legacy,5.7,2.85,44.64,6.3,218.0,vegan
173241,"Tortillas, ready-to-bake or -fry, corn, without added salt",SR Legacy,5.7,2.5,46.6,5.2,222.0,vegan
175037,"Tortillas, ready-to-bake or -fry, flour, refrigerated",SR Legacy,8.2,7.99,49.38,3.5,306.0,vegan
167535,"Tortillas, ready-to-bake or -fry, flour, shelf stable",SR Legacy,8.01,7.58,49.27,2.4,297.0,vegan
173242,"Tortillas, ready-to-bake or -fry, flour, without added calcium",SR Legacy,8.7,7.1,55.6,3.3,325.0,vegan
174081,"Tortillas, ready-to-bake or -fry, whole wheat",SR Legacy,9.76,9.76,45.89,9.8,310.0,vegan
167525,"Tostada shells, corn",SR Legacy,6.15,23.38,64.43,5.8,474.0,vegan
168888,"Triticale flour, whole-grain",SR Legacy,13.18,1.81,73.14,14.6,338.0,vegan
171500,"Turkey and gravy, frozen",SR Legacy,5.88,2.63,4.61,0.0,67.0,non_vegetarian
174572,"Turkey breast, low salt, prepackaged or deli, luncheon meat",SR Legacy,21.81,0.83,3.51,0.5,109.0,non_vegetarian
171501,"Turkey breast, pre-basted, meat and skin, cooked, roasted",SR Legacy,22.16,3.46,0.0,0.0,126.0,non_vegetarian
172941,"Turkey breast, sliced, prepackaged",SR Legacy,14.81,3.77,2.2,0.0,106.0,non_vegetarian
174512,"Turkey from whole, light meat, meat and skin, with added solution, cooked, roasted",SR Legacy,26.52,5.64,0.0,0.0,157.0,non_vegetarian
174511,"Turkey from whole, light meat, meat and skin, with added solution, raw",SR Legacy,20.02,7.42,0.14,0.0,147.0,non_vegetarian
172865,"Turkey from whole, light meat, meat only, with added solution, cooked, roasted",SR Legacy,26.97,2.08,0.0,0.0,127.0,non_vegetarian
172864,"Turkey from whole, light meat, meat only, with added solution, raw",SR Legacy,21.54,1.66,0.0,0.0,101.0,non_vegetarian
172092,"Turkey Pot Pie, frozen entree",SR Legacy,6.5,8.8,17.7,1.1,176.0,non_vegetarian
171503,"Turkey roast, boneless, frozen, seasoned, light and dark meat, raw",SR Legacy,17.6,2.2,6.4,0.0,120.0,non_vegetarian
171103,"Turkey sticks, breaded, battered, fried",SR Legacy,14.2,16.9,17.0,,279.0,non_vegetarian
171502,"Turkey thigh, pre-basted, meat and skin, cooked, roasted",SR Legacy,18.8,8.54,0.0,0.0,157.0,non_vegetarian
171092,"Turkey, all classes, back, meat and skin, cooked, roasted",SR Legacy,26.59,14.38,0.16,0.0,244.0,non_vegetarian
171492,"Turkey, all classes, breast, meat and skin, cooked, roasted",SR Legacy,28.71,7.41,0.0,0.0,189.0,non_vegetarian
171093,"Turkey, all classes, breast, meat and skin, raw",SR Legacy,21.89,7.02,0.0,0.0,157.0,non_vegetarian
171483,"Turkey, all classes, gizzard, cooked, simmered",SR Legacy,26.45,4.64,0.0,0.0,155.0,non_vegetarian
171485,"Turkey, all classes, heart, cooked, simmered",SR Legacy,24.88,7.52,0.0,0.0,174.0,non_vegetarian
171484,"Turkey, all classes, heart, raw",SR Legacy,16.7,7.44,0.4,0.0,140.0,non_vegetarian
171494,"Turkey, all classes, leg, meat and skin, cooked, roasted",SR Legacy,27.87,9.82,0.0,0.0,208.0,non_vegetarian
171493,"Turkey, all classes, leg, meat and skin, raw",SR Legacy,19.54,6.72,0.0,0.0,144.0,non_vegetarian
171491,"Turkey, all classes, light meat, cooked, roasted",SR Legacy,30.13,2.08,0.0,0.0,147.0,non_vegetarian
171487,"Turkey, all classes, liver, cooked, simmered",SR Legacy,27.0,8.18,0.0,0.0,189.0,non_vegetarian
171486,"Turkey, all classes, liver, raw",SR Legacy,18.26,5.5,0.0,0.0,128.0,non_vegetarian
171094,"Turkey, all classes, wing, meat and skin, cooked, roasted",SR Legacy,27.38,12.43,0.0,0.0,229.0,non_vegetarian
171495,"Turkey, all classes, wing, meat and skin, raw",SR Legacy,20.22,12.32,0.0,0.0,197.0,non_vegetarian
171138,"Turkey, back, from whole bird, meat and skin, with added solution, raw",SR Legacy,16.86,15.41,0.15,0.0,206.0,non_vegetarian
171139,"Turkey, back, from whole bird, meat and skin, with added solution, roasted",SR Legacy,25.8,11.36,0.0,0.0,205.0,non_vegetarian
174520,"Turkey, back, from whole bird, meat only, with added solution, raw",SR Legacy,19.27,4.12,0.15,0.0,115.0,non_vegetarian
174521,"Turkey, back, from whole bird, meat only, with added solution, roasted",SR Legacy,26.97,2.08,0.0,0.0,127.0,non_vegetarian
172876,"Turkey, breast, from whole bird, meat only, with added solution, raw",SR Legacy,21.54,1.66,0.14,0.0,102.0,non_vegetarian
174519,"Turkey, breast, from whole bird, meat only, with added solution, roasted",SR Legacy,26.97,2.08,0.0,0.0,127.0,non_vegetarian
174612,"Turkey, breast, smoked, lemon pepper flavor, 97% fat-free",SR Legacy,20.9,0.69,1.31,0.0,95.0,non_vegetarian
171101,"Turkey, canned, meat only, with broth",SR Legacy,23.68,6.86,1.47,0.0,169.0,non_vegetarian
174510,"Turkey, dark meat from whole, meat and skin, with added solution, cooked, roasted",SR Legacy,25.55,10.81,0.0,0.0,199.0,non_vegetarian
174509,"Turkey, dark meat from whole, meat and skin, with added solution, raw",SR Legacy,17.84,10.83,0.15,0.0,169.0,non_vegetarian
174507,"Turkey, dark meat from whole, meat only, with added solution, raw",SR Legacy,19.27,4.12,0.1,0.0,115.0,non_vegetarian
171488,"Turkey, dark meat, meat and skin, raw",SR Legacy,19.81,8.97,0.15,0.0,166.0,non_vegetarian
174508,"Turkey, dark meat, meat only, with added solution, cooked, roasted",SR Legacy,26.1,6.0,0.0,0.0,158.0,non_vegetarian
171102,"Turkey, diced, light and dark meat, seasoned",SR Legacy,18.7,6.0,1.0,0.0,138.0,non_vegetarian
171136,"Turkey, drumstick, from whole bird, meat only, raw",SR Legacy,23.66,1.48,0.14,0.0,109.0,non_vegetarian
171530,"Turkey, drumstick, from whole bird, meat only, roasted",SR Legacy,30.13,2.08,0.0,0.0,139.0,non_vegetarian
171525,"Turkey, drumstick, from whole bird, meat only, with added solution, raw",SR Legacy,19.27,4.12,0.15,0.0,115.0,non_vegetarian
171128,"Turkey, drumstick, from whole bird, meat only, with added solution, roasted",SR Legacy,26.1,6.0,0.0,0.0,158.0,non_vegetarian
167710,"Turkey, drumstick, smoked, cooked, with skin, bone removed",SR Legacy,27.9,9.8,0.0,0.0,200.0,non_vegetarian
171095,"Turkey, fryer-roasters, meat and skin, cooked, roasted",SR Legacy,28.26,5.72,0.0,0.0,172.0,non_vegetarian
171085,"Turkey, gizzard, all classes, raw",SR Legacy,18.8,3.37,0.0,0.0,111.0,non_vegetarian
174494,"Turkey, ground, 85% lean, 15% fat, pan-broiled crumbles",SR Legacy,25.11,17.45,0.0,0.0,258.0,non_vegetarian
174495,"Turkey, ground, 85% lean, 15% fat, patties, broiled",SR Legacy,25.88,16.2,0.0,0.0,249.0,non_vegetarian
174493,"Turkey, ground, 85% lean, 15% fat, raw",SR Legacy,16.9,12.54,0.0,0.0,180.0,non_vegetarian
172851,"Turkey, ground, 93% lean, 7% fat, pan-broiled crumbles",SR Legacy,27.1,11.6,0.0,0.0,213.0,non_vegetarian
174492,"Turkey, ground, 93% lean, 7% fat, patties, broiled",SR Legacy,25.86,11.45,0.0,0.0,207.0,non_vegetarian
172850,"Turkey, ground, 93% lean, 7% fat, raw",SR Legacy,18.73,8.34,0.0,0.0,150.0,non_vegetarian
2514747,"Turkey, ground, 93% lean/ 7% fat, raw",Foundation Foods,17.34375,9.591,0.0,,152.615,non_vegetarian
171506,"Turkey, Ground, cooked",SR Legacy,27.37,10.4,0.0,0.0,203.0,non_vegetarian
172848,"Turkey, ground, fat free, pan-broiled crumbles",SR Legacy,31.69,2.71,0.0,0.0,151.0,non_vegetarian
172849,"Turkey, ground, fat free, patties, broiled",SR Legacy,28.99,2.48,0.0,0.0,138.0,non_vegetarian
172847,"Turkey, ground, fat free, raw",SR Legacy,23.57,1.95,0.0,0.0,112.0,non_vegetarian
171505,"Turkey, Ground, raw",SR Legacy,19.66,7.66,0.0,0.0,148.0,non_vegetarian
167713,"Turkey, light or dark meat, smoked, cooked, skin and bone removed",SR Legacy,29.3,5.0,0.0,0.0,162.0,non_vegetarian
168120,"Turkey, light or dark meat, smoked, cooked, with skin, bone removed",SR Legacy,28.1,9.7,0.0,0.0,208.0,non_vegetarian
171504,"Turkey, mechanically deboned, from turkey frames, raw",SR Legacy,13.29,15.96,0.0,0.0,201.0,non_vegetarian
171529,"Turkey, retail parts, breast, meat and skin, cooked, roasted",SR Legacy,29.01,5.33,0.05,0.0,164.0,non_vegetarian
171528,"Turkey, retail parts, breast, meat and skin, raw",SR Legacy,21.88,7.45,0.0,0.0,155.0,non_vegetarian
171130,"Turkey, retail parts, breast, meat and skin, with added solution, raw",SR Legacy,20.79,6.75,0.03,0.0,144.0,non_vegetarian
174516,"Turkey, retail parts, breast, meat only, cooked, roasted",SR Legacy,29.51,1.97,0.0,0.0,136.0,non_vegetarian
174515,"Turkey, retail parts, breast, meat only, raw",SR Legacy,23.34,2.33,0.0,0.0,114.0,non_vegetarian
174514,"Turkey, retail parts, breast, meat only, with added solution, cooked, roasted",SR Legacy,27.94,2.08,0.0,0.0,130.0,non_vegetarian
174513,"Turkey, retail parts, breast, meat only, with added solution, raw",SR Legacy,21.99,2.53,0.0,0.0,111.0,non_vegetarian
171135,"Turkey, retail parts, drumstick, meat and skin, cooked, roasted",SR Legacy,28.21,9.37,0.0,0.0,197.0,non_vegetarian
171134,"Turkey, retail parts, drumstick, meat and skin, raw",SR Legacy,19.96,6.84,0.0,0.0,141.0,non_vegetarian
172878,"Turkey, retail parts, drumstick, meat only, cooked, roasted",SR Legacy,28.61,6.52,0.0,0.0,173.0,non_vegetarian
172875,"Turkey, retail parts, drumstick, meat only, raw",SR Legacy,20.52,3.97,0.0,0.0,118.0,non_vegetarian
171137,"Turkey, retail parts, thigh, meat and skin, cooked, roasted",SR Legacy,23.95,9.5,0.41,0.0,183.0,non_vegetarian
171533,"Turkey, retail parts, thigh, meat and skin, raw",SR Legacy,19.54,9.16,0.0,0.0,161.0,non_vegetarian
172877,"Turkey, retail parts, thigh, meat only, cooked, roasted",SR Legacy,25.14,6.25,0.46,0.0,159.0,non_vegetarian
174518,"Turkey, retail parts, thigh, meat only, raw",SR Legacy,20.6,3.69,0.0,0.0,116.0,non_vegetarian
171133,"Turkey, retail parts, wing, meat and skin, cooked, roasted",SR Legacy,28.74,13.29,0.13,0.0,235.0,non_vegetarian
171132,"Turkey, retail parts, wing, meat and skin, raw",SR Legacy,19.53,13.79,0.05,0.0,202.0,non_vegetarian
172872,"Turkey, retail parts, wing, meat only, cooked, roasted",SR Legacy,30.17,5.51,0.0,0.0,170.0,non_vegetarian
174517,"Turkey, retail parts, wing, meat only, raw",SR Legacy,22.48,2.49,0.0,0.0,112.0,non_vegetarian
172866,"Turkey, skin from whole (light and dark), with added solution, raw",SR Legacy,12.29,36.8,0.21,0.0,381.0,non_vegetarian
172867,"Turkey, skin from whole, (light and dark), with added solution, roasted",SR Legacy,22.15,40.31,0.0,0.0,451.0,non_vegetarian
172874,"Turkey, skin, from retail parts, from dark meat, cooked, roasted",SR Legacy,24.58,35.03,0.0,0.0,414.0,non_vegetarian
172873,"Turkey, skin, from retail parts, from dark meat, raw",SR Legacy,14.35,35.83,0.0,0.0,380.0,non_vegetarian
173338,"Turkey, stuffing, mashed potatoes w/gravy, assorted vegetables, frozen, microwaved",SR Legacy,6.97,3.89,16.32,1.3,128.0,non_vegetarian
171531,"Turkey, thigh, from whole bird, meat only, raw",SR Legacy,21.28,2.5,0.15,0.0,108.0,non_vegetarian
171532,"Turkey, thigh, from whole bird, meat only, roasted",SR Legacy,27.71,6.04,0.0,0.0,165.0,non_vegetarian
171129,"Turkey, thigh, from whole bird, meat only, with added solution, raw",SR Legacy,19.27,4.12,0.15,0.0,115.0,non_vegetarian
171131,"Turkey, thigh, from whole bird, meat only, with added solution, roasted",SR Legacy,26.1,6.0,0.0,0.0,158.0,non_vegetarian
174613,"Turkey, white, rotisserie, deli cut",SR Legacy,13.5,3.0,7.7,0.4,112.0,non_vegetarian
171097,"Turkey, whole, back, meat only, cooked, roasted",SR Legacy,27.71,6.04,0.0,0.0,173.0,non_vegetarian
171096,"Turkey, whole, back, meat only, raw",SR Legacy,21.28,2.5,0.15,0.0,113.0,non_vegetarian
171496,"Turkey, whole, breast, meat only, cooked, roasted",SR Legacy,30.13,2.08,0.0,0.0,147.0,non_vegetarian
171098,"Turkey, whole, breast, meat only, raw",SR Legacy,23.66,1.48,0.14,0.0,114.0,non_vegetarian
171091,"Turkey, whole, dark meat, cooked, roasted",SR Legacy,27.71,6.04,0.0,0.0,173.0,non_vegetarian
171489,"Turkey, whole, dark meat, meat and skin, cooked, roasted",SR Legacy,27.27,9.95,0.07,0.0,206.0,non_vegetarian
171090,"Turkey, whole, dark meat, meat only, raw",SR Legacy,21.28,2.5,0.15,0.0,108.0,non_vegetarian
171084,"Turkey, whole, giblets, cooked, simmered",SR Legacy,26.44,6.61,0.0,0.0,173.0,non_vegetarian
171083,"Turkey, whole, giblets, raw",SR Legacy,18.18,5.09,0.07,0.0,124.0,non_vegetarian
171089,"Turkey, whole, light meat, meat and skin, cooked, roasted",SR Legacy,29.55,5.57,0.05,0.0,177.0,non_vegetarian
171088,"Turkey, whole, light meat, meat and skin, raw",SR Legacy,21.96,7.43,0.15,0.0,161.0,non_vegetarian
171490,"Turkey, whole, light meat, raw",SR Legacy,23.66,1.48,0.14,0.0,114.0,non_vegetarian
171479,"Turkey, whole, meat and skin, cooked, roasted",SR Legacy,28.55,7.39,0.06,0.0,189.0,non_vegetarian
171081,"Turkey, whole, meat and skin, raw",SR Legacy,21.64,5.64,0.14,0.0,144.0,non_vegetarian
172870,"Turkey, whole, meat and skin, with added solution, raw",SR Legacy,19.03,9.1,0.15,0.0,159.0,non_vegetarian
172871,"Turkey, whole, meat and skin, with added solution, roasted",SR Legacy,26.09,8.01,0.0,0.0,176.0,non_vegetarian
171481,"Turkey, whole, meat only, cooked, roasted",SR Legacy,29.06,3.84,0.0,0.0,159.0,non_vegetarian
171480,"Turkey, whole, meat only, raw",SR Legacy,22.64,1.93,0.14,0.0,115.0,non_vegetarian
172868,"Turkey, whole, meat only, with added solution, raw",SR Legacy,20.87,2.39,0.14,0.0,106.0,non_vegetarian
172869,"Turkey, whole, meat only, with added solution, roasted",SR Legacy,26.61,3.7,0.0,0.0,140.0,non_vegetarian
171087,"Turkey, whole, neck, meat only, cooked, simmered",SR Legacy,22.48,7.36,0.0,0.0,162.0,non_vegetarian
171086,"Turkey, whole, neck, meat only, raw",SR Legacy,16.51,6.04,0.0,0.0,125.0,non_vegetarian
171482,"Turkey, whole, skin (light and dark), raw",SR Legacy,12.96,38.93,0.16,0.0,407.0,non_vegetarian
171082,"Turkey, whole, skin (light and dark), roasted",SR Legacy,23.94,39.31,0.57,0.0,459.0,non_vegetarian
171498,"Turkey, whole, wing, meat only, cooked, roasted",SR Legacy,30.13,2.08,0.0,0.0,147.0,non_vegetarian
171497,"Turkey, whole, wing, meat only, raw",SR Legacy,23.66,1.48,0.14,0.0,115.0,non_vegetarian
171526,"Turkey, wing, from whole bird, meat only, with added solution, raw",SR Legacy,21.54,1.66,0.14,0.0,102.0,non_vegetarian
171527,"Turkey, wing, from whole bird, meat only, with added solution, roasted",SR Legacy,26.97,2.08,0.0,0.0,127.0,non_vegetarian
167709,"Turkey, wing, smoked, cooked, with skin, bone removed",SR Legacy,27.4,12.41,0.0,0.0,221.0,non_vegetarian
171499,"Turkey, young hen, skin only, cooked, roasted",SR Legacy,19.03,44.45,0.0,0.0,482.0,non_vegetarian
170141,"Turnip greens and turnips, frozen, cooked, boiled, drained, with salt",SR Legacy,2.99,0.38,4.74,3.1,34.0,vegan
170062,"Turnip greens and turnips, frozen, cooked, boiled, drained, without salt",SR Legacy,2.99,0.38,4.85,3.1,35.0,vegan
170470,"Turnip greens and turnips, frozen, unprepared",SR Legacy,2.46,0.19,3.39,2.4,21.0,vegan
168119,"Turnip greens, canned, no salt added",SR Legacy,1.36,0.3,2.81,1.3,19.0,vegan
170467,"Turnip greens, canned, solids and liquids",SR Legacy,1.36,0.3,2.42,1.7,14.0,vegan
170139,"Turnip greens, cooked, boiled, drained, with salt",SR Legacy,1.14,0.23,4.36,3.5,20.0,vegan
170466,"Turnip greens, cooked, boiled, drained, without salt",SR Legacy,1.14,0.23,4.36,3.5,20.0,vegan
170140,"Turnip greens, frozen, cooked, boiled, drained, with salt",SR Legacy,3.35,0.42,4.98,3.4,29.0,vegan
170469,"Turnip greens, frozen, cooked, boiled, drained, without salt",SR Legacy,3.35,0.42,4.98,3.4,29.0,vegan
170468,"Turnip greens, frozen, unprepared",SR Legacy,2.47,0.31,3.67,2.5,22.0,vegan
170061,"Turnip greens, raw",SR Legacy,1.5,0.3,7.13,3.2,32.0,vegan
170547,"Turnips, cooked, boiled, drained, with salt",SR Legacy,0.71,0.08,5.06,2.0,22.0,vegan
170058,"Turnips, cooked, boiled, drained, without salt",SR Legacy,0.71,0.08,5.06,2.0,22.0,vegan
170548,"Turnips, frozen, cooked, boiled, drained, with salt",SR Legacy,1.53,0.24,3.73,2.0,21.0,vegan
170060,"Turnips, frozen, cooked, boiled, drained, without salt",SR Legacy,1.53,0.24,4.35,2.0,23.0,vegan
170059,"Turnips, frozen, unprepared",SR Legacy,1.04,0.16,2.94,1.8,16.0,vegan
2747674,"Turnips, raw",Foundation Foods,0.953125,0.1188,7.274975,1.915,33.9816,vegan
169775,"Turnover, cheese-filled, tomato-based sauce, frozen, unprepared",SR Legacy,10.24,9.45,27.29,1.6,235.0,vegetarian
169780,"Turnover, chicken- or turkey-, and vegetable-filled, reduced fat, frozen",SR Legacy,7.87,5.51,21.74,3.1,168.0,non_vegetarian
168963,"Turnover, filled with egg, meat and cheese, frozen",SR Legacy,7.87,12.6,20.67,0.8,228.0,non_vegetarian
168962,"Turnover, meat- and cheese-filled, tomato-based sauce, reduced fat, frozen",SR Legacy,9.45,5.51,31.89,0.8,215.0,non_vegetarian
167599,"Udi's, Gluten Free, Soft & Hearty Whole Grain Bread",SR Legacy,7.25,9.34,49.09,4.9,309.0,non_vegetarian
168012,"Van's, The Perfect 10, Crispy Six Whole Grain + Four Seed Baked Crackers, Gluten Free",SR Legacy,7.63,18.93,67.57,,471.0,vegan
173850,"Veal, Australian, rib, rib roast, separable lean and fat, raw",SR Legacy,19.6,13.1,1.15,0.0,201.0,non_vegetarian
172478,"Veal, Australian, rib, rib roast, separable lean only, raw",SR Legacy,21.7,4.63,1.4,0.0,134.0,non_vegetarian
173849,"Veal, Australian, separable fat, raw",SR Legacy,9.91,52.17,0.0,0.0,509.0,non_vegetarian
174433,"Veal, Australian, shank, fore, bone-in, separable lean and fat, raw",SR Legacy,19.58,7.42,0.0,0.0,145.0,non_vegetarian
174432,"Veal, Australian, shank, fore, bone-in, separable lean only, raw",SR Legacy,20.18,4.65,0.0,0.0,123.0,non_vegetarian
172607,"Veal, Australian, shank, hind, bone-in, separable lean and fat, raw",SR Legacy,19.78,7.2,0.0,0.0,144.0,non_vegetarian
172606,"Veal, Australian, shank, hind, bone-in, separable lean only, raw",SR Legacy,20.37,4.47,0.0,0.0,122.0,non_vegetarian
174394,"Veal, breast, plate half, boneless, separable lean and fat, cooked, braised",SR Legacy,25.93,18.95,0.0,,282.0,non_vegetarian
174395,"Veal, breast, point half, boneless, separable lean and fat, cooked, braised",SR Legacy,28.23,14.16,0.0,,248.0,non_vegetarian
172567,"Veal, breast, separable fat, cooked",SR Legacy,9.4,53.35,0.0,0.0,521.0,non_vegetarian
174393,"Veal, breast, whole, boneless, separable lean and fat, cooked, braised",SR Legacy,26.97,16.77,0.0,,266.0,non_vegetarian
174392,"Veal, breast, whole, boneless, separable lean and fat, raw",SR Legacy,17.47,14.75,0.0,,208.0,non_vegetarian
174396,"Veal, breast, whole, boneless, separable lean only, cooked, braised",SR Legacy,30.32,9.8,0.0,,218.0,non_vegetarian
175267,"Veal, composite of trimmed retail cuts, separable fat, cooked",SR Legacy,9.42,66.74,0.0,0.0,642.0,non_vegetarian
175266,"Veal, composite of trimmed retail cuts, separable fat, raw",SR Legacy,6.02,67.83,0.0,0.0,638.0,non_vegetarian
173816,"Veal, composite of trimmed retail cuts, separable lean and fat, cooked",SR Legacy,30.1,11.39,0.0,0.0,231.0,non_vegetarian
173815,"Veal, composite of trimmed retail cuts, separable lean and fat, raw",SR Legacy,19.35,6.77,0.0,0.0,144.0,non_vegetarian
175265,"Veal, composite of trimmed retail cuts, separable lean only, cooked",SR Legacy,31.9,6.58,0.0,0.0,196.0,non_vegetarian
173817,"Veal, composite of trimmed retail cuts, separable lean only, raw",SR Legacy,20.2,2.87,0.0,0.0,112.0,non_vegetarian
175289,"Veal, cubed for stew (leg and shoulder), separable lean only, cooked, braised",SR Legacy,34.94,4.31,0.0,0.0,188.0,non_vegetarian
173843,"Veal, cubed for stew (leg and shoulder), separable lean only, raw",SR Legacy,20.27,2.5,0.0,0.0,109.0,non_vegetarian
174883,"Veal, external fat only, cooked",SR Legacy,15.28,53.23,0.0,0.0,540.0,non_vegetarian
174882,"Veal, external fat only, raw",SR Legacy,8.85,51.6,0.89,0.0,503.0,non_vegetarian
172649,"Veal, foreshank, osso buco, separable lean and fat, cooked, braised",SR Legacy,27.94,7.77,0.11,0.0,182.0,non_vegetarian
172646,"Veal, foreshank, osso buco, separable lean only, cooked, braised",SR Legacy,29.12,4.51,0.0,0.0,157.0,non_vegetarian
175291,"Veal, ground, cooked, broiled",SR Legacy,24.38,7.56,0.0,0.0,172.0,non_vegetarian
174879,"Veal, ground, cooked, pan-fried",SR Legacy,25.83,11.78,1.51,0.0,215.0,non_vegetarian
175290,"Veal, ground, raw",SR Legacy,18.58,13.06,0.0,0.0,197.0,non_vegetarian
173818,"Veal, leg (top round), separable lean and fat, cooked, braised",SR Legacy,36.16,6.33,0.0,0.0,211.0,non_vegetarian
173819,"Veal, leg (top round), separable lean and fat, cooked, pan-fried, breaded",SR Legacy,27.29,9.18,9.91,0.3,238.0,non_vegetarian
173820,"Veal, leg (top round), separable lean and fat, cooked, pan-fried, not breaded",SR Legacy,31.75,8.35,0.0,0.0,211.0,non_vegetarian
173821,"Veal, leg (top round), separable lean and fat, cooked, roasted",SR Legacy,27.7,4.65,0.0,0.0,160.0,non_vegetarian
175268,"Veal, leg (top round), separable lean and fat, raw",SR Legacy,20.98,3.08,0.0,0.0,117.0,non_vegetarian
175270,"Veal, leg (top round), separable lean only, cooked, braised",SR Legacy,36.71,5.09,0.0,0.0,203.0,non_vegetarian
175271,"Veal, leg (top round), separable lean only, cooked, pan-fried, breaded",SR Legacy,28.41,6.27,9.84,0.2,216.0,non_vegetarian
175272,"Veal, leg (top round), separable lean only, cooked, pan-fried, not breaded",SR Legacy,33.17,4.62,0.0,0.0,183.0,non_vegetarian
173822,"Veal, leg (top round), separable lean only, cooked, roasted",SR Legacy,28.07,3.39,0.0,0.0,150.0,non_vegetarian
175269,"Veal, leg (top round), separable lean only, raw",SR Legacy,21.28,1.76,0.0,0.0,107.0,non_vegetarian
174880,"Veal, leg, top round, cap off, cutlet, boneless, cooked, grilled",SR Legacy,31.89,2.63,0.0,0.0,151.0,non_vegetarian
172643,"Veal, leg, top round, cap off, cutlet, boneless, raw",SR Legacy,22.07,2.07,0.0,0.0,107.0,non_vegetarian
172650,"Veal, loin, chop, separable lean and fat, cooked, grilled",SR Legacy,28.04,9.48,0.16,0.0,198.0,non_vegetarian
172644,"Veal, loin, chop, separable lean only, cooked, grilled",SR Legacy,29.75,4.44,0.07,0.0,159.0,non_vegetarian
173824,"Veal, loin, separable lean and fat, cooked, braised",SR Legacy,30.19,17.21,0.0,0.0,284.0,non_vegetarian
173825,"Veal, loin, separable lean and fat, cooked, roasted",SR Legacy,24.8,12.32,0.0,0.0,217.0,non_vegetarian
173823,"Veal, loin, separable lean and fat, raw",SR Legacy,20.07,10.07,0.07,0.0,177.0,non_vegetarian
175273,"Veal, loin, separable lean only, cooked, braised",SR Legacy,33.57,9.15,0.0,0.0,226.0,non_vegetarian
175274,"Veal, loin, separable lean only, cooked, roasted",SR Legacy,26.32,6.94,0.0,0.0,175.0,non_vegetarian
173826,"Veal, loin, separable lean only, raw",SR Legacy,21.85,2.9,0.0,0.0,114.0,non_vegetarian
175276,"Veal, rib, separable lean and fat, cooked, braised",SR Legacy,32.43,12.53,0.0,0.0,251.0,non_vegetarian
173827,"Veal, rib, separable lean and fat, cooked, roasted",SR Legacy,23.96,13.96,0.0,0.0,228.0,non_vegetarian
175275,"Veal, rib, separable lean and fat, raw",SR Legacy,18.86,9.01,0.0,0.0,162.0,non_vegetarian
173829,"Veal, rib, separable lean only, cooked, braised",SR Legacy,34.44,7.81,0.0,0.0,218.0,non_vegetarian
173830,"Veal, rib, separable lean only, cooked, roasted",SR Legacy,25.76,7.44,0.0,0.0,177.0,non_vegetarian
173828,"Veal, rib, separable lean only, raw",SR Legacy,19.97,3.89,0.0,0.0,120.0,non_vegetarian
172647,"Veal, seam fat only, cooked",SR Legacy,11.16,50.17,2.11,0.0,505.0,non_vegetarian
174884,"Veal, seam fat only, raw",SR Legacy,12.53,43.75,0.0,0.0,444.0,non_vegetarian
172569,"Veal, shank (fore and hind), separable lean and fat, cooked, braised",SR Legacy,31.54,6.2,0.0,,191.0,non_vegetarian
172568,"Veal, shank (fore and hind), separable lean and fat, raw",SR Legacy,19.15,3.48,0.0,,113.0,non_vegetarian
172571,"Veal, shank (fore and hind), separable lean only, cooked, braised",SR Legacy,32.22,4.33,0.0,0.0,177.0,non_vegetarian
172570,"Veal, shank (fore and hind), separable lean only, raw",SR Legacy,19.28,2.83,0.0,,108.0,non_vegetarian
172648,"Veal, shank, separable lean and fat, raw",SR Legacy,19.28,3.3,0.0,0.0,107.0,non_vegetarian
172645,"Veal, shank, separable lean only, raw",SR Legacy,19.77,1.64,0.0,0.0,94.0,non_vegetarian
173834,"Veal, shoulder, arm, separable lean and fat, cooked, braised",SR Legacy,33.63,10.24,0.0,0.0,236.0,non_vegetarian
175281,"Veal, shoulder, arm, separable lean and fat, cooked, roasted",SR Legacy,25.46,8.25,0.0,0.0,183.0,non_vegetarian
173833,"Veal, shoulder, arm, separable lean and fat, raw",SR Legacy,19.34,5.44,0.0,0.0,132.0,non_vegetarian
175283,"Veal, shoulder, arm, separable lean only, cooked, braised",SR Legacy,35.73,5.33,0.0,0.0,201.0,non_vegetarian
175284,"Veal, shoulder, arm, separable lean only, cooked, roasted",SR Legacy,26.13,5.81,0.0,0.0,164.0,non_vegetarian
175282,"Veal, shoulder, arm, separable lean only, raw",SR Legacy,20.04,2.16,0.0,0.0,105.0,non_vegetarian
172651,"Veal, shoulder, blade chop, separable lean and fat, cooked, grilled",SR Legacy,25.72,10.57,0.15,0.0,199.0,non_vegetarian
173835,"Veal, shoulder, blade chop, separable lean and fat, raw",SR Legacy,18.72,7.61,0.03,0.0,148.0,non_vegetarian
174881,"Veal, shoulder, blade chop, separable lean only, cooked, grilled",SR Legacy,27.33,5.53,0.0,0.0,159.0,non_vegetarian
173838,"Veal, shoulder, blade chop, separable lean only, raw",SR Legacy,19.6,2.88,0.0,0.0,110.0,non_vegetarian
173836,"Veal, shoulder, blade, separable lean and fat, cooked, braised",SR Legacy,31.26,10.09,0.0,0.0,225.0,non_vegetarian
173837,"Veal, shoulder, blade, separable lean and fat, cooked, roasted",SR Legacy,25.15,8.67,0.0,0.0,186.0,non_vegetarian
173839,"Veal, shoulder, blade, separable lean only, cooked, braised",SR Legacy,32.66,6.48,0.0,0.0,198.0,non_vegetarian
175285,"Veal, shoulder, blade, separable lean only, cooked, roasted",SR Legacy,25.64,6.88,0.0,0.0,171.0,non_vegetarian
175278,"Veal, shoulder, whole (arm and blade), separable lean and fat, cooked, braised",SR Legacy,32.06,10.14,0.0,0.0,228.0,non_vegetarian
175279,"Veal, shoulder, whole (arm and blade), separable lean and fat, cooked, roasted",SR Legacy,25.32,8.42,0.0,0.0,184.0,non_vegetarian
175277,"Veal, shoulder, whole (arm and blade), separable lean and fat, raw",SR Legacy,19.27,5.28,0.0,0.0,130.0,non_vegetarian
173831,"Veal, shoulder, whole (arm and blade), separable lean only, cooked, braised",SR Legacy,33.68,6.1,0.0,0.0,199.0,non_vegetarian
173832,"Veal, shoulder, whole (arm and blade), separable lean only, cooked, roasted",SR Legacy,25.81,6.62,0.0,0.0,170.0,non_vegetarian
175280,"Veal, shoulder, whole (arm and blade), separable lean only, raw",SR Legacy,19.79,3.0,0.0,0.0,112.0,non_vegetarian
175287,"Veal, sirloin, separable lean and fat, cooked, braised",SR Legacy,31.26,13.14,0.0,0.0,252.0,non_vegetarian
175288,"Veal, sirloin, separable lean and fat, cooked, roasted",SR Legacy,25.14,10.45,0.0,0.0,202.0,non_vegetarian
175286,"Veal, sirloin, separable lean and fat, raw",SR Legacy,19.07,7.81,0.0,0.0,152.0,non_vegetarian
173841,"Veal, sirloin, separable lean only, cooked, braised",SR Legacy,33.96,6.51,0.0,0.0,204.0,non_vegetarian
173842,"Veal, sirloin, separable lean only, cooked, roasted",SR Legacy,26.32,6.22,0.0,0.0,168.0,non_vegetarian
173840,"Veal, sirloin, separable lean only, raw",SR Legacy,20.2,2.59,0.0,0.0,110.0,non_vegetarian
174352,"Veal, variety meats and by-products, brain, cooked, braised",SR Legacy,11.48,9.63,0.0,0.0,136.0,non_vegetarian
174353,"Veal, variety meats and by-products, brain, cooked, pan-fried",SR Legacy,14.48,16.75,0.0,0.0,213.0,non_vegetarian
174351,"Veal, variety meats and by-products, brain, raw",SR Legacy,10.32,8.21,0.0,0.0,118.0,non_vegetarian
172530,"Veal, variety meats and by-products, heart, cooked, braised",SR Legacy,29.12,6.75,0.13,0.0,186.0,non_vegetarian
172529,"Veal, variety meats and by-products, heart, raw",SR Legacy,17.18,3.98,0.08,0.0,110.0,non_vegetarian
174357,"Veal, variety meats and by-products, kidneys, cooked, braised",SR Legacy,26.32,5.66,0.0,0.0,163.0,non_vegetarian
174356,"Veal, variety meats and by-products, kidneys, raw",SR Legacy,15.76,3.12,0.85,0.0,99.0,non_vegetarian
172535,"Veal, variety meats and by-products, liver, cooked, braised",SR Legacy,28.42,6.26,3.77,0.0,192.0,non_vegetarian
174358,"Veal, variety meats and by-products, liver, cooked, pan-fried",SR Legacy,27.37,6.51,4.47,0.0,193.0,non_vegetarian
172534,"Veal, variety meats and by-products, liver, raw",SR Legacy,19.93,4.85,2.91,0.0,140.0,non_vegetarian
172536,"Veal, variety meats and by-products, lungs, cooked, braised",SR Legacy,18.74,2.64,0.0,0.0,104.0,non_vegetarian
174361,"Veal, variety meats and by-products, lungs, raw",SR Legacy,16.3,2.3,0.0,0.0,90.0,non_vegetarian
174363,"Veal, variety meats and by-products, pancreas, cooked, braised",SR Legacy,29.1,14.6,0.0,0.0,256.0,non_vegetarian
174362,"Veal, variety meats and by-products, pancreas, raw",SR Legacy,15.0,13.1,0.0,0.0,182.0,non_vegetarian
172541,"Veal, variety meats and by-products, spleen, cooked, braised",SR Legacy,24.08,2.89,0.0,0.0,129.0,non_vegetarian
172540,"Veal, variety meats and by-products, spleen, raw",SR Legacy,18.3,2.2,0.0,0.0,98.0,non_vegetarian
172543,"Veal, variety meats and by-products, thymus, cooked, braised",SR Legacy,22.67,3.11,0.0,0.0,125.0,non_vegetarian
172542,"Veal, variety meats and by-products, thymus, raw",SR Legacy,17.21,3.07,0.0,0.0,101.0,non_vegetarian
174369,"Veal, variety meats and by-products, tongue, cooked, braised",SR Legacy,25.85,10.1,0.0,0.0,202.0,non_vegetarian
174368,"Veal, variety meats and by-products, tongue, raw",SR Legacy,17.18,5.48,1.91,0.0,131.0,non_vegetarian
170063,"Vegetable juice cocktail, canned",SR Legacy,0.93,0.31,3.87,0.5,22.0,vegan
170473,"Vegetable juice cocktail, low sodium, canned",SR Legacy,0.91,0.32,3.83,0.5,19.0,vegan
169767,"Vegetable juice, BOLTHOUSE FARMS, DAILY GREENS",SR Legacy,0.49,0.04,8.13,1.9,31.0,vegan
171422,"Vegetable oil, palm kernel",SR Legacy,0.0,100.0,0.0,0.0,862.0,vegan
167691,"Vegetable oil-butter spread, reduced calorie",SR Legacy,0.0,53.0,0.0,0.0,465.0,vegetarian
169085,"Vegetables, mixed (corn, lima beans, peas, green beans, carrots) canned, no salt added",SR Legacy,1.4,0.2,7.31,3.1,37.0,vegan
170065,"Vegetables, mixed, canned, drained solids",SR Legacy,2.59,0.25,9.26,3.0,49.0,vegan
170064,"Vegetables, mixed, canned, solids and liquids",SR Legacy,1.42,0.25,7.13,3.8,36.0,vegan
170142,"Vegetables, mixed, frozen, cooked, boiled, drained, with salt",SR Legacy,2.86,0.15,13.09,4.4,60.0,vegan
170472,"Vegetables, mixed, frozen, cooked, boiled, drained, without salt",SR Legacy,2.86,0.15,13.09,4.4,65.0,vegan
170471,"Vegetables, mixed, frozen, unprepared",SR Legacy,3.33,0.52,13.47,4.0,72.0,vegan
169888,Vegetarian meatloaf or patties,SR Legacy,21.0,9.0,8.0,4.6,197.0,non_vegetarian
174287,"Veggie burgers or soyburgers, unprepared",SR Legacy,15.7,6.3,14.27,4.9,177.0,vegetarian
169884,"Vermicelli, made from soy",SR Legacy,0.1,0.1,82.32,3.9,331.0,vegan
170474,"Vinespinach, (basella), raw",SR Legacy,1.8,0.3,3.4,,19.0,vegan
168147,Vital wheat gluten,SR Legacy,75.16,1.85,13.79,0.6,370.0,vegan
175235,"Vitasoy USA Azumaya, Extra Firm Tofu",SR Legacy,10.07,4.6,1.53,0.9,88.0,vegan
175236,"Vitasoy USA Azumaya, Firm Tofu",SR Legacy,9.08,4.2,1.52,0.6,80.0,vegan
173786,"Vitasoy USA Azumaya, Silken Tofu",SR Legacy,4.82,2.4,0.58,0.2,43.0,vegan
173784,"Vitasoy USA Nasoya, Lite Silken Tofu",SR Legacy,8.21,1.1,0.0,,43.0,vegan
175234,"Vitasoy USA Organic Nasoya Sprouted, Tofu Plus Super Firm",SR Legacy,13.24,5.9,2.16,1.2,115.0,vegan
173783,"Vitasoy USA Organic Nasoya, Soft Tofu",SR Legacy,8.76,3.5,0.74,0.6,70.0,vegan
173785,"Vitasoy USA Organic Nasoya, Tofu Plus Extra Firm",SR Legacy,10.18,4.9,1.82,1.0,92.0,vegan
175233,"Vitasoy USA Organic Nasoya, Tofu Plus Firm",SR Legacy,9.19,3.4,1.71,0.8,74.0,vegan
172468,"Vitasoy USA, Nasoya Lite Firm Tofu",SR Legacy,8.3,1.7,1.3,0.6,54.0,vegan
173762,"Vitasoy USA, Organic Nasoya Extra Firm Tofu",SR Legacy,10.1,5.2,2.6,1.3,98.0,vegan
173763,"Vitasoy USA, Organic Nasoya Firm Tofu",SR Legacy,8.9,4.4,2.3,0.8,84.0,vegan
173764,"Vitasoy USA, Organic Nasoya Silken Tofu",SR Legacy,4.8,2.5,1.4,0.3,47.0,vegan
174297,"Vitasoy USA, Organic Nasoya Super Firm Cubed Tofu",SR Legacy,12.4,6.3,2.8,2.0,118.0,vegan
175214,"Vitasoy USA, Vitasoy Light Vanilla Soymilk",SR Legacy,1.6,0.82,4.1,0.1,30.0,vegetarian
175213,"Vitasoy USA, Vitasoy Organic Classic Original Soymilk",SR Legacy,3.2,1.8,4.5,0.4,47.0,vegetarian
175212,"Vitasoy USA, Vitasoy Organic Creamy Original Soymilk",SR Legacy,2.9,1.6,4.5,0.4,44.0,vegetarian
167518,"Waffle, buttermilk, frozen, ready-to-heat, microwaved",SR Legacy,6.92,9.4,44.16,2.4,289.0,vegetarian
167517,"Waffle, buttermilk, frozen, ready-to-heat, toasted",SR Legacy,7.42,9.49,48.39,2.6,309.0,vegetarian
167516,"Waffles, buttermilk, frozen, ready-to-heat",SR Legacy,6.58,9.22,41.05,2.2,273.0,vegetarian
174085,"Waffles, whole wheat, lowfat, frozen, ready-to-heat",SR Legacy,7.14,3.57,49.16,4.3,257.0,vegan
168031,"Walrus, liver, raw (Alaska Native)",SR Legacy,21.0,3.0,3.5,,125.0,non_vegetarian
168030,"Walrus, meat and subcutaneous fat raw (Alaska Native)",SR Legacy,16.3,24.1,0.0,,282.0,non_vegetarian
167621,"Walrus, meat, dried (Alaska Native)",SR Legacy,57.0,2.6,0.0,,251.0,non_vegetarian
168029,"Walrus, meat, raw (Alaska Native)",SR Legacy,19.2,13.6,0.0,,199.0,non_vegetarian
171926,"Water, non-carbonated, bottles, natural fruit flavors, sweetened with low calorie sweetener",SR Legacy,0.0,0.0,0.13,0.0,1.0,vegan
171940,"Water, with corn syrup and/or sugar and low calorie sweetener, fruit flavored",SR Legacy,0.0,0.0,4.5,0.0,18.0,vegan
167765,"Watermelon, raw",SR Legacy,0.61,0.15,7.55,0.4,30.0,vegan
2747676,"Watermelon, seedless, rind only, raw",Foundation Foods,0.53125,0.07,4.166,1.535,19.419,vegan
170549,"Waxgourd, (chinese preserving melon), cooked, boiled, drained, with salt",SR Legacy,0.4,0.2,2.45,1.0,11.0,vegan
170475,"Waxgourd, (chinese preserving melon), cooked, boiled, drained, without salt",SR Legacy,0.4,0.2,3.04,1.0,14.0,vegan
170069,"Waxgourd, (chinese preserving melon), raw",SR Legacy,0.4,0.2,3.0,2.9,13.0,vegan
170770,"WEND'YS, Crispy Chicken Sandwich",SR Legacy,11.72,13.93,26.36,,278.0,non_vegetarian
170725,"WENDY'S, Chicken Nuggets",SR Legacy,16.46,22.55,14.31,,326.0,non_vegetarian
170325,"WENDY'S, CLASSIC DOUBLE, with cheese",SR Legacy,16.52,14.2,11.71,1.1,241.0,vegetarian
170722,"WENDY'S, CLASSIC SINGLE Hamburger, no cheese",SR Legacy,12.63,10.6,16.82,1.3,213.0,non_vegetarian
170322,"WENDY'S, CLASSIC SINGLE Hamburger, with cheese",SR Legacy,14.87,11.6,14.2,1.4,221.0,non_vegetarian
170784,"WENDY'S, Double Stack, with cheese",SR Legacy,18.53,16.6,15.35,,285.0,vegetarian
170723,"WENDY'S, Homestyle Chicken Fillet Sandwich",SR Legacy,13.78,8.1,21.55,1.3,214.0,non_vegetarian
170324,"WENDY'S, Jr. Hamburger, with cheese",SR Legacy,13.06,11.5,24.97,1.4,256.0,non_vegetarian
170323,"WENDY'S, Jr. Hamburger, without cheese",SR Legacy,12.62,8.75,28.45,1.7,243.0,non_vegetarian
170724,"WENDY'S, Ultimate Chicken Grill Sandwich",SR Legacy,14.73,5.0,18.88,1.1,179.0,non_vegetarian
168980,"Whale, beluga, liver, raw (Alaska Native)",SR Legacy,18.4,3.9,2.0,,117.0,non_vegetarian
169795,"Whale, beluga, meat, dried (Alaska Native)",SR Legacy,69.86,5.34,0.0,0.0,327.0,non_vegetarian
169797,"Whale, beluga, meat, raw (Alaska Native)",SR Legacy,26.5,0.5,0.0,0.0,111.0,non_vegetarian
169722,"Wheat bran, crude",SR Legacy,15.55,4.25,64.51,42.8,216.0,vegan
172018,"Wheat flour, white (industrial), 10% protein, bleached, enriched",SR Legacy,9.71,1.48,76.22,2.4,366.0,vegan
172019,"Wheat flour, white (industrial), 10% protein, bleached, unenriched",SR Legacy,9.71,1.48,76.22,2.4,366.0,vegan
168938,"Wheat flour, white (industrial), 10% protein, unbleached, enriched",SR Legacy,9.71,1.48,76.22,2.4,366.0,vegan
168939,"Wheat flour, white (industrial), 11.5% protein, bleached, enriched",SR Legacy,11.5,1.45,73.81,2.4,363.0,vegan
168940,"Wheat flour, white (industrial), 11.5% protein, bleached, unenriched",SR Legacy,11.5,1.45,73.81,2.4,363.0,vegan
168941,"Wheat flour, white (industrial), 11.5% protein, unbleached, enriched",SR Legacy,11.5,1.45,73.81,2.4,363.0,vegan
168942,"Wheat flour, white (industrial), 13% protein, bleached, enriched",SR Legacy,13.07,1.38,72.2,2.4,362.0,vegan
172020,"Wheat flour, white (industrial), 13% protein, bleached, unenriched",SR Legacy,13.07,1.38,72.2,2.4,362.0,vegan
172021,"Wheat flour, white (industrial), 15% protein, bleached, enriched",SR Legacy,15.33,1.41,69.88,2.4,362.0,vegan
172022,"Wheat flour, white (industrial), 15% protein, bleached, unenriched",SR Legacy,15.33,1.41,69.88,2.4,362.0,vegan
172016,"Wheat flour, white (industrial), 9% protein, bleached, enriched",SR Legacy,8.89,1.43,77.32,,367.0,vegan
172017,"Wheat flour, white (industrial), 9% protein, bleached, unenriched",SR Legacy,8.89,1.43,77.32,2.4,367.0,vegan
168894,"Wheat flour, white, all-purpose, enriched, bleached",SR Legacy,10.33,0.98,76.31,2.7,364.0,vegan
169754,"Wheat flour, white, all-purpose, enriched, calcium-fortified",SR Legacy,10.33,0.98,76.31,2.7,364.0,vegan
168936,"Wheat flour, white, all-purpose, enriched, unbleached",SR Legacy,10.33,0.98,76.31,2.7,364.0,vegan
168895,"Wheat flour, white, all-purpose, self-rising, enriched",SR Legacy,9.89,0.97,74.22,2.7,354.0,vegan
169761,"Wheat flour, white, all-purpose, unenriched",SR Legacy,10.33,0.98,76.31,2.7,364.0,vegan
168896,"Wheat flour, white, bread, enriched",SR Legacy,11.98,1.66,72.53,2.4,361.0,vegan
169723,"Wheat flour, white, cake, enriched",SR Legacy,8.2,0.86,78.03,1.7,362.0,vegan
169724,"Wheat flour, white, tortilla mix, enriched",SR Legacy,9.66,10.63,67.14,,405.0,vegan
168893,"Wheat flour, whole-grain (Includes foods for USDA's Food Distribution Program)",SR Legacy,13.21,2.5,71.97,10.7,340.0,vegan
168944,"Wheat flour, whole-grain, soft wheat",SR Legacy,9.61,1.95,74.48,13.1,332.0,vegan
168913,"Wheat flours, bread, unenriched",SR Legacy,11.98,1.66,72.53,2.4,361.0,vegan
168892,"Wheat germ, crude",SR Legacy,23.15,9.72,51.8,13.2,360.0,vegan
169721,"Wheat, durum",SR Legacy,13.68,2.47,71.13,,339.0,vegan
168889,"Wheat, hard red spring",SR Legacy,15.4,1.92,68.03,12.2,329.0,vegan
168890,"Wheat, hard red winter",SR Legacy,12.61,1.54,71.18,12.2,327.0,vegan
169719,"Wheat, hard white",SR Legacy,11.31,1.71,75.9,12.2,342.0,vegan
169744,"Wheat, KAMUT khorasan, cooked",SR Legacy,5.71,0.83,27.6,4.3,132.0,vegan
169743,"Wheat, KAMUT khorasan, uncooked",SR Legacy,14.54,2.13,70.58,11.1,337.0,vegan
168891,"Wheat, soft red winter",SR Legacy,10.35,1.56,74.24,12.5,331.0,vegan
169720,"Wheat, soft white",SR Legacy,10.69,1.99,75.36,12.7,340.0,vegan
169725,"Wheat, sprouted",SR Legacy,7.49,1.27,42.53,1.1,198.0,vegan
171281,"Whey, acid, dried",SR Legacy,11.73,0.54,73.45,0.0,339.0,vegetarian
170885,"Whey, acid, fluid",SR Legacy,0.76,0.09,5.12,0.0,24.0,vegetarian
171283,"Whey, sweet, dried",SR Legacy,12.93,1.07,74.46,0.0,353.0,vegetarian
171282,"Whey, sweet, fluid",SR Legacy,0.85,0.36,5.14,0.0,27.0,vegetarian
169899,"Whipped cream substitute, dietetic, made from powdered mix",SR Legacy,0.9,6.0,10.6,0.0,100.0,vegetarian
168897,"Wild rice, cooked",SR Legacy,3.99,0.34,21.34,1.8,101.0,vegan
2710821,"Wild rice, dry, raw",Foundation Foods,12.7875,1.704,75.6695,4.26,369.164,vegan
169726,"Wild rice, raw",SR Legacy,14.73,1.08,74.9,6.2,357.0,vegan
170478,"Winged bean leaves, raw",SR Legacy,5.85,1.1,14.1,,74.0,vegan
170070,"Winged bean tuber, raw",SR Legacy,11.6,0.9,28.1,,148.0,vegan
170550,"Winged bean, immature seeds, cooked, boiled, drained, with salt",SR Legacy,5.31,0.66,3.21,,37.0,vegan
170477,"Winged beans, immature seeds, cooked, boiled, drained, without salt",SR Legacy,5.31,0.66,3.21,,38.0,vegan
170476,"Winged beans, immature seeds, raw",SR Legacy,6.95,0.87,4.31,,49.0,vegan
172477,"Winged beans, mature seeds, cooked, boiled, with salt",SR Legacy,10.62,5.84,14.94,,147.0,vegan
172453,"Winged beans, mature seeds, cooked, boiled, without salt",SR Legacy,10.62,5.84,14.94,,147.0,vegan
174283,"Winged beans, mature seeds, raw",SR Legacy,29.65,16.32,41.71,25.9,409.0,vegan
169826,"Wocas, dried seeds, Oregon, yellow pond lily (Klamath)",SR Legacy,7.9,1.07,80.02,19.2,361.0,vegan
172802,Wonton wrappers (includes egg roll wrappers),SR Legacy,9.8,1.5,57.9,1.8,291.0,vegetarian
172960,"Yachtwurst, with pistachio nuts, cooked",SR Legacy,14.8,22.6,1.4,0.0,268.0,vegan
170551,"Yam, cooked, boiled, drained, or baked, with salt",SR Legacy,1.49,0.14,26.99,3.9,114.0,vegan
170072,"Yam, cooked, boiled, drained, or baked, without salt",SR Legacy,1.49,0.14,27.48,3.9,116.0,vegan
170071,"Yam, raw",SR Legacy,1.53,0.17,27.88,4.1,118.0,vegan
169358,"Yambean (jicama), cooked, boiled, drained, with salt",SR Legacy,0.72,0.09,8.23,,36.0,vegan
170074,"Yambean (jicama), cooked, boiled, drained, without salt",SR Legacy,0.72,0.09,8.82,,38.0,vegan
170073,"Yambean (jicama), raw",SR Legacy,0.72,0.09,8.82,4.9,38.0,vegan
169359,"Yardlong bean, cooked, boiled, drained, with salt",SR Legacy,2.53,0.1,9.17,,47.0,vegan
169223,"Yardlong bean, cooked, boiled, drained, without salt",SR Legacy,2.53,0.1,9.18,,47.0,vegan
169222,"Yardlong bean, raw",SR Legacy,2.8,0.4,8.35,,47.0,vegan
174306,"Yardlong beans, mature seeds, cooked, boiled, with salt",SR Legacy,8.29,0.45,21.09,3.8,118.0,vegan
174282,"Yardlong beans, mature seeds, cooked, boiled, without salt",SR Legacy,8.29,0.45,21.09,3.8,118.0,vegan
174281,"Yardlong beans, mature seeds, raw",SR Legacy,24.33,1.31,61.91,11.0,347.0,vegan
168956,"Yellow rice with seasoning, dry packet mix, unprepared",SR Legacy,7.02,1.75,74.68,1.8,343.0,vegan
170355,"Yogurt parfait, lowfat, with fruit and granola",SR Legacy,3.36,1.01,15.86,1.1,84.0,vegetarian
172208,"Yogurt, chocolate, nonfat milk",SR Legacy,3.53,0.0,23.53,1.2,112.0,vegetarian
172221,"Yogurt, chocolate, nonfat milk, fortified with vitamin D",SR Legacy,3.53,0.0,23.53,1.2,112.0,vegetarian
173464,"Yogurt, frozen, flavors not chocolate, nonfat milk, with low-calorie sweetener",SR Legacy,4.4,0.8,19.7,2.0,104.0,vegetarian
170908,"Yogurt, frozen, flavors other than chocolate, lowfat",SR Legacy,8.0,2.5,21.0,0.0,139.0,vegetarian
169898,"Yogurt, fruit variety, nonfat",SR Legacy,4.4,0.2,19.0,0.0,95.0,vegetarian
173458,"Yogurt, fruit variety, nonfat, fortified with vitamin D",SR Legacy,4.4,0.2,19.0,0.0,95.0,vegetarian
171285,"Yogurt, fruit, low fat, 10 grams protein per 8 ounce",SR Legacy,4.37,1.08,19.05,0.0,102.0,vegetarian
173457,"Yogurt, fruit, low fat, 10 grams protein per 8 ounce, fortified with vitamin D",SR Legacy,4.37,1.08,19.05,0.0,102.0,vegetarian
171286,"Yogurt, fruit, low fat, 11g protein/8 oz",SR Legacy,4.86,1.41,18.6,0.0,105.0,vegetarian
173456,"Yogurt, fruit, low fat, 9 grams protein per 8 ounce, fortified with vitamin D",SR Legacy,3.98,1.15,18.64,0.0,99.0,vegetarian
170889,"Yogurt, fruit, low fat,9 g protein/8 oz",SR Legacy,3.98,1.15,18.64,0.0,99.0,vegetarian
173451,"Yogurt, fruit, lowfat, with low calorie sweetener",SR Legacy,4.86,1.41,18.6,0.0,105.0,vegetarian
172218,"Yogurt, fruit, lowfat, with low calorie sweetener, fortified with vitamin D",SR Legacy,4.86,1.41,18.6,0.0,105.0,vegetarian
170864,"Yogurt, Greek, 2% fat, apricot, CHOBANI",SR Legacy,7.22,1.71,12.15,0.6,93.0,vegetarian
173434,"Yogurt, Greek, 2% fat, key lime blend, CHOBANI",SR Legacy,7.75,1.47,11.91,0.5,92.0,vegetarian
172199,"Yogurt, Greek, 2% fat, mango, CHOBANI",SR Legacy,7.64,1.69,11.84,0.5,93.0,vegetarian
170909,"Yogurt, Greek, 2% fat, pineapple, CHOBANI",SR Legacy,7.05,1.82,12.27,0.7,94.0,vegetarian
170912,"Yogurt, Greek, 2% fat, strawberry banana, CHOBANI",SR Legacy,8.0,1.71,10.24,0.7,88.0,vegetarian
170891,"Yogurt, Greek, 2% fat,mixed berry blend, CHOBANI",SR Legacy,8.26,1.83,10.94,0.6,93.0,vegetarian
171260,"Yogurt, Greek, 2%fat, coconut blend, CHOBANI",SR Legacy,8.11,1.71,11.04,0.5,92.0,vegetarian
170914,"Yogurt, Greek, Blueberry, CHOBANI",SR Legacy,7.23,0.24,12.78,0.5,82.0,vegetarian
170905,"Yogurt, Greek, fruit, whole milk",SR Legacy,7.33,3.0,12.29,0.0,106.0,vegetarian
170916,"Yogurt, Greek, nonfat, Fruit on Bottom, Blackberry, CHOBANI",SR Legacy,7.54,0.37,15.43,0.4,95.0,vegetarian
170913,"Yogurt, Greek, nonfat, Fruit on Bottom, Pomegranate, CHOBANI",SR Legacy,7.45,0.18,12.13,0.8,80.0,vegetarian
170915,"Yogurt, Greek, nonfat, Fruit on Bottom, Strawberry, CHOBANI",SR Legacy,7.28,0.23,11.86,0.4,79.0,vegetarian
171310,"Yogurt, Greek, nonfat, lemon blend, CHOBANI",SR Legacy,8.62,0.15,10.66,0.5,78.0,vegetarian
171311,"Yogurt, Greek, nonfat, peach, CHOBANI",SR Legacy,7.76,0.11,11.9,0.7,80.0,vegetarian
171312,"Yogurt, Greek, nonfat, plain, CHOBANI",SR Legacy,9.53,0.24,3.43,0.2,54.0,vegetarian
171313,"Yogurt, Greek, nonfat, raspberry, CHOBANI",SR Legacy,7.65,0.22,11.98,0.5,81.0,vegetarian
171299,"Yogurt, Greek, nonfat, strawberry, DANNON OIKOS",SR Legacy,8.03,0.22,12.53,0.4,84.0,vegetarian
171296,"Yogurt, Greek, nonfat, vanilla, CHOBANI",SR Legacy,9.07,0.22,8.09,0.3,71.0,vegetarian
171298,"Yogurt, Greek, nonfat, vanilla, DANNON OIKOS",SR Legacy,8.12,0.14,12.72,0.5,85.0,vegetarian
170903,"Yogurt, Greek, plain, lowfat",SR Legacy,9.95,1.92,3.94,0.0,73.0,vegetarian
330137,"Yogurt, Greek, plain, nonfat",Foundation Foods,10.3,0.37,3.64,,61.0,vegetarian
170894,"Yogurt, Greek, plain, nonfat (Includes foods for USDA's Food Distribution Program)",SR Legacy,10.19,0.39,3.6,0.0,59.0,vegetarian
171304,"Yogurt, Greek, plain, whole milk",SR Legacy,9.0,5.0,3.98,0.0,97.0,vegetarian
171297,"Yogurt, Greek, strawberry, DANNON OIKOS",SR Legacy,8.25,2.92,11.67,1.0,106.0,vegetarian
171300,"Yogurt, Greek, strawberry, lowfat",SR Legacy,8.17,2.57,12.29,1.0,105.0,vegetarian
330415,"Yogurt, Greek, strawberry, nonfat",Foundation Foods,8.06,0.15,12.2,0.6,83.0,vegetarian
170907,"Yogurt, Greek, vanilla, lowfat",SR Legacy,8.64,2.5,9.54,0.0,95.0,vegetarian
170902,"Yogurt, Greek, vanilla, nonfat",SR Legacy,8.64,0.18,10.37,0.5,78.0,vegetarian
171309,"Yogurt, Greek, whole, plain, CHOBANI",SR Legacy,8.24,4.01,3.24,0.8,82.0,vegetarian
170886,"Yogurt, plain, low fat",SR Legacy,5.25,1.55,7.04,0.0,63.0,vegetarian
2647437,"Yogurt, plain, nonfat",Foundation Foods,4.22675,0.0875,8.07675,,50.0015,vegetarian
170887,"Yogurt, plain, skim milk",SR Legacy,5.73,0.18,7.68,0.0,56.0,vegetarian
171284,"Yogurt, plain, whole milk",SR Legacy,3.47,3.25,4.66,0.0,61.0,vegetarian
173463,"Yogurt, vanilla flavor, lowfat milk, sweetened with low calorie sweetener",SR Legacy,4.93,1.25,13.8,0.0,86.0,vegetarian
173445,"Yogurt, vanilla or lemon flavor, nonfat milk, sweetened with low-calorie sweetener",SR Legacy,3.86,0.18,7.5,0.0,43.0,vegetarian
172220,"Yogurt, vanilla or lemon flavor, nonfat milk, sweetened with low-calorie sweetener, fortified with vitamin D",SR Legacy,3.86,0.18,7.5,0.0,43.0,vegetarian
172219,"Yogurt, vanilla, low fat, fortified with vitamin D",SR Legacy,4.93,1.25,13.8,0.0,85.0,vegetarian
170888,"Yogurt, vanilla, low fat.",SR Legacy,4.93,1.25,13.8,0.0,85.0,vegetarian
170906,"Yogurt, vanilla, non-fat",SR Legacy,2.94,0.0,17.04,0.0,78.0,vegetarian
173730,"Yokan, prepared from adzuki beans and sugar",SR Legacy,3.29,0.12,60.72,,260.0,vegan
