food_id,food_name,source,protein_g,fat_g,carbs_g,fiber_g,calories
167782,"Abiyuch, raw",SR Legacy,1.5,0.1,17.6,5.3,69.0
171687,"Acerola juice, raw",SR Legacy,0.4,0.3,4.8,0.3,23.0
171686,"Acerola, (west indian cherry), raw",SR Legacy,0.4,0.3,7.69,1.1,32.0
168061,Acorn stew (Apache),SR Legacy,6.81,3.47,9.22,0.7,95.0
168992,"Agave, cooked (Southwest)",SR Legacy,0.99,0.29,32.0,10.6,135.0
168993,"Agave, dried (Southwest)",SR Legacy,1.71,0.69,81.98,15.6,341.0
169814,"Agave, raw (Southwest)",SR Legacy,0.52,0.15,16.23,6.6,68.0
169823,"Agutuk, fish with shortening (Alaskan ice cream) (Alaska Native)",SR Legacy,9.0,43.5,10.5,,470.0
168976,"Agutuk, fish/berry with seal oil (Alaskan ice cream) (Alaska Native)",SR Legacy,3.4,31.8,13.4,0.5,353.0
168977,"Agutuk, meat-caribou (Alaskan ice cream) (Alaska Native)",SR Legacy,21.7,18.6,0.9,,258.0
2768188,"Alaska Pollock, raw",Foundation Foods,17.33,0.9925,0.0565,0.0,78.4785
168749,"Alcoholic beverage, beer, light",SR Legacy,0.24,0.0,1.64,0.0,29.0
169572,"Alcoholic beverage, beer, light, BUD LIGHT",SR Legacy,0.25,0.0,1.3,0.0,29.0
168748,"Alcoholic beverage, beer, light, BUDWEISER SELECT",SR Legacy,0.2,0.0,0.87,0.0,28.0
174145,"Alcoholic beverage, beer, light, higher alcohol",SR Legacy,0.25,0.0,0.77,0.0,46.0
169575,"Alcoholic beverage, beer, light, low carb",SR Legacy,0.17,0.0,0.73,0.0,27.0
168746,"Alcoholic beverage, beer, regular, all",SR Legacy,0.46,0.0,3.55,0.0,43.0
168747,"Alcoholic beverage, beer, regular, BUDWEISER",SR Legacy,0.36,0.0,2.97,0.0,41.0
173168,"Alcoholic beverage, creme de menthe, 72 proof",SR Legacy,0.0,0.3,41.6,0.0,371.0
169573,"Alcoholic beverage, daiquiri, canned",SR Legacy,0.0,0.0,15.7,0.0,125.0
169574,"Alcoholic beverage, daiquiri, prepared-from-recipe",SR Legacy,0.06,0.06,6.94,0.1,186.0
173664,"Alcoholic beverage, distilled, all (gin, rum, vodka, whiskey) 100 proof",SR Legacy,0.0,0.0,0.0,0.0,295.0
174815,"Alcoholic beverage, distilled, all (gin, rum, vodka, whiskey) 80 proof",SR Legacy,0.0,0.0,0.0,0.0,231.0
171919,"Alcoholic beverage, distilled, all (gin, rum, vodka, whiskey) 86 proof",SR Legacy,0.0,0.0,0.1,0.0,250.0
171920,"Alcoholic beverage, distilled, all (gin, rum, vodka, whiskey) 90 proof",SR Legacy,0.0,0.0,0.0,0.0,263.0
173663,"Alcoholic beverage, distilled, all (gin, rum, vodka, whiskey) 94 proof",SR Legacy,0.0,0.0,0.0,0.0,275.0
174817,"Alcoholic beverage, distilled, rum, 80 proof",SR Legacy,0.0,0.0,0.0,0.0,231.0
174818,"Alcoholic beverage, distilled, vodka, 80 proof",SR Legacy,0.0,0.0,0.0,0.0,231.0
174819,"Alcoholic beverage, distilled, whiskey, 86 proof",SR Legacy,0.0,0.0,0.1,0.0,250.0
175098,"Alcoholic beverage, liqueur, coffee with cream, 34 proof",SR Legacy,2.8,15.7,20.9,0.0,327.0
175097,"Alcoholic beverage, liqueur, coffee, 53 proof",SR Legacy,0.1,0.3,46.8,0.0,336.0
173665,"Alcoholic beverage, liqueur, coffee, 63 proof",SR Legacy,0.1,0.3,32.2,0.0,308.0
174141,"Alcoholic beverage, malt beer, hard lemonade",SR Legacy,0.0,0.0,10.07,0.0,68.0
168750,"Alcoholic beverage, pina colada, canned",SR Legacy,0.6,7.6,27.6,0.1,237.0
168752,"Alcoholic beverage, pina colada, prepared-from-recipe",SR Legacy,0.42,1.88,22.66,0.3,174.0
167723,"Alcoholic beverage, rice (sake)",SR Legacy,0.5,0.0,5.0,0.0,134.0
168753,"Alcoholic beverage, tequila sunrise, canned",SR Legacy,0.3,0.1,11.3,0.0,110.0
173662,"Alcoholic beverage, whiskey sour",SR Legacy,0.0,0.03,13.17,0.0,149.0
174810,"Alcoholic beverage, whiskey sour, canned",SR Legacy,0.0,0.0,13.4,0.1,119.0
174812,"Alcoholic beverage, whiskey sour, prepared from item 14028",SR Legacy,0.06,0.06,12.82,0.0,153.0
173164,"Alcoholic beverage, whiskey sour, prepared with water, whiskey and powder mix",SR Legacy,0.1,0.02,15.85,0.0,164.0
169070,"Alcoholic beverage, wine, cooking",SR Legacy,0.5,0.0,6.3,0.0,50.0
175112,"Alcoholic beverage, wine, dessert, dry",SR Legacy,0.2,0.0,11.67,0.0,152.0
173176,"Alcoholic beverage, wine, dessert, sweet",SR Legacy,0.2,0.0,13.69,0.0,160.0
169071,"Alcoholic beverage, wine, light",SR Legacy,0.07,0.0,1.17,0.0,49.0
173185,"Alcoholic beverage, wine, table, all",SR Legacy,0.07,0.0,2.72,0.0,83.0
173190,"Alcoholic beverage, wine, table, red",SR Legacy,0.07,0.0,2.61,0.0,85.0
173191,"Alcoholic Beverage, wine, table, red, Barbera",SR Legacy,0.07,0.0,2.79,,85.0
173208,"Alcoholic Beverage, wine, table, red, Burgundy",SR Legacy,0.07,0.0,3.69,,86.0
174834,"Alcoholic Beverage, wine, table, red, Cabernet Franc",SR Legacy,0.07,0.0,2.45,,83.0
174833,"Alcoholic Beverage, wine, table, red, Cabernet Sauvignon",SR Legacy,0.07,0.0,2.6,,83.0
174840,"Alcoholic Beverage, wine, table, red, Carignane",SR Legacy,0.07,0.0,2.4,,74.0
173194,"Alcoholic Beverage, wine, table, red, Claret",SR Legacy,0.07,0.0,3.01,,83.0
171872,"Alcoholic Beverage, wine, table, red, Gamay",SR Legacy,0.07,0.0,2.38,,78.0
174838,"Alcoholic Beverage, wine, table, red, Lemberger",SR Legacy,0.07,0.0,2.46,,80.0
171925,"Alcoholic Beverage, wine, table, red, Merlot",SR Legacy,0.07,0.0,2.51,0.0,83.0
174109,"Alcoholic Beverage, wine, table, red, Mouvedre",SR Legacy,0.07,0.0,2.64,,88.0
173193,"Alcoholic Beverage, wine, table, red, Petite Sirah",SR Legacy,0.07,0.0,2.68,,85.0
174835,"Alcoholic Beverage, wine, table, red, Pinot Noir",SR Legacy,0.07,0.0,2.31,,82.0
174839,"Alcoholic Beverage, wine, table, red, Sangiovese",SR Legacy,0.07,0.0,2.62,,86.0
174836,"Alcoholic Beverage, wine, table, red, Syrah",SR Legacy,0.07,0.0,2.58,,83.0
173192,"Alcoholic Beverage, wine, table, red, Zinfandel",SR Legacy,0.07,0.0,2.86,,88.0
174837,"Alcoholic beverage, wine, table, white",SR Legacy,0.07,0.0,2.6,0.0,82.0
174110,"Alcoholic beverage, wine, table, white, Chardonnay",SR Legacy,0.07,0.0,2.16,0.0,84.0
173195,"Alcoholic beverage, wine, table, white, Chenin Blanc",SR Legacy,0.07,0.0,3.31,,80.0
173196,"Alcoholic beverage, wine, table, white, Fume Blanc",SR Legacy,0.07,0.0,2.27,,82.0
174843,"Alcoholic beverage, wine, table, white, Gewurztraminer",SR Legacy,0.07,0.0,2.6,,81.0
173202,"Alcoholic beverage, wine, table, white, late harvest",SR Legacy,0.07,0.0,13.39,,112.0
174844,"Alcoholic beverage, wine, table, white, late harvest, Gewurztraminer",SR Legacy,0.07,0.0,11.39,,108.0
173198,"Alcoholic beverage, wine, table, white, Muller Thurgau",SR Legacy,0.07,0.0,3.48,,76.0
174849,"Alcoholic beverage, wine, table, white, Muscat",SR Legacy,0.07,0.0,5.23,,82.0
174848,"Alcoholic beverage, wine, table, white, Pinot Blanc",SR Legacy,0.07,0.0,1.94,,81.0
174841,"Alcoholic beverage, wine, table, white, Pinot Gris (Grigio)",SR Legacy,0.07,0.0,2.06,,83.0
173200,"Alcoholic beverage, wine, table, white, Riesling",SR Legacy,0.07,0.0,3.74,,80.0
173201,"Alcoholic beverage, wine, table, white, Sauvignon Blanc",SR Legacy,0.07,0.0,2.05,,81.0
174845,"Alcoholic beverage, wine, table, white, Semillon",SR Legacy,0.07,0.0,3.12,,82.0
171906,"Alcoholic beverages, beer, higher alcohol",SR Legacy,0.9,0.0,0.27,0.0,58.0
171908,"Alcoholic beverages, wine, rose",SR Legacy,0.36,0.0,3.8,0.0,83.0
168384,"Alfalfa seeds, sprouted, raw",SR Legacy,3.99,0.69,2.1,1.9,23.0
2262074,"Almond butter, creamy",Foundation Foods,20.78734,53.04,21.23666,9.718,645.456
2257045,"Almond milk, unsweetened, plain, refrigerated",Foundation Foods,0.65625,1.558,0.67075,0.0,19.33
1750338,"Almond milk, unsweetened, plain, shelf stable",Foundation Foods,0.5546875,1.221,0.3371125,0.0,14.5562
170683,"Amaranth grain, cooked",SR Legacy,3.8,1.58,18.69,2.1,102.0
170682,"Amaranth grain, uncooked",SR Legacy,13.56,7.02,65.25,6.7,371.0
168492,"Amaranth leaves, cooked, boiled, drained, with salt",SR Legacy,2.11,0.18,4.11,,21.0
169202,"Amaranth leaves, cooked, boiled, drained, without salt",SR Legacy,2.11,0.18,4.11,,21.0
168385,"Amaranth leaves, raw",SR Legacy,2.46,0.33,4.02,,23.0
2747652,"Anchovies, canned in olive oil, with salt, drained",Foundation Foods,26.9375,9.853,2.4095,,206.065
167590,"Andrea's, Gluten Free Soft Dinner Roll",SR Legacy,5.65,8.2,40.24,2.9,257.0
172345,"Animal fat, bacon grease",SR Legacy,0.0,99.5,0.0,0.0,897.0
167771,"Apple juice, canned or bottled, unsweetened, with added ascorbic acid",SR Legacy,0.1,0.13,11.3,0.2,46.0
167800,"Apple juice, canned or bottled, unsweetened, with added ascorbic acid, calcium, and potassium",SR Legacy,0.12,0.17,11.49,0.3,48.0
173933,"Apple juice, canned or bottled, unsweetened, without added ascorbic acid",SR Legacy,0.1,0.13,11.3,0.2,46.0
173935,"Apple juice, frozen concentrate, unsweetened, diluted with 3 volume water without added ascorbic acid",SR Legacy,0.14,0.1,11.54,0.1,47.0
167775,"Apple juice, frozen concentrate, unsweetened, diluted with 3 volume water, with added ascorbic acid",SR Legacy,0.14,0.1,11.54,0.1,47.0
168188,"Apple juice, frozen concentrate, unsweetened, undiluted, with added ascorbic acid",SR Legacy,0.51,0.37,41.0,,166.0
173934,"Apple juice, frozen concentrate, unsweetened, undiluted, without added ascorbic acid",SR Legacy,0.51,0.37,41.0,0.4,166.0
2003590,"Apple juice, with added vitamin C, from concentrate, shelf stable",Foundation Foods,0.0859375,0.2863,11.3639625,,48.3763
169831,"APPLEBEE'S, 9 oz house sirloin steak",SR Legacy,26.85,9.08,0.0,,189.0
169841,"APPLEBEE'S, chicken tenders platter",SR Legacy,19.62,16.24,17.98,1.0,297.0
169012,"APPLEBEE'S, chicken tenders, from kids' menu",SR Legacy,19.25,16.15,18.36,1.2,296.0
169018,"APPLEBEE'S, chili",SR Legacy,12.56,9.79,4.57,1.4,157.0
169020,"APPLEBEE'S, coleslaw",SR Legacy,0.79,7.09,13.17,2.8,120.0
169840,"APPLEBEE'S, crunchy onion rings",SR Legacy,4.58,19.61,40.17,3.1,356.0
169008,"APPLEBEE'S, Double Crunch Shrimp",SR Legacy,12.31,18.9,25.96,2.6,323.0
169017,"APPLEBEE'S, fish, hand battered",SR Legacy,13.23,9.14,16.65,0.9,202.0
169009,"APPLEBEE'S, french fries",SR Legacy,3.31,13.17,39.5,3.9,290.0
169010,"APPLEBEE'S, KRAFT, Macaroni & Cheese, from kid's menu",SR Legacy,5.01,4.34,21.08,1.3,143.0
169011,"APPLEBEE'S, mozzarella sticks",SR Legacy,14.87,18.37,22.87,2.1,316.0
173930,"Apples, canned, sweetened, sliced, drained, heated",SR Legacy,0.18,0.43,16.84,2.0,67.0
171690,"Apples, dehydrated (low moisture), sulfured, stewed",SR Legacy,0.28,0.12,19.91,2.6,74.0
173931,"Apples, dehydrated (low moisture), sulfured, uncooked",SR Legacy,1.32,0.58,93.53,12.4,346.0
171693,"Apples, dried, sulfured, stewed, with added sugar",SR Legacy,0.2,0.07,20.73,1.9,83.0
171692,"Apples, dried, sulfured, stewed, without added sugar",SR Legacy,0.22,0.07,15.32,2.0,57.0
171691,"Apples, dried, sulfured, uncooked",SR Legacy,0.93,0.32,65.89,8.7,243.0
173932,"Apples, frozen, unsweetened, heated (Includes foods for USDA's Food Distribution Program)",SR Legacy,0.29,0.33,12.0,1.3,47.0
171694,"Apples, frozen, unsweetened, unheated (Includes foods for USDA's Food Distribution Program)",SR Legacy,0.28,0.32,12.31,1.3,48.0
1105897,"Apples, fuji, with skin, raw",Foundation Foods,0.15,0.16,15.7,2.1,65.0
1105781,"Apples, gala, with skin, raw",Foundation Foods,0.13,0.15,14.8,2.1,61.0
1105664,"Apples, granny smith, with skin, raw",Foundation Foods,0.27,0.14,14.2,2.5,59.0
1105547,"Apples, honeycrisp, with skin, raw",Foundation Foods,0.1,0.1,14.7,1.7,60.0
167793,"Apples, raw, fuji, with skin (Includes foods for USDA's Food Distribution Program)",SR Legacy,0.2,0.18,15.22,2.1,63.0
168204,"Apples, raw, gala, with skin (Includes foods for USDA's Food Distribution Program)",SR Legacy,0.25,0.12,13.68,2.3,57.0
168202,"Apples, raw, golden delicious, with skin",SR Legacy,0.28,0.15,13.6,2.4,57.0
168203,"Apples, raw, granny smith, with skin (Includes foods for USDA's Food Distribution Program)",SR Legacy,0.44,0.19,13.61,2.8,58.0
168201,"Apples, raw, red delicious, with skin (Includes foods for USDA's Food Distribution Program)",SR Legacy,0.27,0.2,14.06,2.3,59.0
171688,"Apples, raw, with skin (Includes foods for USDA's Food Distribution Program)",SR Legacy,0.26,0.17,13.81,2.4,52.0
171689,"Apples, raw, without skin",SR Legacy,0.27,0.13,12.76,1.3,48.0
173928,"Apples, raw, without skin, cooked, boiled",SR Legacy,0.26,0.36,13.64,2.4,53.0
173929,"Apples, raw, without skin, cooked, microwave",SR Legacy,0.28,0.42,14.41,2.8,56.0
1105430,"Apples, red delicious, with skin, raw",Foundation Foods,0.19,0.21,14.8,2.0,62.0
167773,"Applesauce, canned, sweetened, with salt",SR Legacy,0.18,0.18,19.91,1.2,76.0
171696,"Applesauce, canned, sweetened, without salt",SR Legacy,0.16,0.17,17.49,1.2,68.0
167772,"Applesauce, canned, unsweetened, with added ascorbic acid",SR Legacy,0.17,0.1,11.27,1.1,42.0
171695,"Applesauce, canned, unsweetened, without added ascorbic acid (Includes foods for USDA's Food Distribution Program)",SR Legacy,0.17,0.1,11.27,1.1,42.0
2263892,"Applesauce, unsweetened, with added vitamin C",Foundation Foods,0.2734375,0.1625,12.2615625,,51.6025
171704,"Apricot nectar, canned, with added ascorbic acid",SR Legacy,0.17,0.45,13.63,0.1,56.0
2710815,"Apricot, with skin, raw",Foundation Foods,0.96125,0.405,10.23875,1.51,48.445
171701,"Apricots, canned, extra heavy syrup pack, without skin, solids and liquids",SR Legacy,0.55,0.04,24.85,1.6,96.0
173938,"Apricots, canned, extra light syrup pack, with skin, solids and liquids (Includes foods for USDA's Food Distribution Program)",SR Legacy,0.6,0.1,12.5,1.6,49.0
171699,"Apricots, canned, heavy syrup pack, with skin, solids and liquids",SR Legacy,0.53,0.08,21.47,1.6,83.0
171700,"Apricots, canned, heavy syrup pack, without skin, solids and liquids",SR Legacy,0.51,0.09,21.45,1.6,83.0
167768,"Apricots, canned, heavy syrup, drained",SR Legacy,0.64,0.11,21.31,2.7,83.0
173937,"Apricots, canned, juice pack, with skin, solids and liquids",SR Legacy,0.63,0.04,12.34,1.6,48.0
173939,"Apricots, canned, light syrup pack, with skin, solids and liquids",SR Legacy,0.53,0.05,16.49,1.6,63.0
171698,"Apricots, canned, water pack, with skin, solids and liquids",SR Legacy,0.71,0.16,6.39,1.6,27.0
173936,"Apricots, canned, water pack, without skin, solids and liquids",SR Legacy,0.69,0.03,5.48,1.1,22.0
173940,"Apricots, dehydrated (low-moisture), sulfured, stewed",SR Legacy,1.93,0.24,32.62,,126.0
171702,"Apricots, dehydrated (low-moisture), sulfured, uncooked",SR Legacy,4.9,0.62,82.89,,320.0
173943,"Apricots, dried, sulfured, stewed, with added sugar",SR Legacy,1.17,0.15,29.26,4.1,113.0
173942,"Apricots, dried, sulfured, stewed, without added sugar",SR Legacy,1.2,0.18,22.15,2.6,85.0
173941,"Apricots, dried, sulfured, uncooked",SR Legacy,3.39,0.51,62.64,7.3,241.0
171703,"Apricots, frozen, sweetened",SR Legacy,0.7,0.1,25.1,2.2,98.0
171697,"Apricots, raw",SR Legacy,1.4,0.39,11.12,2.0,48.0
170791,"ARBY'S, roast beef sandwich, classic",SR Legacy,15.17,10.3,22.21,1.3,242.0
175071,"Archway Home Style Cookies, Chocolate Chip Ice Box",SR Legacy,4.28,24.4,65.02,2.0,497.0
173245,"Archway Home Style Cookies, Coconut Macaroon",SR Legacy,3.02,22.55,61.23,5.1,460.0
173246,"Archway Home Style Cookies, Date Filled Oatmeal",SR Legacy,4.67,12.05,68.16,2.1,400.0
173247,"Archway Home Style Cookies, Dutch Cocoa",SR Legacy,4.5,14.99,69.44,2.6,431.0
173248,"Archway Home Style Cookies, Frosty Lemon",SR Legacy,4.41,17.11,64.78,0.7,430.0
173249,"Archway Home Style Cookies, Iced Molasses",SR Legacy,3.5,14.43,69.12,1.0,420.0
175072,"Archway Home Style Cookies, Iced Oatmeal",SR Legacy,4.89,16.53,66.76,2.0,435.0
175073,"Archway Home Style Cookies, Molasses",SR Legacy,4.25,12.06,69.41,1.2,403.0
175074,"Archway Home Style Cookies, Oatmeal",SR Legacy,5.48,14.08,68.17,2.9,421.0
175075,"Archway Home Style Cookies, Oatmeal Raisin",SR Legacy,5.17,12.08,69.27,2.7,406.0
173250,"Archway Home Style Cookies, Old Fashioned Molasses",SR Legacy,4.27,11.83,70.55,1.1,406.0
173251,"Archway Home Style Cookies, Old Fashioned Windmill Cookies",SR Legacy,5.17,17.55,72.23,1.8,468.0
173252,"Archway Home Style Cookies, Peanut Butter",SR Legacy,9.0,24.28,58.48,2.8,480.0
173253,"Archway Home Style Cookies, Raspberry Filled",SR Legacy,4.35,13.26,65.92,2.2,400.0
175077,"Archway Home Style Cookies, Reduced Fat Ginger Snaps",SR Legacy,4.67,11.14,76.23,1.1,424.0
175076,"Archway Home Style Cookies, Strawberry Filled",SR Legacy,4.35,13.26,65.92,2.2,400.0
175070,"Archway Home Style Cookies, Sugar Free Oatmeal",SR Legacy,5.54,20.92,67.2,1.9,442.0
168493,"Arrowhead, cooked, boiled, drained, with salt",SR Legacy,4.49,0.1,16.14,,78.0
169204,"Arrowhead, cooked, boiled, drained, without salt",SR Legacy,4.49,0.1,16.14,,78.0
169203,"Arrowhead, raw",SR Legacy,5.33,0.29,20.23,,99.0
170684,Arrowroot flour,SR Legacy,0.3,0.1,88.15,3.4,357.0
168490,"Arrowroot, raw",SR Legacy,4.24,0.2,13.39,1.3,65.0
169311,"Artichokes, (globe or french), cooked, boiled, drained, with salt",SR Legacy,2.89,0.34,11.39,5.7,51.0
168386,"Artichokes, (globe or french), cooked, boiled, drained, without salt",SR Legacy,2.89,0.34,11.95,5.7,53.0
169312,"Artichokes, (globe or french), frozen, cooked, boiled, drained, with salt",SR Legacy,3.11,0.5,9.18,4.6,45.0
168388,"Artichokes, (globe or french), frozen, cooked, boiled, drained, without salt",SR Legacy,3.11,0.5,9.18,4.6,45.0
168387,"Artichokes, (globe or french), frozen, unprepared",SR Legacy,2.63,0.43,7.75,3.9,38.0
169205,"Artichokes, (globe or french), raw",SR Legacy,3.27,0.15,10.51,5.4,47.0
175078,"Artificial Blueberry Muffin Mix, dry",SR Legacy,4.7,8.7,77.45,,407.0
2710822,"Arugula, baby, raw",Foundation Foods,1.64875,0.325,5.36825,2.28,30.993
169387,"Arugula, raw",SR Legacy,2.58,0.66,3.65,1.6,25.0
168978,Ascidians (tunughnak) (Alaska Native),SR Legacy,3.8,0.5,0.0,,20.0
169207,"Asparagus, canned, drained solids",SR Legacy,2.14,0.65,2.46,1.6,19.0
169314,"Asparagus, canned, no salt added, solids and liquids",SR Legacy,1.8,0.18,2.48,1.0,15.0
169206,"Asparagus, canned, regular pack, solids and liquids",SR Legacy,1.8,0.18,2.48,1.0,15.0
168390,"Asparagus, cooked, boiled, drained",SR Legacy,2.4,0.22,4.11,2.0,22.0
169313,"Asparagus, cooked, boiled, drained, with salt",SR Legacy,2.4,0.22,4.11,2.0,22.0
168494,"Asparagus, frozen, cooked, boiled, drained, with salt",SR Legacy,2.95,0.42,1.92,1.6,18.0
169209,"Asparagus, frozen, cooked, boiled, drained, without salt",SR Legacy,2.95,0.42,1.92,1.6,18.0
169208,"Asparagus, frozen, unprepared",SR Legacy,3.23,0.23,4.1,1.9,24.0
2710823,"Asparagus, green, raw",Foundation Foods,1.4375,0.2163,5.1012,1.883,28.1015
168389,"Asparagus, raw",SR Legacy,2.2,0.12,3.88,2.1,20.0
2710824,"Avocado, Hass, peeled, raw",Foundation Foods,1.8125,20.31,8.3235,,223.334
171705,"Avocados, raw, all commercial varieties",SR Legacy,2.0,14.66,8.53,6.7,160.0
171706,"Avocados, raw, California",SR Legacy,1.96,15.41,8.64,6.8,167.0
171707,"Avocados, raw, Florida",SR Legacy,2.23,10.06,7.82,5.6,120.0
167690,"Babyfood, apple yogurt dessert, strained",SR Legacy,0.8,1.6,19.5,0.5,93.0
171351,"Babyfood, apple-banana juice",SR Legacy,0.2,0.1,12.3,0.2,51.0
173517,"Babyfood, apples with ham, strained",SR Legacy,2.6,0.9,10.9,1.8,62.0
173511,"Babyfood, apples, dices, toddler",SR Legacy,0.19,0.36,11.56,1.9,50.0
171001,"Babyfood, Baby MUM MUM Rice Biscuits",SR Legacy,12.5,0.87,83.21,0.0,391.0
169047,"Babyfood, baked product, finger snacks cereal fortified",SR Legacy,6.4,9.9,76.68,2.3,421.0
167733,"Babyfood, banana apple dessert, strained",SR Legacy,0.3,0.2,16.3,1.0,68.0
168090,"Babyfood, banana juice with low fat yogurt",SR Legacy,2.5,0.8,17.54,0.4,86.0
167732,"Babyfood, banana no tapioca, strained",SR Legacy,1.0,0.2,21.34,1.6,91.0
170999,"Babyfood, banana with mixed berries, strained",SR Legacy,1.01,0.36,21.31,1.0,92.0
173519,"Babyfood, beverage, GERBER, GRADUATES, FRUIT SPLASHERS",SR Legacy,0.0,0.0,7.35,0.0,29.0
173518,"Babyfood, carrots and beef, strained",SR Legacy,3.4,2.5,5.7,2.6,59.0
169871,"Babyfood, carrots, toddler",SR Legacy,0.6,0.3,5.23,2.3,21.0
171358,"Babyfood, cereal, barley, dry fortified",SR Legacy,13.2,6.6,69.4,6.6,376.0
172296,"Babyfood, cereal, barley, prepared with whole milk",SR Legacy,3.73,3.26,9.94,0.6,84.0
169048,"Babyfood, cereal, brown rice, dry, instant",SR Legacy,8.7,3.0,85.98,6.5,406.0
171366,"Babyfood, cereal, egg yolks and bacon, junior",SR Legacy,2.5,5.0,6.2,0.9,79.0
173528,"Babyfood, cereal, high protein, prepared with whole milk",SR Legacy,8.7,3.8,11.6,,111.0
170973,"Babyfood, cereal, high protein, with apple and orange, dry",SR Legacy,25.4,6.5,57.6,7.1,374.0
173533,"Babyfood, cereal, high protein, with apple and orange, prepared with whole milk",SR Legacy,6.9,3.9,13.4,,112.0
170964,"Babyfood, cereal, mixed, dry fortified",SR Legacy,6.66,6.66,78.21,6.7,399.0
173529,"Babyfood, cereal, mixed, prepared with whole milk",SR Legacy,4.14,3.38,12.3,0.8,96.0
170967,"Babyfood, cereal, mixed, with applesauce and bananas, junior, fortified",SR Legacy,0.71,0.51,18.79,1.0,84.0
170966,"Babyfood, cereal, mixed, with applesauce and bananas, strained",SR Legacy,0.71,0.51,18.38,1.0,82.0
170965,"Babyfood, cereal, mixed, with bananas, dry",SR Legacy,10.7,4.6,77.1,7.8,391.0
173530,"Babyfood, cereal, mixed, with bananas, prepared with whole milk",SR Legacy,3.82,3.46,10.0,0.4,86.0
173532,"Babyfood, cereal, mixed, with honey, prepared with whole milk",SR Legacy,5.0,3.6,15.9,,115.0
171360,"Babyfood, cereal, oatmeal, dry fortified",SR Legacy,10.99,6.36,73.48,7.3,394.0
173509,"Babyfood, cereal, Oatmeal, dry, GERBER, SINGLE GRAIN, fortified",SR Legacy,10.94,6.42,73.57,7.0,396.0
173531,"Babyfood, cereal, oatmeal, prepared with whole milk",SR Legacy,5.0,4.1,15.3,1.1,116.0
171363,"Babyfood, cereal, oatmeal, with applesauce and bananas, junior, fortified",SR Legacy,0.89,0.89,16.03,0.9,76.0
171362,"Babyfood, cereal, oatmeal, with applesauce and bananas, strained",SR Legacy,0.89,0.89,15.62,0.9,75.0
171361,"Babyfood, cereal, oatmeal, with bananas, dry",SR Legacy,6.67,6.67,78.07,5.2,399.0
172297,"Babyfood, cereal, oatmeal, with bananas, prepared with whole milk",SR Legacy,3.82,3.46,10.0,0.4,86.0
170968,"Babyfood, cereal, oatmeal, with honey, dry",SR Legacy,13.5,7.0,69.3,,391.0
172298,"Babyfood, cereal, oatmeal, with honey, prepared with whole milk",SR Legacy,5.0,3.9,15.3,,115.0
167731,"Babyfood, cereal, rice with pears and apple, dry, instant fortified",SR Legacy,6.6,0.9,88.5,2.6,389.0
170969,"Babyfood, cereal, rice, dry fortified",SR Legacy,6.65,2.19,83.14,1.3,390.0
172299,"Babyfood, cereal, rice, prepared with whole milk",SR Legacy,3.45,3.38,10.31,0.0,85.0
170970,"Babyfood, cereal, rice, with applesauce and bananas, strained",SR Legacy,1.2,0.4,17.1,1.0,80.0
170974,"Babyfood, cereal, rice, with bananas, dry",SR Legacy,8.7,4.2,79.9,1.0,404.0
173534,"Babyfood, cereal, rice, with bananas, prepared with whole milk",SR Legacy,3.57,3.32,10.49,0.1,86.0
172300,"Babyfood, cereal, rice, with honey, prepared with whole milk",SR Legacy,3.9,3.3,17.1,,115.0
171359,"Babyfood, cereal, whole wheat, with apples, dry fortified",SR Legacy,6.6,4.8,83.2,6.7,402.0
171364,"Babyfood, cereal, with egg yolks, junior",SR Legacy,1.9,1.8,7.1,0.9,52.0
170971,"Babyfood, cereal, with egg yolks, strained",SR Legacy,1.9,1.8,7.0,0.9,51.0
171365,"Babyfood, cereal, with eggs, strained",SR Legacy,2.2,1.5,8.0,,58.0
170978,"Babyfood, cherry cobbler, junior",SR Legacy,0.3,0.1,19.2,0.2,78.0
171368,"Babyfood, cookie, baby, fruit",SR Legacy,6.8,12.6,73.7,3.4,435.0
170975,"Babyfood, cookies",SR Legacy,11.8,13.2,67.1,0.2,433.0
171369,"Babyfood, cookies, arrowroot",SR Legacy,7.6,10.0,75.4,0.2,424.0
172317,"Babyfood, corn and sweet potatoes, strained",SR Legacy,1.26,0.28,15.23,1.8,68.0
170972,"Babyfood, crackers, vegetable",SR Legacy,8.4,19.6,66.85,4.0,477.0
169872,"Babyfood, dessert, banana pudding, strained",SR Legacy,1.0,0.8,14.14,0.8,68.0
168135,"Babyfood, dessert, banana yogurt, strained",SR Legacy,1.1,0.52,17.35,0.5,78.0
168134,"Babyfood, dessert, blueberry yogurt, strained",SR Legacy,0.5,0.7,17.05,0.4,77.0
171373,"Babyfood, dessert, cherry vanilla pudding, junior",SR Legacy,0.2,0.2,18.4,0.3,69.0
170979,"Babyfood, dessert, cherry vanilla pudding, strained",SR Legacy,0.2,0.3,17.8,0.3,68.0
171380,"Babyfood, dessert, custard pudding, vanilla, junior",SR Legacy,1.76,0.98,17.58,0.2,86.0
171379,"Babyfood, dessert, custard pudding, vanilla, strained",SR Legacy,1.6,2.0,16.0,0.0,85.0
170977,"Babyfood, dessert, dutch apple, junior",SR Legacy,0.2,0.16,19.18,1.4,79.0
170976,"Babyfood, dessert, dutch apple, strained",SR Legacy,0.2,0.4,19.74,1.4,75.0
171377,"Babyfood, dessert, fruit dessert, without ascorbic acid, junior",SR Legacy,0.3,0.0,17.2,0.6,63.0
170983,"Babyfood, dessert, fruit dessert, without ascorbic acid, strained",SR Legacy,0.3,0.0,16.0,0.6,59.0
171374,"Babyfood, dessert, fruit pudding, orange, strained",SR Legacy,1.1,0.9,17.7,0.6,80.0
170982,"Babyfood, dessert, fruit pudding, pineapple, strained",SR Legacy,1.3,0.3,20.3,0.7,81.0
171376,"Babyfood, dessert, peach cobbler, junior",SR Legacy,0.3,0.0,18.3,0.7,67.0
171375,"Babyfood, dessert, peach cobbler, strained",SR Legacy,0.3,0.0,17.8,0.7,65.0
170981,"Babyfood, dessert, peach melba, junior",SR Legacy,0.3,0.0,16.4,,60.0
170980,"Babyfood, dessert, peach melba, strained",SR Legacy,0.2,0.0,16.5,,60.0
168133,"Babyfood, dessert, peach yogurt",SR Legacy,0.9,0.18,17.6,0.4,77.0
171378,"Babyfood, dessert, tropical fruit, junior",SR Legacy,0.2,0.0,16.4,,60.0
172287,"Babyfood, dinner, apples and chicken, strained",SR Legacy,2.16,1.38,10.88,1.8,65.0
172260,"Babyfood, dinner, beef and rice, toddler",SR Legacy,5.0,2.9,8.8,,82.0
173489,"Babyfood, dinner, beef lasagna, toddler",SR Legacy,4.2,2.1,10.0,,77.0
173516,"Babyfood, dinner, beef noodle, junior",SR Legacy,2.5,1.9,7.3,1.1,57.0
172258,"Babyfood, dinner, beef noodle, strained",SR Legacy,2.44,2.26,8.18,1.3,63.0
172261,"Babyfood, dinner, beef with vegetables",SR Legacy,2.03,6.93,6.36,1.8,96.0
172288,"Babyfood, dinner, broccoli and chicken, junior",SR Legacy,3.59,2.48,6.34,1.4,62.0
169054,"Babyfood, dinner, chicken and rice",SR Legacy,1.6,0.9,9.2,1.1,51.0
172264,"Babyfood, dinner, chicken noodle, junior",SR Legacy,3.53,3.23,7.8,1.7,74.0
172263,"Babyfood, dinner, chicken noodle, strained",SR Legacy,3.53,3.22,7.81,1.7,74.0
173496,"Babyfood, dinner, chicken soup, strained",SR Legacy,1.6,1.7,7.2,1.1,50.0
173497,"Babyfood, dinner, chicken stew, toddler",SR Legacy,5.2,3.7,6.4,0.6,78.0
172270,"Babyfood, dinner, macaroni and cheese, junior",SR Legacy,2.6,2.0,8.2,0.3,61.0
173503,"Babyfood, dinner, macaroni and cheese, strained",SR Legacy,3.14,2.11,8.95,0.7,67.0
173491,"Babyfood, dinner, macaroni and tomato and beef, junior",SR Legacy,2.5,1.1,9.4,1.1,59.0
173490,"Babyfood, dinner, macaroni and tomato and beef, strained",SR Legacy,2.36,1.47,9.45,1.2,61.0
168125,"Babyfood, dinner, macaroni, beef and tomato sauce, toddler",SR Legacy,4.34,1.9,11.53,1.1,82.0
172281,"Babyfood, dinner, mixed vegetable, junior",SR Legacy,1.01,0.11,7.88,1.0,34.0
173514,"Babyfood, dinner, mixed vegetable, strained",SR Legacy,1.2,0.1,9.5,,41.0
172266,"Babyfood, dinner, pasta with vegetables",SR Legacy,1.7,2.1,8.4,1.5,60.0
173492,"Babyfood, dinner, spaghetti and tomato and meat, junior",SR Legacy,2.57,1.37,11.42,1.1,68.0
173493,"Babyfood, dinner, spaghetti and tomato and meat, toddler",SR Legacy,5.3,1.0,10.8,,75.0
173521,"Babyfood, dinner, sweet potatoes and chicken, strained",SR Legacy,2.51,2.17,11.04,1.3,74.0
173500,"Babyfood, dinner, turkey and rice, junior",SR Legacy,2.37,0.92,9.57,1.0,56.0
172269,"Babyfood, dinner, turkey and rice, strained",SR Legacy,2.27,1.24,7.94,0.9,52.0
172286,"Babyfood, dinner, turkey, rice, and vegetables, toddler",SR Legacy,3.8,1.6,7.5,0.8,60.0
173495,"Babyfood, dinner, vegetables and beef, junior",SR Legacy,2.21,3.6,8.84,1.3,77.0
173494,"Babyfood, dinner, vegetables and beef, strained",SR Legacy,2.21,3.6,8.84,1.3,77.0
173513,"Babyfood, dinner, vegetables and chicken, junior",SR Legacy,2.04,1.12,8.66,1.1,53.0
173488,"Babyfood, dinner, vegetables and dumplings and beef, junior",SR Legacy,2.1,0.8,8.0,,48.0
172256,"Babyfood, dinner, vegetables and dumplings and beef, strained",SR Legacy,2.0,0.9,7.7,,48.0
172262,"Babyfood, dinner, vegetables and lamb, junior",SR Legacy,2.1,1.7,7.1,1.1,51.0
172268,"Babyfood, dinner, vegetables and noodles and turkey, junior",SR Legacy,1.8,1.5,7.6,1.1,52.0
172267,"Babyfood, dinner, vegetables and noodles and turkey, strained",SR Legacy,1.2,1.2,6.8,1.1,44.0
173502,"Babyfood, dinner, vegetables and turkey, junior",SR Legacy,1.72,1.74,7.55,0.9,53.0
173501,"Babyfood, dinner, vegetables and turkey, strained",SR Legacy,2.32,0.9,7.62,1.5,48.0
173498,"Babyfood, dinner, vegetables chicken, strained",SR Legacy,2.47,1.73,8.42,2.1,59.0
172265,"Babyfood, dinner, vegetables, noodles and chicken, junior",SR Legacy,1.7,2.2,9.1,1.1,64.0
173499,"Babyfood, dinner, vegetables, noodles and chicken, strained",SR Legacy,2.0,2.5,7.9,1.1,63.0
172252,"Babyfood, finger snacks, GERBER, GRADUATES, PUFFS, apple and cinnamon",SR Legacy,6.19,2.3,85.79,3.8,344.0
171388,"Babyfood, fortified cereal bar, fruit filling",SR Legacy,5.43,5.3,68.63,1.7,344.0
170952,"Babyfood, fruit and vegetable, apple and sweet potato",SR Legacy,0.3,0.22,15.3,1.4,64.0
171341,"Babyfood, fruit dessert, mango with tapioca",SR Legacy,0.3,0.2,19.0,1.1,70.0
168140,"Babyfood, fruit supreme dessert",SR Legacy,0.5,0.2,17.18,2.0,73.0
170958,"Babyfood, fruit, apple and blueberry, junior",SR Legacy,0.2,0.2,16.6,1.8,62.0
170957,"Babyfood, fruit, apple and blueberry, strained",SR Legacy,0.2,0.2,16.3,1.8,61.0
171346,"Babyfood, fruit, apple and raspberry, junior",SR Legacy,0.2,0.2,15.4,2.1,58.0
171345,"Babyfood, fruit, apple and raspberry, strained",SR Legacy,0.2,0.2,15.6,2.1,58.0
170948,"Babyfood, fruit, applesauce and apricots, junior",SR Legacy,0.2,0.2,12.4,1.8,47.0
170947,"Babyfood, fruit, applesauce and apricots, strained",SR Legacy,0.2,0.2,11.64,1.8,44.0
170950,"Babyfood, fruit, applesauce and cherries, junior",SR Legacy,0.0,0.0,14.1,1.1,51.0
170949,"Babyfood, fruit, applesauce and cherries, strained",SR Legacy,0.0,0.0,14.1,1.1,51.0
171344,"Babyfood, fruit, applesauce and pineapple, junior",SR Legacy,0.1,0.1,10.5,1.5,39.0
171343,"Babyfood, fruit, applesauce and pineapple, strained",SR Legacy,0.1,0.1,10.1,1.5,37.0
170951,"Babyfood, fruit, applesauce with banana, junior",SR Legacy,0.37,0.1,16.16,1.6,66.0
172278,"Babyfood, fruit, applesauce, junior",SR Legacy,0.0,0.0,10.3,1.7,37.0
173512,"Babyfood, fruit, applesauce, strained",SR Legacy,0.2,0.2,10.8,1.7,41.0
170942,"Babyfood, fruit, apricot with tapioca, junior",SR Legacy,0.3,0.0,17.3,1.5,63.0
172279,"Babyfood, fruit, apricot with tapioca, strained",SR Legacy,0.3,0.0,16.3,1.5,60.0
170998,"Babyfood, fruit, banana and strawberry, junior",SR Legacy,0.71,0.37,25.78,1.4,109.0
170953,"Babyfood, fruit, bananas and pineapple with tapioca, junior",SR Legacy,0.2,0.1,18.4,1.6,68.0
170954,"Babyfood, fruit, bananas and pineapple with tapioca, strained",SR Legacy,0.2,0.0,17.8,1.6,65.0
170956,"Babyfood, fruit, bananas with apples and pears, strained",SR Legacy,0.9,0.22,19.31,1.4,83.0
172282,"Babyfood, fruit, bananas with tapioca, junior",SR Legacy,0.4,0.2,17.8,1.6,67.0
171335,"Babyfood, fruit, bananas with tapioca, strained",SR Legacy,0.4,0.1,15.3,1.6,56.0
171348,"Babyfood, fruit, guava and papaya with tapioca, strained",SR Legacy,0.2,0.1,17.0,,63.0
171350,"Babyfood, fruit, papaya and applesauce with tapioca, strained",SR Legacy,0.2,0.1,18.9,1.4,70.0
171337,"Babyfood, fruit, peaches, junior",SR Legacy,0.94,0.33,14.48,1.3,65.0
171336,"Babyfood, fruit, peaches, strained",SR Legacy,0.94,0.33,14.48,1.3,65.0
171347,"Babyfood, fruit, pears and pineapple, junior",SR Legacy,0.3,0.2,11.4,2.6,44.0
170955,"Babyfood, fruit, pears and pineapple, strained",SR Legacy,0.3,0.1,10.9,2.6,41.0
170943,"Babyfood, fruit, pears, junior",SR Legacy,0.3,0.1,11.6,2.8,44.0
171338,"Babyfood, fruit, pears, strained",SR Legacy,0.3,0.2,10.8,2.8,42.0
170945,"Babyfood, fruit, plums with tapioca, without ascorbic acid, junior",SR Legacy,0.1,0.0,20.5,1.2,74.0
170944,"Babyfood, fruit, plums with tapioca, without ascorbic acid, strained",SR Legacy,0.1,0.0,19.7,1.2,71.0
171339,"Babyfood, fruit, prunes with tapioca, without ascorbic acid, junior",SR Legacy,0.6,0.1,18.7,2.7,70.0
170946,"Babyfood, fruit, prunes with tapioca, without ascorbic acid, strained",SR Legacy,0.6,0.1,18.5,2.7,69.0
169874,"Babyfood, fruit, tutti frutti, junior",SR Legacy,0.4,0.4,16.0,0.4,69.0
169873,"Babyfood, fruit, tutti frutti, strained",SR Legacy,0.4,0.3,15.48,0.6,66.0
173487,"Babyfood, GERBER, 2nd Foods, apple, carrot and squash, organic",SR Legacy,1.1,0.0,14.82,1.2,64.0
172254,"Babyfood, GERBER, 3rd Foods, apple, mango and kiwi",SR Legacy,0.47,0.0,12.88,2.0,48.0
169792,"Babyfood, GERBER, Banana with orange medley",SR Legacy,1.06,0.0,20.41,2.1,69.0
171371,"Babyfood, GERBER, GRADUATES Lil Biscuits Vanilla Wheat",SR Legacy,7.97,9.27,72.48,5.9,407.0
168144,"Babyfood, grape juice, no sugar, canned",SR Legacy,0.0,0.0,15.38,0.0,62.0
169049,"Babyfood, green beans and turkey, strained",SR Legacy,4.1,1.5,5.35,1.4,51.0
172273,"Babyfood, green beans, dices, toddler",SR Legacy,1.2,0.2,5.7,1.3,29.0
173478,"Babyfood, juice treats, fruit medley, toddler",SR Legacy,0.0,0.02,86.68,0.0,347.0
170959,"Babyfood, juice, apple",SR Legacy,0.0,0.1,11.7,0.1,47.0
167729,"Babyfood, juice, apple - cherry",SR Legacy,0.2,0.1,11.2,0.3,47.0
171381,"Babyfood, juice, apple and grape",SR Legacy,0.1,0.2,11.34,0.1,46.0
171352,"Babyfood, juice, apple and peach",SR Legacy,0.2,0.1,10.5,0.1,43.0
171353,"Babyfood, juice, apple and prune",SR Legacy,0.2,0.1,18.1,0.1,72.0
170985,"Babyfood, juice, apple, with calcium",SR Legacy,0.06,0.1,11.1,0.4,46.0
169042,"Babyfood, juice, apple-sweet potato",SR Legacy,0.3,0.1,11.4,0.5,47.0
170984,"Babyfood, juice, fruit punch, with calcium",SR Legacy,0.2,0.1,12.7,0.4,52.0
171357,"Babyfood, juice, mixed fruit",SR Legacy,0.1,0.1,11.7,0.1,47.0
171354,"Babyfood, juice, orange",SR Legacy,0.6,0.3,10.2,0.1,45.0
171355,"Babyfood, juice, orange and apple",SR Legacy,0.4,0.2,10.1,,43.0
170960,"Babyfood, juice, orange and apple and banana",SR Legacy,0.4,0.1,11.5,0.1,47.0
170961,"Babyfood, juice, orange and apricot",SR Legacy,0.8,0.1,10.9,0.1,46.0
170962,"Babyfood, juice, orange and banana",SR Legacy,0.7,0.1,11.9,,50.0
170963,"Babyfood, juice, orange and pineapple",SR Legacy,0.5,0.1,11.7,0.1,48.0
169043,"Babyfood, juice, orange-carrot",SR Legacy,0.5,0.1,9.9,0.4,43.0
167718,"Babyfood, juice, pear",SR Legacy,0.0,0.0,11.86,0.1,43.0
171356,"Babyfood, juice, prune and orange",SR Legacy,0.6,0.3,16.8,,70.0
172259,"Babyfood, macaroni and cheese, toddler",SR Legacy,3.5,2.6,11.2,0.5,82.0
170989,"Babyfood, mashed cheddar potatoes and broccoli, toddlers",SR Legacy,1.11,1.47,7.47,1.2,48.0
167720,"Babyfood, meat, beef with vegetables, toddler",SR Legacy,3.5,2.1,8.72,1.8,69.0
172244,"Babyfood, meat, beef, junior",SR Legacy,12.03,2.52,2.43,0.0,81.0
173479,"Babyfood, meat, beef, strained",SR Legacy,12.03,2.52,2.43,0.0,81.0
172249,"Babyfood, meat, chicken sticks, junior",SR Legacy,14.6,14.4,1.5,0.2,188.0
172248,"Babyfood, meat, chicken, junior",SR Legacy,14.0,9.6,0.0,0.0,146.0
173483,"Babyfood, meat, chicken, strained",SR Legacy,13.7,7.9,0.1,0.0,130.0
173480,"Babyfood, meat, ham, junior",SR Legacy,11.3,3.8,3.7,0.0,97.0
172247,"Babyfood, meat, ham, strained",SR Legacy,11.3,3.8,3.7,0.0,97.0
173482,"Babyfood, meat, lamb, junior",SR Legacy,15.2,5.2,0.0,0.0,112.0
173481,"Babyfood, meat, lamb, strained",SR Legacy,14.07,3.41,0.85,0.0,94.0
173486,"Babyfood, meat, meat sticks, junior",SR Legacy,13.4,14.6,1.1,0.2,184.0
172246,"Babyfood, meat, pork, strained",SR Legacy,14.0,7.1,0.0,0.0,124.0
173484,"Babyfood, meat, turkey sticks, junior",SR Legacy,13.7,14.2,1.4,0.2,188.0
172251,"Babyfood, meat, turkey, junior",SR Legacy,11.5,6.2,1.4,0.0,111.0
172250,"Babyfood, meat, turkey, strained",SR Legacy,11.5,6.2,1.4,0.0,111.0
172245,"Babyfood, meat, veal, strained",SR Legacy,13.12,2.45,1.51,0.0,81.0
168091,"Babyfood, mixed fruit juice with low fat yogurt",SR Legacy,2.4,0.8,14.68,0.4,74.0
167726,"Babyfood, mixed fruit yogurt, strained",SR Legacy,0.8,0.8,16.23,0.4,75.0
171000,"Babyfood, Multigrain whole grain cereal, dry fortified",SR Legacy,6.67,6.67,80.06,6.7,407.0
171367,"Babyfood, oatmeal cereal with fruit, dry, instant, toddler fortified",SR Legacy,10.5,7.05,74.1,7.8,402.0
171349,"Babyfood, peaches, dices, toddler",SR Legacy,0.5,0.2,11.8,0.8,51.0
171342,"Babyfood, pears, dices, toddler",SR Legacy,0.3,0.1,13.6,1.2,57.0
169865,"Babyfood, peas and brown rice",SR Legacy,3.4,0.5,11.49,2.5,64.0
170940,"Babyfood, peas, dices, toddler",SR Legacy,3.9,0.8,10.3,3.9,64.0
172285,"Babyfood, plums, bananas and rice, strained",SR Legacy,1.1,0.3,12.7,1.3,57.0
173508,"Babyfood, potatoes, toddler",SR Legacy,1.0,0.1,11.73,0.9,52.0
171370,"Babyfood, pretzels",SR Legacy,10.8,2.0,82.2,2.3,397.0
171340,"Babyfood, prunes, without vitamin c, strained",SR Legacy,1.0,0.2,23.52,2.7,100.0
172257,"Babyfood, ravioli, cheese filled, with tomato sauce",SR Legacy,3.6,2.2,16.3,0.1,99.0
167728,"Babyfood, rice and apples, dry",SR Legacy,6.7,2.4,86.89,3.0,396.0
168975,"Babyfood, rice cereal, dry, EARTHS BEST ORGANIC WHOLE GRAIN, fortified only with iron",SR Legacy,7.5,4.9,78.06,0.5,386.0
173485,"Babyfood, snack, GERBER GRADUATE FRUIT  STRIPS, Real Fruit Bars",SR Legacy,0.82,2.24,76.61,2.0,330.0
171398,"Babyfood, Snack, GERBER, GRADUATES, LIL CRUNCHIES, baked whole grain corn snack",SR Legacy,0.0,28.57,61.59,0.0,503.0
173520,"Babyfood, snack, GERBER, GRADUATES, YOGURT MELTS",SR Legacy,14.29,4.0,71.82,2.3,380.0
172255,"Babyfood, tropical fruit medley",SR Legacy,0.31,0.14,12.22,1.3,46.0
169864,"Babyfood, vegetable and brown rice, strained",SR Legacy,1.9,1.5,12.1,1.1,69.0
173510,"Babyfood, vegetable, butternut squash and corn",SR Legacy,2.0,0.6,9.26,2.0,50.0
173504,"Babyfood, vegetable, green beans and potatoes",SR Legacy,2.2,1.9,9.0,1.4,62.0
173505,"Babyfood, vegetables, beets, strained",SR Legacy,1.3,0.1,7.7,1.9,34.0
173507,"Babyfood, vegetables, carrots, junior",SR Legacy,0.8,0.2,7.2,1.7,32.0
173506,"Babyfood, vegetables, carrots, strained",SR Legacy,0.8,0.1,6.0,1.7,26.0
171334,"Babyfood, vegetables, corn, creamed, junior",SR Legacy,1.4,0.4,16.25,2.1,65.0
172280,"Babyfood, vegetables, corn, creamed, strained",SR Legacy,1.4,0.4,14.1,2.1,57.0
172284,"Babyfood, vegetables, garden vegetable, strained",SR Legacy,2.3,0.2,6.8,1.5,32.0
172272,"Babyfood, vegetables, green beans, junior",SR Legacy,1.2,0.1,5.8,1.9,24.0
172271,"Babyfood, vegetables, green beans, strained",SR Legacy,1.2,0.17,6.29,2.2,27.0
172283,"Babyfood, vegetables, mix vegetables junior",SR Legacy,1.4,0.4,8.2,1.5,36.0
173515,"Babyfood, vegetables, mix vegetables strained",SR Legacy,1.0,0.5,8.25,1.5,36.0
170939,"Babyfood, vegetables, peas, strained",SR Legacy,3.27,0.43,8.36,2.0,50.0
170941,"Babyfood, vegetables, spinach, creamed, strained",SR Legacy,2.5,1.3,5.7,1.8,37.0
172275,"Babyfood, vegetables, squash, junior",SR Legacy,0.81,0.2,5.73,0.9,24.0
172274,"Babyfood, vegetables, squash, strained",SR Legacy,0.81,0.2,5.73,0.9,28.0
172276,"Babyfood, vegetables, sweet potatoes strained",SR Legacy,1.1,0.1,13.2,1.5,57.0
172277,"Babyfood, vegetables, sweet potatoes, junior",SR Legacy,1.1,0.1,14.0,1.5,60.0
172253,"Babyfood, water, bottled, GERBER, without added fluoride",SR Legacy,0.0,0.0,0.0,0.0,0.0
170987,"Babyfood, yogurt, whole milk, with fruit, multigrain cereal and added DHA fortified",SR Legacy,3.4,3.53,13.22,0.3,98.0
170990,"Babyfood, yogurt, whole milk, with fruit, multigrain cereal and added iron fortified",SR Legacy,3.05,3.08,13.0,0.6,92.0
174602,Bacon and beef sticks,SR Legacy,29.1,44.2,0.8,0.0,517.0
169893,"Bacon bits, meatless",SR Legacy,32.0,25.9,28.6,10.2,476.0
172439,"Bacon, meatless",SR Legacy,11.69,29.52,5.31,2.6,309.0
168382,"Bacon, pre-sliced, reduced/low sodium, unprepared",SR Legacy,12.53,39.27,0.83,0.0,407.0
171640,"Bacon, turkey, low sodium",SR Legacy,13.33,20.0,4.8,0.0,253.0
171639,"Bacon, turkey, microwaved",SR Legacy,29.5,25.87,4.24,0.0,368.0
174592,"Bacon, turkey, unprepared",SR Legacy,15.94,16.93,1.89,,226.0
172664,"Bagels, cinnamon-raisin",SR Legacy,9.8,1.7,55.2,2.3,274.0
172665,"Bagels, cinnamon-raisin, toasted",SR Legacy,10.6,1.8,59.3,2.5,294.0
174901,"Bagels, egg",SR Legacy,10.6,2.1,53.0,2.3,278.0
171852,"Bagels, multigrain",SR Legacy,9.9,1.24,47.47,6.2,241.0
172666,"Bagels, oat bran",SR Legacy,10.7,1.2,53.3,3.6,255.0
174899,"Bagels, plain, enriched, with calcium propionate (includes onion, poppy, sesame)",SR Legacy,10.56,1.32,52.38,1.6,264.0
174900,"Bagels, plain, enriched, with calcium propionate (includes onion, poppy, sesame), toasted",SR Legacy,11.14,1.43,57.39,1.8,287.0
175049,"Bagels, plain, enriched, without calcium propionate (includes onion, poppy, sesame)",SR Legacy,10.5,1.6,53.4,2.3,275.0
175050,"Bagels, plain, unenriched, with calcium propionate (includes onion, poppy, sesame)",SR Legacy,10.5,1.6,53.4,2.3,275.0
175051,"Bagels, plain, unenriched, without calcium propionate(includes onion, poppy, sesame)",SR Legacy,10.5,1.6,53.4,2.3,275.0
167533,"Bagels, wheat",SR Legacy,10.2,1.53,48.89,4.1,250.0
174092,"Bagels, whole grain white",SR Legacy,9.3,0.0,54.52,4.7,255.0
169584,"Baking chocolate, MARS SNACKFOOD US, M&M's Milk Chocolate Mini Baking Bits",SR Legacy,4.78,23.36,68.4,2.7,502.0
169581,"Baking chocolate, MARS SNACKFOOD US, M&M's Semisweet Chocolate Mini Baking Bits",SR Legacy,4.44,26.15,65.96,6.7,517.0
167999,"Baking chocolate, mexican, squares",SR Legacy,3.64,15.59,77.41,4.0,426.0
167567,"Baking chocolate, unsweetened, liquid",SR Legacy,12.1,47.7,36.2,18.1,472.0
167568,"Baking chocolate, unsweetened, squares",SR Legacy,14.32,52.31,28.42,16.6,642.0
168495,"Balsam-pear (bitter gourd), leafy tips, cooked, boiled, drained, with salt",SR Legacy,3.6,0.2,6.16,1.9,32.0
168392,"Balsam-pear (bitter gourd), leafy tips, cooked, boiled, drained, without salt",SR Legacy,3.6,0.2,6.68,1.9,34.0
168391,"Balsam-pear (bitter gourd), leafy tips, raw",SR Legacy,5.3,0.69,3.29,,30.0
168496,"Balsam-pear (bitter gourd), pods, cooked, boiled, drained, with salt",SR Legacy,0.84,0.18,4.32,2.0,19.0
168394,"Balsam-pear (bitter gourd), pods, cooked, boiled, drained, without salt",SR Legacy,0.84,0.18,4.32,2.0,19.0
168393,"Balsam-pear (bitter gourd), pods, raw",SR Legacy,1.0,0.17,3.7,2.8,17.0
169212,"Bamboo shoots, canned, drained solids",SR Legacy,1.72,0.4,3.22,1.4,19.0
168497,"Bamboo shoots, cooked, boiled, drained, with salt",SR Legacy,1.53,0.22,1.52,1.0,11.0
169211,"Bamboo shoots, cooked, boiled, drained, without salt",SR Legacy,1.53,0.22,1.92,1.0,12.0
169210,"Bamboo shoots, raw",SR Legacy,2.6,0.3,5.2,2.2,27.0
173945,"Bananas, dehydrated, or banana powder",SR Legacy,3.89,1.81,88.28,9.9,346.0
790774,"Bananas, overripe, raw",Foundation Foods,0.73,0.22,20.1,1.7,85.0
173944,"Bananas, raw",SR Legacy,1.09,0.33,22.84,2.6,89.0
790991,"Bananas, ripe and slightly ripe, raw",Foundation Foods,0.74,0.29,23.0,1.7,97.0
169783,"BANQUET, Salisbury Steak With Gravy, family size, frozen, unprepared",SR Legacy,6.89,11.1,6.96,1.0,155.0
167806,Baobab powder,SR Legacy,3.69,0.47,79.65,44.5,250.0
171601,"Barbecue loaf, pork, beef",SR Legacy,15.84,8.9,6.4,0.0,173.0
169739,Barley flour or meal,SR Legacy,10.5,1.6,74.52,10.1,345.0
169740,Barley malt flour,SR Legacy,10.28,1.84,78.3,7.1,361.0
170283,"Barley, hulled",SR Legacy,12.48,2.3,73.48,17.3,354.0
170285,"Barley, pearled, cooked",SR Legacy,2.26,0.44,28.22,3.8,123.0
170284,"Barley, pearled, raw",SR Legacy,9.91,1.16,77.72,15.6,352.0
172232,"Basil, fresh",SR Legacy,3.15,0.64,2.65,1.6,23.0
173789,"Beans, adzuki, mature seed, cooked, boiled, with salt",SR Legacy,7.52,0.1,24.77,7.3,128.0
173729,"Beans, adzuki, mature seeds, canned, sweetened",SR Legacy,3.8,0.03,55.01,,237.0
173728,"Beans, adzuki, mature seeds, cooked, boiled, without salt",SR Legacy,7.52,0.1,24.77,7.3,128.0
173727,"Beans, adzuki, mature seeds, raw",SR Legacy,19.87,0.53,62.9,12.7,329.0
168128,"Beans, baked, canned, no salt added",SR Legacy,4.8,0.4,20.49,5.5,105.0
175182,"Beans, baked, canned, plain or vegetarian",SR Legacy,4.75,0.37,21.14,4.1,94.0
175183,"Beans, baked, canned, with beef",SR Legacy,6.38,3.45,16.91,,121.0
175184,"Beans, baked, canned, with franks",SR Legacy,6.75,6.57,15.39,6.9,142.0
175185,"Beans, baked, canned, with pork",SR Legacy,5.19,1.55,19.99,5.5,106.0
173732,"Beans, baked, canned, with pork and sweet sauce",SR Legacy,4.52,0.89,21.57,4.4,105.0
173733,"Beans, baked, canned, with pork and tomato sauce",SR Legacy,5.15,0.93,18.69,4.0,94.0
173731,"Beans, baked, home prepared",SR Legacy,5.54,5.15,21.63,5.5,155.0
175188,"Beans, black turtle, mature seeds, canned",SR Legacy,6.03,0.29,16.55,6.9,91.0
175239,"Beans, black turtle, mature seeds, cooked, boiled, with salt",SR Legacy,8.18,0.35,24.35,8.3,130.0
175187,"Beans, black turtle, mature seeds, cooked, boiled, without salt",SR Legacy,8.18,0.35,24.35,8.3,130.0
175186,"Beans, black turtle, mature seeds, raw",SR Legacy,21.25,0.9,63.25,15.5,339.0
2644285,"Beans, black, canned, sodium added, drained and rinsed",Foundation Foods,6.9125,1.273,19.8135,,118.361
175238,"Beans, black, mature seeds, canned, low sodium",SR Legacy,6.03,0.29,16.55,6.9,91.0
175237,"Beans, black, mature seeds, cooked, boiled, with salt",SR Legacy,8.86,0.54,23.71,8.7,132.0
173735,"Beans, black, mature seeds, cooked, boiled, without salt",SR Legacy,8.86,0.54,23.71,8.7,132.0
173734,"Beans, black, mature seeds, raw",SR Legacy,21.6,1.42,62.36,15.5,341.0
2644287,"Beans, cannellini, canned, sodium added, drained and rinsed",Foundation Foods,7.4125,1.169,18.8185,,115.445
2644281,"Beans, cannellini, dry",Foundation Foods,21.5625,2.199,59.7955,,345.223
169065,"Beans, chili, barbecue, ranch style, cooked",SR Legacy,5.0,1.0,16.9,4.2,97.0
173737,"Beans, cranberry (roman), mature seeds, canned",SR Legacy,5.54,0.28,15.12,6.3,83.0
175240,"Beans, cranberry (roman), mature seeds, cooked, boiled, with salt",SR Legacy,9.34,0.46,24.46,8.6,136.0
173736,"Beans, cranberry (roman), mature seeds, cooked, boiled, without salt",SR Legacy,9.34,0.46,24.46,8.6,136.0
175189,"Beans, cranberry (roman), mature seeds, raw",SR Legacy,23.03,1.23,60.05,24.7,335.0
168574,"Beans, fava, in pod, raw",SR Legacy,7.92,0.73,17.63,7.5,88.0
175241,"Beans, french, mature seeds, cooked, boiled, with salt",SR Legacy,7.05,0.76,24.02,9.4,129.0
173739,"Beans, french, mature seeds, cooked, boiled, without salt",SR Legacy,7.05,0.76,24.02,9.4,129.0
173738,"Beans, french, mature seeds, raw",SR Legacy,18.81,2.02,64.11,25.2,343.0
2644294,"Beans, great northern, canned, sodium added, drained and rinsed",Foundation Foods,7.03125,1.266,19.32875,,116.834
175192,"Beans, great northern, mature seeds, canned",SR Legacy,7.37,0.39,21.02,4.9,114.0
173791,"Beans, great northern, mature seeds, canned, low sodium",SR Legacy,7.37,0.39,21.02,4.9,114.0
173790,"Beans, great northern, mature seeds, cooked, boiled, with salt",SR Legacy,8.33,0.45,21.09,7.0,118.0
175191,"Beans, great northern, mature seeds, cooked, boiled, without salt",SR Legacy,8.33,0.45,21.09,7.0,118.0
175190,"Beans, great northern, mature seeds, raw (Includes foods for USDA's Food Distribution Program)",SR Legacy,21.86,1.14,62.37,20.2,339.0
173741,"Beans, kidney, all types, mature seeds, canned",SR Legacy,5.22,0.6,14.5,4.3,84.0
173792,"Beans, kidney, all types, mature seeds, cooked, boiled, with salt",SR Legacy,8.67,0.5,22.8,6.4,127.0
173740,"Beans, kidney, all types, mature seeds, cooked, boiled, without salt",SR Legacy,8.67,0.5,22.8,6.4,127.0
175193,"Beans, kidney, all types, mature seeds, raw",SR Legacy,23.58,0.83,60.01,24.9,333.0
173793,"Beans, kidney, california red, mature seeds, cooked, boiled, with salt",SR Legacy,9.13,0.09,22.41,9.3,124.0
173743,"Beans, kidney, california red, mature seeds, cooked, boiled, without salt",SR Legacy,9.13,0.09,22.41,9.3,124.0
173742,"Beans, kidney, california red, mature seeds, raw",SR Legacy,24.37,0.25,59.8,24.9,330.0
2644289,"Beans, kidney, dark red, canned, sodium added, sugar added, drained and rinsed",Foundation Foods,7.8,1.256,21.03,,126.624
2644290,"Beans, kidney, light red, canned, sodium added, sugar added, drained and rinsed",Foundation Foods,7.30625,1.299,21.44675,,126.703
169315,"Beans, kidney, mature seeds, sprouted, cooked, boiled, drained, with salt",SR Legacy,4.83,0.58,4.72,,33.0
168395,"Beans, kidney, mature seeds, sprouted, cooked, boiled, drained, without salt",SR Legacy,4.83,0.58,4.72,,33.0
169213,"Beans, kidney, mature seeds, sprouted, raw",SR Legacy,4.2,0.5,4.1,,29.0
174285,"Beans, kidney, red, mature seeds, canned, drained solids",SR Legacy,7.98,1.05,21.49,5.5,124.0
175243,"Beans, kidney, red, mature seeds, canned, drained solids, rinsed in tap water",SR Legacy,8.12,0.93,20.8,6.0,121.0
175245,"Beans, kidney, red, mature seeds, canned, solids and liquid, low sodium",SR Legacy,5.22,0.36,14.83,5.3,81.0
175195,"Beans, kidney, red, mature seeds, canned, solids and liquids",SR Legacy,5.22,0.36,14.83,4.3,81.0
175242,"Beans, kidney, red, mature seeds, cooked, boiled, with salt",SR Legacy,8.67,0.5,22.8,7.4,127.0
175194,"Beans, kidney, red, mature seeds, cooked, boiled, without salt",SR Legacy,8.67,0.5,22.8,7.4,127.0
173744,"Beans, kidney, red, mature seeds, raw",SR Legacy,22.53,1.06,61.29,15.2,337.0
175244,"Beans, kidney, royal red, mature seeds, cooked, boiled with salt",SR Legacy,9.49,0.17,21.85,9.3,123.0
175197,"Beans, kidney, royal red, mature seeds, cooked, boiled, without salt",SR Legacy,9.49,0.17,21.85,9.3,123.0
175196,"Beans, kidney, royal red, mature seeds, raw",SR Legacy,25.33,0.45,58.33,24.9,329.0
169885,"Beans, liquid from stewed kidney beans",SR Legacy,1.8,3.2,2.8,0.1,47.0
170079,"Beans, mung, mature seeds, sprouted, canned, drained solids",SR Legacy,1.4,0.06,2.14,0.8,12.0
2644286,"Beans, navy, canned, sodium added, drained and rinsed",Foundation Foods,6.56875,1.398,19.98325,,118.79
173747,"Beans, navy, mature seeds, canned",SR Legacy,7.53,0.43,20.45,5.1,113.0
173794,"Beans, navy, mature seeds, cooked, boiled, with salt",SR Legacy,8.23,0.62,26.05,10.5,140.0
173746,"Beans, navy, mature seeds, cooked, boiled, without salt",SR Legacy,8.23,0.62,26.05,10.5,140.0
173745,"Beans, navy, mature seeds, raw",SR Legacy,22.33,1.5,60.75,15.3,337.0
168500,"Beans, navy, mature seeds, sprouted, cooked, boiled, drained, with salt",SR Legacy,7.07,0.81,15.01,,78.0
169140,"Beans, navy, mature seeds, sprouted, cooked, boiled, drained, without salt",SR Legacy,7.07,0.81,15.01,,78.0
169139,"Beans, navy, mature seeds, sprouted, raw",SR Legacy,6.15,0.7,13.05,,67.0
173795,"Beans, pink, mature seeds, cooked, boiled, with salt",SR Legacy,9.06,0.49,27.91,5.3,149.0
175198,"Beans, pink, mature seeds, cooked, boiled, without salt",SR Legacy,9.06,0.49,27.91,5.3,149.0
173748,"Beans, pink, mature seeds, raw",SR Legacy,20.96,1.13,64.19,12.7,343.0
174286,"Beans, pinto, canned, drained solids",SR Legacy,6.99,0.9,20.22,5.5,114.0
2644292,"Beans, pinto, canned, sodium added, drained and rinsed",Foundation Foods,6.69375,1.266,19.60025,,116.57
168501,"Beans, pinto, immature seeds, frozen, cooked, boiled, drained, with salt",SR Legacy,9.31,0.48,30.87,5.4,162.0
169959,"Beans, pinto, immature seeds, frozen, cooked, boiled, drained, without salt",SR Legacy,9.31,0.48,30.87,5.4,162.0
169958,"Beans, pinto, immature seeds, frozen, unprepared",SR Legacy,9.8,0.5,32.5,5.7,170.0
173797,"Beans, pinto, mature seeds, canned, drained solids, rinsed in tap water",SR Legacy,7.04,0.97,20.77,,117.0
175201,"Beans, pinto, mature seeds, canned, solids and liquids",SR Legacy,4.6,0.56,15.18,4.6,82.0
175247,"Beans, pinto, mature seeds, canned, solids and liquids, low sodium",SR Legacy,4.6,0.56,15.18,4.6,82.0
173796,"Beans, pinto, mature seeds, cooked, boiled, with salt",SR Legacy,9.01,0.65,26.22,9.0,143.0
175200,"Beans, pinto, mature seeds, cooked, boiled, without salt",SR Legacy,9.01,0.65,26.22,9.0,143.0
175199,"Beans, pinto, mature seeds, raw (Includes foods for USDA's Food Distribution Program)",SR Legacy,21.42,1.23,62.55,15.5,347.0
169319,"Beans, pinto, mature seeds, sprouted, cooked, boiled, drained, with salt",SR Legacy,1.86,0.32,3.5,,20.0
170087,"Beans, pinto, mature seeds, sprouted, cooked, boiled, drained, without salt",SR Legacy,1.86,0.32,4.1,,22.0
170086,"Beans, pinto, mature seeds, sprouted, raw",SR Legacy,5.25,0.9,11.6,,62.0
169960,"Beans, shellie, canned, solids and liquids",SR Legacy,1.76,0.19,6.19,3.4,30.0
175246,"Beans, small white, mature seeds, cooked, boiled, with salt",SR Legacy,8.97,0.64,25.81,10.4,142.0
173750,"Beans, small white, mature seeds, cooked, boiled, without salt",SR Legacy,8.97,0.64,25.81,10.4,142.0
173749,"Beans, small white, mature seeds, raw",SR Legacy,21.11,1.18,62.25,24.9,336.0
169144,"Beans, snap, canned, all styles, seasoned, solids and liquids",SR Legacy,0.83,0.2,3.49,1.5,16.0
168505,"Beans, snap, green, canned, no salt added, drained solids",SR Legacy,1.12,0.46,4.32,1.9,22.0
168502,"Beans, snap, green, canned, no salt added, solids and liquids",SR Legacy,0.8,0.1,3.5,1.5,15.0
169143,"Beans, snap, green, canned, regular pack, drained solids",SR Legacy,1.05,0.41,4.19,1.9,21.0
169142,"Beans, snap, green, canned, regular pack, solids and liquids",SR Legacy,0.72,0.17,3.27,1.5,15.0
169321,"Beans, snap, green, cooked, boiled, drained, with salt",SR Legacy,1.89,0.28,7.88,3.2,35.0
169141,"Beans, snap, green, cooked, boiled, drained, without salt",SR Legacy,1.89,0.28,7.88,3.2,35.0
169964,"Beans, snap, green, frozen, all styles, microwaved",SR Legacy,1.98,0.41,6.98,3.4,33.0
169962,"Beans, snap, green, frozen, all styles, unprepared (Includes foods for USDA's Food Distribution Program)",SR Legacy,1.79,0.21,7.54,2.6,33.0
169963,"Beans, snap, green, frozen, cooked, boiled, drained without salt",SR Legacy,1.49,0.17,6.45,3.0,28.0
169325,"Beans, snap, green, frozen, cooked, boiled, drained, with salt",SR Legacy,1.49,0.17,6.45,3.0,28.0
169965,"Beans, snap, green, microwaved",SR Legacy,2.31,0.5,6.41,3.4,33.0
2346400,"Beans, snap, green, raw",Foundation Foods,1.96875,0.275,7.41245,3.011,39.9998
169375,"Beans, snap, yellow, canned, no salt added, drained solids",SR Legacy,1.15,0.1,4.5,1.3,20.0
168504,"Beans, snap, yellow, canned, no salt added, solids and liquids",SR Legacy,0.8,0.1,3.5,1.5,15.0
169374,"Beans, snap, yellow, canned, regular pack, drained solids",SR Legacy,1.15,0.1,4.5,1.3,20.0
168503,"Beans, snap, yellow, canned, regular pack, solids and liquids",SR Legacy,0.8,0.1,3.5,1.5,15.0
169323,"Beans, snap, yellow, cooked, boiled, drained, with salt",SR Legacy,1.89,0.28,7.88,3.3,35.0
169322,"Beans, snap, yellow, cooked, boiled, drained, without salt",SR Legacy,1.89,0.28,7.88,3.3,35.0
169324,"Beans, snap, yellow, frozen, all styles, unprepared",SR Legacy,1.8,0.21,7.58,2.8,33.0
169327,"Beans, snap, yellow, frozen, cooked, boiled, drained, with salt",SR Legacy,1.49,0.17,6.45,3.0,28.0
169326,"Beans, snap, yellow, frozen, cooked, boiled, drained, without salt",SR Legacy,1.49,0.17,6.45,3.0,28.0
169320,"Beans, snap, yellow, raw",SR Legacy,1.82,0.12,7.13,3.4,31.0
175204,"Beans, white, mature seeds, canned",SR Legacy,7.26,0.29,21.2,4.8,114.0
175249,"Beans, white, mature seeds, cooked, boiled, with salt",SR Legacy,9.73,0.35,25.09,6.3,139.0
175203,"Beans, white, mature seeds, cooked, boiled, without salt",SR Legacy,9.73,0.35,25.09,6.3,139.0
175202,"Beans, white, mature seeds, raw",SR Legacy,23.36,0.85,60.27,15.2,333.0
175248,"Beans, yellow, mature seeds, cooked, boiled, with salt",SR Legacy,9.16,1.08,25.28,10.4,144.0
173752,"Beans, yellow, mature seeds, cooked, boiled, without salt",SR Legacy,9.16,1.08,25.28,10.4,144.0
173751,"Beans, yellow, mature seeds, raw",SR Legacy,22.0,2.6,60.7,25.1,345.0
169793,"Bear, black, meat (Alaska Native)",SR Legacy,20.1,8.3,0.0,,155.0
169794,"Bear, polar, meat, raw (Alaska Native)",SR Legacy,25.6,3.1,0.0,,130.0
174013,"Beef composite, separable lean only, trimmed to 1/8"" fat, choice, cooked",SR Legacy,28.73,9.16,0.0,0.0,203.0
172090,"Beef macaroni with tomato sauce, frozen entree, reduced fat",SR Legacy,5.89,1.96,17.99,1.4,113.0
172093,"Beef Pot Pie, frozen entree, prepared",SR Legacy,7.25,11.39,22.05,0.8,220.0
173330,"Beef stew, canned entree",SR Legacy,4.41,5.53,7.85,0.9,99.0
171728,"Beef, Australian, imported, grass-fed,  external fat, raw",SR Legacy,11.32,51.36,0.39,0.0,509.0
173068,"Beef, Australian, imported, grass-fed, ground, 85% lean / 15% fat, raw",SR Legacy,17.72,18.12,0.0,0.0,239.0
173969,"Beef, Australian, imported, grass-fed, loin, tenderloin steak/roast, boneless, separable lean and fat, raw",SR Legacy,20.53,7.63,0.01,0.0,151.0
173965,"Beef, Australian, imported, grass-fed, loin, tenderloin steak/roast, boneless, separable lean only, raw",SR Legacy,20.85,6.11,0.0,0.0,138.0
171733,"Beef, Australian, imported, grass-fed, loin, top loin steak/roast, boneless, separable lean and fat, raw",SR Legacy,19.9,13.17,0.11,0.0,199.0
173970,"Beef, Australian, imported, grass-fed, loin, top loin steak/roast, boneless, separable lean only, raw",SR Legacy,21.79,4.87,0.0,0.0,131.0
171739,"Beef, Australian, imported, grass-fed, loin, top sirloin cap-off steak/roast, boneless, separable lean and fat, raw",SR Legacy,21.77,4.45,0.01,0.0,127.0
171734,"Beef, Australian, imported, grass-fed, loin, top sirloin cap-off steak/roast, boneless, separable lean only, raw",SR Legacy,21.9,3.87,0.0,0.0,122.0
173975,"Beef, Australian, imported, grass-fed, rib, ribeye steak/roast lip-on, boneless, separable lean and fat, raw",SR Legacy,19.8,15.21,0.11,0.0,217.0
171735,"Beef, Australian, imported, grass-fed, rib, ribeye steak/roast lip-on, boneless, separable lean only, raw",SR Legacy,21.47,8.2,0.0,0.0,160.0
173976,"Beef, Australian, imported, grass-fed, round, bottom round steak/roast, boneless, separable lean and fat, raw",SR Legacy,21.13,6.16,0.01,0.0,140.0
173971,"Beef, Australian, imported, grass-fed, round, bottom round steak/roast, boneless, separable lean only, raw",SR Legacy,21.4,4.93,0.0,0.0,130.0
173977,"Beef, Australian, imported, grass-fed, round, top round cap-off steak/roast, boneless, separable lean and fat, raw",SR Legacy,22.24,4.4,0.0,0.0,129.0
173972,"Beef, Australian, imported, grass-fed, round, top round cap-off steak/roast, boneless, separable lean only, raw",SR Legacy,22.41,4.43,0.0,0.0,129.0
171729,"Beef, Australian, imported, grass-fed, seam fat, raw",SR Legacy,9.58,57.73,1.06,0.0,562.0
171730,"Beef, Australian, imported, Wagyu, external fat, Aust. marble score 4/5, raw",SR Legacy,6.54,63.27,0.0,0.0,596.0
173967,"Beef, Australian, imported, Wagyu, external fat, Aust. marble score 9, raw",SR Legacy,5.54,68.07,0.97,0.0,639.0
171732,"Beef, Australian, imported, Wagyu, loin, tenderloin steak/roast, boneless, separable lean and fat, Aust. marble score 4/5, raw",SR Legacy,19.71,14.09,0.0,0.0,206.0
171742,"Beef, Australian, imported, Wagyu, loin, tenderloin steak/roast, boneless, separable lean and fat, Aust. marble score 9, raw",SR Legacy,18.5,19.11,0.58,0.0,248.0
173966,"Beef, Australian, imported, Wagyu, loin, tenderloin steak/roast, boneless, separable lean only, Aust. marble score 4/5, raw",SR Legacy,20.19,12.3,0.0,0.0,191.0
173973,"Beef, Australian, imported, Wagyu, loin, tenderloin steak/roast, boneless, separable lean only, Aust. marble score 9, raw",SR Legacy,18.87,17.73,0.57,0.0,237.0
173978,"Beef, Australian, imported, Wagyu, loin, top loin steak/roast, boneless, separable lean and fat, Aust. marble score 4/5, raw",SR Legacy,17.67,24.2,0.12,0.0,289.0
173974,"Beef, Australian, imported, Wagyu, loin, top loin steak/roast, boneless, separable lean only, Aust. marble score 4/5, raw",SR Legacy,20.15,15.69,0.2,0.0,223.0
171736,"Beef, Australian, imported, Wagyu, loin, top loin steak/roast, boneless, separable lean only, Aust. marble score 9, raw",SR Legacy,16.92,29.15,0.13,0.0,331.0
173979,"Beef, Australian, imported, Wagyu, loin, top loin steak/roast, separable lean and fat, Aust. marble score 9, raw",SR Legacy,14.58,36.98,0.14,0.0,392.0
171740,"Beef, Australian, imported, Wagyu, rib, small end rib steak/roast, boneless, separable lean and fat, Aust. marble score 4/5, raw",SR Legacy,17.07,27.64,0.0,0.0,317.0
171741,"Beef, Australian, imported, Wagyu, rib, small end rib steak/roast, boneless, separable lean and fat, Aust. marble score 9, raw",SR Legacy,14.54,38.3,0.28,0.0,404.0
171737,"Beef, Australian, imported, Wagyu, rib, small end rib steak/roast, boneless, separable lean only, Aust. marble score 4/5, raw",SR Legacy,20.35,16.93,0.0,0.0,234.0
171738,"Beef, Australian, imported, Wagyu, rib, small end rib steak/roast, boneless, separable lean only, Aust. marble score 9, raw",SR Legacy,17.61,28.61,0.46,0.0,330.0
171731,"Beef, Australian, imported, Wagyu, seam fat, Aust. marble score 4/5, raw",SR Legacy,6.0,63.3,0.0,0.0,594.0
173968,"Beef, Australian, imported, Wagyu, seam fat, Aust. marble score 9, raw",SR Legacy,5.16,67.33,0.0,0.0,627.0
168118,"Beef, bologna, reduced sodium",SR Legacy,11.7,28.4,2.0,0.0,310.0
169558,"Beef, bottom sirloin, tri-tip roast, separable lean and fat, trimmed to 0"" fat, all grades, cooked, roasted",SR Legacy,26.05,11.07,0.0,0.0,211.0
168734,"Beef, bottom sirloin, tri-tip roast, separable lean and fat, trimmed to 0"" fat, all grades, raw",SR Legacy,20.64,8.55,0.0,0.0,165.0
168735,"Beef, bottom sirloin, tri-tip roast, separable lean and fat, trimmed to 0"" fat, choice, cooked, roasted",SR Legacy,25.66,12.36,0.0,0.0,221.0
168736,"Beef, bottom sirloin, tri-tip roast, separable lean and fat, trimmed to 0"" fat, choice, raw",SR Legacy,20.64,9.51,0.0,0.0,174.0
168737,"Beef, bottom sirloin, tri-tip roast, separable lean and fat, trimmed to 0"" fat, select, cooked, roasted",SR Legacy,26.44,9.78,0.0,0.0,201.0
169559,"Beef, bottom sirloin, tri-tip roast, separable lean and fat, trimmed to 0"" fat, select, raw",SR Legacy,20.64,7.68,0.0,0.0,157.0
174770,"Beef, bottom sirloin, tri-tip roast, separable lean only, trimmed to 0"" fat, all grades, raw",SR Legacy,21.26,5.63,0.0,0.0,142.0
174771,"Beef, bottom sirloin, tri-tip roast, separable lean only, trimmed to 0"" fat, choice, cooked, roasted",SR Legacy,26.34,9.73,0.0,0.0,193.0
174772,"Beef, bottom sirloin, tri-tip roast, separable lean only, trimmed to 0"" fat, choice, raw",SR Legacy,21.17,7.06,0.0,0.0,154.0
174773,"Beef, bottom sirloin, tri-tip roast, separable lean only, trimmed to 0"" fat, select, cooked, roasted",SR Legacy,27.17,6.95,0.0,0.0,179.0
173124,"Beef, bottom sirloin, tri-tip roast, separable lean only, trimmed to 0"" fat, select, raw",SR Legacy,21.34,4.21,0.0,0.0,129.0
168656,"Beef, brisket, flat half, boneless separable lean only, trimmed to 0"" fat, all grades, raw",SR Legacy,21.47,5.11,0.0,0.0,132.0
168714,"Beef, brisket, flat half, boneless, separable lean and fat, trimmed to 0"" fat, all grades, raw",SR Legacy,20.32,9.29,0.0,0.0,165.0
168743,"Beef, brisket, flat half, boneless, separable lean and fat, trimmed to 0"" fat, choice, raw",SR Legacy,20.15,9.86,0.0,0.0,169.0
169570,"Beef, brisket, flat half, boneless, separable lean and fat, trimmed to 0"" fat, select, raw",SR Legacy,20.57,8.45,0.0,0.0,158.0
168657,"Beef, brisket, flat half, boneless, separable lean only, trimmed to 0"" fat, choice, raw",SR Legacy,21.28,5.75,0.0,0.0,137.0
168658,"Beef, brisket, flat half, boneless, separable lean only, trimmed to 0"" fat, select, raw",SR Legacy,21.74,4.14,0.0,0.0,124.0
170613,"Beef, brisket, flat half, separable lean and fat, trimmed to 0"" fat, all grades, cooked, braised",SR Legacy,32.9,8.01,0.0,0.0,213.0
169440,"Beef, brisket, flat half, separable lean and fat, trimmed to 0"" fat, choice, cooked, braised",SR Legacy,32.21,9.24,0.0,0.0,221.0
169555,"Beef, brisket, flat half, separable lean and fat, trimmed to 0"" fat, select, cooked, braised",SR Legacy,33.59,6.77,0.0,0.0,205.0
169488,"Beef, brisket, flat half, separable lean and fat, trimmed to 1/8"" fat, all grades, cooked, braised",SR Legacy,28.82,18.42,0.0,0.0,289.0
168666,"Beef, brisket, flat half, separable lean and fat, trimmed to 1/8"" fat, all grades, raw",SR Legacy,17.94,22.18,0.0,0.0,277.0
173130,"Beef, brisket, flat half, separable lean and fat, trimmed to 1/8"" fat, choice, cooked, braised",SR Legacy,28.66,19.47,0.0,0.0,298.0
173128,"Beef, brisket, flat half, separable lean and fat, trimmed to 1/8"" fat, choice, raw",SR Legacy,18.12,22.15,0.12,0.0,278.0
169432,"Beef, brisket, flat half, separable lean and fat, trimmed to 1/8"" fat, select, cooked, braised",SR Legacy,28.97,17.37,0.0,0.0,280.0
173129,"Beef, brisket, flat half, separable lean and fat, trimmed to 1/8"" fat, select, raw",SR Legacy,17.77,22.21,0.0,0.0,276.0
170210,"Beef, brisket, flat half, separable lean only, trimmed to 0"" fat, all grades, cooked, braised",SR Legacy,33.26,6.99,0.0,0.0,205.0
170601,"Beef, brisket, flat half, separable lean only, trimmed to 0"" fat, choice, cooked, braised",SR Legacy,32.62,8.07,0.0,0.0,212.0
169469,"Beef, brisket, flat half, separable lean only, trimmed to 0"" fat, select, cooked, braised",SR Legacy,33.9,5.92,0.0,0.0,198.0
174047,"Beef, brisket, flat half, separable lean only, trimmed to 1/8"" fat, all grades, cooked, braised",SR Legacy,33.15,6.0,0.0,0.0,196.0
174048,"Beef, brisket, flat half, separable lean only, trimmed to 1/8"" fat, all grades, raw",SR Legacy,21.57,3.84,0.0,0.0,127.0
171818,"Beef, brisket, flat half, separable lean only, trimmed to 1/8"" fat, choice, cooked, braised",SR Legacy,33.13,6.79,0.0,0.0,203.0
174057,"Beef, brisket, flat half, separable lean only, trimmed to 1/8"" fat, choice, raw",SR Legacy,21.69,4.06,0.0,0.0,129.0
174768,"Beef, brisket, flat half, separable lean only, trimmed to 1/8"" fat, select, cooked, braised",SR Legacy,33.18,5.21,0.0,0.0,189.0
174766,"Beef, brisket, flat half, separable lean only, trimmed to 1/8"" fat, select, raw",SR Legacy,21.45,3.61,0.0,0.0,124.0
170211,"Beef, brisket, point half, separable lean and fat, trimmed to 0"" fat, all grades, cooked, braised",SR Legacy,23.53,28.5,0.0,0.0,358.0
169490,"Beef, brisket, point half, separable lean and fat, trimmed to 1/8"" fat, all grades, cooked, braised",SR Legacy,24.4,27.17,0.0,0.0,349.0
169489,"Beef, brisket, point half, separable lean and fat, trimmed to 1/8"" fat, all grades, raw",SR Legacy,17.65,20.98,0.59,0.0,267.0
170212,"Beef, brisket, point half, separable lean only, trimmed to 0"" fat, all grades, cooked, braised",SR Legacy,28.05,13.8,0.0,0.0,244.0
170611,"Beef, brisket, whole, separable lean and fat, trimmed to 0"" fat, all grades, cooked, braised",SR Legacy,26.79,19.52,0.0,0.0,291.0
168665,"Beef, brisket, whole, separable lean and fat, trimmed to 1/8"" fat, all grades, cooked, braised",SR Legacy,25.85,24.5,0.0,0.0,331.0
168664,"Beef, brisket, whole, separable lean and fat, trimmed to 1/8"" fat, all grades, raw",SR Legacy,18.42,19.06,0.56,0.0,253.0
168607,"Beef, brisket, whole, separable lean only, all grades, raw",SR Legacy,20.72,7.37,0.6,0.0,157.0
170612,"Beef, brisket, whole, separable lean only, trimmed to 0"" fat, all grades, cooked, braised",SR Legacy,29.75,10.08,0.0,0.0,218.0
169430,"Beef, carcass, separable lean and fat, choice, raw",SR Legacy,17.32,24.05,0.0,0.0,291.0
169431,"Beef, carcass, separable lean and fat, select, raw",SR Legacy,17.48,22.55,0.0,0.0,278.0
170607,"Beef, chopped, cured, smoked",SR Legacy,20.19,4.42,1.86,0.0,133.0
171227,"Beef, chuck eye Country-Style ribs, boneless, separable lean and fat, trimmed to 0"" fat, all grades, cooked, braised",SR Legacy,27.69,20.55,0.0,0.0,296.0
170831,"Beef, chuck eye Country-Style ribs, boneless, separable lean and fat, trimmed to 0"" fat, all grades, raw",SR Legacy,18.97,14.32,0.0,0.0,205.0
170829,"Beef, chuck eye Country-Style ribs, boneless, separable lean and fat, trimmed to 0"" fat, choice, cooked, braised",SR Legacy,27.16,21.56,0.0,0.0,303.0
170832,"Beef, chuck eye Country-Style ribs, boneless, separable lean and fat, trimmed to 0"" fat, choice, raw",SR Legacy,18.87,14.99,0.0,0.0,210.0
170830,"Beef, chuck eye Country-Style ribs, boneless, separable lean and fat, trimmed to 0"" fat, select, cooked, braised",SR Legacy,28.47,19.03,0.0,0.0,285.0
170833,"Beef, chuck eye Country-Style ribs, boneless, separable lean and fat, trimmed to 0"" fat, select, raw",SR Legacy,19.1,13.33,0.0,0.0,196.0
170799,"Beef, chuck eye Country-Style ribs, boneless, separable lean only, trimmed to 0"" fat, all grades, cooked, braised",SR Legacy,31.41,11.43,0.0,0.0,228.0
171195,"Beef, chuck eye Country-Style ribs, boneless, separable lean only, trimmed to 0"" fat, all grades, raw",SR Legacy,20.96,6.95,0.0,0.0,146.0
170797,"Beef, chuck eye Country-Style ribs, boneless, separable lean only, trimmed to 0"" fat, choice, cooked, braised",SR Legacy,30.95,12.22,0.0,0.0,234.0
170800,"Beef, chuck eye Country-Style ribs, boneless, separable lean only, trimmed to 0"" fat, choice, raw",SR Legacy,20.87,7.67,0.0,0.0,152.0
170798,"Beef, chuck eye Country-Style ribs, boneless, separable lean only, trimmed to 0"" fat, select, cooked, braised",SR Legacy,32.1,10.24,0.0,0.0,221.0
171194,"Beef, chuck eye Country-Style ribs, boneless, separable lean only, trimmed to 0"" fat, select, raw",SR Legacy,21.1,5.89,0.0,0.0,137.0
170820,"Beef, chuck eye roast, boneless, America's Beef Roast, separable lean and fat, trimmed to 0"" fat, all grades, cooked, roasted",SR Legacy,24.63,15.29,0.0,0.0,236.0
168660,"Beef, chuck eye roast, boneless, America's Beef Roast, separable lean and fat, trimmed to 0"" fat, all grades, raw",SR Legacy,19.18,11.48,0.0,0.0,180.0
171215,"Beef, chuck eye roast, boneless, America's Beef Roast, separable lean and fat, trimmed to 0"" fat, choice, cooked, roasted",SR Legacy,24.47,15.87,0.0,0.0,241.0
168661,"Beef, chuck eye roast, boneless, America's Beef Roast, separable lean and fat, trimmed to 0"" fat, choice, raw",SR Legacy,19.14,12.02,0.0,0.0,185.0
171216,"Beef, chuck eye roast, boneless, America's Beef Roast, separable lean and fat, trimmed to 0"" fat, select, cooked, roasted",SR Legacy,24.86,14.41,0.0,0.0,229.0
168662,"Beef, chuck eye roast, boneless, America's Beef Roast, separable lean and fat, trimmed to 0"" fat, select, raw",SR Legacy,19.25,10.67,0.0,0.0,173.0
168674,"Beef, chuck eye roast, boneless, America's Beef Roast, separable lean only, trimmed to 0"" fat, all grades, cooked, roasted",SR Legacy,26.65,8.46,0.0,0.0,183.0
169565,"Beef, chuck eye roast, boneless, America's Beef Roast, separable lean only, trimmed to 0"" fat, all grades, raw",SR Legacy,20.61,6.01,0.0,0.0,137.0
169496,"Beef, chuck eye roast, boneless, America's Beef Roast, separable lean only, trimmed to 0"" fat, choice, cooked, roasted",SR Legacy,26.41,9.36,0.0,0.0,190.0
169566,"Beef, chuck eye roast, boneless, America's Beef Roast, separable lean only, trimmed to 0"" fat, choice, raw",SR Legacy,20.67,6.21,0.0,0.0,139.0
169497,"Beef, chuck eye roast, boneless, America's Beef Roast, separable lean only, trimmed to 0"" fat, select, cooked, roasted",SR Legacy,27.02,7.12,0.0,0.0,172.0
168742,"Beef, chuck eye roast, boneless, America's Beef Roast, separable lean only, trimmed to 0"" fat, select, raw",SR Legacy,20.52,5.71,0.0,0.0,133.0
171228,"Beef, chuck eye steak, boneless, separable lean and fat, trimmed to 0"" fat, all grades, cooked, grilled",SR Legacy,24.98,19.64,0.0,0.0,277.0
171231,"Beef, chuck eye steak, boneless, separable lean and fat, trimmed to 0"" fat, all grades, raw",SR Legacy,18.86,16.35,0.0,0.0,223.0
171229,"Beef, chuck eye steak, boneless, separable lean and fat, trimmed to 0"" fat, choice, cooked, grilled",SR Legacy,24.95,20.35,0.0,0.0,283.0
170834,"Beef, chuck eye steak, boneless, separable lean and fat, trimmed to 0"" fat, choice, raw",SR Legacy,18.86,16.85,0.0,0.0,227.0
171230,"Beef, chuck eye steak, boneless, separable lean and fat, trimmed to 0"" fat, select, cooked, grilled",SR Legacy,25.03,18.57,0.0,0.0,267.0
170835,"Beef, chuck eye steak, boneless, separable lean and fat, trimmed to 0"" fat, select, raw",SR Legacy,18.86,15.6,0.0,0.0,216.0
170801,"Beef, chuck eye steak, boneless, separable lean only, trimmed to 0"" fat, all grades, cooked, grilled",SR Legacy,27.94,10.79,0.0,0.0,209.0
170804,"Beef, chuck eye steak, boneless, separable lean only, trimmed to 0"" fat, all grades, raw",SR Legacy,21.29,7.56,0.0,0.0,153.0
171196,"Beef, chuck eye steak, boneless, separable lean only, trimmed to 0"" fat, choice, cooked, grilled",SR Legacy,27.97,11.47,0.0,0.0,215.0
170802,"Beef, chuck eye steak, boneless, separable lean only, trimmed to 0"" fat, choice, raw",SR Legacy,21.31,8.29,0.0,0.0,160.0
171197,"Beef, chuck eye steak, boneless, separable lean only, trimmed to 0"" fat, select, cooked, grilled",SR Legacy,27.88,9.77,0.0,0.0,199.0
170803,"Beef, chuck eye steak, boneless, separable lean only, trimmed to 0"" fat, select, raw",SR Legacy,21.28,6.47,0.0,0.0,143.0
171203,"Beef, chuck for stew, separable lean and fat, all grades, cooked, braised",SR Legacy,32.41,6.82,0.0,0.0,191.0
171206,"Beef, chuck for stew, separable lean and fat, all grades, raw",SR Legacy,21.75,4.48,0.16,0.0,128.0
171205,"Beef, chuck for stew, separable lean and fat, choice, cooked, braised",SR Legacy,32.49,7.14,0.0,0.0,194.0
170810,"Beef, chuck for stew, separable lean and fat, choice, raw",SR Legacy,21.64,4.81,0.12,0.0,130.0
171204,"Beef, chuck for stew, separable lean and fat, select, cooked, braised",SR Legacy,32.29,6.34,0.0,0.0,186.0
170809,"Beef, chuck for stew, separable lean and fat, select, raw",SR Legacy,21.9,3.99,0.21,0.0,124.0
170213,"Beef, chuck, arm pot roast, separable lean and fat, trimmed to 0"" fat, all grades, cooked, braised",SR Legacy,28.94,19.17,0.0,0.0,297.0
170614,"Beef, chuck, arm pot roast, separable lean and fat, trimmed to 0"" fat, select, cooked, braised",SR Legacy,29.23,17.56,0.0,0.0,283.0
168667,"Beef, chuck, arm pot roast, separable lean and fat, trimmed to 1/8"" fat, all grades, cooked, braised",SR Legacy,30.12,19.22,0.0,0.0,302.0
169491,"Beef, chuck, arm pot roast, separable lean and fat, trimmed to 1/8"" fat, all grades, raw",SR Legacy,19.23,17.98,0.0,0.0,244.0
168669,"Beef, chuck, arm pot roast, separable lean and fat, trimmed to 1/8"" fat, choice, cooked, braised",SR Legacy,30.2,19.93,0.0,0.0,309.0
168668,"Beef, chuck, arm pot roast, separable lean and fat, trimmed to 1/8"" fat, choice, raw",SR Legacy,19.14,18.57,0.0,0.0,249.0
169492,"Beef, chuck, arm pot roast, separable lean and fat, trimmed to 1/8"" fat, select, cooked, braised",SR Legacy,30.05,18.5,0.0,0.0,295.0
168670,"Beef, chuck, arm pot roast, separable lean and fat, trimmed to 1/8"" fat, select, raw",SR Legacy,19.33,17.39,0.0,0.0,239.0
170615,"Beef, chuck, arm pot roast, separable lean only, trimmed to 0"" fat, choice, cooked, braised",SR Legacy,33.36,7.67,0.0,0.0,212.0
170616,"Beef, chuck, arm pot roast, separable lean only, trimmed to 0"" fat, select, cooked, braised",SR Legacy,33.37,5.8,0.0,0.0,195.0
174050,"Beef, chuck, arm pot roast, separable lean only, trimmed to 1/8"" fat, all grades, cooked, braised",SR Legacy,34.66,7.36,0.0,0.0,214.0
174051,"Beef, chuck, arm pot roast, separable lean only, trimmed to 1/8"" fat, all grades, raw",SR Legacy,22.11,4.19,0.0,0.0,132.0
171817,"Beef, chuck, arm pot roast, separable lean only, trimmed to 1/8"" fat, choice, cooked, braised",SR Legacy,34.72,8.37,0.0,0.0,224.0
174056,"Beef, chuck, arm pot roast, separable lean only, trimmed to 1/8"" fat, choice, raw",SR Legacy,21.96,5.05,0.0,0.0,139.0
174767,"Beef, chuck, arm pot roast, separable lean only, trimmed to 1/8"" fat, select, cooked, braised",SR Legacy,34.6,6.35,0.0,0.0,205.0
174765,"Beef, chuck, arm pot roast, separable lean only, trimmed to 1/8"" fat, select, raw",SR Legacy,22.26,3.32,0.0,0.0,125.0
170617,"Beef, chuck, blade roast, separable lean and fat, trimmed to 0"" fat, all grades, cooked, braised",SR Legacy,27.18,24.14,0.0,0.0,334.0
169494,"Beef, chuck, blade roast, separable lean and fat, trimmed to 1/8"" fat, all grades, cooked, braised",SR Legacy,26.78,25.12,0.0,0.0,341.0
169493,"Beef, chuck, blade roast, separable lean and fat, trimmed to 1/8"" fat, all grades, raw",SR Legacy,17.16,19.41,0.0,0.0,248.0
168671,"Beef, chuck, blade roast, separable lean and fat, trimmed to 1/8"" fat, choice, cooked, braised",SR Legacy,26.37,27.26,0.0,0.0,359.0
169495,"Beef, chuck, blade roast, separable lean and fat, trimmed to 1/8"" fat, choice, raw",SR Legacy,16.98,21.31,0.97,0.0,268.0
168673,"Beef, chuck, blade roast, separable lean and fat, trimmed to 1/8"" fat, select, cooked, braised",SR Legacy,27.33,22.35,0.0,0.0,318.0
168672,"Beef, chuck, blade roast, separable lean and fat, trimmed to 1/8"" fat, select, raw",SR Legacy,17.37,17.33,0.0,0.0,230.0
170215,"Beef, chuck, blade roast, separable lean only, trimmed to 0"" fat, all grades, cooked, braised",SR Legacy,31.06,13.3,0.0,0.0,253.0
174027,"Beef, chuck, clod roast, separable lean and fat, trimmed to 0"" fat, all grades, cooked, roasted",SR Legacy,25.7,10.84,0.0,0.0,207.0
174023,"Beef, chuck, clod roast, separable lean and fat, trimmed to 0"" fat, choice, cooked, roasted",SR Legacy,24.61,12.26,0.0,0.0,216.0
171784,"Beef, chuck, clod roast, separable lean and fat, trimmed to 0"" fat, select, cooked, roasted",SR Legacy,27.3,8.76,0.0,0.0,196.0
174019,"Beef, chuck, clod roast, separable lean only, trimmed to 0"" fat, all grades, cooked, roasted",SR Legacy,26.82,6.34,0.0,0.0,172.0
169553,"Beef, chuck, clod roast, separable lean only, trimmed to 0"" fat, choice, cooked, roasted",SR Legacy,25.95,6.69,0.0,0.0,171.0
168730,"Beef, chuck, clod roast, separable lean only, trimmed to 0"" fat, select, cooked, roasted",SR Legacy,28.09,5.82,0.0,0.0,172.0
171780,"Beef, chuck, clod roast, separable lean only, trimmed to 1/4"" fat, all grades, cooked, roasted",SR Legacy,26.36,6.75,0.0,0.0,173.0
174018,"Beef, chuck, clod roast, separable lean only, trimmed to 1/4"" fat, all grades, raw",SR Legacy,19.63,5.02,0.0,0.0,129.0
171782,"Beef, chuck, clod steak, separable lean only, trimmed to 1/4"" fat, all grades, cooked, braised",SR Legacy,29.34,7.04,0.0,0.0,189.0
170821,"Beef, chuck, mock tender steak, boneless, separable lean and fat, trimmed to 0"" fat, all grades, cooked, braised",SR Legacy,32.07,10.18,0.0,0.0,220.0
170824,"Beef, chuck, mock tender steak, boneless, separable lean and fat, trimmed to 0"" fat, all grades, raw",SR Legacy,21.13,4.79,0.0,0.0,128.0
170822,"Beef, chuck, mock tender steak, boneless, separable lean and fat, trimmed to 0"" fat, choice, cooked, braised",SR Legacy,32.21,10.74,0.0,0.0,225.0
171220,"Beef, chuck, mock tender steak, boneless, separable lean and fat, trimmed to 0"" fat, choice, raw",SR Legacy,21.19,5.18,0.0,0.0,131.0
170823,"Beef, chuck, mock tender steak, boneless, separable lean and fat, trimmed to 0"" fat, select, cooked, braised",SR Legacy,31.86,9.34,0.0,0.0,211.0
171221,"Beef, chuck, mock tender steak, boneless, separable lean and fat, trimmed to 0"" fat, select, raw",SR Legacy,21.05,4.2,0.0,0.0,122.0
170806,"Beef, chuck, mock tender steak, boneless, separable lean only, trimmed to 0"" fat, all grades, cooked, braised",SR Legacy,33.31,6.34,0.0,0.0,190.0
171202,"Beef, chuck, mock tender steak, boneless, separable lean only, trimmed to 0"" fat, all grades, raw",SR Legacy,21.3,4.17,0.0,0.0,123.0
171201,"Beef, chuck, mock tender steak, boneless, separable lean only, trimmed to 0"" fat, choice, cooked, braised",SR Legacy,33.55,6.94,0.0,0.0,197.0
170807,"Beef, chuck, mock tender steak, boneless, separable lean only, trimmed to 0"" fat, choice, raw",SR Legacy,21.36,4.6,0.0,0.0,127.0
170805,"Beef, chuck, mock tender steak, boneless, separable lean only, trimmed to 0"" fat, select, cooked, braised",SR Legacy,32.96,5.44,0.0,0.0,181.0
170808,"Beef, chuck, mock tender steak, boneless, separable lean only, trimmed to 0"" fat, select, raw",SR Legacy,21.22,3.53,0.0,0.0,117.0
174025,"Beef, chuck, mock tender steak, separable lean and fat, trimmed to 0"" fat, all grades, cooked, broiled",SR Legacy,25.87,5.52,0.0,0.0,160.0
171783,"Beef, chuck, mock tender steak, separable lean and fat, trimmed to 0"" fat, USDA choice, cooked, broiled",SR Legacy,25.73,5.72,0.0,0.0,161.0
174020,"Beef, chuck, mock tender steak, separable lean and fat, trimmed to 0"" fat, USDA select, cooked, broiled",SR Legacy,26.08,5.24,0.0,0.0,159.0
174016,"Beef, chuck, mock tender steak, separable lean only, trimmed to 0"" fat, all grades, cooked, broiled",SR Legacy,25.9,5.42,0.0,0.0,159.0
169561,"Beef, chuck, mock tender steak, separable lean only, trimmed to 0"" fat, choice, cooked, broiled",SR Legacy,25.74,5.69,0.0,0.0,161.0
169562,"Beef, chuck, mock tender steak, separable lean only, trimmed to 0"" fat, select, cooked, broiled",SR Legacy,26.13,5.02,0.0,0.0,157.0
2646174,"Beef, chuck, roast, boneless, choice, raw",Foundation Foods,18.4,17.8,0.0,,231.7048
171222,"Beef, chuck, short ribs, boneless, separable lean and fat, trimmed to 0"" fat, all grades, cooked, braised",SR Legacy,25.48,22.58,0.0,0.0,305.0
170826,"Beef, chuck, short ribs, boneless, separable lean and fat, trimmed to 0"" fat, all grades, raw",SR Legacy,17.48,18.33,0.0,0.0,235.0
171223,"Beef, chuck, short ribs, boneless, separable lean and fat, trimmed to 0"" fat, choice, cooked, braised",SR Legacy,25.26,24.05,0.0,0.0,317.0
170827,"Beef, chuck, short ribs, boneless, separable lean and fat, trimmed to 0"" fat, choice, raw",SR Legacy,17.22,19.03,0.0,0.0,240.0
170825,"Beef, chuck, short ribs, boneless, separable lean and fat, trimmed to 0"" fat, select, cooked, braised",SR Legacy,25.81,20.38,0.0,0.0,287.0
170828,"Beef, chuck, short ribs, boneless, separable lean and fat, trimmed to 0"" fat, select, raw",SR Legacy,17.87,17.28,0.0,0.0,227.0
169569,"Beef, chuck, short ribs, boneless, separable lean only, trimmed to 0"" fat, all grades, cooked, braised",SR Legacy,28.82,13.8,0.0,0.0,240.0
170796,"Beef, chuck, short ribs, boneless, separable lean only, trimmed to 0"" fat, all grades, raw",SR Legacy,19.68,10.02,0.05,0.0,169.0
169567,"Beef, chuck, short ribs, boneless, separable lean only, trimmed to 0"" fat, choice, cooked, braised",SR Legacy,28.84,14.95,0.0,0.0,250.0
170783,"Beef, chuck, short ribs, boneless, separable lean only, trimmed to 0"" fat, choice, raw",SR Legacy,19.38,10.7,0.29,0.0,175.0
169568,"Beef, chuck, short ribs, boneless, separable lean only, trimmed to 0"" fat, select, cooked, braised",SR Legacy,28.79,12.08,0.0,0.0,224.0
171193,"Beef, chuck, short ribs, boneless, separable lean only, trimmed to 0"" fat, select, raw",SR Legacy,20.14,8.99,0.0,0.0,161.0
173366,"Beef, chuck, shoulder clod, shoulder tender, medallion, separable lean and fat, trimmed to 0"" fat, all grades, cooked, grilled",SR Legacy,26.22,7.2,0.0,0.0,177.0
173365,"Beef, chuck, shoulder clod, shoulder tender, medallion, separable lean and fat, trimmed to 0"" fat, all grades, raw",SR Legacy,20.54,6.22,0.0,0.0,144.0
173355,"Beef, chuck, shoulder clod, shoulder tender, medallion, separable lean and fat, trimmed to 0"" fat, choice, cooked, grilled",SR Legacy,26.07,7.68,0.0,0.0,181.0
172122,"Beef, chuck, shoulder clod, shoulder tender, medallion, separable lean and fat, trimmed to 0"" fat, choice, raw",SR Legacy,20.51,6.36,0.0,0.0,145.0
172136,"Beef, chuck, shoulder clod, shoulder tender, medallion, separable lean and fat, trimmed to 0"" fat, select, cooked, grilled",SR Legacy,26.45,6.43,0.33,0.0,172.0
173356,"Beef, chuck, shoulder clod, shoulder tender, medallion, separable lean and fat, trimmed to 0"" fat, select, raw",SR Legacy,20.93,5.79,0.0,0.0,142.0
172133,"Beef, chuck, shoulder clod, shoulder top and center steaks, separable lean and fat, trimmed to 0"" fat, all grades, cooked, grilled",SR Legacy,26.3,7.66,0.12,0.0,182.0
172132,"Beef, chuck, shoulder clod, shoulder top and center steaks, separable lean and fat, trimmed to 0"" fat, all grades, raw",SR Legacy,20.67,5.88,0.0,0.0,141.0
173358,"Beef, chuck, shoulder clod, shoulder top and center steaks, separable lean and fat, trimmed to 0"" fat, choice, cooked, grilled",SR Legacy,26.07,8.11,0.0,0.0,184.0
173357,"Beef, chuck, shoulder clod, shoulder top and center steaks, separable lean and fat, trimmed to 0"" fat, choice, raw",SR Legacy,20.39,6.12,0.0,0.0,143.0
172124,"Beef, chuck, shoulder clod, shoulder top and center steaks, separable lean and fat, trimmed to 0"" fat, select, cooked, grilled",SR Legacy,26.66,6.94,0.0,0.0,176.0
172123,"Beef, chuck, shoulder clod, shoulder top and center steaks, separable lean and fat, trimmed to 0"" fat, select, raw",SR Legacy,21.13,5.51,0.0,0.0,140.0
173368,"Beef, chuck, shoulder clod, top blade, steak, separable lean and fat, trimmed to 0"" fat, all grades, cooked, grilled",SR Legacy,24.93,12.79,0.0,0.0,222.0
172134,"Beef, chuck, shoulder clod, top blade, steak, separable lean and fat, trimmed to 0"" fat, all grades, raw",SR Legacy,18.99,10.52,0.0,0.0,176.0
172126,"Beef, chuck, shoulder clod, top blade, steak, separable lean and fat, trimmed to 0"" fat, choice, cooked, grilled",SR Legacy,24.7,13.59,0.0,0.0,228.0
172125,"Beef, chuck, shoulder clod, top blade, steak, separable lean and fat, trimmed to 0"" fat, choice, raw",SR Legacy,18.75,11.33,0.0,0.0,182.0
173360,"Beef, chuck, shoulder clod, top blade, steak, separable lean and fat, trimmed to 0"" fat, select, cooked, grilled",SR Legacy,25.29,11.52,0.0,0.0,212.0
173359,"Beef, chuck, shoulder clod, top blade, steak, separable lean and fat, trimmed to 0"" fat, select, raw",SR Legacy,19.38,9.22,0.0,0.0,166.0
174026,"Beef, chuck, top blade, separable lean and fat, trimmed to 0"" fat, all grades, cooked, broiled",SR Legacy,25.73,11.73,0.0,0.0,216.0
174021,"Beef, chuck, top blade, separable lean and fat, trimmed to 0"" fat, choice, cooked, broiled",SR Legacy,25.77,12.93,0.0,0.0,227.0
174022,"Beef, chuck, top blade, separable lean and fat, trimmed to 0"" fat, select, cooked, broiled",SR Legacy,25.67,9.99,0.0,0.0,200.0
174017,"Beef, chuck, top blade, separable lean only, trimmed to 0"" fat, all grades, cooked, broiled",SR Legacy,26.13,10.16,0.0,0.0,203.0
168738,"Beef, chuck, top blade, separable lean only, trimmed to 0"" fat, choice, cooked, broiled",SR Legacy,26.11,11.65,0.0,0.0,217.0
168739,"Beef, chuck, top blade, separable lean only, trimmed to 0"" fat, select, cooked, broiled",SR Legacy,26.16,8.0,0.0,0.0,184.0
170816,"Beef, chuck, under blade center steak, boneless, Denver Cut, separable lean and fat, trimmed to 0"" fat, all grades, cooked, grilled",SR Legacy,26.18,13.54,0.21,0.0,227.0
171213,"Beef, chuck, under blade center steak, boneless, Denver Cut, separable lean and fat, trimmed to 0"" fat, all grades, raw",SR Legacy,18.99,11.64,0.36,0.0,182.0
171211,"Beef, chuck, under blade center steak, boneless, Denver Cut, separable lean and fat, trimmed to 0"" fat, choice, cooked, grilled",SR Legacy,26.1,14.41,0.4,0.0,236.0
171214,"Beef, chuck, under blade center steak, boneless, Denver Cut, separable lean and fat, trimmed to 0"" fat, choice, raw",SR Legacy,18.85,12.4,0.53,0.0,189.0
171212,"Beef, chuck, under blade center steak, boneless, Denver Cut, separable lean and fat, trimmed to 0"" fat, select, cooked, grilled",SR Legacy,26.3,12.25,0.0,0.0,215.0
170817,"Beef, chuck, under blade center steak, boneless, Denver Cut, separable lean and fat, trimmed to 0"" fat, select, raw",SR Legacy,19.2,10.5,0.09,0.0,172.0
170605,"Beef, chuck, under blade center steak, boneless, Denver Cut, separable lean only, trimmed to 0"" fat, all grades, cooked, grilled",SR Legacy,26.5,12.64,0.14,0.0,220.0
170205,"Beef, chuck, under blade center steak, boneless, Denver Cut, separable lean only, trimmed to 0"" fat, all grades, raw",SR Legacy,19.42,9.99,0.49,0.0,170.0
170201,"Beef, chuck, under blade center steak, boneless, Denver Cut, separable lean only, trimmed to 0"" fat, choice, cooked, grilled",SR Legacy,26.49,13.42,0.28,0.0,228.0
170608,"Beef, chuck, under blade center steak, boneless, Denver Cut, separable lean only, trimmed to 0"" fat, choice, raw",SR Legacy,19.23,10.96,0.67,0.0,178.0
170203,"Beef, chuck, under blade center steak, boneless, Denver Cut, separable lean only, trimmed to 0"" fat, select, cooked, grilled",SR Legacy,26.53,11.46,0.0,0.0,209.0
168653,"Beef, chuck, under blade center steak, boneless, Denver Cut, separable lean only, trimmed to 0"" fat, select, raw",SR Legacy,19.71,8.54,0.21,0.0,157.0
170813,"Beef, chuck, under blade pot roast or steak, boneless, separable lean and fat, trimmed to 0"" fat, all grades, raw",SR Legacy,19.17,13.26,0.0,0.0,196.0
170814,"Beef, chuck, under blade pot roast or steak, boneless, separable lean and fat, trimmed to 0"" fat, choice, raw",SR Legacy,19.15,13.93,0.0,0.0,202.0
170815,"Beef, chuck, under blade pot roast or steak, boneless, separable lean and fat, trimmed to 0"" fat, select, raw",SR Legacy,19.2,12.27,0.0,0.0,187.0
169445,"Beef, chuck, under blade pot roast or steak, boneless, separable lean only, trimmed to 0"" fat, all grades, raw",SR Legacy,21.13,6.07,0.31,0.0,140.0
169446,"Beef, chuck, under blade pot roast or steak, boneless, separable lean only, trimmed to 0"" fat, choice, raw",SR Legacy,21.19,6.51,0.39,0.0,145.0
170603,"Beef, chuck, under blade pot roast or steak, boneless, separable lean only, trimmed to 0"" fat, select, raw",SR Legacy,21.03,5.41,0.19,0.0,134.0
171208,"Beef, chuck, under blade pot roast, boneless, separable lean and fat, trimmed to 0"" fat, all grades, cooked, braised",SR Legacy,26.7,20.49,0.0,0.0,291.0
170618,"Beef, chuck, under blade pot roast, boneless, separable lean and fat, trimmed to 0"" fat, choice, cooked, braised",SR Legacy,26.39,21.48,0.0,0.0,306.0
170214,"Beef, chuck, under blade pot roast, boneless, separable lean and fat, trimmed to 0"" fat, select, cooked, braised",SR Legacy,27.17,19.02,0.0,0.0,288.0
169444,"Beef, chuck, under blade pot roast, boneless, separable lean only, trimmed to 0"" fat, all grades, cooked, braised",SR Legacy,30.54,10.46,0.0,0.0,216.0
170216,"Beef, chuck, under blade pot roast, boneless, separable lean only, trimmed to 0"" fat, choice, cooked, braised",SR Legacy,30.45,11.14,0.0,0.0,231.0
170217,"Beef, chuck, under blade pot roast, boneless, separable lean only, trimmed to 0"" fat, select, cooked, braised",SR Legacy,30.68,9.44,0.0,0.0,216.0
171217,"Beef, chuck, under blade steak, boneless, separable lean and fat, trimmed to 0"" fat, all grades, cooked, braised",SR Legacy,28.23,18.0,0.0,0.0,275.0
171218,"Beef, chuck, under blade steak, boneless, separable lean and fat, trimmed to 0"" fat, choice, cooked, braised",SR Legacy,27.6,19.3,0.0,0.0,284.0
171219,"Beef, chuck, under blade steak, boneless, separable lean and fat, trimmed to 0"" fat, select, cooked, braised",SR Legacy,29.18,16.05,0.0,0.0,261.0
171207,"Beef, chuck, under blade steak, boneless, separable lean only, trimmed to 0"" fat, all grades, cooked, braised",SR Legacy,31.35,10.41,0.0,0.0,219.0
170811,"Beef, chuck, under blade steak, boneless, separable lean only, trimmed to 0"" fat, choice, cooked, braised",SR Legacy,30.91,10.91,0.0,0.0,222.0
170812,"Beef, chuck, under blade steak, boneless, separable lean only, trimmed to 0"" fat, select, cooked, braised",SR Legacy,32.01,9.66,0.0,0.0,215.0
170609,"Beef, composite of trimmed retail cuts, separable lean and fat, trimmed to 0"" fat, all grades, cooked",SR Legacy,28.4,12.42,0.0,0.0,230.0
174757,"Beef, composite of trimmed retail cuts, separable lean and fat, trimmed to 0"" fat, all grades, raw",SR Legacy,20.95,9.3,0.0,0.0,167.0
170206,"Beef, composite of trimmed retail cuts, separable lean and fat, trimmed to 0"" fat, choice, cooked",SR Legacy,28.17,12.53,0.0,0.0,233.0
174014,"Beef, composite of trimmed retail cuts, separable lean and fat, trimmed to 0"" fat, choice, raw",SR Legacy,21.34,10.08,0.0,0.0,176.0
170207,"Beef, composite of trimmed retail cuts, separable lean and fat, trimmed to 0"" fat, select, cooked",SR Legacy,28.61,9.18,0.0,0.0,203.0
171777,"Beef, composite of trimmed retail cuts, separable lean and fat, trimmed to 0"" fat, select, raw",SR Legacy,21.2,8.0,0.0,0.0,157.0
169484,"Beef, composite of trimmed retail cuts, separable lean and fat, trimmed to 1/8"" fat, all grades, cooked",SR Legacy,26.11,16.59,0.0,0.0,259.0
169483,"Beef, composite of trimmed retail cuts, separable lean and fat, trimmed to 1/8"" fat, all grades, raw",SR Legacy,20.01,14.42,0.0,0.0,215.0
169486,"Beef, composite of trimmed retail cuts, separable lean and fat, trimmed to 1/8"" fat, choice, cooked",SR Legacy,25.85,17.68,0.0,0.0,268.0
169485,"Beef, composite of trimmed retail cuts, separable lean and fat, trimmed to 1/8"" fat, choice, raw",SR Legacy,19.79,15.42,0.0,0.0,224.0
168663,"Beef, composite of trimmed retail cuts, separable lean and fat, trimmed to 1/8"" fat, select, cooked",SR Legacy,26.06,15.09,0.0,0.0,245.0
169487,"Beef, composite of trimmed retail cuts, separable lean and fat, trimmed to 1/8"" fat, select, raw",SR Legacy,19.06,12.4,0.0,0.0,193.0
170208,"Beef, composite of trimmed retail cuts, separable lean only, trimmed to 0"" fat, all grades, cooked",SR Legacy,29.9,8.37,0.0,0.0,203.0
174760,"Beef, composite of trimmed retail cuts, separable lean only, trimmed to 0"" fat, all grades, raw",SR Legacy,22.15,5.54,0.0,0.0,138.0
170209,"Beef, composite of trimmed retail cuts, separable lean only, trimmed to 0"" fat, choice, cooked",SR Legacy,29.51,8.87,0.0,0.0,206.0
174015,"Beef, composite of trimmed retail cuts, separable lean only, trimmed to 0"" fat, choice, raw",SR Legacy,21.55,7.24,0.0,0.0,151.0
170610,"Beef, composite of trimmed retail cuts, separable lean only, trimmed to 0"" fat, select, cooked",SR Legacy,29.88,7.12,0.0,0.0,188.0
171776,"Beef, composite of trimmed retail cuts, separable lean only, trimmed to 0"" fat, select, raw",SR Legacy,22.03,4.99,0.0,0.0,133.0
174759,"Beef, composite of trimmed retail cuts, separable lean only, trimmed to 1/8"" fat, all grades, cooked",SR Legacy,28.95,8.15,0.0,0.0,194.0
174758,"Beef, composite of trimmed retail cuts, separable lean only, trimmed to 1/8"" fat, all grades, raw",SR Legacy,22.15,5.38,0.0,0.0,140.0
174012,"Beef, composite of trimmed retail cuts, separable lean only, trimmed to 1/8"" fat, choice, raw",SR Legacy,22.01,6.05,0.0,0.0,142.0
171778,"Beef, composite of trimmed retail cuts, separable lean only, trimmed to 1/8"" fat, select, cooked",SR Legacy,27.51,6.37,0.0,0.0,167.0
171779,"Beef, composite of trimmed retail cuts, separable lean only, trimmed to 1/8"" fat, select, raw",SR Legacy,22.37,4.55,0.0,0.0,130.0
173332,"Beef, corned beef hash, with potato, canned",SR Legacy,8.73,10.24,9.27,1.1,164.0
170198,"Beef, cured, breakfast strips, cooked",SR Legacy,31.3,34.4,1.4,0.0,449.0
170197,"Beef, cured, breakfast strips, raw or unheated",SR Legacy,12.5,38.8,0.7,0.0,406.0
170200,"Beef, cured, corned beef, brisket, cooked",SR Legacy,18.17,18.98,0.47,0.0,251.0
170199,"Beef, cured, corned beef, brisket, raw",SR Legacy,14.68,14.9,0.14,0.0,198.0
170602,"Beef, cured, corned beef, canned",SR Legacy,27.1,14.93,0.0,0.0,250.0
170604,"Beef, cured, dried",SR Legacy,31.1,1.94,2.76,0.0,153.0
170202,"Beef, cured, luncheon meat, jellied",SR Legacy,19.0,3.3,0.0,0.0,111.0
170204,"Beef, cured, pastrami",SR Legacy,21.8,5.82,0.36,0.0,147.0
2646175,"Beef, flank, steak, boneless, choice, raw",Foundation Foods,20.13125,9.399,0.0,,163.8998
168733,"Beef, flank, steak, separable lean and fat, trimmed to 0"" fat, all grades, cooked, broiled",SR Legacy,27.66,8.23,0.0,0.0,192.0
169563,"Beef, flank, steak, separable lean and fat, trimmed to 0"" fat, all grades, raw",SR Legacy,21.22,7.17,0.0,0.0,155.0
169434,"Beef, flank, steak, separable lean and fat, trimmed to 0"" fat, choice, cooked, braised",SR Legacy,26.98,16.44,0.0,0.0,263.0
169435,"Beef, flank, steak, separable lean and fat, trimmed to 0"" fat, choice, cooked, broiled",SR Legacy,27.55,9.31,0.0,0.0,202.0
169433,"Beef, flank, steak, separable lean and fat, trimmed to 0"" fat, choice, raw",SR Legacy,21.22,8.29,0.0,0.0,165.0
169554,"Beef, flank, steak, separable lean and fat, trimmed to 0"" fat, select, cooked, broiled",SR Legacy,27.78,7.15,0.0,0.0,183.0
169564,"Beef, flank, steak, separable lean and fat, trimmed to 0"" fat, select, raw",SR Legacy,21.22,6.06,0.0,0.0,145.0
174774,"Beef, flank, steak, separable lean only, trimmed to 0"" fat, all grades, cooked, broiled",SR Legacy,27.89,7.4,0.0,0.0,186.0
174776,"Beef, flank, steak, separable lean only, trimmed to 0"" fat, all grades, raw",SR Legacy,21.57,5.47,0.0,0.0,141.0
168610,"Beef, flank, steak, separable lean only, trimmed to 0"" fat, choice, cooked, braised",SR Legacy,28.02,13.0,0.0,0.0,237.0
168611,"Beef, flank, steak, separable lean only, trimmed to 0"" fat, choice, cooked, broiled",SR Legacy,27.82,8.32,0.0,0.0,194.0
168609,"Beef, flank, steak, separable lean only, trimmed to 0"" fat, choice, raw",SR Legacy,21.72,6.29,0.0,0.0,149.0
174775,"Beef, flank, steak, separable lean only, trimmed to 0"" fat, select, cooked, broiled",SR Legacy,27.96,6.48,0.0,0.0,178.0
174777,"Beef, flank, steak, separable lean only, trimmed to 0"" fat, select, raw",SR Legacy,21.43,5.0,0.0,0.0,137.0
168608,"Beef, grass-fed, ground, raw",SR Legacy,19.42,12.73,0.0,0.0,198.0
169429,"Beef, grass-fed, strip steaks, lean only, raw",SR Legacy,23.07,2.69,0.0,0.0,117.0
169473,"Beef, ground, 70% lean meat / 30% fat, crumbles, cooked, pan-browned",SR Legacy,25.56,17.86,0.0,0.0,270.0
169474,"Beef, ground, 70% lean meat / 30% fat, loaf, cooked, baked",SR Legacy,23.87,15.37,0.0,0.0,241.0
168650,"Beef, ground, 70% lean meat / 30% fat, patty cooked, pan-broiled",SR Legacy,22.86,15.54,0.0,0.0,238.0
168651,"Beef, ground, 70% lean meat / 30% fat, patty, cooked, broiled",SR Legacy,25.38,18.66,0.0,0.0,277.0
168652,"Beef, ground, 70% lean meat / 30% fat, raw",SR Legacy,14.35,30.0,0.0,0.0,332.0
174040,"Beef, ground, 75% lean meat / 25% fat, crumbles, cooked, pan-browned",SR Legacy,26.28,18.21,0.0,0.0,277.0
171801,"Beef, ground, 75% lean meat / 25% fat, loaf, cooked, baked",SR Legacy,24.56,16.5,0.0,0.0,254.0
174038,"Beef, ground, 75% lean meat / 25% fat, patty, cooked, broiled",SR Legacy,25.56,18.87,0.0,0.0,279.0
174039,"Beef, ground, 75% lean meat / 25% fat, patty, cooked, pan-broiled",SR Legacy,23.45,16.44,0.0,0.0,248.0
174037,"Beef, ground, 75% lean meat / 25% fat, raw",SR Legacy,15.76,25.0,0.0,0.0,293.0
171799,"Beef, ground, 80% lean meat / 20% fat, crumbles, cooked, pan-browned",SR Legacy,27.0,17.36,0.0,0.0,272.0
171800,"Beef, ground, 80% lean meat / 20% fat, loaf, cooked, baked",SR Legacy,25.25,16.17,0.0,0.0,254.0
171797,"Beef, ground, 80% lean meat / 20% fat, patty, cooked, broiled",SR Legacy,25.75,17.78,0.0,0.0,270.0
171798,"Beef, ground, 80% lean meat / 20% fat, patty, cooked, pan-broiled",SR Legacy,24.04,15.94,0.0,0.0,246.0
174036,"Beef, ground, 80% lean meat / 20% fat, raw",SR Legacy,17.17,20.0,0.0,0.0,254.0
174034,"Beef, ground, 85% lean meat / 15% fat, crumbles, cooked, pan-browned",SR Legacy,27.73,15.3,0.0,0.0,256.0
174035,"Beef, ground, 85% lean meat / 15% fat, loaf, cooked, baked",SR Legacy,25.93,14.36,0.0,0.0,240.0
174032,"Beef, ground, 85% lean meat / 15% fat, patty, cooked, broiled",SR Legacy,25.93,15.41,0.0,0.0,250.0
174033,"Beef, ground, 85% lean meat / 15% fat, patty, cooked, pan-broiled",SR Legacy,24.62,14.02,0.0,0.0,232.0
171796,"Beef, ground, 85% lean meat / 15% fat, raw (Includes foods for USDA's Food Distribution Program)",SR Legacy,18.59,15.0,0.0,0.0,215.0
171794,"Beef, ground, 90% lean meat / 10% fat, crumbles, cooked, pan-browned",SR Legacy,28.45,12.04,0.0,0.0,230.0
171795,"Beef, ground, 90% lean meat / 10% fat, loaf, cooked, baked",SR Legacy,26.62,11.1,0.0,0.0,214.0
174031,"Beef, ground, 90% lean meat / 10% fat, patty, cooked, broiled",SR Legacy,26.11,11.75,0.0,0.0,217.0
171793,"Beef, ground, 90% lean meat / 10% fat, patty, cooked, pan-broiled",SR Legacy,25.21,10.68,0.0,0.0,204.0
174030,"Beef, ground, 90% lean meat / 10% fat, raw",SR Legacy,20.0,10.0,0.0,0.0,176.0
174755,"Beef, ground, 93% lean meat / 7% fat, crumbles, cooked, pan-browned",SR Legacy,28.88,9.51,0.0,0.0,209.0
174754,"Beef, ground, 93% lean meat / 7% fat, loaf, cooked, baked",SR Legacy,27.03,8.43,0.0,0.0,192.0
174752,"Beef, ground, 93% lean meat / 7% fat, patty, cooked, broiled",SR Legacy,26.22,8.94,0.0,0.0,193.0
173110,"Beef, ground, 93% lean meat / 7% fat, raw",SR Legacy,20.85,7.0,0.0,0.0,152.0
174753,"Beef, ground, 93% lean meat /7% fat, patty, cooked, pan-broiled",SR Legacy,25.56,8.01,0.06,0.0,182.0
174028,"Beef, ground, 95% lean meat / 5% fat, crumbles, cooked, pan-browned",SR Legacy,29.17,7.58,0.0,0.0,193.0
174029,"Beef, ground, 95% lean meat / 5% fat, loaf, cooked, baked",SR Legacy,27.31,6.37,0.0,0.0,174.0
171791,"Beef, ground, 95% lean meat / 5% fat, patty, cooked, broiled",SR Legacy,26.29,6.8,0.0,0.0,174.0
171792,"Beef, ground, 95% lean meat / 5% fat, patty, cooked, pan-broiled",SR Legacy,25.8,5.94,0.0,0.0,164.0
171790,"Beef, ground, 95% lean meat / 5% fat, raw",SR Legacy,21.41,5.0,0.0,0.0,137.0
174756,"Beef, ground, 97% lean meat / 3% fat, crumbles, cooked, pan-browned",SR Legacy,29.46,5.46,0.0,0.0,175.0
173114,"Beef, ground, 97% lean meat / 3% fat, loaf, cooked, baked",SR Legacy,27.58,4.06,0.0,0.0,154.0
173112,"Beef, ground, 97% lean meat / 3% fat, patty, cooked, broiled",SR Legacy,26.36,4.46,0.0,0.0,153.0
173111,"Beef, ground, 97% lean meat / 3% fat, raw",SR Legacy,21.98,3.0,0.0,0.0,121.0
173113,"Beef, ground, 97% lean meat /3% fat, patty, cooked, pan-broiled",SR Legacy,26.03,3.65,0.0,0.0,144.0
169447,"Beef, ground, patties, frozen, cooked, broiled",SR Legacy,23.05,21.83,0.0,0.0,295.0
172161,"Beef, ground, unspecified fat content, cooked",SR Legacy,25.07,14.53,0.62,0.0,240.0
169571,"Beef, loin, bottom sirloin butt, tri-tip roast, separable lean only, trimmed to 0"" fat, all grades, cooked, roasted",SR Legacy,26.75,8.34,0.0,0.0,182.0
174024,"Beef, loin, bottom sirloin butt, tri-tip steak, separable lean and fat, trimmed to 0"" fat, all grades, cooked, broiled",SR Legacy,29.97,15.18,0.0,0.0,265.0
173991,"Beef, loin, tenderloin roast, boneless, separable lean and fat, trimmed to 0"" fat, all grades, cooked, roasted",SR Legacy,27.31,8.14,0.0,0.0,183.0
173987,"Beef, loin, tenderloin roast, boneless, separable lean and fat, trimmed to 0"" fat, all grades, raw",SR Legacy,21.67,6.93,0.0,0.0,149.0
171753,"Beef, loin, tenderloin roast, boneless, separable lean and fat, trimmed to 0"" fat, choice, cooked, roasted",SR Legacy,27.26,8.82,0.0,0.0,188.0
171748,"Beef, loin, tenderloin roast, boneless, separable lean and fat, trimmed to 0"" fat, choice, raw",SR Legacy,21.5,7.4,0.0,0.0,153.0
171754,"Beef, loin, tenderloin roast, boneless, separable lean and fat, trimmed to 0"" fat, select, cooked, roasted",SR Legacy,27.38,7.12,0.0,0.0,174.0
171749,"Beef, loin, tenderloin roast, boneless, separable lean and fat, trimmed to 0"" fat, select, raw",SR Legacy,21.91,6.21,0.0,0.0,144.0
174004,"Beef, loin, tenderloin roast, boneless, separable lean only, trimmed to 0"" fat, all grades, cooked, roasted",SR Legacy,27.51,7.49,0.0,0.0,177.0
171765,"Beef, loin, tenderloin roast, boneless, separable lean only, trimmed to 0"" fat, all grades, raw",SR Legacy,21.94,5.74,0.0,0.0,139.0
174005,"Beef, loin, tenderloin roast, boneless, separable lean only, trimmed to 0"" fat, choice, cooked, roasted",SR Legacy,27.48,8.13,0.0,0.0,183.0
174000,"Beef, loin, tenderloin roast, boneless, separable lean only, trimmed to 0"" fat, choice, raw",SR Legacy,21.78,6.16,0.0,0.0,143.0
174001,"Beef, loin, tenderloin roast, boneless, separable lean only, trimmed to 0"" fat, select, raw",SR Legacy,22.16,5.1,0.0,0.0,135.0
174006,"Beef, loin, tenderloin roast, separable lean only, boneless, trimmed to 0"" fat, select, cooked, roasted",SR Legacy,27.55,6.54,0.0,0.0,169.0
170237,"Beef, loin, tenderloin steak, boneless, separable lean and fat, trimmed to 0"" fat, all grades, cooked, grilled",SR Legacy,30.5,8.91,0.0,0.0,211.0
173988,"Beef, loin, tenderloin steak, boneless, separable lean and fat, trimmed to 0"" fat, all grades, raw",SR Legacy,21.72,6.67,0.0,0.0,147.0
170238,"Beef, loin, tenderloin steak, boneless, separable lean and fat, trimmed to 0"" fat, choice, cooked, grilled",SR Legacy,30.21,9.71,0.0,0.0,217.0
173989,"Beef, loin, tenderloin steak, boneless, separable lean and fat, trimmed to 0"" fat, choice, raw",SR Legacy,21.57,7.1,0.0,0.0,150.0
170640,"Beef, loin, tenderloin steak, boneless, separable lean and fat, trimmed to 0"" fat, select, cooked, grilled",SR Legacy,30.93,7.7,0.0,0.0,202.0
173990,"Beef, loin, tenderloin steak, boneless, separable lean and fat, trimmed to 0"" fat, select, raw",SR Legacy,21.95,6.02,0.0,0.0,142.0
170641,"Beef, loin, tenderloin steak, boneless, separable lean only, trimmed to 0"" fat, all grades, cooked, grilled",SR Legacy,30.7,8.32,0.0,0.0,198.0
171767,"Beef, loin, tenderloin steak, boneless, separable lean only, trimmed to 0"" fat, all grades, raw",SR Legacy,21.94,5.74,0.0,0.0,139.0
170642,"Beef, loin, tenderloin steak, boneless, separable lean only, trimmed to 0"" fat, choice, cooked, grilled",SR Legacy,30.45,9.03,0.0,0.0,211.0
171768,"Beef, loin, tenderloin steak, boneless, separable lean only, trimmed to 0"" fat, choice, raw",SR Legacy,21.78,6.16,0.0,0.0,143.0
170643,"Beef, loin, tenderloin steak, boneless, separable lean only, trimmed to 0"" fat, select, cooked, grilled",SR Legacy,31.09,7.25,0.0,0.0,198.0
171769,"Beef, loin, tenderloin steak, boneless, separable lean only, trimmed to 0"" fat, select, raw",SR Legacy,22.16,5.1,0.0,0.0,135.0
170239,"Beef, loin, top loin steak, boneless, lip off, separable lean and fat, trimmed to 0"" fat, all grades, cooked, grilled",SR Legacy,28.57,11.15,0.0,0.0,223.0
171750,"Beef, loin, top loin steak, boneless, lip off, separable lean and fat, trimmed to 0"" fat, all grades, raw",SR Legacy,22.43,8.17,0.0,0.0,163.0
170240,"Beef, loin, top loin steak, boneless, lip off, separable lean and fat, trimmed to 0"" fat, choice, cooked, grilled",SR Legacy,28.19,12.51,0.0,0.0,233.0
171751,"Beef, loin, top loin steak, boneless, lip off, separable lean and fat, trimmed to 0"" fat, choice, raw",SR Legacy,22.19,9.16,0.0,0.0,171.0
168631,"Beef, loin, top loin steak, boneless, lip off, separable lean and fat, trimmed to 0"" fat, select, cooked, grilled",SR Legacy,29.16,9.12,0.0,0.0,207.0
171752,"Beef, loin, top loin steak, boneless, lip off, separable lean and fat, trimmed to 0"" fat, select, raw",SR Legacy,22.79,6.67,0.0,0.0,151.0
168632,"Beef, loin, top loin steak, boneless, lip off, separable lean only, trimmed to 0"" fat, all grades, cooked, grilled",SR Legacy,29.53,8.41,0.0,0.0,202.0
174002,"Beef, loin, top loin steak, boneless, lip off, separable lean only, trimmed to 0"" fat, all grades, raw",SR Legacy,23.07,5.67,0.0,0.0,143.0
169455,"Beef, loin, top loin steak, boneless, lip off, separable lean only, trimmed to 0"" fat, choice, cooked, grilled",SR Legacy,29.22,9.52,0.0,0.0,211.0
174003,"Beef, loin, top loin steak, boneless, lip off, separable lean only, trimmed to 0"" fat, choice, raw",SR Legacy,22.93,6.34,0.0,0.0,149.0
169456,"Beef, loin, top loin steak, boneless, lip off, separable lean only, trimmed to 0"" fat, select, cooked, grilled",SR Legacy,29.99,6.74,0.0,0.0,189.0
171766,"Beef, loin, top loin steak, boneless, lip off, separable lean only, trimmed to 0"" fat, select, raw",SR Legacy,23.3,4.66,0.0,0.0,135.0
174714,"Beef, loin, top loin steak, boneless, lip-on, separable lean and fat, trimmed to 1/8"" fat, all grades, cooked, grilled",SR Legacy,26.18,17.69,0.0,0.0,264.0
171775,"Beef, loin, top loin steak, boneless, lip-on, separable lean and fat, trimmed to 1/8"" fat, all grades, raw",SR Legacy,21.29,12.68,0.0,0.0,199.0
174712,"Beef, loin, top loin steak, boneless, lip-on, separable lean and fat, trimmed to 1/8"" fat, choice, cooked, grilled",SR Legacy,25.69,19.19,0.0,0.0,275.0
173072,"Beef, loin, top loin steak, boneless, lip-on, separable lean and fat, trimmed to 1/8"" fat, choice, raw",SR Legacy,21.13,13.36,0.0,0.0,205.0
174713,"Beef, loin, top loin steak, boneless, lip-on, separable lean and fat, trimmed to 1/8"" fat, select, cooked, grilled",SR Legacy,26.92,15.44,0.0,0.0,247.0
171774,"Beef, loin, top loin steak, boneless, lip-on, separable lean and fat, trimmed to 1/8"" fat, select, raw",SR Legacy,21.54,11.65,0.0,0.0,191.0
173071,"Beef, loin, top loin steak, boneless, lip-on, separable lean only, trimmed to 1/8"" fat, all grades, cooked, grilled",SR Legacy,29.06,9.11,0.0,0.0,198.0
174011,"Beef, loin, top loin steak, boneless, lip-on, separable lean only, trimmed to 1/8"" fat, all grades, raw",SR Legacy,23.07,5.67,0.0,0.0,143.0
173069,"Beef, loin, top loin steak, boneless, lip-on, separable lean only, trimmed to 1/8"" fat, choice, cooked, grilled",SR Legacy,28.66,10.34,0.0,0.0,208.0
174010,"Beef, loin, top loin steak, boneless, lip-on, separable lean only, trimmed to 1/8"" fat, choice, raw",SR Legacy,22.93,6.34,0.0,0.0,149.0
173070,"Beef, loin, top loin steak, boneless, lip-on, separable lean only, trimmed to 1/8"" fat, select, cooked, grilled",SR Legacy,29.67,7.26,0.0,0.0,184.0
174009,"Beef, loin, top loin steak, boneless, lip-on, separable lean only, trimmed to 1/8"" fat, select, raw",SR Legacy,23.3,4.66,0.0,0.0,135.0
169539,"Beef, loin, top loin, separable lean and fat, trimmed to 1/8"" fat, all grades, cooked, grilled",SR Legacy,26.44,16.78,0.0,0.0,264.0
169540,"Beef, loin, top loin, separable lean and fat, trimmed to 1/8"" fat, choice, raw",SR Legacy,19.32,17.1,0.0,0.0,237.0
168720,"Beef, loin, top loin, separable lean and fat, trimmed to 1/8"" fat, select, cooked, grilled",SR Legacy,26.72,15.11,0.0,0.0,250.0
168719,"Beef, loin, top loin, separable lean and fat, trimmed to 1/8"" fat, select, raw",SR Legacy,20.59,15.04,0.0,0.0,224.0
173061,"Beef, loin, top sirloin cap steak, boneless, separable lean and fat, trimmed to 1/8"" fat, all grades, cooked, grilled",SR Legacy,26.0,15.0,0.8,0.0,242.0
174706,"Beef, loin, top sirloin cap steak, boneless, separable lean and fat, trimmed to 1/8"" fat, all grades, raw",SR Legacy,19.9,12.4,0.0,0.0,191.0
174704,"Beef, loin, top sirloin cap steak, boneless, separable lean and fat, trimmed to 1/8"" fat, choice, cooked, grilled",SR Legacy,26.3,14.3,1.1,0.0,238.0
174707,"Beef, loin, top sirloin cap steak, boneless, separable lean and fat, trimmed to 1/8"" fat, choice, raw",SR Legacy,19.7,13.4,0.0,0.0,199.0
174705,"Beef, loin, top sirloin cap steak, boneless, separable lean and fat, trimmed to 1/8"" fat, select, cooked, grilled",SR Legacy,25.5,16.1,0.4,0.0,249.0
173062,"Beef, loin, top sirloin cap steak, boneless, separable lean and fat, trimmed to 1/8"" fat, select, raw",SR Legacy,20.1,10.9,0.0,0.0,179.0
172170,"Beef, loin, top sirloin cap steak, boneless, separable lean only, trimmed to 1/8"" fat, all grades, cooked, grilled",SR Legacy,28.26,7.23,0.73,0.0,181.0
172173,"Beef, loin, top sirloin cap steak, boneless, separable lean only, trimmed to 1/8"" fat, all grades, raw",SR Legacy,21.38,5.36,0.0,0.0,134.0
172171,"Beef, loin, top sirloin cap steak, boneless, separable lean only, trimmed to 1/8"" fat, choice, cooked, grilled",SR Legacy,28.19,7.96,1.07,0.0,189.0
172174,"Beef, loin, top sirloin cap steak, boneless, separable lean only, trimmed to 1/8"" fat, choice, raw",SR Legacy,21.34,5.82,0.0,0.0,138.0
172172,"Beef, loin, top sirloin cap steak, boneless, separable lean only, trimmed to 1/8"" fat, select, cooked, grilled",SR Legacy,28.36,6.14,0.22,0.0,170.0
173409,"Beef, loin, top sirloin cap steak, boneless, separable lean only, trimmed to 1/8"" fat, select, raw",SR Legacy,21.44,4.68,0.0,0.0,128.0
174693,"Beef, loin, top sirloin filet, boneless, separable lean only, trimmed to 0"" fat, all grades, cooked, grilled",SR Legacy,30.58,5.37,0.0,0.0,171.0
174694,"Beef, loin, top sirloin filet, boneless, separable lean only, trimmed to 0"" fat, choice, cooked, grilled",SR Legacy,30.45,5.83,0.0,0.0,174.0
173050,"Beef, loin, top sirloin filet, boneless, separable lean only, trimmed to 0"" fat, select, cooked, grilled",SR Legacy,30.78,4.68,0.0,0.0,165.0
173051,"Beef, loin, top sirloin petite roast, boneless, separable lean only, trimmed to 0"" fat, all grades, cooked, roasted",SR Legacy,29.12,5.92,0.0,0.0,170.0
173407,"Beef, loin, top sirloin petite roast, boneless, separable lean only, trimmed to 0"" fat, choice, cooked, roasted",SR Legacy,28.97,6.37,0.0,0.0,173.0
173052,"Beef, loin, top sirloin petite roast, boneless, separable lean only, trimmed to 0"" fat, select, cooked, roasted",SR Legacy,29.35,5.25,0.0,0.0,165.0
173053,"Beef, loin, top sirloin petite roast/filet, boneless, separable lean only, trimmed to 0"" fat, all grades, raw",SR Legacy,23.04,3.98,0.0,0.0,128.0
173408,"Beef, loin, top sirloin petite roast/filet, boneless, separable lean only, trimmed to 0"" fat, choice, raw",SR Legacy,23.03,4.4,0.0,0.0,132.0
174695,"Beef, loin, top sirloin petite roast/filet, boneless, separable lean only, trimmed to 0"" fat, select, raw",SR Legacy,23.05,3.35,0.0,0.0,122.0
173097,"Beef, New Zealand, imported, bolar blade, separable lean and fat, cooked, fast roasted",SR Legacy,31.3,11.37,0.0,0.0,228.0
173098,"Beef, New Zealand, imported, bolar blade, separable lean and fat, raw",SR Legacy,21.29,8.22,0.0,0.0,159.0
174715,"Beef, New Zealand, imported, bolar blade, separable lean only, cooked, fast roasted",SR Legacy,33.53,6.57,0.0,0.0,193.0
174716,"Beef, New Zealand, imported, bolar blade, separable lean only, raw",SR Legacy,22.09,4.49,0.0,0.0,129.0
174739,"Beef, New Zealand, imported, brisket navel end, separable lean and fat, cooked, braised",SR Legacy,20.14,41.33,0.0,0.0,453.0
174740,"Beef, New Zealand, imported, brisket navel end, separable lean and fat, raw",SR Legacy,15.81,31.27,0.0,0.0,345.0
174717,"Beef, New Zealand, imported, brisket navel end, separable lean only, cooked, braised",SR Legacy,29.35,16.37,0.0,0.0,265.0
174718,"Beef, New Zealand, imported, brisket navel end, separable lean only, raw",SR Legacy,19.74,12.75,0.0,0.0,194.0
174741,"Beef, New Zealand, imported, brisket point end, separable lean and fat, cooked, braised",SR Legacy,31.94,13.6,0.0,0.0,250.0
174742,"Beef, New Zealand, imported, brisket point end, separable lean and fat, raw",SR Legacy,20.05,9.23,0.0,0.0,163.0
173073,"Beef, New Zealand, imported, brisket point end, separable lean only, cooked, braised",SR Legacy,34.51,7.05,0.0,0.0,202.0
173074,"Beef, New Zealand, imported, brisket point end, separable lean only, raw",SR Legacy,20.92,4.62,0.0,0.0,125.0
173099,"Beef, New Zealand, imported, chuck eye roll, separable lean and fat, cooked, braised",SR Legacy,29.92,14.74,0.0,0.0,252.0
173100,"Beef, New Zealand, imported, chuck eye roll, separable lean and fat, raw",SR Legacy,19.38,11.45,0.0,0.0,181.0
173076,"Beef, New Zealand, imported, chuck eye roll, separable lean only, cooked, braised",SR Legacy,32.08,8.89,0.0,0.0,208.0
173075,"Beef, New Zealand, imported, chuck eye roll, separable lean only, raw",SR Legacy,20.46,5.41,0.0,0.0,131.0
173101,"Beef, New Zealand, imported, cube roll, separable lean and fat, cooked, fast roasted",SR Legacy,27.79,19.45,0.03,0.0,286.0
173102,"Beef, New Zealand, imported, cube roll, separable lean and fat, raw",SR Legacy,18.22,16.31,1.26,0.0,225.0
174719,"Beef, New Zealand, imported, cube roll, separable lean only, cooked, fast roasted",SR Legacy,30.09,13.22,0.0,0.0,239.0
174720,"Beef, New Zealand, imported, cube roll, separable lean only, raw",SR Legacy,19.77,8.51,1.38,0.0,161.0
174743,"Beef, New Zealand, imported, eye round, separable lean and fat, cooked, slow roasted",SR Legacy,29.49,5.57,0.0,0.0,168.0
174744,"Beef, New Zealand, imported, eye round, separable lean and fat, raw",SR Legacy,19.88,4.92,1.32,0.0,129.0
174721,"Beef, New Zealand, imported, eye round, separable lean only, cooked, slow roasted",SR Legacy,29.68,4.98,0.0,0.0,164.0
174722,"Beef, New Zealand, imported, eye round, separable lean only, raw",SR Legacy,20.15,3.35,1.35,0.0,116.0
174745,"Beef, New Zealand, imported, flank, separable lean and fat, cooked, braised",SR Legacy,30.13,9.73,0.0,0.0,208.0
174746,"Beef, New Zealand, imported, flank, separable lean and fat, raw",SR Legacy,20.12,8.9,0.0,0.0,161.0
173077,"Beef, New Zealand, imported, flank, separable lean only, cooked, braised",SR Legacy,30.75,7.92,0.0,0.0,194.0
173078,"Beef, New Zealand, imported, flank, separable lean only, raw",SR Legacy,20.53,6.67,0.0,0.0,142.0
174747,"Beef, New Zealand, imported, flat, separable lean and fat, cooked, braised",SR Legacy,31.86,13.79,0.0,0.0,252.0
173103,"Beef, New Zealand, imported, flat, separable lean and fat, raw",SR Legacy,20.57,10.55,0.0,0.0,177.0
173079,"Beef, New Zealand, imported, flat, separable lean only, cooked, braised",SR Legacy,33.22,10.3,0.0,0.0,226.0
173080,"Beef, New Zealand, imported, flat, separable lean only, raw",SR Legacy,21.3,7.69,0.0,0.0,154.0
173104,"Beef, New Zealand, imported, hind shin, separable lean and fat, cooked, braised",SR Legacy,29.82,8.5,0.07,0.0,196.0
173105,"Beef, New Zealand, imported, hind shin, separable lean and fat, raw",SR Legacy,20.61,7.2,0.0,0.0,147.0
174724,"Beef, New Zealand, imported, hind shin, separable lean only, cooked, braised",SR Legacy,31.23,4.64,0.0,0.0,167.0
174725,"Beef, New Zealand, imported, hind shin, separable lean only, raw",SR Legacy,21.46,3.12,0.0,0.0,114.0
174726,"Beef, New Zealand, imported, inside, raw",SR Legacy,22.16,4.36,0.1,0.0,128.0
173082,"Beef, New Zealand, imported, intermuscular fat, cooked",SR Legacy,7.9,57.22,3.39,0.0,560.0
173083,"Beef, New Zealand, imported, intermuscular fat, raw",SR Legacy,6.97,63.78,0.01,0.0,602.0
173085,"Beef, New Zealand, imported, knuckle, cooked, fast fried",SR Legacy,27.51,7.58,0.0,0.0,178.0
174730,"Beef, New Zealand, imported, manufacturing beef, cooked, boiled",SR Legacy,24.21,3.26,0.0,0.0,126.0
173086,"Beef, New Zealand, imported, manufacturing beef, raw",SR Legacy,21.23,3.68,0.23,0.0,119.0
173106,"Beef, New Zealand, imported, oyster blade, separable lean and fat, cooked, braised",SR Legacy,29.79,8.68,0.0,0.0,197.0
174735,"Beef, New Zealand, imported, oyster blade, separable lean and fat, raw",SR Legacy,21.27,10.31,0.0,0.0,178.0
173087,"Beef, New Zealand, imported, oyster blade, separable lean only, cooked, braised",SR Legacy,29.87,8.46,0.0,0.0,196.0
173088,"Beef, New Zealand, imported, oyster blade, separable lean only, raw",SR Legacy,21.83,7.56,0.0,0.0,155.0
173089,"Beef, New Zealand, imported, ribs prepared, cooked, fast roasted",SR Legacy,27.23,9.74,0.09,0.0,197.0
174731,"Beef, New Zealand, imported, ribs prepared, raw",SR Legacy,21.31,6.78,0.0,0.0,146.0
174748,"Beef, New Zealand, imported, rump centre, separable lean and fat, cooked, fast fried",SR Legacy,30.01,7.96,0.0,0.0,192.0
174750,"Beef, New Zealand, imported, rump centre, separable lean and fat, raw",SR Legacy,21.65,6.5,0.0,0.0,145.0
174732,"Beef, New Zealand, imported, rump centre, separable lean only, cooked, fast fried",SR Legacy,30.17,7.48,0.0,0.0,188.0
174749,"Beef, New Zealand, imported, rump centre, separable lean only, raw",SR Legacy,21.74,6.05,0.0,0.0,141.0
174751,"Beef, New Zealand, imported, striploin, separable lean and fat, cooked, fast fried",SR Legacy,24.89,22.33,0.02,0.0,301.0
173107,"Beef, New Zealand, imported, striploin, separable lean and fat, raw",SR Legacy,18.49,19.53,0.6,0.0,252.0
174733,"Beef, New Zealand, imported, striploin, separable lean only, cooked, fast fried",SR Legacy,28.53,11.4,0.0,0.0,217.0
174734,"Beef, New Zealand, imported, striploin, separable lean only, raw",SR Legacy,20.93,7.0,0.74,0.0,150.0
173090,"Beef, New Zealand, imported, subcutaneous fat, cooked",SR Legacy,6.5,78.3,0.0,0.0,731.0
173091,"Beef, New Zealand, imported, subcutaneous fat, raw",SR Legacy,8.5,72.38,0.0,0.0,685.0
173092,"Beef, New Zealand, imported, sweetbread, cooked, boiled",SR Legacy,12.53,29.79,0.0,0.0,318.0
173093,"Beef, New Zealand, imported, sweetbread, raw",SR Legacy,11.51,28.6,0.0,0.0,303.0
173108,"Beef, New Zealand, imported, tenderloin, separable lean and fat, cooked, fast fried",SR Legacy,29.26,9.35,0.27,0.0,202.0
173109,"Beef, New Zealand, imported, tenderloin, separable lean and fat, raw",SR Legacy,21.04,6.88,0.0,0.0,146.0
173094,"Beef, New Zealand, imported, tenderloin, separable lean only, cooked, fast fried",SR Legacy,29.37,9.01,0.27,0.0,200.0
174736,"Beef, New Zealand, imported, tenderloin, separable lean only, raw",SR Legacy,21.19,6.1,0.0,0.0,140.0
174728,"Beef, New Zealand, imported, variety meats and by-products liver, cooked, boiled",SR Legacy,23.3,4.68,3.78,0.0,150.0
173081,"Beef, New Zealand, imported, variety meats and by-products, heart, cooked, boiled",SR Legacy,31.29,6.0,0.0,0.0,179.0
174723,"Beef, New Zealand, imported, variety meats and by-products, heart, raw",SR Legacy,18.52,3.4,0.0,0.0,105.0
173084,"Beef, New Zealand, imported, variety meats and by-products, kidney, cooked, boiled",SR Legacy,27.28,5.27,0.0,0.0,157.0
174727,"Beef, New Zealand, imported, variety meats and by-products, kidney, raw",SR Legacy,15.68,2.64,0.0,0.0,87.0
174729,"Beef, New Zealand, imported, variety meats and by-products, liver, raw",SR Legacy,20.5,4.05,3.6,0.0,133.0
174737,"Beef, New Zealand, imported, variety meats and by-products, tongue, cooked, boiled",SR Legacy,18.31,20.34,3.68,0.0,271.0
174738,"Beef, New Zealand, imported, variety meats and by-products, tongue, raw",SR Legacy,17.77,19.09,0.0,0.0,243.0
173095,"Beef, New Zealand, imported, variety meats and by-products, tripe cooked, boiled",SR Legacy,19.0,2.98,0.0,0.0,103.0
173096,"Beef, New Zealand, imported, variety meats and by-products, tripe uncooked, raw",SR Legacy,14.86,1.98,0.0,0.0,77.0
173395,"Beef, plate steak, boneless, inside skirt, separable lean and fat, trimmed to 0"" fat, all grades, cooked, grilled",SR Legacy,29.36,14.2,0.0,0.0,245.0
172158,"Beef, plate steak, boneless, inside skirt, separable lean and fat, trimmed to 0"" fat, all grades, raw",SR Legacy,20.38,11.71,0.0,0.0,187.0
173396,"Beef, plate steak, boneless, inside skirt, separable lean and fat, trimmed to 0"" fat, choice, cooked, grilled",SR Legacy,28.9,15.3,0.0,0.0,253.0
172159,"Beef, plate steak, boneless, inside skirt, separable lean and fat, trimmed to 0"" fat, choice, raw",SR Legacy,20.06,12.78,0.0,0.0,195.0
172157,"Beef, plate steak, boneless, inside skirt, separable lean and fat, trimmed to 0"" fat, select, cooked, grilled",SR Legacy,30.06,12.54,0.0,0.0,233.0
172160,"Beef, plate steak, boneless, inside skirt, separable lean and fat, trimmed to 0"" fat, select, raw",SR Legacy,20.87,10.11,0.0,0.0,174.0
173373,"Beef, plate steak, boneless, inside skirt, separable lean only, trimmed to 0"" fat, all grades, cooked, grilled",SR Legacy,29.99,12.69,0.0,0.0,234.0
173374,"Beef, plate steak, boneless, inside skirt, separable lean only, trimmed to 0"" fat, all grades, raw",SR Legacy,21.17,8.82,0.0,0.0,164.0
173375,"Beef, plate steak, boneless, inside skirt, separable lean only, trimmed to 0"" fat, choice, cooked, grilled",SR Legacy,29.56,13.72,0.0,0.0,242.0
172137,"Beef, plate steak, boneless, inside skirt, separable lean only, trimmed to 0"" fat, choice, raw",SR Legacy,20.89,9.76,0.0,0.0,171.0
172138,"Beef, plate steak, boneless, inside skirt, separable lean only, trimmed to 0"" fat, select, cooked, grilled",SR Legacy,30.64,11.16,0.0,0.0,223.0
172139,"Beef, plate steak, boneless, inside skirt, separable lean only, trimmed to 0"" fat, select, raw",SR Legacy,21.61,7.41,0.0,0.0,153.0
173397,"Beef, plate steak, boneless, outside skirt, separable lean and fat, trimmed to 0"" fat, all grades, cooked, grilled",SR Legacy,27.06,20.47,0.0,0.0,292.0
173400,"Beef, plate steak, boneless, outside skirt, separable lean and fat, trimmed to 0"" fat, all grades, raw",SR Legacy,17.98,17.59,0.35,0.0,232.0
173398,"Beef, plate steak, boneless, outside skirt, separable lean and fat, trimmed to 0"" fat, choice, cooked, grilled",SR Legacy,26.46,21.62,0.0,0.0,300.0
172162,"Beef, plate steak, boneless, outside skirt, separable lean and fat, trimmed to 0"" fat, choice, raw",SR Legacy,17.69,18.44,0.35,0.0,238.0
173399,"Beef, plate steak, boneless, outside skirt, separable lean and fat, trimmed to 0"" fat, select, cooked, grilled",SR Legacy,27.95,18.75,0.0,0.0,281.0
172163,"Beef, plate steak, boneless, outside skirt, separable lean and fat, trimmed to 0"" fat, select, raw",SR Legacy,18.43,16.31,0.36,0.0,222.0
172140,"Beef, plate steak, boneless, outside skirt, separable lean only, trimmed to 0"" fat, all grades, cooked, grilled",SR Legacy,27.68,19.01,0.0,0.0,282.0
173376,"Beef, plate steak, boneless, outside skirt, separable lean only, trimmed to 0"" fat, all grades, raw",SR Legacy,18.74,14.53,0.19,0.0,206.0
173377,"Beef, plate steak, boneless, outside skirt, separable lean only, trimmed to 0"" fat, choice, cooked, grilled",SR Legacy,27.03,20.28,0.0,0.0,291.0
173378,"Beef, plate steak, boneless, outside skirt, separable lean only, trimmed to 0"" fat, choice, raw",SR Legacy,18.47,15.26,0.17,0.0,212.0
173379,"Beef, plate steak, boneless, outside skirt, separable lean only, trimmed to 0"" fat, select, cooked, grilled",SR Legacy,28.65,17.1,0.0,0.0,268.0
172141,"Beef, plate steak, boneless, outside skirt, separable lean only, trimmed to 0"" fat, select, raw",SR Legacy,19.14,13.44,0.23,0.0,198.0
171787,"Beef, plate, inside skirt steak, separable lean and fat, trimmed to 0"" fat, all grades, cooked, broiled",SR Legacy,26.13,12.05,0.0,0.0,220.0
168744,"Beef, plate, inside skirt steak, separable lean only, trimmed to 0"" fat, all grades, cooked, broiled",SR Legacy,26.66,10.06,0.0,0.0,205.0
171788,"Beef, plate, outside skirt steak, separable lean and fat, trimmed to 0"" fat, all grades, cooked, broiled",SR Legacy,23.51,17.13,0.0,0.0,255.0
168745,"Beef, plate, outside skirt steak, separable lean only, trimmed to 0"" fat, all grades, cooked, broiled",SR Legacy,24.18,14.37,0.0,0.0,233.0
168606,"Beef, retail cuts, separable fat, cooked",SR Legacy,10.65,70.33,0.0,0.0,680.0
168605,"Beef, retail cuts, separable fat, raw",SR Legacy,8.21,70.89,0.0,0.0,674.0
172150,"Beef, rib eye roast, bone-in, lip-on, separable lean and fat, trimmed to 1/8"" fat, all grades, cooked, roasted",SR Legacy,23.47,22.91,0.0,0.0,300.0
173388,"Beef, rib eye roast, bone-in, lip-on, separable lean and fat, trimmed to 1/8"" fat, choice, cooked, roasted",SR Legacy,23.53,23.61,0.0,0.0,307.0
172149,"Beef, rib eye roast, bone-in, lip-on, separable lean and fat, trimmed to 1/8"" fat, select, cooked, roasted",SR Legacy,23.36,21.85,0.0,0.0,290.0
170836,"Beef, rib eye roast, bone-in, lip-on, separable lean only, trimmed to 1/8"" fat, all grades, cooked, roasted",SR Legacy,27.12,13.64,0.0,0.0,231.0
171210,"Beef, rib eye roast, bone-in, lip-on, separable lean only, trimmed to 1/8"" fat, choice, cooked, roasted",SR Legacy,27.18,14.55,0.0,0.0,240.0
170837,"Beef, rib eye roast, bone-in, lip-on, separable lean only, trimmed to 1/8"" fat, select, cooked, roasted",SR Legacy,27.03,12.29,0.0,0.0,219.0
172153,"Beef, rib eye roast, boneless, lip-on, separable lean and fat, trimmed to 1/8"" fat, all grades, cooked, roasted",SR Legacy,24.3,21.66,0.0,0.0,292.0
172154,"Beef, rib eye roast, boneless, lip-on, separable lean and fat, trimmed to 1/8"" fat, choice, cooked, roasted",SR Legacy,23.92,22.98,0.0,0.0,303.0
172155,"Beef, rib eye roast, boneless, lip-on, separable lean and fat, trimmed to 1/8"" fat, select, cooked, roasted",SR Legacy,24.85,19.68,0.0,0.0,277.0
171239,"Beef, rib eye roast, boneless, lip-on, separable lean only, trimmed to 1/8"" fat, all grades, cooked, roasted",SR Legacy,28.21,11.68,0.0,0.0,218.0
170842,"Beef, rib eye roast, boneless, lip-on, separable lean only, trimmed to 1/8"" fat, choice, cooked, roasted",SR Legacy,27.87,13.01,0.0,0.0,229.0
173372,"Beef, rib eye roast, boneless, lip-on, separable lean only, trimmed to 1/8"" fat, select, cooked, roasted",SR Legacy,28.72,9.68,0.0,0.0,202.0
173387,"Beef, rib eye steak, bone-in, lip-on, separable lean and fat, trimmed to 1/8"" fat, all grades, cooked, grilled",SR Legacy,22.9,24.2,0.0,0.0,309.0
173385,"Beef, rib eye steak, bone-in, lip-on, separable lean and fat, trimmed to 1/8"" fat, choice, cooked, grilled",SR Legacy,22.71,24.7,0.0,0.0,313.0
173386,"Beef, rib eye steak, bone-in, lip-on, separable lean and fat, trimmed to 1/8"" fat, select, cooked, grilled",SR Legacy,23.19,23.47,0.0,0.0,304.0
171236,"Beef, rib eye steak, bone-in, lip-on, separable lean only, trimmed to 1/8"" fat, all grades, cooked, grilled",SR Legacy,27.4,12.43,0.0,0.0,221.0
171237,"Beef, rib eye steak, bone-in, lip-on, separable lean only, trimmed to 1/8"" fat, choice, cooked, grilled",SR Legacy,27.03,13.44,0.0,0.0,229.0
171238,"Beef, rib eye steak, bone-in, lip-on, separable lean only, trimmed to 1/8"" fat, select, cooked, grilled",SR Legacy,27.96,10.91,0.0,0.0,210.0
172164,"Beef, rib eye steak, boneless, lip off, separable lean and fat, trimmed to 0"" fat, all grades, cooked, grilled",SR Legacy,24.85,19.02,0.0,0.0,271.0
173402,"Beef, rib eye steak, boneless, lip off, separable lean and fat, trimmed to 0"" fat, all grades, raw",SR Legacy,19.26,16.71,0.12,0.0,228.0
172165,"Beef, rib eye steak, boneless, lip off, separable lean and fat, trimmed to 0"" fat, choice, cooked, grilled",SR Legacy,23.89,21.1,0.0,0.0,285.0
173403,"Beef, rib eye steak, boneless, lip off, separable lean and fat, trimmed to 0"" fat, choice, raw",SR Legacy,18.69,18.43,0.2,0.0,241.0
173401,"Beef, rib eye steak, boneless, lip off, separable lean and fat, trimmed to 0"" fat, select, cooked, grilled",SR Legacy,26.29,15.9,0.0,0.0,248.0
173404,"Beef, rib eye steak, boneless, lip off, separable lean and fat, trimmed to 0"" fat, select, raw",SR Legacy,20.12,14.14,0.0,0.0,208.0
172142,"Beef, rib eye steak, boneless, lip off, separable lean only, trimmed to 0"" fat, all grades, cooked, grilled",SR Legacy,28.11,10.37,0.0,0.0,206.0
172143,"Beef, rib eye steak, boneless, lip off, separable lean only, trimmed to 0"" fat, all grades, raw",SR Legacy,21.85,7.41,0.0,0.0,154.0
172144,"Beef, rib eye steak, boneless, lip off, separable lean only, trimmed to 0"" fat, choice, cooked, grilled",SR Legacy,27.39,11.75,0.0,0.0,215.0
173380,"Beef, rib eye steak, boneless, lip off, separable lean only, trimmed to 0"" fat, choice, raw",SR Legacy,21.44,8.5,0.0,0.0,162.0
173381,"Beef, rib eye steak, boneless, lip off, separable lean only, trimmed to 0"" fat, select, cooked, grilled",SR Legacy,29.18,8.31,0.0,0.0,191.0
173382,"Beef, rib eye steak, boneless, lip off, separable lean only, trimmed to 0"" fat, select, raw",SR Legacy,22.46,5.78,0.0,0.0,142.0
173392,"Beef, rib eye steak, boneless, lip-on, separable lean and fat, trimmed to 1/8"" fat, all grades, cooked, grilled",SR Legacy,23.69,21.81,0.0,0.0,291.0
173390,"Beef, rib eye steak, boneless, lip-on, separable lean and fat, trimmed to 1/8"" fat, choice, cooked, grilled",SR Legacy,22.92,23.52,0.0,0.0,303.0
173391,"Beef, rib eye steak, boneless, lip-on, separable lean and fat, trimmed to 1/8"" fat, select, cooked, grilled",SR Legacy,24.83,19.25,0.0,0.0,273.0
171209,"Beef, rib eye steak, boneless, lip-on, separable lean only, trimmed to 1/8"" fat, all grades, cooked, grilled",SR Legacy,27.97,10.57,0.0,0.0,207.0
171232,"Beef, rib eye steak, boneless, lip-on, separable lean only, trimmed to 1/8"" fat, choice, cooked, grilled",SR Legacy,27.3,11.97,0.0,0.0,217.0
171233,"Beef, rib eye steak, boneless, lip-on, separable lean only, trimmed to 1/8"" fat, select, cooked, grilled",SR Legacy,28.98,8.48,0.0,0.0,192.0
172151,"Beef, rib eye steak/roast, bone-in, lip-on, separable lean and fat, trimmed to 1/8"" fat, all grades, raw",SR Legacy,18.13,20.31,0.0,0.0,255.0
172152,"Beef, rib eye steak/roast, bone-in, lip-on, separable lean and fat, trimmed to 1/8"" fat, choice, raw",SR Legacy,17.92,20.96,0.0,0.0,260.0
173389,"Beef, rib eye steak/roast, bone-in, lip-on, separable lean and fat, trimmed to 1/8"" fat, select, raw",SR Legacy,18.44,19.34,0.0,0.0,248.0
171234,"Beef, rib eye steak/roast, bone-in, lip-on, separable lean only, trimmed to 1/8"" fat, all grades, raw",SR Legacy,21.22,9.04,0.0,0.0,166.0
171235,"Beef, rib eye steak/roast, bone-in, lip-on, separable lean only, trimmed to 1/8"" fat, choice, raw",SR Legacy,20.93,9.97,0.0,0.0,173.0
170838,"Beef, rib eye steak/roast, bone-in, lip-on, separable lean only, trimmed to 1/8"" fat, select, raw",SR Legacy,21.65,7.64,0.0,0.0,155.0
172156,"Beef, rib eye steak/roast, boneless, lip-on, separable lean and fat, trimmed to 1/8"" fat, all grades, raw",SR Legacy,18.85,18.73,0.0,0.0,244.0
173393,"Beef, rib eye steak/roast, boneless, lip-on, separable lean and fat, trimmed to 1/8"" fat, choice, raw",SR Legacy,18.39,19.95,0.0,0.0,253.0
173394,"Beef, rib eye steak/roast, boneless, lip-on, separable lean and fat, trimmed to 1/8"" fat, select, raw",SR Legacy,19.55,16.9,0.0,0.0,230.0
170839,"Beef, rib eye steak/roast, boneless, lip-on, separable lean only, trimmed to 1/8"" fat, all grades, raw",SR Legacy,21.99,7.54,0.0,0.0,156.0
170840,"Beef, rib eye steak/roast, boneless, lip-on, separable lean only, trimmed to 1/8"" fat, choice, raw",SR Legacy,21.62,8.29,0.0,0.0,161.0
170841,"Beef, rib eye steak/roast, boneless, lip-on, separable lean only, trimmed to 1/8"" fat, select, raw",SR Legacy,22.55,6.41,0.0,0.0,148.0
169557,"Beef, rib eye, small end (ribs 10-12), separable lean and fat, trimmed to 0"" fat, all grades, cooked, broiled",SR Legacy,27.27,14.74,0.0,0.0,249.0
169556,"Beef, rib eye, small end (ribs 10-12), separable lean and fat, trimmed to 0"" fat, select, cooked, broiled",SR Legacy,27.95,12.71,0.0,0.0,234.0
168621,"Beef, rib eye, small end (ribs 10-12), separable lean only, trimmed to 0"" fat, select, raw",SR Legacy,21.17,6.57,0.0,0.0,149.0
172166,"Beef, rib, back ribs, bone-in, separable lean and fat, trimmed to 0"" fat, all grades, cooked, braised",SR Legacy,24.23,29.21,0.0,0.0,360.0
172169,"Beef, rib, back ribs, bone-in, separable lean and fat, trimmed to 0"" fat, all grades, raw",SR Legacy,16.15,28.42,0.78,0.0,324.0
172167,"Beef, rib, back ribs, bone-in, separable lean and fat, trimmed to 0"" fat, choice, cooked, braised",SR Legacy,23.34,30.95,0.0,0.0,372.0
173405,"Beef, rib, back ribs, bone-in, separable lean and fat, trimmed to 0"" fat, choice, raw",SR Legacy,15.75,29.89,0.9,0.0,336.0
172168,"Beef, rib, back ribs, bone-in, separable lean and fat, trimmed to 0"" fat, select, cooked, braised",SR Legacy,25.56,26.59,0.0,0.0,341.0
173406,"Beef, rib, back ribs, bone-in, separable lean and fat, trimmed to 0"" fat, select, raw",SR Legacy,16.75,26.23,0.6,0.0,305.0
173383,"Beef, rib, back ribs, bone-in, separable lean only, trimmed to 0"" fat, all grades, cooked, braised",SR Legacy,28.36,20.57,0.0,0.0,299.0
172145,"Beef, rib, back ribs, bone-in, separable lean only, trimmed to 0"" fat, all grades, raw",SR Legacy,19.11,17.91,0.46,0.0,239.0
172146,"Beef, rib, back ribs, bone-in, separable lean only, trimmed to 0"" fat, choice, cooked, braised",SR Legacy,27.75,21.72,0.0,0.0,306.0
172147,"Beef, rib, back ribs, bone-in, separable lean only, trimmed to 0"" fat, choice, raw",SR Legacy,18.72,19.36,0.64,0.0,252.0
172148,"Beef, rib, back ribs, bone-in, separable lean only, trimmed to 0"" fat, select, cooked, braised",SR Legacy,29.28,18.84,0.0,0.0,287.0
173384,"Beef, rib, back ribs, bone-in, separable lean only, trimmed to 0"" fat, select, raw",SR Legacy,19.71,15.73,0.2,0.0,221.0
168648,"Beef, rib, eye, small end (ribs 10- 12) separable lean only, trimmed to 0"" fat, select, cooked, broiled",SR Legacy,29.93,6.05,0.0,0.0,182.0
169436,"Beef, rib, eye, small end (ribs 10-12), separable lean and fat, trimmed to 0"" fat, choice, cooked, broiled",SR Legacy,26.58,16.76,0.0,0.0,265.0
168612,"Beef, rib, eye, small end (ribs 10-12), separable lean and fat, trimmed to 0"" fat, choice, raw",SR Legacy,17.51,22.07,0.0,0.0,274.0
169438,"Beef, rib, eye, small end (ribs 10-12), separable lean only, trimmed to 0"" fat, choice, cooked, broiled",SR Legacy,28.88,9.01,0.0,0.0,205.0
169437,"Beef, rib, eye, small end (ribs 10-12), separable lean only, trimmed to 0"" fat, choice, raw",SR Legacy,20.13,8.3,0.0,0.0,161.0
170619,"Beef, rib, large end (ribs 6-9), separable lean and fat, trimmed to 0"" fat, choice, cooked, roasted",SR Legacy,22.8,30.49,0.0,0.0,372.0
170620,"Beef, rib, large end (ribs 6-9), separable lean and fat, trimmed to 0"" fat, select, cooked, roasted",SR Legacy,23.48,25.54,0.0,0.0,331.0
168681,"Beef, rib, large end (ribs 6-9), separable lean and fat, trimmed to 1/8"" fat, all grades, cooked, broiled",SR Legacy,21.55,27.22,0.0,0.0,338.0
168682,"Beef, rib, large end (ribs 6-9), separable lean and fat, trimmed to 1/8"" fat, all grades, cooked, roasted",SR Legacy,23.01,28.51,0.0,0.0,355.0
168680,"Beef, rib, large end (ribs 6-9), separable lean and fat, trimmed to 1/8"" fat, all grades, raw",SR Legacy,16.26,27.29,0.0,0.0,316.0
169506,"Beef, rib, large end (ribs 6-9), separable lean and fat, trimmed to 1/8"" fat, choice, cooked, broiled",SR Legacy,20.86,31.18,0.0,0.0,370.0
169507,"Beef, rib, large end (ribs 6-9), separable lean and fat, trimmed to 1/8"" fat, choice, cooked, roasted",SR Legacy,22.5,31.28,0.0,0.0,378.0
169505,"Beef, rib, large end (ribs 6-9), separable lean and fat, trimmed to 1/8"" fat, choice, raw",SR Legacy,16.03,29.34,0.0,0.0,333.0
168686,"Beef, rib, large end (ribs 6-9), separable lean and fat, trimmed to 1/8"" fat, prime, cooked, broiled",SR Legacy,20.65,34.97,0.0,0.0,404.0
168687,"Beef, rib, large end (ribs 6-9), separable lean and fat, trimmed to 1/8"" fat, prime, cooked, roasted",SR Legacy,22.86,32.74,0.0,0.0,393.0
168685,"Beef, rib, large end (ribs 6-9), separable lean and fat, trimmed to 1/8"" fat, prime, raw",SR Legacy,15.77,33.26,0.0,0.0,367.0
168683,"Beef, rib, large end (ribs 6-9), separable lean and fat, trimmed to 1/8"" fat, select, cooked, broiled",SR Legacy,21.55,25.71,0.0,0.0,324.0
168684,"Beef, rib, large end (ribs 6-9), separable lean and fat, trimmed to 1/8"" fat, select, cooked, roasted",SR Legacy,23.4,25.84,0.0,0.0,333.0
169508,"Beef, rib, large end (ribs 6-9), separable lean and fat, trimmed to 1/8"" fat, select, raw",SR Legacy,16.52,24.85,0.0,0.0,295.0
170621,"Beef, rib, large end (ribs 6-9), separable lean only, trimmed to 0"" fat, all grades, cooked, roasted",SR Legacy,27.53,13.4,0.0,0.0,238.0
170622,"Beef, rib, large end (ribs 6-9), separable lean only, trimmed to 0"" fat, choice, cooked, roasted",SR Legacy,27.53,15.0,0.0,0.0,253.0
170218,"Beef, rib, large end (ribs 6-9), separable lean only, trimmed to 0"" fat, select, cooked, roasted",SR Legacy,27.53,11.4,0.0,0.0,220.0
168613,"Beef, rib, shortribs, separable lean and fat, choice, cooked, braised",SR Legacy,21.57,41.98,0.0,0.0,471.0
169439,"Beef, rib, shortribs, separable lean and fat, choice, raw",SR Legacy,14.4,36.23,0.4,0.0,390.0
168615,"Beef, rib, shortribs, separable lean only, choice, cooked, braised",SR Legacy,30.76,18.13,0.0,0.0,295.0
168614,"Beef, rib, shortribs, separable lean only, choice, raw",SR Legacy,19.05,10.19,0.4,0.0,175.0
170219,"Beef, rib, small end (ribs 10-12), separable lean and fat, trimmed to 0"" fat, all grades, cooked, broiled",SR Legacy,27.27,14.74,0.0,0.0,249.0
170220,"Beef, rib, small end (ribs 10-12), separable lean and fat, trimmed to 0"" fat, choice, cooked, broiled",SR Legacy,24.73,22.84,0.0,0.0,312.0
170221,"Beef, rib, small end (ribs 10-12), separable lean and fat, trimmed to 0"" fat, select, cooked, broiled",SR Legacy,24.91,19.79,0.0,0.0,285.0
169510,"Beef, rib, small end (ribs 10-12), separable lean and fat, trimmed to 1/8"" fat, all grades, cooked, broiled",SR Legacy,25.85,20.04,0.0,0.0,291.0
169511,"Beef, rib, small end (ribs 10-12), separable lean and fat, trimmed to 1/8"" fat, all grades, cooked, roasted",SR Legacy,22.54,27.14,0.0,0.0,341.0
169509,"Beef, rib, small end (ribs 10-12), separable lean and fat, trimmed to 1/8"" fat, all grades, raw",SR Legacy,19.33,19.06,0.0,0.0,254.0
168688,"Beef, rib, small end (ribs 10-12), separable lean and fat, trimmed to 1/8"" fat, choice, cooked, broiled",SR Legacy,24.53,22.09,0.0,0.0,304.0
168689,"Beef, rib, small end (ribs 10-12), separable lean and fat, trimmed to 1/8"" fat, choice, cooked, roasted",SR Legacy,22.28,29.21,0.0,0.0,359.0
169512,"Beef, rib, small end (ribs 10-12), separable lean and fat, trimmed to 1/8"" fat, choice, raw",SR Legacy,19.09,20.13,0.0,0.0,263.0
169515,"Beef, rib, small end (ribs 10-12), separable lean and fat, trimmed to 1/8"" fat, prime, cooked, broiled",SR Legacy,24.13,27.86,0.0,0.0,354.0
169516,"Beef, rib, small end (ribs 10-12), separable lean and fat, trimmed to 1/8"" fat, prime, cooked, roasted",SR Legacy,22.15,35.12,0.0,0.0,411.0
169514,"Beef, rib, small end (ribs 10-12), separable lean and fat, trimmed to 1/8"" fat, prime, raw",SR Legacy,16.74,29.18,0.06,0.0,335.0
168691,"Beef, rib, small end (ribs 10-12), separable lean and fat, trimmed to 1/8"" fat, select, cooked, broiled",SR Legacy,27.17,18.0,0.0,0.0,278.0
169513,"Beef, rib, small end (ribs 10-12), separable lean and fat, trimmed to 1/8"" fat, select, cooked, roasted",SR Legacy,22.76,25.02,0.0,0.0,323.0
168690,"Beef, rib, small end (ribs 10-12), separable lean and fat, trimmed to 1/8"" fat, select, raw",SR Legacy,19.56,18.0,0.0,0.0,246.0
170623,"Beef, rib, small end (ribs 10-12), separable lean only, trimmed to 0"" fat, all grades, cooked, broiled",SR Legacy,29.41,7.53,0.0,0.0,193.0
170624,"Beef, rib, small end (ribs 10-12), separable lean only, trimmed to 0"" fat, choice, cooked, broiled",SR Legacy,28.04,11.7,0.0,0.0,225.0
170625,"Beef, rib, small end (ribs 10-12), separable lean only, trimmed to 0"" fat, select, cooked, broiled",SR Legacy,28.04,8.7,0.0,0.0,198.0
173123,"Beef, rib, small end (ribs 10-12), separable lean only, trimmed to 1/8"" fat, all grades, cooked, broiled",SR Legacy,29.58,7.63,0.0,0.0,195.0
171810,"Beef, rib, small end (ribs 10-12), separable lean only, trimmed to 1/8"" fat, all grades, raw",SR Legacy,22.33,5.04,0.0,0.0,141.0
174761,"Beef, rib, small end (ribs 10-12), separable lean only, trimmed to 1/8"" fat, choice, raw",SR Legacy,22.12,5.91,0.0,0.0,148.0
174042,"Beef, rib, small end (ribs 10-12), separable lean only, trimmed to 1/8"" fat, select, cooked, broiled",SR Legacy,30.87,6.22,0.0,0.0,188.0
171802,"Beef, rib, small end (ribs 10-12), separable lean only, trimmed to 1/8"" fat, select, raw",SR Legacy,22.53,4.2,0.0,0.0,134.0
174764,"Beef, rib, small end (ribs 10-12), separable lean only, trimmed to 1/8""fat, choice, cooked, broiled",SR Legacy,28.29,9.05,0.0,0.0,202.0
169499,"Beef, rib, whole (ribs 6-12), separable lean and fat, trimmed to 1/8"" fat, all grades, cooked, broiled",SR Legacy,22.42,26.75,0.0,0.0,337.0
169500,"Beef, rib, whole (ribs 6-12), separable lean and fat, trimmed to 1/8"" fat, all grades, cooked, roasted",SR Legacy,22.77,28.11,0.0,0.0,351.0
169498,"Beef, rib, whole (ribs 6-12), separable lean and fat, trimmed to 1/8"" fat, all grades, raw",SR Legacy,16.53,26.1,0.0,0.0,306.0
168676,"Beef, rib, whole (ribs 6-12), separable lean and fat, trimmed to 1/8"" fat, choice, cooked, broiled",SR Legacy,22.26,28.5,0.0,0.0,352.0
168677,"Beef, rib, whole (ribs 6-12), separable lean and fat, trimmed to 1/8"" fat, choice, cooked, roasted",SR Legacy,22.6,29.79,0.0,0.0,365.0
168675,"Beef, rib, whole (ribs 6-12), separable lean and fat, trimmed to 1/8"" fat, choice, raw",SR Legacy,16.34,27.93,0.0,0.0,322.0
169504,"Beef, rib, whole (ribs 6-12), separable lean and fat, trimmed to 1/8"" fat, prime, cooked, broiled",SR Legacy,21.95,32.38,0.0,0.0,386.0
168679,"Beef, rib, whole (ribs 6-12), separable lean and fat, trimmed to 1/8"" fat, prime, cooked, roasted",SR Legacy,22.57,33.7,0.0,0.0,400.0
169503,"Beef, rib, whole (ribs 6-12), separable lean and fat, trimmed to 1/8"" fat, prime, raw",SR Legacy,16.15,31.66,0.0,0.0,355.0
169501,"Beef, rib, whole (ribs 6-12), separable lean and fat, trimmed to 1/8"" fat, select, cooked, broiled",SR Legacy,22.73,24.2,0.0,0.0,315.0
169502,"Beef, rib, whole (ribs 6-12), separable lean and fat, trimmed to 1/8"" fat, select, cooked, roasted",SR Legacy,23.1,25.63,0.0,0.0,330.0
168678,"Beef, rib, whole (ribs 6-12), separable lean and fat, trimmed to 1/8"" fat, select, raw",SR Legacy,16.75,23.95,0.0,0.0,288.0
174696,"Beef, ribeye  petite roast/filet, boneless, separable lean only, trimmed to 0"" fat, all grades, raw",SR Legacy,22.66,4.66,0.04,0.0,133.0
174697,"Beef, ribeye  petite roast/filet, boneless, separable lean only, trimmed to 0"" fat, choice, raw",SR Legacy,22.52,5.29,0.18,0.0,138.0
174698,"Beef, ribeye  petite roast/filet, boneless, separable lean only, trimmed to 0"" fat, select, raw",SR Legacy,22.89,3.72,0.0,0.0,125.0
173054,"Beef, ribeye cap steak, boneless, separable lean only, trimmed to 0"" fat, all grades, cooked, grilled",SR Legacy,24.66,15.7,1.53,0.0,246.0
173057,"Beef, ribeye cap steak, boneless, separable lean only, trimmed to 0"" fat, all grades, raw",SR Legacy,19.7,10.6,1.51,0.0,180.0
173055,"Beef, ribeye cap steak, boneless, separable lean only, trimmed to 0"" fat, choice, cooked, grilled",SR Legacy,24.24,17.21,1.81,0.0,259.0
174699,"Beef, ribeye cap steak, boneless, separable lean only, trimmed to 0"" fat, choice, raw",SR Legacy,19.46,11.4,1.75,0.0,187.0
173056,"Beef, ribeye cap steak, boneless, separable lean only, trimmed to 0"" fat, select, cooked, grilled",SR Legacy,25.28,13.43,1.1,0.0,226.0
174700,"Beef, ribeye cap steak, boneless, separable lean only, trimmed to 0"" fat, select, raw",SR Legacy,20.05,9.39,1.15,0.0,169.0
174701,"Beef, ribeye filet, boneless, separable lean only, trimmed to 0"" fat, all grades, cooked, grilled",SR Legacy,28.77,9.2,0.17,0.0,199.0
174702,"Beef, ribeye filet, boneless, separable lean only, trimmed to 0"" fat, choice, cooked, grilled",SR Legacy,28.35,10.26,0.51,0.0,208.0
174703,"Beef, ribeye filet, boneless, separable lean only, trimmed to 0"" fat, select, cooked, grilled",SR Legacy,29.39,7.61,0.0,0.0,186.0
173058,"Beef, ribeye petite roast, boneless, separable lean only, trimmed to 0"" fat, all grades, cooked, roasted",SR Legacy,28.15,7.31,0.0,0.0,178.0
173059,"Beef, ribeye petite roast, boneless, separable lean only, trimmed to 0"" fat, choice, cooked, roasted",SR Legacy,28.0,8.42,0.0,0.0,188.0
173060,"Beef, ribeye petite roast, boneless, separable lean only, trimmed to 0"" fat, select, cooked, roasted",SR Legacy,28.37,5.65,0.0,0.0,164.0
2646172,"Beef, ribeye, steak, boneless, choice, raw",Foundation Foods,18.74375,20.04,0.0,,254.11
171806,"Beef, round, bottom round , roast, separable lean only, trimmed to 1/8"" fat, select, cooked, roasted",SR Legacy,28.45,4.67,0.0,0.0,164.0
170227,"Beef, round, bottom round roast, separable lean only, trimmed to 0"" fat, select, cooked, roasted",SR Legacy,28.29,5.33,0.0,0.0,169.0
170222,"Beef, round, bottom round, roast, separable lean and fat, trimmed to 0"" fat, all grades, cooked, roasted",SR Legacy,27.42,7.72,0.0,0.0,187.0
170224,"Beef, round, bottom round, roast, separable lean and fat, trimmed to 0"" fat, choice, cooked, roasted",SR Legacy,26.76,9.37,0.0,0.0,199.0
170627,"Beef, round, bottom round, roast, separable lean and fat, trimmed to 0"" fat, select, cooked, roasted",SR Legacy,28.08,6.06,0.0,0.0,175.0
168696,"Beef, round, bottom round, roast, separable lean and fat, trimmed to 1/8"" fat, all grades, cooked, roasted",SR Legacy,26.41,11.64,0.0,0.0,218.0
168699,"Beef, round, bottom round, roast, separable lean and fat, trimmed to 1/8"" fat, choice, cooked, roasted",SR Legacy,26.05,12.44,0.0,0.0,223.0
169522,"Beef, round, bottom round, roast, separable lean and fat, trimmed to 1/8"" fat, select, cooked, roasted",SR Legacy,26.77,10.85,0.0,0.0,212.0
170629,"Beef, round, bottom round, roast, separable lean only, trimmed to 0"" fat, all grades, cooked, roasted",SR Legacy,27.76,6.48,0.0,0.0,177.0
170631,"Beef, round, bottom round, roast, separable lean only, trimmed to 0"" fat, choice, cooked, roasted",SR Legacy,27.23,7.63,0.0,0.0,185.0
174052,"Beef, round, bottom round, roast, separable lean only, trimmed to 1/8"" fat, all grades, cooked",SR Legacy,28.0,5.72,0.0,0.0,163.0
174046,"Beef, round, bottom round, roast, separable lean only, trimmed to 1/8"" fat, all grades, raw",SR Legacy,22.19,4.31,0.0,0.0,128.0
174059,"Beef, round, bottom round, roast, separable lean only, trimmed to 1/8"" fat, choice, cooked, roasted",SR Legacy,27.56,6.77,0.0,0.0,179.0
174058,"Beef, round, bottom round, roast, separable lean only, trimmed to 1/8"" fat, choice, raw",SR Legacy,22.22,4.96,0.0,0.0,140.0
173122,"Beef, round, bottom round, roast, separable lean only, trimmed to 1/8"" fat, select, raw",SR Legacy,22.18,3.66,0.0,0.0,128.0
170626,"Beef, round, bottom round, steak, separable lean and fat, trimmed to 0"" fat, all grades, cooked, braised",SR Legacy,33.56,8.86,0.0,0.0,223.0
170223,"Beef, round, bottom round, steak, separable lean and fat, trimmed to 0"" fat, choice, cooked, braised",SR Legacy,32.73,10.0,0.0,0.0,230.0
170225,"Beef, round, bottom round, steak, separable lean and fat, trimmed to 0"" fat, select, cooked, braised",SR Legacy,34.39,7.72,0.0,0.0,217.0
169520,"Beef, round, bottom round, steak, separable lean and fat, trimmed to 1/8"" fat, all grades, cooked, braised",SR Legacy,32.76,11.87,0.0,0.0,247.0
169519,"Beef, round, bottom round, steak, separable lean and fat, trimmed to 1/8"" fat, all grades, raw",SR Legacy,20.7,11.54,0.0,0.0,192.0
168698,"Beef, round, bottom round, steak, separable lean and fat, trimmed to 1/8"" fat, choice, cooked, braised",SR Legacy,32.85,12.56,0.0,0.0,254.0
168697,"Beef, round, bottom round, steak, separable lean and fat, trimmed to 1/8"" fat, choice, raw",SR Legacy,20.71,12.15,0.0,0.0,198.0
169521,"Beef, round, bottom round, steak, separable lean and fat, trimmed to 1/8"" fat, select, cooked, braised",SR Legacy,32.67,11.19,0.0,0.0,240.0
168700,"Beef, round, bottom round, steak, separable lean and fat, trimmed to 1/8"" fat, select, raw",SR Legacy,20.68,10.93,0.0,0.0,187.0
170628,"Beef, round, bottom round, steak, separable lean only, trimmed to 0"" fat, all grades, cooked, braised",SR Legacy,34.0,7.67,0.0,0.0,214.0
170630,"Beef, round, bottom round, steak, separable lean only, trimmed to 0"" fat, choice, cooked, braised",SR Legacy,33.08,9.03,0.0,0.0,223.0
170226,"Beef, round, bottom round, steak, separable lean only, trimmed to 0"" fat, select, cooked, braised",SR Legacy,34.93,6.3,0.0,0.0,206.0
174053,"Beef, round, bottom round, steak, separable lean only, trimmed to 1/8"" fat, all grades, cooked, braised",SR Legacy,34.34,7.73,0.0,0.0,216.0
173115,"Beef, round, bottom round, steak, separable lean only, trimmed to 1/8"" fat, choice, cooked, braised",SR Legacy,34.22,9.02,0.0,0.0,228.0
174045,"Beef, round, bottom round, steak, separable lean only, trimmed to 1/8"" fat, select, cooked, braised",SR Legacy,34.46,6.43,0.0,0.0,205.0
170228,"Beef, round, eye of round roast, boneless, separable lean and fat, trimmed to 0"" fat, all grades, cooked, roasted",SR Legacy,29.66,4.46,0.0,0.0,167.0
171745,"Beef, round, eye of round roast, boneless, separable lean and fat, trimmed to 0"" fat, all grades, raw",SR Legacy,23.27,3.44,0.0,0.0,124.0
170229,"Beef, round, eye of round roast, boneless, separable lean and fat, trimmed to 0"" fat, choice, cooked, roasted",SR Legacy,29.79,4.83,0.0,0.0,171.0
171746,"Beef, round, eye of round roast, boneless, separable lean and fat, trimmed to 0"" fat, choice, raw",SR Legacy,23.26,3.74,0.0,0.0,127.0
170632,"Beef, round, eye of round roast, boneless, separable lean and fat, trimmed to 0"" fat, select, cooked, roasted",SR Legacy,29.45,3.97,0.0,0.0,162.0
171747,"Beef, round, eye of round roast, boneless, separable lean and fat, trimmed to 0"" fat, select, raw",SR Legacy,23.28,3.0,0.0,0.0,120.0
170633,"Beef, round, eye of round roast, boneless, separable lean only, trimmed to 0"" fat, all grades, cooked, roasted",SR Legacy,29.85,3.9,0.0,0.0,163.0
173998,"Beef, round, eye of round roast, boneless, separable lean only, trimmed to 0"" fat, all grades, raw",SR Legacy,23.37,3.04,0.0,0.0,121.0
170634,"Beef, round, eye of round roast, boneless, separable lean only, trimmed to 0"" fat, choice, cooked, roasted",SR Legacy,29.94,4.26,0.0,0.0,166.0
173999,"Beef, round, eye of round roast, boneless, separable lean only, trimmed to 0"" fat, choice, raw",SR Legacy,23.35,3.38,0.0,0.0,124.0
170635,"Beef, round, eye of round roast, boneless, separable lean only, trimmed to 0"" fat, select, cooked, roasted",SR Legacy,29.52,3.43,0.0,0.0,157.0
171761,"Beef, round, eye of round roast, boneless, separable lean only, trimmed to 0"" fat, select, raw",SR Legacy,23.41,2.52,0.0,0.0,116.0
173985,"Beef, round, eye of round steak, boneless separable lean and fat, trimmed to 0"" fat, choice, raw",SR Legacy,23.24,3.83,0.0,0.0,127.0
173993,"Beef, round, eye of round steak, boneless, separable lean and fat, trimmed to 0"" fat, all grades, cooked, grilled",SR Legacy,29.66,4.47,0.0,0.0,159.0
173984,"Beef, round, eye of round steak, boneless, separable lean and fat, trimmed to 0"" fat, all grades, raw",SR Legacy,23.26,3.48,0.0,0.0,124.0
173994,"Beef, round, eye of round steak, boneless, separable lean and fat, trimmed to 0"" fat, choice, cooked, grilled",SR Legacy,29.79,4.83,0.0,0.0,163.0
173995,"Beef, round, eye of round steak, boneless, separable lean and fat, trimmed to 0"" fat, select, cooked, grilled",SR Legacy,29.47,3.98,0.0,0.0,154.0
173986,"Beef, round, eye of round steak, boneless, separable lean and fat, trimmed to 0"" fat, select, raw",SR Legacy,23.3,2.95,0.0,0.0,120.0
171772,"Beef, round, eye of round steak, boneless, separable lean only, trimmed to 0"" fat, all grades, cooked, grilled",SR Legacy,29.85,3.9,0.0,0.0,155.0
171762,"Beef, round, eye of round steak, boneless, separable lean only, trimmed to 0"" fat, all grades, raw",SR Legacy,23.37,3.04,0.0,0.0,121.0
171773,"Beef, round, eye of round steak, boneless, separable lean only, trimmed to 0"" fat, choice, cooked, grilled",SR Legacy,29.94,4.26,0.0,0.0,158.0
171763,"Beef, round, eye of round steak, boneless, separable lean only, trimmed to 0"" fat, choice, raw",SR Legacy,23.35,3.38,0.0,0.0,124.0
174008,"Beef, round, eye of round steak, boneless, separable lean only, trimmed to 0"" fat, select, cooked, grilled",SR Legacy,29.52,3.43,0.0,0.0,149.0
171764,"Beef, round, eye of round steak, boneless, separable lean only, trimmed to 0"" fat, select, raw",SR Legacy,23.41,2.52,0.0,0.0,116.0
169524,"Beef, round, eye of round, roast, separable lean and fat, trimmed to 1/8"" fat, all grades, cooked, roasted",SR Legacy,28.31,9.65,0.0,0.0,208.0
169523,"Beef, round, eye of round, roast, separable lean and fat, trimmed to 1/8"" fat, all grades, raw",SR Legacy,21.49,8.24,0.0,0.0,166.0
168702,"Beef, round, eye of round, roast, separable lean and fat, trimmed to 1/8"" fat, choice, cooked, roasted",SR Legacy,28.48,10.05,0.0,0.0,212.0
168701,"Beef, round, eye of round, roast, separable lean and fat, trimmed to 1/8"" fat, choice, raw",SR Legacy,21.68,8.91,0.0,0.0,173.0
168704,"Beef, round, eye of round, roast, separable lean and fat, trimmed to 1/8"" fat, select, cooked, roasted",SR Legacy,28.13,9.26,0.0,0.0,204.0
168703,"Beef, round, eye of round, roast, separable lean and fat, trimmed to 1/8"" fat, select, raw",SR Legacy,21.3,7.57,0.08,0.0,160.0
171809,"Beef, round, eye of round, roast, separable lean only, trimmed to 1/8"" fat, all grades, cooked, roasted",SR Legacy,29.73,4.71,0.0,0.0,169.0
174049,"Beef, round, eye of round, roast, separable lean only, trimmed to 1/8"" fat, all grades, raw",SR Legacy,22.6,3.0,0.0,0.0,124.0
174060,"Beef, round, eye of round, roast, separable lean only, trimmed to 1/8"" fat, choice, cooked, roasted",SR Legacy,29.87,5.3,0.0,0.0,175.0
171819,"Beef, round, eye of round, roast, separable lean only, trimmed to 1/8"" fat, choice, raw",SR Legacy,22.88,3.38,0.0,0.0,128.0
171807,"Beef, round, eye of round, roast, separable lean only, trimmed to 1/8"" fat, select, cooked, roasted",SR Legacy,29.59,4.11,0.0,0.0,163.0
173120,"Beef, round, eye of round, roast, separable lean only, trimmed to 1/8"" fat, select, raw",SR Legacy,22.31,2.62,0.0,0.0,119.0
168695,"Beef, round, full cut, separable lean and fat, trimmed to 1/8"" fat, choice, cooked, broiled",SR Legacy,27.54,12.98,0.0,0.0,235.0
168694,"Beef, round, full cut, separable lean and fat, trimmed to 1/8"" fat, choice, raw",SR Legacy,20.56,11.92,0.0,0.0,195.0
169518,"Beef, round, full cut, separable lean and fat, trimmed to 1/8"" fat, select, cooked, broiled",SR Legacy,27.58,11.08,0.0,0.0,218.0
169517,"Beef, round, full cut, separable lean and fat, trimmed to 1/8"" fat, select, raw",SR Legacy,20.56,10.68,0.0,0.0,184.0
168616,"Beef, round, full cut, separable lean only, trimmed to 1/4"" fat, choice, cooked, broiled",SR Legacy,29.21,7.31,0.0,0.0,191.0
168617,"Beef, round, full cut, separable lean only, trimmed to 1/4"" fat, select, cooked, broiled",SR Legacy,29.25,5.22,0.0,0.0,172.0
173370,"Beef, round, knuckle, tip center, steak, separable lean and fat, trimmed to 0"" fat, all grades, cooked, grilled",SR Legacy,27.12,6.78,0.0,0.0,177.0
173369,"Beef, round, knuckle, tip center, steak, separable lean and fat, trimmed to 0"" fat, all grades, raw",SR Legacy,20.93,5.89,0.0,0.0,143.0
173362,"Beef, round, knuckle, tip center, steak, separable lean and fat, trimmed to 0"" fat, choice, cooked, grilled",SR Legacy,26.88,8.13,0.0,0.0,188.0
173361,"Beef, round, knuckle, tip center, steak, separable lean and fat, trimmed to 0"" fat, choice, raw",SR Legacy,20.74,6.85,0.0,0.0,150.0
172127,"Beef, round, knuckle, tip center, steak, separable lean and fat, trimmed to 0"" fat, select, cooked, grilled",SR Legacy,26.61,5.32,0.0,0.0,162.0
173363,"Beef, round, knuckle, tip center, steak, separable lean and fat, trimmed to 0"" fat, select, raw",SR Legacy,20.98,5.21,0.0,0.0,137.0
172120,"Beef, round, knuckle, tip side, steak, separable lean and fat , trimmed to 0"" fat, select, raw",SR Legacy,21.96,3.24,0.0,0.0,123.0
172131,"Beef, round, knuckle, tip side, steak, separable lean and fat, trimmed to 0"" fat, all grades, cooked, grilled",SR Legacy,29.08,4.84,0.0,0.0,168.0
173367,"Beef, round, knuckle, tip side, steak, separable lean and fat, trimmed to 0"" fat, all grades, raw",SR Legacy,21.69,4.0,0.0,0.0,129.0
172119,"Beef, round, knuckle, tip side, steak, separable lean and fat, trimmed to 0"" fat, choice, cooked, grilled",SR Legacy,28.79,5.71,0.0,0.0,174.0
173354,"Beef, round, knuckle, tip side, steak, separable lean and fat, trimmed to 0"" fat, choice, raw",SR Legacy,21.41,4.66,0.0,0.0,133.0
172121,"Beef, round, knuckle, tip side, steak, separable lean and fat, trimmed to 0"" fat, select, cooked, grilled",SR Legacy,29.24,3.91,0.0,0.0,160.0
172135,"Beef, round, outside round, bottom round, steak, separable lean and fat, trimmed to 0"" fat, all grades, cooked, grilled",SR Legacy,27.52,7.1,0.0,0.0,182.0
173371,"Beef, round, outside round, bottom round, steak, separable lean and fat, trimmed to 0"" fat, all grades, raw",SR Legacy,21.59,5.53,0.0,0.0,142.0
172129,"Beef, round, outside round, bottom round, steak, separable lean and fat, trimmed to 0"" fat, choice, cooked, grilled",SR Legacy,27.22,8.3,0.0,0.0,191.0
172128,"Beef, round, outside round, bottom round, steak, separable lean and fat, trimmed to 0"" fat, choice, raw",SR Legacy,21.24,6.59,0.0,0.0,150.0
173364,"Beef, round, outside round, bottom round, steak, separable lean and fat, trimmed to 0"" fat, select, cooked, grilled",SR Legacy,28.01,5.17,0.0,0.0,166.0
172130,"Beef, round, outside round, bottom round, steak, separable lean and fat, trimmed to 0"" fat, select, raw",SR Legacy,22.15,3.83,0.0,0.0,129.0
170230,"Beef, round, tip round, roast, separable lean and fat, trimmed to 0"" fat, all grades, cooked, roasted",SR Legacy,26.79,8.21,0.0,0.0,188.0
169470,"Beef, round, tip round, roast, separable lean and fat, trimmed to 0"" fat, all grades, raw",SR Legacy,20.48,7.01,0.0,0.0,151.0
170231,"Beef, round, tip round, roast, separable lean and fat, trimmed to 0"" fat, choice, cooked, roasted",SR Legacy,27.01,8.9,0.0,0.0,196.0
168646,"Beef, round, tip round, roast, separable lean and fat, trimmed to 0"" fat, choice, raw",SR Legacy,20.16,7.73,0.0,0.0,156.0
170232,"Beef, round, tip round, roast, separable lean and fat, trimmed to 0"" fat, select, cooked, roasted",SR Legacy,26.57,7.53,0.0,0.0,181.0
168647,"Beef, round, tip round, roast, separable lean and fat, trimmed to 0"" fat, select, raw",SR Legacy,20.8,6.28,0.0,0.0,145.0
169526,"Beef, round, tip round, roast, separable lean and fat, trimmed to 1/8"" fat, all grades, cooked, roasted",SR Legacy,27.45,11.34,0.0,0.0,219.0
169528,"Beef, round, tip round, roast, separable lean and fat, trimmed to 1/8"" fat, choice, cooked, roasted",SR Legacy,27.27,12.34,0.0,0.0,228.0
168706,"Beef, round, tip round, roast, separable lean and fat, trimmed to 1/8"" fat, select, cooked, roasted",SR Legacy,27.63,10.24,0.0,0.0,210.0
170233,"Beef, round, tip round, roast, separable lean only, trimmed to 0"" fat, all grades, cooked, roasted",SR Legacy,27.53,6.2,0.0,0.0,174.0
173125,"Beef, round, tip round, roast, separable lean only, trimmed to 0"" fat, all grades, raw",SR Legacy,21.07,3.95,0.0,0.0,126.0
170636,"Beef, round, tip round, roast, separable lean only, trimmed to 0"" fat, choice, cooked, roasted",SR Legacy,27.68,6.42,0.0,0.0,176.0
173126,"Beef, round, tip round, roast, separable lean only, trimmed to 0"" fat, choice, raw",SR Legacy,20.76,4.55,0.0,0.0,130.0
170637,"Beef, round, tip round, roast, separable lean only, trimmed to 0"" fat, select, cooked, roasted",SR Legacy,27.37,4.38,0.0,0.0,149.0
173127,"Beef, round, tip round, roast, separable lean only, trimmed to 0"" fat, select, raw",SR Legacy,21.38,3.35,0.0,0.0,122.0
169525,"Beef, round, tip round, separable lean and fat, trimmed to 1/8"" fat, all grades, raw",SR Legacy,19.6,11.67,0.0,0.0,189.0
169527,"Beef, round, tip round, separable lean and fat, trimmed to 1/8"" fat, choice, raw",SR Legacy,19.48,12.83,0.0,0.0,199.0
168705,"Beef, round, tip round, separable lean and fat, trimmed to 1/8"" fat, select, raw",SR Legacy,19.74,10.39,0.0,0.0,178.0
171755,"Beef, round, top round roast, boneless, separable lean and fat, trimmed to 0"" fat, all grades, cooked, roasted",SR Legacy,29.9,4.49,0.0,0.0,160.0
173982,"Beef, round, top round roast, boneless, separable lean and fat, trimmed to 0"" fat, all grades, raw",SR Legacy,23.45,3.5,0.0,0.0,125.0
171756,"Beef, round, top round roast, boneless, separable lean and fat, trimmed to 0"" fat, choice, cooked, roasted",SR Legacy,30.08,4.79,0.0,0.0,163.0
173983,"Beef, round, top round roast, boneless, separable lean and fat, trimmed to 0"" fat, choice, raw",SR Legacy,23.46,3.81,0.0,0.0,128.0
173992,"Beef, round, top round roast, boneless, separable lean and fat, trimmed to 0"" fat, select, cooked, roasted",SR Legacy,30.97,3.72,0.0,0.0,157.0
171744,"Beef, round, top round roast, boneless, separable lean and fat, trimmed to 0"" fat, select, raw",SR Legacy,23.44,3.04,0.0,0.0,121.0
174007,"Beef, round, top round roast, boneless, separable lean only, trimmed to 0"" fat, all grades, cooked, roasted",SR Legacy,30.09,3.77,0.0,0.0,162.0
171760,"Beef, round, top round roast, boneless, separable lean only, trimmed to 0"" fat, all grades, raw",SR Legacy,23.59,2.94,0.0,0.0,121.0
171770,"Beef, round, top round roast, boneless, separable lean only, trimmed to 0"" fat, choice, cooked, roasted",SR Legacy,30.24,4.11,0.06,0.0,158.0
173996,"Beef, round, top round roast, boneless, separable lean only, trimmed to 0"" fat, choice, raw",SR Legacy,23.59,3.26,0.0,0.0,124.0
171771,"Beef, round, top round roast, boneless, separable lean only, trimmed to 0"" fat, select, cooked, roasted",SR Legacy,29.81,3.37,0.0,0.0,150.0
173997,"Beef, round, top round roast, boneless, separable lean only, trimmed to 0"" fat, select, raw",SR Legacy,23.59,2.45,0.0,0.0,116.0
169560,"Beef, round, top round steak, boneless, separable lean and fat, trimmed to 0"" fat, all grades, cooked, grilled",SR Legacy,29.96,4.28,0.0,0.0,167.0
171743,"Beef, round, top round steak, boneless, separable lean and fat, trimmed to 0"" fat, all grades, raw",SR Legacy,23.49,3.34,0.0,0.0,124.0
168740,"Beef, round, top round steak, boneless, separable lean and fat, trimmed to 0"" fat, choice, cooked, grilled",SR Legacy,30.12,4.62,0.0,0.0,170.0
173980,"Beef, round, top round steak, boneless, separable lean and fat, trimmed to 0"" fat, choice, raw",SR Legacy,23.49,3.66,0.0,0.0,127.0
168741,"Beef, round, top round steak, boneless, separable lean and fat, trimmed to 0"" fat, select, cooked, grilled",SR Legacy,29.7,3.85,0.0,0.0,162.0
173981,"Beef, round, top round steak, boneless, separable lean and fat, trimmed to 0"" fat, select, raw",SR Legacy,23.49,2.85,0.0,0.0,120.0
168649,"Beef, round, top round steak, boneless, separable lean only, trimmed to 0"" fat, all grades, cooked, grilled",SR Legacy,30.09,3.77,0.0,0.0,162.0
171757,"Beef, round, top round steak, boneless, separable lean only, trimmed to 0"" fat, all grades, raw",SR Legacy,23.59,2.94,0.0,0.0,121.0
169471,"Beef, round, top round steak, boneless, separable lean only, trimmed to 0"" fat, choice, cooked, grilled",SR Legacy,30.24,4.11,0.0,0.0,166.0
171758,"Beef, round, top round steak, boneless, separable lean only, trimmed to 0"" fat, choice, raw",SR Legacy,23.59,3.26,0.0,0.0,124.0
169472,"Beef, round, top round steak, boneless, separable lean only, trimmed to 0"" fat, select, cooked, grilled",SR Legacy,29.81,3.37,0.0,0.0,158.0
171759,"Beef, round, top round steak, boneless, separable lean only, trimmed to 0"" fat, select, raw",SR Legacy,23.59,2.45,0.0,0.0,116.0
169531,"Beef, round, top round steak, separable lean and fat, trimmed to 1/8"" fat, all grades, cooked, broiled",SR Legacy,30.67,9.0,0.0,0.0,204.0
2646173,"Beef, round, top round, boneless, choice, raw",Foundation Foods,21.475,5.703,0.852,,140.635
170638,"Beef, round, top round, separable lean and fat, trimmed to 0"" fat, all grades, cooked, braised",SR Legacy,35.62,6.31,0.0,0.0,209.0
170639,"Beef, round, top round, separable lean and fat, trimmed to 0"" fat, choice, cooked, braised",SR Legacy,35.62,7.09,0.0,0.0,216.0
170234,"Beef, round, top round, separable lean and fat, trimmed to 0"" fat, select, cooked, braised",SR Legacy,35.62,5.33,0.0,0.0,200.0
169530,"Beef, round, top round, separable lean and fat, trimmed to 1/8"" fat, all grades, cooked, braised",SR Legacy,34.34,10.13,0.0,0.0,238.0
168709,"Beef, round, top round, separable lean and fat, trimmed to 1/8"" fat, choice, cooked, braised",SR Legacy,34.09,11.61,0.0,0.0,250.0
168711,"Beef, round, top round, separable lean and fat, trimmed to 1/8"" fat, choice, cooked, pan-fried",SR Legacy,32.99,13.83,0.0,0.0,266.0
169534,"Beef, round, top round, separable lean and fat, trimmed to 1/8"" fat, prime, raw",SR Legacy,22.24,8.67,0.0,0.0,173.0
168713,"Beef, round, top round, separable lean and fat, trimmed to 1/8"" fat, select, cooked, braised",SR Legacy,34.6,8.54,0.0,0.0,225.0
170235,"Beef, round, top round, separable lean only, trimmed to 0"" fat, choice, cooked, braised",SR Legacy,36.12,5.8,0.0,0.0,207.0
170236,"Beef, round, top round, separable lean only, trimmed to 0"" fat, select, cooked, braised",SR Legacy,36.12,4.0,0.0,0.0,190.0
168708,"Beef, round, top round, separable lean only, trimmed to 1/8"" fat, choice, cooked, pan-fried",SR Legacy,33.93,8.33,2.03,0.0,228.0
169529,"Beef, round, top round, steak, separable lean and fat, trimmed to 1/8"" fat, all grades, raw",SR Legacy,22.06,7.93,0.0,0.0,166.0
168710,"Beef, round, top round, steak, separable lean and fat, trimmed to 1/8"" fat, choice, cooked, broiled",SR Legacy,30.7,10.27,0.0,0.0,224.0
169532,"Beef, round, top round, steak, separable lean and fat, trimmed to 1/8"" fat, choice, raw",SR Legacy,21.94,8.19,0.0,0.0,168.0
169535,"Beef, round, top round, steak, separable lean and fat, trimmed to 1/8"" fat, prime, cooked, broiled",SR Legacy,31.27,10.1,0.0,0.0,225.0
169533,"Beef, round, top round, steak, separable lean and fat, trimmed to 1/8"" fat, select, cooked, broiled",SR Legacy,30.63,7.73,0.0,0.0,201.0
168712,"Beef, round, top round, steak, separable lean and fat, trimmed to 1/8"" fat, select, raw",SR Legacy,22.18,7.68,0.0,0.0,164.0
171815,"Beef, round, top round, steak, separable lean only, trimmed to 1/8"" fat, all grades, cooked, broiled",SR Legacy,31.82,5.45,0.0,0.0,185.0
171816,"Beef, round, top round, steak, separable lean only, trimmed to 1/8"" fat, all grades, raw",SR Legacy,22.91,4.09,0.0,0.0,135.0
174061,"Beef, round, top round, steak, separable lean only, trimmed to 1/8"" fat, choice, cooked, broiled",SR Legacy,32.04,6.25,0.0,0.0,193.0
171820,"Beef, round, top round, steak, separable lean only, trimmed to 1/8"" fat, choice, raw",SR Legacy,22.69,4.78,0.0,0.0,140.0
171808,"Beef, round, top round, steak, separable lean only, trimmed to 1/8"" fat, select, cooked, broiled",SR Legacy,31.61,4.65,0.0,0.0,177.0
173121,"Beef, round, top round, steak, separable lean only, trimmed to 1/8"" fat, select, raw",SR Legacy,23.13,3.37,0.0,0.0,129.0
170600,"Beef, sandwich steaks, flaked, chopped, formed and thinly sliced, raw",SR Legacy,16.5,27.0,0.0,0.0,309.0
169442,"Beef, shank crosscuts, separable lean only, trimmed to 1/4"" fat, choice, cooked, simmered",SR Legacy,33.68,6.36,0.0,0.0,201.0
169441,"Beef, shank crosscuts, separable lean only, trimmed to 1/4"" fat, choice, raw",SR Legacy,21.75,3.85,0.0,0.0,128.0
2727572,"Beef, short loin (NY strip steak), raw",Foundation Foods,21.325,11.54,0.2212,,190.0448
169459,"Beef, short loin, porterhouse steak, separable lean and fat, trimmed to 0"" fat, all grades, cooked, broiled",SR Legacy,23.96,19.27,0.0,0.0,276.0
169460,"Beef, short loin, porterhouse steak, separable lean and fat, trimmed to 0"" fat, USDA choice, cooked, broiled",SR Legacy,23.61,20.15,0.0,0.0,283.0
169461,"Beef, short loin, porterhouse steak, separable lean and fat, trimmed to 0"" fat, USDA select, cooked, broiled",SR Legacy,24.47,17.98,0.0,0.0,267.0
172115,"Beef, short loin, porterhouse steak, separable lean and fat, trimmed to 1/8"" fat, all grades, cooked, grilled",SR Legacy,25.4,18.57,0.0,0.0,276.0
173350,"Beef, short loin, porterhouse steak, separable lean and fat, trimmed to 1/8"" fat, all grades, raw",SR Legacy,20.49,14.06,0.0,0.0,214.0
168716,"Beef, short loin, porterhouse steak, separable lean and fat, trimmed to 1/8"" fat, choice, cooked, grilled",SR Legacy,24.85,19.78,0.0,0.0,284.0
168715,"Beef, short loin, porterhouse steak, separable lean and fat, trimmed to 1/8"" fat, choice, raw",SR Legacy,20.36,14.58,0.0,0.0,218.0
172117,"Beef, short loin, porterhouse steak, separable lean and fat, trimmed to 1/8"" fat, select, cooked, grilled",SR Legacy,26.21,16.75,0.0,0.0,263.0
172116,"Beef, short loin, porterhouse steak, separable lean and fat, trimmed to 1/8"" fat, select, raw",SR Legacy,20.69,13.27,0.0,0.0,208.0
168637,"Beef, short loin, porterhouse steak, separable lean only,  trimmed to 1/8"" fat, all grades, cooked, grilled",SR Legacy,28.16,10.32,0.0,0.0,213.0
168638,"Beef, short loin, porterhouse steak, separable lean only, trimmed to 0"" fat, all grades, cooked, broiled",SR Legacy,26.07,11.18,0.0,0.0,212.0
168639,"Beef, short loin, porterhouse steak, separable lean only, trimmed to 0"" fat, choice, cooked, broiled",SR Legacy,25.51,12.8,0.0,0.0,224.0
169463,"Beef, short loin, porterhouse steak, separable lean only, trimmed to 0"" fat, select, cooked, broiled",SR Legacy,26.89,8.81,0.0,0.0,194.0
169462,"Beef, short loin, porterhouse steak, separable lean only, trimmed to 1/8"" fat, all grades, raw",SR Legacy,22.32,6.6,0.0,0.0,155.0
168618,"Beef, short loin, porterhouse steak, separable lean only, trimmed to 1/8"" fat, choice, cooked, grilled",SR Legacy,27.65,11.36,0.0,0.0,221.0
169443,"Beef, short loin, porterhouse steak, separable lean only, trimmed to 1/8"" fat, choice, raw",SR Legacy,22.13,7.39,0.0,0.0,161.0
168641,"Beef, short loin, porterhouse steak, separable lean only, trimmed to 1/8"" fat, select, cooked, grilled",SR Legacy,28.92,8.76,0.0,0.0,203.0
168640,"Beef, short loin, porterhouse steak, separable lean only, trimmed to 1/8"" fat, select, raw",SR Legacy,22.61,5.41,0.0,0.0,145.0
168643,"Beef, short loin, t-bone steak, bone-in, separable lean only, trimmed to 1/8"" fat, all grades, cooked, grilled",SR Legacy,27.86,10.37,0.0,0.0,212.0
168642,"Beef, short loin, t-bone steak, bone-in, separable lean only, trimmed to 1/8"" fat, all grades, raw",SR Legacy,22.22,6.5,0.0,0.0,153.0
168620,"Beef, short loin, t-bone steak, bone-in, separable lean only, trimmed to 1/8"" fat, choice, cooked, grilled",SR Legacy,27.48,11.05,0.0,0.0,217.0
168619,"Beef, short loin, t-bone steak, bone-in, separable lean only, trimmed to 1/8"" fat, choice, raw",SR Legacy,22.1,7.27,0.0,0.0,160.0
169467,"Beef, short loin, t-bone steak, bone-in, separable lean only, trimmed to 1/8"" fat, select, cooked, grilled",SR Legacy,28.45,9.35,0.0,0.0,206.0
168645,"Beef, short loin, t-bone steak, bone-in, separable lean only, trimmed to 1/8"" fat, select, raw",SR Legacy,22.41,5.34,0.0,0.0,144.0
169464,"Beef, short loin, t-bone steak, separable lean and fat, trimmed to 0"" fat, all grades, cooked, broiled",SR Legacy,24.18,15.93,0.0,0.0,247.0
169465,"Beef, short loin, t-bone steak, separable lean and fat, trimmed to 0"" fat, USDA choice, cooked, broiled",SR Legacy,24.05,17.26,0.0,0.0,258.0
169466,"Beef, short loin, t-bone steak, separable lean and fat, trimmed to 0"" fat, USDA select, cooked, broiled",SR Legacy,24.38,14.0,0.0,0.0,230.0
173351,"Beef, short loin, t-bone steak, separable lean and fat, trimmed to 1/8"" fat, all grades, cooked, grilled",SR Legacy,24.6,20.36,0.0,0.0,289.0
172118,"Beef, short loin, t-bone steak, separable lean and fat, trimmed to 1/8"" fat, all grades, raw",SR Legacy,20.11,15.18,0.0,0.0,223.0
169537,"Beef, short loin, t-bone steak, separable lean and fat, trimmed to 1/8"" fat, choice, cooked, grilled",SR Legacy,24.21,21.13,0.0,0.0,294.0
168717,"Beef, short loin, t-bone steak, separable lean and fat, trimmed to 1/8"" fat, choice, raw",SR Legacy,20.0,15.83,0.0,0.0,228.0
173353,"Beef, short loin, t-bone steak, separable lean and fat, trimmed to 1/8"" fat, select, cooked, grilled",SR Legacy,25.18,19.22,0.0,0.0,281.0
173352,"Beef, short loin, t-bone steak, separable lean and fat, trimmed to 1/8"" fat, select, raw",SR Legacy,20.28,14.19,0.0,0.0,215.0
168644,"Beef, short loin, t-bone steak, separable lean only, trimmed to 0"" fat, choice, cooked, broiled",SR Legacy,25.98,9.61,0.0,0.0,198.0
169468,"Beef, short loin, t-bone steak, separable lean only, trimmed to 0"" fat, select, cooked, broiled",SR Legacy,26.0,7.36,0.0,0.0,177.0
171814,"Beef, short loin, top loin steak, separable lean only, trimmed to 1/8"" fat, all grades, raw",SR Legacy,22.93,5.15,0.0,0.0,138.0
169541,"Beef, short loin, top loin, separable lean and fat, trimmed to 1/8"" fat, prime, cooked, broiled",SR Legacy,25.92,22.12,0.0,0.0,310.0
169538,"Beef, short loin, top loin, steak, separable lean and fat, trimmed to 1/8"" fat, all grades, raw",SR Legacy,20.61,15.49,0.0,0.0,228.0
168718,"Beef, short loin, top loin, steak, separable lean and fat, trimmed to 1/8"" fat, choice, cooked, grilled",SR Legacy,26.16,18.45,0.0,0.0,278.0
168721,"Beef, short loin, top loin, steak, separable lean and fat, trimmed to 1/8"" fat, prime, raw",SR Legacy,19.0,22.17,0.0,0.0,281.0
171813,"Beef, short loin, top loin, steak, separable lean only, trimmed to 1/8"" fat, all grades, cooked, broiled",SR Legacy,29.3,7.09,0.0,0.0,189.0
173119,"Beef, short loin, top loin, steak, separable lean only, trimmed to 1/8"" fat, choice, cooked, broiled",SR Legacy,29.16,8.45,0.0,0.0,201.0
173116,"Beef, short loin, top loin, steak, separable lean only, trimmed to 1/8"" fat, choice, raw",SR Legacy,22.78,6.43,0.0,0.0,155.0
171805,"Beef, short loin, top loin, steak, separable lean only, trimmed to 1/8"" fat, select, cooked, grilled",SR Legacy,29.44,5.73,0.0,0.0,177.0
174041,"Beef, short loin, top loin, steak, separable lean only, trimmed to 1/8"" fat, select, raw",SR Legacy,23.07,3.88,0.0,0.0,133.0
173349,"Beef, shoulder pot roast or steak, boneless, separable lean and fat, trimmed to 0"" fat, all grades, raw",SR Legacy,21.39,4.97,0.0,0.0,130.0
170818,"Beef, shoulder pot roast or steak, boneless, separable lean and fat, trimmed to 0"" fat, choice, raw",SR Legacy,21.17,5.33,0.07,0.0,133.0
170819,"Beef, shoulder pot roast or steak, boneless, separable lean and fat, trimmed to 0"" fat, select, raw",SR Legacy,21.72,4.44,0.0,0.0,127.0
169480,"Beef, shoulder pot roast or steak, boneless, separable lean only, trimmed to 0"" fat, all grades, raw",SR Legacy,21.64,4.09,0.0,0.0,123.0
169481,"Beef, shoulder pot roast or steak, boneless, separable lean only, trimmed to 0"" fat, choice, raw",SR Legacy,21.45,4.35,0.11,0.0,125.0
169482,"Beef, shoulder pot roast or steak, boneless, separable lean only, trimmed to 0"" fat, select, raw",SR Legacy,21.93,3.7,0.0,0.0,121.0
171224,"Beef, shoulder pot roast, boneless, separable lean and fat, trimmed to 0"" fat, all grades, cooked, braised",SR Legacy,31.03,8.92,0.0,0.0,204.0
171225,"Beef, shoulder pot roast, boneless, separable lean and fat, trimmed to 0"" fat, choice, cooked, braised",SR Legacy,30.93,9.25,0.0,0.0,207.0
171226,"Beef, shoulder pot roast, boneless, separable lean and fat, trimmed to 0"" fat, select, cooked, braised",SR Legacy,31.18,8.41,0.0,0.0,200.0
171200,"Beef, shoulder pot roast, boneless, separable lean only, trimmed to 0"" fat, all grades, cooked, braised",SR Legacy,31.48,7.78,0.0,0.0,196.0
171198,"Beef, shoulder pot roast, boneless, separable lean only, trimmed to 0"" fat, choice, cooked, braised",SR Legacy,31.32,8.3,0.0,0.0,200.0
171199,"Beef, shoulder pot roast, boneless, separable lean only, trimmed to 0"" fat, select, cooked, braised",SR Legacy,31.71,7.02,0.0,0.0,190.0
171789,"Beef, shoulder steak, boneless, separable lean and fat, trimmed to 0"" fat, all grades, cooked, grilled",SR Legacy,28.29,6.8,0.0,0.0,182.0
171785,"Beef, shoulder steak, boneless, separable lean and fat, trimmed to 0"" fat, choice, cooked, grilled",SR Legacy,28.22,7.25,0.0,0.0,186.0
171786,"Beef, shoulder steak, boneless, separable lean and fat, trimmed to 0"" fat, select, cooked, grilled",SR Legacy,28.41,6.14,0.0,0.0,177.0
171781,"Beef, shoulder steak, boneless, separable lean only, trimmed to 0"" fat, all grades, cooked, grilled",SR Legacy,28.6,5.82,0.0,0.0,175.0
168731,"Beef, shoulder steak, boneless, separable lean only, trimmed to 0"" fat, choice, cooked, grilled",SR Legacy,28.54,6.25,0.0,0.0,178.0
168732,"Beef, shoulder steak, boneless, separable lean only, trimmed to 0"" fat, select, cooked, grilled",SR Legacy,28.71,5.17,0.0,0.0,169.0
169479,"Beef, shoulder top blade steak, boneless, separable lean and fat, trimmed to 0"" fat, all grades, cooked, grilled",SR Legacy,27.59,11.07,0.0,0.0,210.0
168693,"Beef, shoulder top blade steak, boneless, separable lean and fat, trimmed to 0"" fat, all grades, raw",SR Legacy,20.16,7.25,0.0,0.0,146.0
168659,"Beef, shoulder top blade steak, boneless, separable lean and fat, trimmed to 0"" fat, choice, cooked, grilled",SR Legacy,27.51,12.26,0.0,0.0,220.0
168707,"Beef, shoulder top blade steak, boneless, separable lean and fat, trimmed to 0"" fat, choice, raw",SR Legacy,20.07,7.94,0.0,0.0,152.0
168692,"Beef, shoulder top blade steak, boneless, separable lean and fat, trimmed to 0"" fat, select, cooked, grilled",SR Legacy,27.7,9.29,0.0,0.0,194.0
169536,"Beef, shoulder top blade steak, boneless, separable lean and fat, trimmed to 0"" fat, select, raw",SR Legacy,20.28,6.21,0.0,0.0,137.0
168654,"Beef, shoulder top blade steak, boneless, separable lean only, trimmed to 0"" fat, all grades, cooked, grilled",SR Legacy,28.15,9.23,0.0,0.0,196.0
169477,"Beef, shoulder top blade steak, boneless, separable lean only, trimmed to 0"" fat, all grades, raw",SR Legacy,20.36,6.42,0.0,0.0,139.0
169475,"Beef, shoulder top blade steak, boneless, separable lean only, trimmed to 0"" fat, choice, cooked, grilled",SR Legacy,28.28,9.83,0.0,0.0,202.0
169478,"Beef, shoulder top blade steak, boneless, separable lean only, trimmed to 0"" fat, choice, raw",SR Legacy,20.35,6.88,0.0,0.0,143.0
169476,"Beef, shoulder top blade steak, boneless, separable lean only, trimmed to 0"" fat, select, cooked, grilled",SR Legacy,27.96,8.34,0.0,0.0,187.0
168655,"Beef, shoulder top blade steak, boneless, separable lean only, trimmed to 0"" fat, select, raw",SR Legacy,20.39,5.73,0.0,0.0,133.0
169544,"Beef, tenderloin, roast, separable lean and fat, trimmed to 1/8"" fat, all grades, cooked, roasted",SR Legacy,23.9,24.6,0.0,0.0,324.0
168723,"Beef, tenderloin, roast, separable lean and fat, trimmed to 1/8"" fat, choice, cooked, roasted",SR Legacy,23.9,25.39,0.0,0.0,331.0
169549,"Beef, tenderloin, roast, separable lean and fat, trimmed to 1/8"" fat, prime, cooked, roasted",SR Legacy,24.04,26.67,0.0,0.0,343.0
169546,"Beef, tenderloin, roast, separable lean and fat, trimmed to 1/8"" fat, select, cooked, roasted",SR Legacy,23.9,23.7,0.0,0.0,316.0
169547,"Beef, tenderloin, separable lean and fat, trimmed to 1/8"" fat, prime, raw",SR Legacy,18.15,21.83,0.0,0.0,274.0
169543,"Beef, tenderloin, steak, separable lean and fat, trimmed to 1/8"" fat, all grades, cooked, broiled",SR Legacy,26.46,17.12,0.0,0.0,267.0
169542,"Beef, tenderloin, steak, separable lean and fat, trimmed to 1/8"" fat, all grades, raw",SR Legacy,19.61,18.16,0.0,0.0,247.0
168722,"Beef, tenderloin, steak, separable lean and fat, trimmed to 1/8"" fat, choice, cooked, broiled",SR Legacy,26.43,17.78,0.0,0.0,273.0
169545,"Beef, tenderloin, steak, separable lean and fat, trimmed to 1/8"" fat, choice, raw",SR Legacy,19.82,17.88,0.0,0.0,246.0
169548,"Beef, tenderloin, steak, separable lean and fat, trimmed to 1/8"" fat, prime, cooked, broiled",SR Legacy,25.26,22.21,0.0,0.0,308.0
168725,"Beef, tenderloin, steak, separable lean and fat, trimmed to 1/8"" fat, select, cooked, broiled",SR Legacy,26.48,16.53,0.0,0.0,262.0
168724,"Beef, tenderloin, steak, separable lean and fat, trimmed to 1/8"" fat, select, raw",SR Legacy,19.37,18.46,0.0,0.0,249.0
171811,"Beef, tenderloin, steak, separable lean only, trimmed to 1/8"" fat, all grades, cooked, broiled",SR Legacy,29.04,8.39,0.0,0.0,200.0
171812,"Beef, tenderloin, steak, separable lean only, trimmed to 1/8"" fat, all grades, raw",SR Legacy,22.12,6.52,0.0,0.0,153.0
173117,"Beef, tenderloin, steak, separable lean only, trimmed to 1/8"" fat, choice, cooked, broiled",SR Legacy,29.01,9.1,0.0,0.0,206.0
174762,"Beef, tenderloin, steak, separable lean only, trimmed to 1/8"" fat, choice, raw",SR Legacy,22.17,7.07,0.0,0.0,158.0
174043,"Beef, tenderloin, steak, separable lean only, trimmed to 1/8"" fat, select, cooked, broiled",SR Legacy,29.07,7.76,0.0,0.0,194.0
171803,"Beef, tenderloin, steak, separable lean only, trimmed to 1/8"" fat, select, raw",SR Legacy,22.06,5.93,0.0,0.0,148.0
173063,"Beef, top loin filet, boneless, separable lean and fat, trimmed to 1/8"" fat, all grades, cooked, grilled",SR Legacy,27.4,14.1,0.6,0.0,239.0
173064,"Beef, top loin filet, boneless, separable lean and fat, trimmed to 1/8"" fat, choice, cooked, grilled",SR Legacy,26.8,15.9,0.6,0.0,253.0
173065,"Beef, top loin filet, boneless, separable lean and fat, trimmed to 1/8"" fat, select, cooked, grilled",SR Legacy,28.3,11.6,0.4,0.0,219.0
174688,"Beef, top loin filet, boneless, separable lean only, trimmed to 1/8"" fat, all grades, cooked, grilled",SR Legacy,29.33,8.54,0.3,0.0,195.0
174689,"Beef, top loin filet, boneless, separable lean only, trimmed to 1/8"" fat, choice, cooked, grilled",SR Legacy,28.99,9.48,0.36,0.0,203.0
174690,"Beef, top loin filet, boneless, separable lean only, trimmed to 1/8"" fat, select, cooked, grilled",SR Legacy,29.85,7.12,0.2,0.0,184.0
174708,"Beef, top loin petite roast, boneless, separable lean and fat, trimmed to 1/8"" fat, all grades, cooked, roasted",SR Legacy,27.0,12.9,1.0,0.0,228.0
174709,"Beef, top loin petite roast, boneless, separable lean and fat, trimmed to 1/8"" fat, choice, cooked, roasted",SR Legacy,26.8,14.1,1.1,0.0,239.0
174710,"Beef, top loin petite roast, boneless, separable lean and fat, trimmed to 1/8"" fat, select, cooked, roasted",SR Legacy,27.1,11.2,0.9,0.0,213.0
173046,"Beef, top loin petite roast, boneless, separable lean only, trimmed to 1/8"" fat, all grades, cooked, roasted",SR Legacy,28.33,8.76,0.82,0.0,195.0
173047,"Beef, top loin petite roast, boneless, separable lean only, trimmed to 1/8"" fat, choice, cooked, roasted",SR Legacy,28.24,9.97,0.88,0.0,206.0
173048,"Beef, top loin petite roast, boneless, separable lean only, trimmed to 1/8"" fat, select, cooked, roasted",SR Legacy,28.48,6.95,0.74,0.0,179.0
174711,"Beef, top loin petite roast/filet, boneless, separable lean and fat, trimmed to 1/8"" fat, all grades, raw",SR Legacy,21.1,11.3,0.3,0.0,187.0
173066,"Beef, top loin petite roast/filet, boneless, separable lean and fat, trimmed to 1/8"" fat, choice, raw",SR Legacy,20.8,12.6,0.6,0.0,199.0
173067,"Beef, top loin petite roast/filet, boneless, separable lean and fat, trimmed to 1/8"" fat, select, raw",SR Legacy,21.6,9.3,0.0,0.0,170.0
173049,"Beef, top loin petite roast/filet, boneless, separable lean only, trimmed to 1/8"" fat, all grades, raw",SR Legacy,22.61,5.84,0.0,0.0,143.0
174691,"Beef, top loin petite roast/filet, boneless, separable lean only, trimmed to 1/8"" fat, choice, raw",SR Legacy,22.5,6.48,0.23,0.0,149.0
174692,"Beef, top loin petite roast/filet, boneless, separable lean only, trimmed to 1/8"" fat, select, raw",SR Legacy,22.77,4.88,0.0,0.0,135.0
2727574,"Beef, top sirloin steak, raw",Foundation Foods,21.975,5.708,0.218,,140.144
169457,"Beef, top sirloin, steak, separable lean and fat, trimmed to 0"" fat, all grades, cooked, broiled",SR Legacy,29.33,9.67,0.0,0.0,212.0
169458,"Beef, top sirloin, steak, separable lean and fat, trimmed to 0"" fat, choice, cooked, broiled",SR Legacy,29.02,10.54,0.0,0.0,219.0
168633,"Beef, top sirloin, steak, separable lean and fat, trimmed to 0"" fat, select, cooked, broiled",SR Legacy,29.65,8.8,0.0,0.0,206.0
168727,"Beef, top sirloin, steak, separable lean and fat, trimmed to 1/8"" fat, all grades, cooked, broiled",SR Legacy,26.96,14.23,0.0,0.0,243.0
168726,"Beef, top sirloin, steak, separable lean and fat, trimmed to 1/8"" fat, all grades, raw",SR Legacy,20.3,12.71,0.0,0.0,201.0
168729,"Beef, top sirloin, steak, separable lean and fat, trimmed to 1/8"" fat, choice, cooked, broiled",SR Legacy,26.8,15.75,0.0,0.0,257.0
169550,"Beef, top sirloin, steak, separable lean and fat, trimmed to 1/8"" fat, choice, cooked, pan-fried",SR Legacy,28.77,21.06,0.0,0.0,313.0
168728,"Beef, top sirloin, steak, separable lean and fat, trimmed to 1/8"" fat, choice, raw",SR Legacy,19.92,14.28,0.0,0.0,214.0
169552,"Beef, top sirloin, steak, separable lean and fat, trimmed to 1/8"" fat, select, cooked, broiled",SR Legacy,27.12,12.71,0.0,0.0,230.0
169551,"Beef, top sirloin, steak, separable lean and fat, trimmed to 1/8"" fat, select, raw",SR Legacy,20.68,11.13,0.0,0.0,189.0
168634,"Beef, top sirloin, steak, separable lean only, trimmed to 0"" fat, all grades, cooked, broiled",SR Legacy,30.55,5.79,0.0,0.0,183.0
168635,"Beef, top sirloin, steak, separable lean only, trimmed to 0"" fat, choice, cooked, broiled",SR Legacy,30.29,6.55,0.0,0.0,188.0
168636,"Beef, top sirloin, steak, separable lean only, trimmed to 0"" fat, select, cooked, broiled",SR Legacy,30.8,5.03,0.0,0.0,177.0
174054,"Beef, top sirloin, steak, separable lean only, trimmed to 1/8"" fat, all grades, cooked, broiled",SR Legacy,29.42,5.84,0.0,0.0,178.0
174055,"Beef, top sirloin, steak, separable lean only, trimmed to 1/8"" fat, all grades, raw",SR Legacy,22.09,4.08,0.0,0.0,131.0
173118,"Beef, top sirloin, steak, separable lean only, trimmed to 1/8"" fat, choice, cooked, broiled",SR Legacy,29.51,6.72,0.0,0.0,187.0
174763,"Beef, top sirloin, steak, separable lean only, trimmed to 1/8"" fat, choice, raw",SR Legacy,21.91,4.62,0.0,0.0,135.0
174044,"Beef, top sirloin, steak, separable lean only, trimmed to 1/8"" fat, select, cooked, broiled",SR Legacy,29.34,4.96,0.0,0.0,170.0
171804,"Beef, top sirloin, steak, separable lean only, trimmed to 1/8"" fat, select, raw",SR Legacy,22.27,3.54,0.0,0.0,127.0
168623,"Beef, variety meats and by-products, brain, cooked, pan-fried",SR Legacy,12.57,15.83,0.0,0.0,196.0
168624,"Beef, variety meats and by-products, brain, cooked, simmered",SR Legacy,11.67,10.53,1.48,0.0,151.0
168622,"Beef, variety meats and by-products, brain, raw",SR Legacy,10.86,10.3,1.05,0.0,143.0
169448,"Beef, variety meats and by-products, heart, cooked, simmered",SR Legacy,28.48,4.73,0.15,0.0,165.0
168625,"Beef, variety meats and by-products, heart, raw",SR Legacy,17.72,3.94,0.14,0.0,112.0
169450,"Beef, variety meats and by-products, kidneys, cooked, simmered",SR Legacy,27.27,4.65,0.0,0.0,158.0
169449,"Beef, variety meats and by-products, kidneys, raw",SR Legacy,17.4,3.09,0.29,0.0,99.0
168626,"Beef, variety meats and by-products, liver, cooked, braised",SR Legacy,29.08,5.26,5.13,0.0,191.0
168627,"Beef, variety meats and by-products, liver, cooked, pan-fried",SR Legacy,26.52,4.68,5.16,0.0,175.0
169451,"Beef, variety meats and by-products, liver, raw",SR Legacy,20.36,3.63,3.89,0.0,135.0
168629,"Beef, variety meats and by-products, lungs, cooked, braised",SR Legacy,20.4,3.7,0.0,0.0,120.0
168628,"Beef, variety meats and by-products, lungs, raw",SR Legacy,16.2,2.5,0.0,0.0,92.0
168630,"Beef, variety meats and by-products, mechanically separated beef, raw",SR Legacy,14.97,23.52,0.0,0.0,276.0
169453,"Beef, variety meats and by-products, pancreas, cooked, braised",SR Legacy,27.1,17.2,0.0,0.0,271.0
169452,"Beef, variety meats and by-products, pancreas, raw",SR Legacy,15.7,18.6,0.0,0.0,235.0
170597,"Beef, variety meats and by-products, spleen, cooked, braised",SR Legacy,25.1,4.2,0.0,0.0,145.0
169454,"Beef, variety meats and by-products, spleen, raw",SR Legacy,18.3,3.0,0.0,0.0,105.0
170193,"Beef, variety meats and by-products, suet, raw",SR Legacy,1.5,94.0,0.0,0.0,854.0
170195,"Beef, variety meats and by-products, thymus, cooked, braised",SR Legacy,21.85,24.98,0.0,0.0,319.0
170194,"Beef, variety meats and by-products, thymus, raw",SR Legacy,12.18,20.35,0.0,0.0,236.0
170598,"Beef, variety meats and by-products, tongue, cooked, simmered",SR Legacy,19.29,22.3,0.0,0.0,284.0
170196,"Beef, variety meats and by-products, tongue, raw",SR Legacy,14.9,16.09,3.68,0.0,224.0
174769,"Beef, variety meats and by-products, tripe, cooked, simmered",SR Legacy,11.71,4.05,1.99,0.0,94.0
170599,"Beef, variety meats and by-products, tripe, raw",SR Legacy,12.07,3.69,0.0,0.0,85.0
2727573,"Beef, tenderloin steak, raw",Foundation Foods,21.09375,6.456,0.18025,,143.2
171616,"Beerwurst, beer salami, pork",SR Legacy,14.24,18.8,2.06,0.0,238.0
172011,"Beerwurst, beer salami, pork and beef",SR Legacy,14.0,22.53,3.76,0.9,277.0
172961,"Beerwurst, pork and beef",SR Legacy,14.0,22.53,4.27,0.9,276.0
168508,"Beet greens, cooked, boiled, drained, with salt",SR Legacy,2.57,0.2,5.46,2.9,27.0
170376,"Beet greens, cooked, boiled, drained, without salt",SR Legacy,2.57,0.2,5.46,2.9,27.0
2747653,"Beet greens, raw",Foundation Foods,1.609375,0.1438,4.658825,2.578,26.367
169966,"Beets, canned, drained solids",SR Legacy,0.91,0.14,7.21,1.8,31.0
168507,"Beets, canned, no salt added, solids and liquids",SR Legacy,0.8,0.07,6.57,1.2,28.0
169147,"Beets, canned, regular pack, solids and liquids",SR Legacy,0.73,0.09,7.14,1.2,30.0
169146,"Beets, cooked, boiled, drained",SR Legacy,1.68,0.18,9.96,2.0,44.0
168506,"Beets, cooked, boiled. drained, with salt",SR Legacy,1.68,0.18,9.96,2.0,44.0
170479,"Beets, harvard, canned, solids and liquids",SR Legacy,0.84,0.06,18.18,2.5,73.0
170480,"Beets, pickled, canned, solids and liquids",SR Legacy,0.8,0.08,16.28,0.8,65.0
2685576,"Beets, raw",Foundation Foods,1.6875,0.3025,8.787,3.119,44.6205
169073,"Beverage, instant breakfast powder, chocolate, not reconstituted",SR Legacy,19.9,1.4,66.2,0.4,353.0
169897,"Beverage, instant breakfast powder, chocolate, sugar-free, not reconstituted",SR Legacy,35.8,5.1,41.0,2.0,358.0
174108,"Beverages,  Energy drink, Citrus",SR Legacy,0.0,0.0,11.27,0.0,45.0
174813,"Beverages, ABBOTT, EAS soy protein powder",SR Legacy,47.62,3.57,43.94,0.0,405.0
173167,"Beverages, ABBOTT, EAS whey protein powder",SR Legacy,66.67,5.13,17.95,0.0,385.0
167727,"Beverages, ABBOTT, ENSURE PLUS, ready-to-drink",SR Legacy,5.16,4.52,19.88,0.0,141.0
174823,"Beverages, ABBOTT, ENSURE, Nutritional Shake, Ready-to-Drink",SR Legacy,3.8,2.53,16.88,0.0,105.0
173175,"Beverages, Acai berry drink, fortified",SR Legacy,0.83,0.83,12.83,1.2,62.0
174820,"Beverages, almond milk, chocolate, ready-to-drink",SR Legacy,0.63,1.25,9.38,0.4,50.0
168751,"Beverages, almond milk, sweetened, vanilla flavor, ready-to-drink",SR Legacy,0.42,1.04,6.59,0.4,38.0
174832,"Beverages, almond milk, unsweetened, shelf stable",SR Legacy,0.4,0.96,1.31,0.2,15.0
174131,"Beverages, aloe vera juice drink, fortified with Vitamin C",SR Legacy,0.0,0.0,3.75,0.0,15.0
174146,"Beverages, AMBER, hard cider",SR Legacy,0.0,0.0,5.92,0.0,56.0
174112,"Beverages, Apple juice drink, light, fortified with vitamin C",SR Legacy,0.0,0.1,5.1,0.0,22.0
175110,"Beverages, ARIZONA, tea, ready-to-drink, lemon",SR Legacy,0.0,0.0,9.77,0.0,39.0
174842,"Beverages, carbonated, club soda",SR Legacy,0.0,0.0,0.0,0.0,0.0
175093,"Beverages, carbonated, cola, fast-food cola",SR Legacy,0.07,0.02,9.56,0.0,37.0
174852,"Beverages, carbonated, cola, regular",SR Legacy,0.0,0.25,10.36,0.0,42.0
174851,"Beverages, carbonated, cola, without caffeine",SR Legacy,0.0,0.0,10.58,0.0,41.0
174846,"Beverages, carbonated, ginger ale",SR Legacy,0.0,0.0,8.76,0.0,34.0
173203,"Beverages, carbonated, grape soda",SR Legacy,0.0,0.0,11.2,0.0,43.0
173205,"Beverages, carbonated, lemon-lime soda, no caffeine",SR Legacy,0.09,0.0,10.42,0.0,41.0
171875,"Beverages, carbonated, limeade, high caffeine",SR Legacy,0.0,0.11,4.11,0.0,17.0
175099,"Beverages, carbonated, low calorie, cola or pepper-type, with aspartame, contains caffeine",SR Legacy,0.11,0.03,0.29,0.0,2.0
174850,"Beverages, carbonated, low calorie, cola or pepper-type, with aspartame, without caffeine",SR Legacy,0.12,0.0,0.12,0.0,1.0
171876,"Beverages, carbonated, low calorie, cola or pepper-types, with sodium saccharin, contains caffeine",SR Legacy,0.0,0.0,0.1,0.0,0.0
173204,"Beverages, carbonated, low calorie, other than cola or pepper,  without caffeine",SR Legacy,0.1,0.0,0.0,0.0,0.0
173207,"Beverages, carbonated, low calorie, other than cola or pepper, with aspartame, contains caffeine",SR Legacy,0.1,0.0,0.0,0.0,0.0
174854,"Beverages, carbonated, orange",SR Legacy,0.0,0.0,12.3,0.0,48.0
173209,"Beverages, carbonated, pepper-type, contains caffeine",SR Legacy,0.0,0.1,10.4,0.0,41.0
174853,"Beverages, carbonated, reduced sugar, cola, contains caffeine and sweeteners",SR Legacy,0.0,0.0,5.16,0.0,20.0
171871,"Beverages, carbonated, root beer",SR Legacy,0.0,0.0,10.6,0.0,41.0
173206,"Beverages, carbonated, SPRITE, lemon-lime, without caffeine",SR Legacy,0.05,0.02,10.14,0.0,40.0
171869,"Beverages, carbonated, tonic water",SR Legacy,0.0,0.0,8.8,0.0,34.0
174114,"Beverages, Carob-flavor beverage mix, powder",SR Legacy,1.8,0.2,93.3,8.0,372.0
174115,"Beverages, Carob-flavor beverage mix, powder, prepared with whole milk",SR Legacy,3.16,3.11,8.68,0.4,75.0
173187,"Beverages, chocolate almond milk, unsweetened, shelf-stable, fortified with vitamin D2 and E",SR Legacy,0.83,1.46,1.25,0.4,21.0
171873,"Beverages, chocolate drink, milk and soy based, ready to drink, fortified",SR Legacy,4.22,1.69,17.3,1.3,101.0
171874,"Beverages, chocolate malt powder, prepared with 1% milk, fortified",SR Legacy,3.32,0.97,8.81,0.0,57.0
173184,"Beverages, chocolate malt, powder, prepared with fat free milk",SR Legacy,3.25,0.17,8.64,0.0,49.0
174824,"Beverages, chocolate powder, no sugar added",SR Legacy,9.09,4.5,68.31,9.1,350.0
174117,"Beverages, chocolate syrup",SR Legacy,2.1,1.13,65.1,2.6,279.0
174118,"Beverages, chocolate syrup, prepared with whole milk",SR Legacy,3.07,2.96,12.78,0.3,90.0
174159,"Beverages, chocolate-flavor beverage mix for milk, powder, with added nutrients",SR Legacy,4.55,2.27,90.28,4.5,400.0
174160,"Beverages, chocolate-flavor beverage mix for milk, powder, with added nutrients, prepared with whole milk",SR Legacy,3.27,3.17,11.87,0.4,89.0
171879,"Beverages, chocolate-flavor beverage mix, powder, prepared with whole milk",SR Legacy,3.23,3.24,11.96,0.4,85.0
167711,"Beverages, Chocolate-flavored drink, whey and milk based",SR Legacy,0.64,0.4,10.68,0.6,49.0
171912,"Beverages, citrus fruit juice drink, frozen concentrate",SR Legacy,1.2,0.1,40.2,0.2,162.0
171913,"Beverages, citrus fruit juice drink, frozen concentrate, prepared with water",SR Legacy,0.34,0.03,11.42,0.1,46.0
171882,"Beverages, Clam and tomato juice, canned",SR Legacy,0.6,0.2,10.95,0.4,48.0
175108,"Beverages, COCA-COLA, POWERADE, lemon-lime flavored, ready-to-drink",SR Legacy,0.0,0.05,7.84,0.0,32.0
167739,"Beverages, Cocktail mix, non-alcoholic, concentrated, frozen",SR Legacy,0.08,0.01,71.6,0.0,287.0
175114,"Beverages, Cocoa mix, low calorie, powder, with added calcium, phosphorus, aspartame, without added sodium or vitamin A",SR Legacy,25.1,3.0,58.0,1.1,359.0
174124,"Beverages, Cocoa mix, NESTLE, Hot Cocoa Mix Rich Chocolate With Marshmallows",SR Legacy,2.8,15.0,75.0,3.7,400.0
171886,"Beverages, Cocoa mix, no sugar added, powder",SR Legacy,15.49,3.0,71.93,7.5,377.0
174122,"Beverages, Cocoa mix, powder",SR Legacy,6.67,4.0,83.73,3.7,398.0
174123,"Beverages, Cocoa mix, powder, prepared with water",SR Legacy,0.92,0.55,11.54,0.5,55.0
175092,"Beverages, cocoa mix, with aspartame, powder, prepared with water",SR Legacy,1.21,0.23,5.61,0.6,29.0
174116,"Beverages, coconut milk, sweetened, fortified with calcium, vitamins A, B12, D2",SR Legacy,0.21,2.08,2.92,0.0,31.0
174831,"Beverages, Coconut water, ready-to-drink, unsweetened",SR Legacy,0.22,0.0,4.24,0.0,18.0
174127,"Beverages, coffee and cocoa, instant, decaffeinated, with whitener and low calorie sweetener",SR Legacy,9.0,13.21,71.4,4.8,440.0
174138,"Beverages, coffee substitute, cereal grain beverage, powder",SR Legacy,6.01,2.52,78.42,23.3,360.0
173648,"Beverages, coffee substitute, cereal grain beverage, powder, prepared with whole milk",SR Legacy,3.3,3.3,5.6,0.1,65.0
174139,"Beverages, coffee substitute, cereal grain beverage, prepared with water",SR Legacy,0.1,0.04,1.3,0.4,6.0
171881,"Beverages, coffee, brewed, breakfast blend",SR Legacy,0.3,0.0,0.17,0.0,2.0
171891,"Beverages, coffee, brewed, espresso, restaurant-prepared",SR Legacy,0.12,0.18,1.67,0.0,9.0
174125,"Beverages, coffee, brewed, espresso, restaurant-prepared, decaffeinated",SR Legacy,0.1,0.18,1.69,0.0,9.0
171890,"Beverages, coffee, brewed, prepared with tap water",SR Legacy,0.12,0.02,0.0,0.0,1.0
171889,"Beverages, coffee, brewed, prepared with tap water, decaffeinated",SR Legacy,0.1,0.0,0.0,0.0,0.0
174134,"Beverages, coffee, instant, chicory",SR Legacy,0.09,0.0,0.75,0.0,3.0
174133,"Beverages, coffee, instant, decaffeinated, powder",SR Legacy,11.6,0.2,76.0,0.0,351.0
171894,"Beverages, coffee, instant, decaffeinated, prepared with water",SR Legacy,0.12,0.0,0.43,0.0,2.0
174135,"Beverages, coffee, instant, mocha, sweetened",SR Legacy,5.29,15.87,74.04,1.9,460.0
174126,"Beverages, coffee, instant, regular, half the caffeine",SR Legacy,14.42,0.5,73.18,0.0,352.0
171893,"Beverages, coffee, instant, regular, powder",SR Legacy,12.2,0.5,75.4,0.0,353.0
174130,"Beverages, coffee, instant, regular, prepared with water",SR Legacy,0.1,0.0,0.34,0.0,2.0
174154,"Beverages, coffee, instant, vanilla, sweetened, decaffeinated, with non dairy creamer",SR Legacy,0.0,13.33,86.28,0.0,465.0
171897,"Beverages, coffee, instant, with chicory",SR Legacy,9.3,0.2,78.9,0.5,355.0
168122,"Beverages, coffee, instant, with whitener, reduced calorie",SR Legacy,1.96,29.1,59.94,0.5,509.0
174119,"Beverages, coffee, ready to drink, iced, mocha, milk based",SR Legacy,1.48,0.98,11.42,0.0,60.0
171880,"Beverages, coffee, ready to drink, milk based, sweetened",SR Legacy,1.98,1.38,12.6,0.0,71.0
171877,"Beverages, coffee, ready to drink, vanilla, light, milk based, sweetened",SR Legacy,2.14,1.07,4.27,0.0,36.0
173214,"Beverages, Cranberry juice cocktail",SR Legacy,0.0,0.34,12.25,,52.0
174140,"Beverages, cranberry-apple juice drink, bottled",SR Legacy,0.0,0.11,15.85,0.0,63.0
168123,"Beverages, cranberry-apple juice drink, low calorie, with vitamin C added",SR Legacy,0.1,0.0,4.7,0.1,19.0
174142,"Beverages, cranberry-apricot juice drink, bottled",SR Legacy,0.2,0.0,16.2,0.1,64.0
171902,"Beverages, cranberry-grape juice drink, bottled",SR Legacy,0.2,0.1,14.0,0.1,56.0
174814,"Beverages, CYTOSPORT, Muscle Milk, ready-to-drink",SR Legacy,5.87,2.17,2.28,0.2,52.0
173650,"Beverages, dairy drink mix, chocolate, reduced calorie, with aspartame, powder, prepared with water and ice",SR Legacy,2.19,0.23,4.51,0.8,29.0
173649,"Beverages, Dairy drink mix, chocolate, reduced calorie, with low-calorie sweeteners, powder",SR Legacy,25.0,2.6,51.4,9.4,329.0
173658,"Beverages, DANNON, water, bottled, non-carbonated, with Fluoride",SR Legacy,0.0,0.0,0.03,,0.0
173659,"Beverages, drink mix, QUAKER OATS, GATORADE, orange flavor, powder",SR Legacy,0.0,1.23,94.11,0.0,388.0
171905,"Beverages, Eggnog-flavor mix, powder, prepared with whole milk",SR Legacy,2.93,3.02,14.2,0.0,95.0
174821,"Beverages, Energy Drink with carbonated water and high fructose corn syrup",SR Legacy,0.42,0.0,15.0,0.0,62.0
174171,"Beverages, Energy drink, AMP",SR Legacy,0.25,0.08,12.08,0.0,46.0
171936,"Beverages, Energy drink, AMP, sugar free",SR Legacy,0.0,0.0,1.03,0.0,2.0
174172,"Beverages, Energy drink, FULL THROTTLE",SR Legacy,0.25,0.08,12.08,0.0,46.0
171935,"Beverages, Energy Drink, Monster, fortified with vitamins C, B2, B3, B6, B12",SR Legacy,0.47,0.0,11.28,0.0,47.0
173210,"Beverages, Energy drink, RED BULL",SR Legacy,0.46,0.0,10.23,0.0,43.0
171870,"Beverages, Energy drink, RED BULL, sugar free, with added caffeine, niacin, pantothenic acid, vitamins B6 and B12",SR Legacy,0.25,0.08,0.7,0.0,5.0
171937,"Beverages, Energy drink, ROCKSTAR",SR Legacy,0.34,0.22,12.7,0.0,58.0
171938,"Beverages, Energy drink, ROCKSTAR, sugar free",SR Legacy,0.25,0.08,0.7,0.0,4.0
174822,"Beverages, Energy Drink, sugar free",SR Legacy,0.42,0.0,0.42,0.0,4.0
174177,"Beverages, Energy drink, VAULT Zero, sugar-free, citrus flavor",SR Legacy,0.25,0.08,0.7,0.0,1.0
171943,"Beverages, Energy drink, VAULT, citrus flavor",SR Legacy,0.0,0.0,12.99,0.0,49.0
174180,"Beverages, Fruit flavored drink containing less than 3% fruit juice, with high vitamin C",SR Legacy,0.0,0.0,6.67,0.0,27.0
174179,"Beverages, Fruit flavored drink, less than 3% juice, not fortified with vitamin C",SR Legacy,0.0,0.0,16.03,0.0,64.0
171944,"Beverages, Fruit flavored drink, reduced sugar, greater than 3% fruit juice, high vitamin C, added calcium",SR Legacy,0.0,0.37,6.67,0.0,29.0
171945,"Beverages, fruit juice drink, greater than 3% fruit juice, high vitamin C and added thiamin",SR Legacy,0.13,0.0,13.16,0.1,54.0
171947,"Beverages, fruit juice drink, greater than 3% juice, high vitamin C",SR Legacy,0.13,0.11,11.35,0.1,46.0
174176,"Beverages, fruit juice drink, reduced sugar, with vitamin E added",SR Legacy,0.0,0.07,10.0,0.0,39.0
174152,"Beverages, Fruit punch drink, frozen concentrate",SR Legacy,0.2,0.0,41.4,0.4,162.0
174153,"Beverages, Fruit punch drink, frozen concentrate, prepared with water",SR Legacy,0.06,0.0,11.66,0.1,46.0
174151,"Beverages, Fruit punch drink, with added nutrients, canned",SR Legacy,0.0,0.0,11.94,0.2,47.0
171914,"Beverages, fruit punch drink, without added nutrients, canned",SR Legacy,0.0,0.0,11.97,0.0,48.0
175094,"Beverages, fruit punch juice drink, frozen concentrate",SR Legacy,0.3,0.7,43.1,0.2,175.0
175095,"Beverages, fruit punch juice drink, frozen concentrate, prepared with water",SR Legacy,0.07,0.17,11.4,0.0,42.0
175115,"Beverages, fruit punch-flavor drink, powder, without added sodium, prepared with water",SR Legacy,0.0,0.01,9.47,0.0,37.0
167681,"Beverages, fruit-flavored drink, dry powdered mix, low calorie, with aspartame",SR Legacy,0.45,0.04,87.38,0.1,218.0
167707,"Beverages, fruit-flavored drink, powder, with high vitamin C with other added vitamins, low calorie",SR Legacy,0.25,0.16,91.0,2.2,227.0
173173,"Beverages, FUZE, orange mango, fortified with vitamins A, C, E, B6",SR Legacy,0.68,0.06,9.2,0.2,38.0
173183,"Beverages, GEROLSTEINER BRUNNEN GmbH & Co. KG (Gerolsteiner), naturally sparkling, mineral bottled water",SR Legacy,0.0,0.0,0.0,0.0,0.0
174827,"Beverages, GEROLSTEINER BRUNNEN GmbH & Co. KG,Gerolsteiner naturally sparkling mineral water,",SR Legacy,0.0,0.0,0.0,0.0,0.0
171916,"Beverages, grape drink, canned",SR Legacy,0.0,0.0,15.72,0.0,61.0
173213,"Beverages, grape juice drink, canned",SR Legacy,0.0,0.0,14.55,0.1,57.0
171941,"Beverages, Horchata, as served in restaurant",SR Legacy,0.48,0.71,11.52,0.0,54.0
174111,"Beverages, Kiwi Strawberry Juice Drink",SR Legacy,0.0,0.0,12.26,0.0,47.0
171898,"Beverages, KRAFT, coffee, instant, French Vanilla Cafe",SR Legacy,2.5,19.2,74.6,1.4,481.0
171878,"Beverages, Lemonade fruit juice drink light, fortified with vitamin E and C",SR Legacy,0.0,0.0,5.0,0.0,21.0
173667,"Beverages, lemonade, frozen concentrate, pink, prepared with water",SR Legacy,0.05,0.15,10.81,0.1,43.0
174858,"Beverages, Lemonade, powder",SR Legacy,0.0,1.05,97.57,0.4,376.0
174860,"Beverages, lemonade-flavor drink, powder",SR Legacy,0.0,1.01,97.9,0.0,380.0
174861,"Beverages, lemonade-flavor drink, powder, prepared with water",SR Legacy,0.0,0.07,6.9,0.0,27.0
175111,"Beverages, LIPTON BRISK, tea, black, ready-to-drink, lemon",SR Legacy,0.0,0.0,8.81,0.0,35.0
171907,"Beverages, Malt liquor beverage",SR Legacy,0.35,0.0,0.0,0.0,40.0
174866,"Beverages, malted drink mix, chocolate, powder",SR Legacy,5.1,4.76,86.94,4.8,411.0
174867,"Beverages, Malted drink mix, chocolate, powder, prepared with whole milk",SR Legacy,3.37,3.29,11.2,0.5,85.0
174865,"Beverages, Malted drink mix, chocolate, with added nutrients, powder, prepared with whole milk",SR Legacy,3.29,3.26,11.19,0.4,87.0
173220,"Beverages, Malted drink mix, natural, powder, dairy based.",SR Legacy,14.29,9.52,71.21,0.1,428.0
173221,"Beverages, Malted drink mix, natural, powder, prepared with whole milk",SR Legacy,3.86,3.62,10.23,0.1,88.0
173219,"Beverages, Malted drink mix, natural, with added nutrients, powder, prepared with whole milk",SR Legacy,3.67,3.21,10.67,0.0,86.0
171939,"Beverages, Meal supplement drink, canned, peanut flavor",SR Legacy,3.5,3.07,14.74,,101.0
174174,"Beverages, milk beverage, reduced fat, flavored and sweetened, Ready-to-drink,  added calcium, vitamin A and vitamin D",SR Legacy,3.05,1.83,12.08,0.4,77.0
173189,"Beverages, MINUTE MAID, Lemonada, Limeade",SR Legacy,0.0,0.0,13.75,0.0,50.0
173197,"Beverages, Mixed vegetable and fruit juice drink, with added nutrients",SR Legacy,0.04,0.01,7.47,0.0,29.0
173162,"Beverages, MONSTER energy drink, low carb",SR Legacy,0.0,0.0,1.38,0.0,5.0
174857,"Beverages, MOTTS, Apple juice light, fortified with vitamin C",SR Legacy,0.0,0.1,5.1,0.0,22.0
174847,"Beverages, NESTEA, tea, black, ready-to-drink, lemon",SR Legacy,0.0,0.0,9.09,0.0,36.0
173169,"Beverages, NESTLE, Boost plus, nutritional drink, ready-to-drink",SR Legacy,5.38,5.38,17.29,1.2,138.0
174181,"Beverages, nutritional shake mix, high protein, powder",SR Legacy,53.57,10.71,20.38,0.0,392.0
174147,"Beverages, OCEAN SPRAY, Cran Cherry",SR Legacy,0.19,0.0,12.76,0.6,46.0
174132,"Beverages, OCEAN SPRAY, Cran Grape",SR Legacy,0.21,0.0,13.16,0.6,54.0
171900,"Beverages, OCEAN SPRAY, Cran Lemonade",SR Legacy,0.07,0.0,11.12,0.6,45.0
171909,"Beverages, OCEAN SPRAY, Cran Pomegranate",SR Legacy,0.07,0.01,12.56,0.6,47.0
171899,"Beverages, OCEAN SPRAY, Cran Raspberry Juice Drink",SR Legacy,0.28,0.0,11.96,0.6,49.0
174816,"Beverages, OCEAN SPRAY, Cran-Energy, Cranberry Energy Juice Drink",SR Legacy,0.0,0.0,3.75,0.0,15.0
171895,"Beverages, OCEAN SPRAY, Cranberry-Apple Juice Drink, bottled",SR Legacy,0.29,0.0,13.68,0.6,56.0
171901,"Beverages, OCEAN SPRAY, Diet Cran Cherry",SR Legacy,0.21,0.0,0.7,0.6,4.0
171896,"Beverages, OCEAN SPRAY, Diet Cranberry Juice",SR Legacy,0.07,0.0,0.8,0.6,4.0
174148,"Beverages, OCEAN SPRAY, Light Cranberry",SR Legacy,0.22,0.01,4.72,0.7,19.0
174136,"Beverages, OCEAN SPRAY, Light Cranberry and Raspberry Flavored Juice",SR Legacy,0.73,0.0,5.77,0.7,26.0
174150,"Beverages, OCEAN SPRAY, Light Cranberry, Concord Grape",SR Legacy,0.36,0.02,5.78,0.7,23.0
174856,"Beverages, OCEAN SPRAY, Ruby Red cranberry",SR Legacy,0.07,0.01,11.58,0.6,45.0
174149,"Beverages, OCEAN SPRAY, White Cranberry Peach",SR Legacy,0.13,0.01,11.88,0.6,45.0
174137,"Beverages, OCEAN SPRAY, White Cranberry Strawberry Flavored Juice Drink",SR Legacy,0.22,0.01,11.98,0.6,49.0
173223,"Beverages, orange and apricot juice drink, canned",SR Legacy,0.3,0.1,12.7,0.1,51.0
175105,"Beverages, orange breakfast drink, ready-to-drink, with added nutrients",SR Legacy,0.0,0.0,13.2,0.1,53.0
175100,"Beverages, Orange drink, breakfast type, with juice and pulp, frozen concentrate",SR Legacy,0.4,0.0,39.0,0.1,153.0
175101,"Beverages, Orange drink, breakfast type, with juice and pulp, frozen concentrate, prepared with water",SR Legacy,0.12,0.0,11.32,0.0,45.0
174868,"Beverages, orange drink, canned, with added vitamin C",SR Legacy,0.0,0.07,12.34,0.0,49.0
169044,"Beverages, Orange juice drink",SR Legacy,0.2,0.0,13.41,0.2,54.0
173178,"Beverages, Orange juice, light, No pulp",SR Legacy,0.21,0.0,5.42,0.0,21.0
173237,"Beverages, Orange-flavor drink, breakfast type, low calorie, powder",SR Legacy,3.6,0.0,85.9,3.8,217.0
173235,"Beverages, orange-flavor drink, breakfast type, powder",SR Legacy,0.0,0.0,98.94,0.4,386.0
173236,"Beverages, orange-flavor drink, breakfast type, powder, prepared with water",SR Legacy,0.0,0.0,12.65,0.1,49.0
173652,"Beverages, Orange-flavor drink, breakfast type, with pulp, frozen concentrate, prepared with water",SR Legacy,0.03,0.14,12.21,0.0,49.0
173651,"Beverages, Orange-flavor drink, breakfast type, with pulp, frozen concentrate.",SR Legacy,0.1,0.5,42.9,0.2,172.0
173222,"Beverages, OVALTINE, chocolate malt powder",SR Legacy,0.0,0.0,92.96,0.0,372.0
174864,"Beverages, OVALTINE, Classic Malt powder",SR Legacy,0.0,0.0,93.33,0.0,372.0
174178,"Beverages, PEPSICO QUAKER, Gatorade G2, low calorie",SR Legacy,0.05,0.01,1.94,0.0,8.0
173660,"Beverages, PEPSICO QUAKER, Gatorade, G performance O 2, ready-to-drink.",SR Legacy,0.0,0.0,6.43,0.0,26.0
173224,"Beverages, pineapple and grapefruit juice drink, canned",SR Legacy,0.2,0.1,11.6,0.1,47.0
173225,"Beverages, pineapple and orange juice drink, canned",SR Legacy,1.3,0.0,11.8,0.1,50.0
171923,"Beverages, Powerade Zero Ion4, calorie-free, assorted flavors",SR Legacy,0.0,0.0,0.0,0.0,0.0
174113,"Beverages, POWERADE, Zero, Mixed Berry",SR Legacy,0.0,0.0,0.14,0.0,0.0
175109,"Beverages, Propel Zero, fruit-flavored, non-carbonated",SR Legacy,0.0,0.0,1.14,0.0,5.0
173181,"Beverages, Protein powder soy based",SR Legacy,55.56,5.56,28.89,6.7,388.0
173180,"Beverages, Protein powder whey based",SR Legacy,78.13,1.56,6.25,3.1,352.0
171942,"Beverages, rice milk, unsweetened",SR Legacy,0.28,0.97,9.17,0.3,47.0
173182,"Beverages, rich chocolate, powder",SR Legacy,0.0,0.0,92.96,0.0,372.0
175102,"Beverages, shake, fast food, strawberry",SR Legacy,3.4,2.8,18.9,0.4,113.0
173170,"Beverages, SLIMFAST, Meal replacement,  High Protein Shake, Ready-To-Drink, 3-2-1 plan",SR Legacy,6.59,3.38,0.85,0.4,61.0
173218,"Beverages, SNAPPLE, tea, black and green, ready to drink, lemon, diet",SR Legacy,0.1,0.0,0.1,0.0,2.0
173215,"Beverages, SNAPPLE, tea, black and green, ready to drink, peach, diet",SR Legacy,0.1,0.0,0.1,0.0,2.0
174870,"Beverages, Strawberry-flavor beverage mix, powder, prepared with whole milk",SR Legacy,3.0,3.1,12.3,0.0,88.0
174155,"Beverages, tea, black, brewed, prepared with distilled water",SR Legacy,0.0,0.0,0.3,0.0,1.0
173227,"Beverages, tea, black, brewed, prepared with tap water",SR Legacy,0.0,0.0,0.3,0.0,1.0
174871,"Beverages, tea, black, brewed, prepared with tap water, decaffeinated",SR Legacy,0.0,0.0,0.3,0.0,1.0
174144,"Beverages, tea, black, ready to drink",SR Legacy,0.0,0.0,0.0,0.0,0.0
173212,"Beverages, tea, black, ready to drink, decaffeinated",SR Legacy,0.0,0.0,8.75,0.0,38.0
173211,"Beverages, tea, black, ready to drink, decaffeinated, diet",SR Legacy,0.0,0.0,0.83,0.0,0.0
171892,"Beverages, tea, black, ready-to-drink, lemon, diet",SR Legacy,0.0,0.0,0.22,0.0,1.0
171888,"Beverages, tea, black, ready-to-drink, lemon, sweetened",SR Legacy,0.0,0.22,10.8,0.0,45.0
174855,"Beverages, tea, black, ready-to-drink, peach, diet",SR Legacy,0.0,0.0,0.25,0.0,1.0
171910,"Beverages, tea, green, brewed, decaffeinated",SR Legacy,0.0,0.0,0.0,0.0,0.0
171917,"Beverages, tea, green, brewed, regular",SR Legacy,0.22,0.0,0.0,0.0,1.0
174143,"Beverages, tea, green, instant, decaffeinated, lemon, unsweetened, fortified with vitamin C",SR Legacy,0.0,0.0,94.45,0.0,378.0
171883,"Beverages, tea, green, ready to drink, ginseng and honey, sweetened",SR Legacy,0.0,0.18,7.16,0.0,30.0
171911,"Beverages, tea, green, ready to drink, unsweetened",SR Legacy,0.0,0.0,0.0,0.0,0.0
174121,"Beverages, tea, green, ready-to-drink, citrus, diet, fortified with vitamin C",SR Legacy,0.0,0.0,0.31,0.0,1.0
171885,"Beverages, tea, green, ready-to-drink, diet",SR Legacy,0.0,0.0,0.93,0.0,4.0
174128,"Beverages, tea, green, ready-to-drink, sweetened",SR Legacy,0.0,0.22,6.2,0.0,27.0
174156,"Beverages, tea, herb, brewed, chamomile",SR Legacy,0.0,0.0,0.2,0.0,1.0
173232,"Beverages, tea, herb, other than chamomile, brewed",SR Legacy,0.0,0.0,0.2,0.0,1.0
171946,"Beverages, tea, hibiscus, brewed",SR Legacy,0.0,0.0,0.0,0.0,0.0
173228,"Beverages, tea, instant, decaffeinated, lemon, diet",SR Legacy,3.3,0.6,85.4,0.0,338.0
173229,"Beverages, tea, instant, decaffeinated, lemon, sweetened",SR Legacy,0.12,0.73,98.55,0.0,401.0
174872,"Beverages, tea, instant, decaffeinated, unsweetened",SR Legacy,20.21,0.0,58.66,8.5,315.0
173231,"Beverages, tea, instant, lemon, diet",SR Legacy,0.02,0.0,0.44,0.0,2.0
175089,"Beverages, tea, instant, lemon, sweetened, powder",SR Legacy,0.12,0.73,98.55,0.7,401.0
175090,"Beverages, tea, instant, lemon, sweetened, prepared with water",SR Legacy,0.01,0.06,8.61,0.1,35.0
175088,"Beverages, tea, instant, lemon, unsweetened",SR Legacy,7.4,0.18,78.52,5.0,345.0
171918,"Beverages, tea, instant, lemon, with added ascorbic acid",SR Legacy,0.6,0.3,97.6,0.0,385.0
175091,"Beverages, tea, instant, sweetened with sodium saccharin, lemon-flavored, powder",SR Legacy,3.3,0.6,85.4,0.0,338.0
173230,"Beverages, tea, instant, unsweetened, powder",SR Legacy,20.21,0.0,58.66,8.5,315.0
174873,"Beverages, tea, instant, unsweetened, prepared with water",SR Legacy,0.06,0.0,0.17,0.0,1.0
174120,"Beverages, tea, Oolong, brewed",SR Legacy,0.0,0.0,0.15,0.0,1.0
174129,"Beverages, tea, ready-to-drink, lemon, diet",SR Legacy,0.0,0.0,0.41,0.0,2.0
175104,"Beverages, The COCA-COLA company, DASANI, water, bottled, non-carbonated",SR Legacy,0.0,0.0,0.0,,0.0
173188,"Beverages, The COCA-COLA company, Glaceau Vitamin Water, Revive Fruit Punch, fortified",SR Legacy,0.0,0.0,0.0,0.0,0.0
173179,"Beverages, The COCA-COLA company, Hi-C Flashin' Fruit Punch",SR Legacy,0.0,0.0,12.5,0.0,45.0
171884,"Beverages, The COCA-COLA company, Minute Maid, Lemonade",SR Legacy,0.0,0.0,12.08,0.0,46.0
173165,"Beverages, THE COCA-COLA COMPANY, NOS energy drink, Original, grape, loaded cherry, charged citrus, fortified with vitamins B6 and B12",SR Legacy,0.0,0.0,11.25,0.0,44.0
174809,"Beverages, THE COCA-COLA COMPANY, NOS Zero, energy drink, sugar-free with guarana, fortified with vitamins B6 and B12",SR Legacy,0.0,0.0,1.03,0.0,4.0
171915,"Beverages, Tropical Punch, ready-to-drink",SR Legacy,0.0,0.0,2.5,0.0,10.0
173174,"Beverages, UNILEVER, SLIMFAST Shake Mix, high protein, whey powder, 3-2-1 Plan,",SR Legacy,27.87,13.46,50.0,18.2,433.0
173172,"Beverages, UNILEVER, SLIMFAST Shake Mix, powder, 3-2-1 Plan",SR Legacy,8.13,13.34,73.92,18.1,448.0
173171,"Beverages, UNILEVER, SLIMFAST, meal replacement, regular, ready-to-drink,  3-2-1 Plan",SR Legacy,3.32,1.93,7.74,1.6,57.0
171928,"Beverages, V8 SPLASH Juice Drinks, Berry Blend",SR Legacy,0.0,0.0,7.41,,29.0
174162,"Beverages, V8 SPLASH Juice Drinks, Diet Berry Blend",SR Legacy,0.0,0.0,1.23,,4.0
174163,"Beverages, V8 SPLASH Juice Drinks, Diet Fruit Medley",SR Legacy,0.0,0.0,1.26,,4.0
174164,"Beverages, V8 SPLASH Juice Drinks, Diet Strawberry Kiwi",SR Legacy,0.0,0.0,1.26,,4.0
171927,"Beverages, V8 SPLASH Juice Drinks, Diet Tropical Blend",SR Legacy,0.0,0.0,1.26,,4.0
171929,"Beverages, V8 SPLASH Juice Drinks, Fruit Medley",SR Legacy,0.0,0.0,7.82,,33.0
171930,"Beverages, V8 SPLASH Juice Drinks, Guava Passion Fruit",SR Legacy,0.0,0.0,7.82,,33.0
174165,"Beverages, V8 SPLASH Juice Drinks, Mango Peach",SR Legacy,0.0,0.0,8.23,,33.0
174166,"Beverages, V8 SPLASH Juice Drinks, Orange Pineapple",SR Legacy,0.0,0.0,7.41,,29.0
174167,"Beverages, V8 SPLASH Juice Drinks, Orchard Blend",SR Legacy,0.0,0.0,7.82,,33.0
174168,"Beverages, V8 SPLASH Juice Drinks, Strawberry Banana",SR Legacy,0.0,0.0,7.41,,29.0
171931,"Beverages, V8 SPLASH Juice Drinks, Strawberry Kiwi",SR Legacy,0.0,0.0,7.41,,29.0
171932,"Beverages, V8 SPLASH Juice Drinks, Tropical Blend",SR Legacy,0.0,0.0,7.41,,29.0
173186,"Beverages, V8 SPLASH Smoothies, Peach Mango",SR Legacy,1.22,0.0,7.76,0.0,37.0
174829,"Beverages, V8 SPLASH Smoothies, Strawberry Banana",SR Legacy,1.22,0.0,8.16,0.0,37.0
174830,"Beverages, V8 SPLASH Smoothies, Tropical Colada",SR Legacy,1.22,0.0,8.54,0.4,41.0
174170,"Beverages, V8 V- FUSION Juices, Acai Berry",SR Legacy,0.0,0.0,10.98,0.0,45.0
171933,"Beverages, V8 V-FUSION Juices, Peach Mango",SR Legacy,0.41,0.0,11.38,0.0,49.0
171934,"Beverages, V8 V-FUSION Juices, Strawberry Banana",SR Legacy,0.41,0.0,11.79,0.0,49.0
174169,"Beverages, V8 V-FUSION Juices, Tropical",SR Legacy,0.41,0.0,11.38,0.0,49.0
174175,"Beverages, vegetable and fruit juice blend, 100% juice, with added vitamins A, C, E",SR Legacy,0.3,0.01,11.15,0.0,46.0
174173,"Beverages, Vegetable and fruit juice drink, reduced calorie, with low-calorie sweetener, added vitamin C",SR Legacy,0.0,0.0,1.1,0.0,4.0
174161,"Beverages, Water with added vitamins and minerals, bottles, sweetened, assorted fruit flavors",SR Legacy,0.0,0.0,5.49,0.0,22.0
175106,"Beverages, water, bottled, non-carbonated, CALISTOGA",SR Legacy,0.0,0.0,0.0,,0.0
175107,"Beverages, water, bottled, non-carbonated, CRYSTAL GEYSER",SR Legacy,0.0,0.0,0.0,,0.0
173655,"Beverages, water, bottled, non-carbonated, DANNON",SR Legacy,0.0,0.0,0.0,,0.0
171922,"Beverages, water, bottled, non-carbonated, EVIAN",SR Legacy,0.0,0.0,0.0,,0.0
173656,"Beverages, water, bottled, non-carbonated, PEPSI, AQUAFINA",SR Legacy,0.0,0.0,0.0,,0.0
173233,"Beverages, water, bottled, PERRIER",SR Legacy,0.0,0.0,0.0,0.0,0.0
173234,"Beverages, water, bottled, POLAND SPRING",SR Legacy,0.0,0.0,0.0,0.0,0.0
173166,"Beverages, water, bottled, yumberry, pomegranate with anti-oxidants, zero calories",SR Legacy,0.0,0.0,1.25,0.0,5.0
173647,"Beverages, water, tap, drinking",SR Legacy,0.0,0.0,0.0,0.0,0.0
175103,"Beverages, water, tap, municipal",SR Legacy,0.0,0.0,0.0,0.0,0.0
175096,"Beverages, water, tap, well",SR Legacy,0.0,0.0,0.0,0.0,0.0
171924,"Beverages, WENDY'S, tea, ready-to-drink, unsweetened",SR Legacy,0.22,0.0,0.0,,1.0
173177,"Beverages, Whey protein powder isolate",SR Legacy,58.14,1.16,29.07,0.0,359.0
174811,"Beverages, Whiskey sour mix, bottled",SR Legacy,0.1,0.1,21.4,0.0,87.0
173163,"Beverages, Whiskey sour mix, powder",SR Legacy,0.6,0.1,97.3,0.0,383.0
174157,"Beverages, Wine, non-alcoholic",SR Legacy,0.5,0.0,1.1,0.0,6.0
174828,"Beverages, yellow green colored citrus soft drink with caffeine",SR Legacy,0.0,0.0,12.83,0.0,49.0
174825,"Beverages, ZEVIA, cola",SR Legacy,0.0,0.0,1.13,0.0,0.0
174826,"Beverages, ZEVIA, cola, caffeine free",SR Legacy,0.0,0.0,1.13,0.0,0.0
172671,"Biscuits, mixed grain, refrigerated dough",SR Legacy,6.1,5.6,47.4,,263.0
174902,"Biscuits, plain or buttermilk, dry mix",SR Legacy,8.0,15.4,63.4,2.1,428.0
174903,"Biscuits, plain or buttermilk, dry mix, prepared",SR Legacy,7.3,12.1,48.4,1.8,335.0
172667,"Biscuits, plain or buttermilk, frozen, baked",SR Legacy,6.2,11.03,53.87,1.3,338.0
172670,"Biscuits, plain or buttermilk, prepared from recipe",SR Legacy,7.0,16.3,44.6,1.5,353.0
172668,"Biscuits, plain or buttermilk, refrigerated dough, higher fat",SR Legacy,6.66,10.58,46.32,0.7,307.0
172669,"Biscuits, plain or buttermilk, refrigerated dough, higher fat, baked",SR Legacy,6.79,11.22,49.05,2.8,324.0
174904,"Biscuits, plain or buttermilk, refrigerated dough, lower fat",SR Legacy,6.7,7.83,43.7,2.0,270.0
174905,"Biscuits, plain or buttermilk, refrigerated dough, lower fat, baked",SR Legacy,7.8,9.1,51.6,2.3,319.0
173847,"Bison, ground, grass-fed, cooked",SR Legacy,25.45,8.62,0.0,0.0,179.0
175293,"Bison, ground, grass-fed, raw",SR Legacy,20.23,7.21,0.05,0.0,146.0
171709,"Blackberries, canned, heavy syrup, solids and liquids",SR Legacy,1.31,0.14,23.1,3.4,92.0
171710,"Blackberries, frozen, unsweetened",SR Legacy,1.18,0.43,15.67,5.0,64.0
173946,"Blackberries, raw",SR Legacy,1.39,0.49,9.61,5.3,43.0
168982,"Blackberries, wild, raw (Alaska Native)",SR Legacy,0.84,1.07,9.84,3.2,52.0
173947,"Blackberry juice, canned",SR Legacy,0.3,0.6,7.8,0.1,38.0
2644293,"Blackeye pea, canned, sodium added, drained and rinsed",Foundation Foods,6.925,1.296,19.1659,,116.0276
2644284,"Blackeye pea, dry",Foundation Foods,21.225,2.419,61.836,,354.015
171618,Blood sausage,SR Legacy,14.6,34.5,1.29,0.0,379.0
173948,"Blueberries, canned, heavy syrup, solids and liquids",SR Legacy,0.65,0.33,22.06,1.6,88.0
168179,"Blueberries, canned, light syrup, drained",SR Legacy,1.04,0.4,22.66,2.6,88.0
168158,"Blueberries, dried, sweetened",SR Legacy,2.5,2.5,80.0,7.5,317.0
173951,"Blueberries, frozen, sweetened",SR Legacy,0.4,0.13,21.95,2.2,85.0
173950,"Blueberries, frozen, unsweetened (Includes foods for USDA's Food Distribution Program)",SR Legacy,0.42,0.64,12.17,2.7,51.0
171711,"Blueberries, raw",SR Legacy,0.74,0.33,14.49,2.4,57.0
168180,"Blueberries, wild, canned, heavy syrup, drained",SR Legacy,0.56,0.34,28.32,4.9,107.0
169799,"Blueberries, wild, frozen (Alaska Native)",SR Legacy,0.7,0.0,10.4,,44.0
173949,"Blueberries, wild, frozen (Includes foods for USDA's Food Distribution Program)",SR Legacy,0.0,0.16,13.85,4.4,57.0
167640,"Blueberries, wild, raw (Alaska Native)",SR Legacy,1.22,0.76,12.31,2.6,61.0
171619,"Bockwurst, pork, veal, raw",SR Legacy,14.03,25.87,2.95,1.0,301.0
172012,"Bologna, beef",SR Legacy,10.91,26.13,4.29,0.0,299.0
172013,"Bologna, beef and pork",SR Legacy,15.2,24.59,5.49,0.0,308.0
167685,"Bologna, beef and pork, low fat",SR Legacy,11.5,19.3,2.6,0.0,230.0
168101,"Bologna, beef, low fat",SR Legacy,11.8,14.8,5.2,0.0,204.0
173873,"Bologna, chicken, pork",SR Legacy,10.31,30.61,4.19,0.0,336.0
173872,"Bologna, chicken, pork, beef",SR Legacy,11.33,22.73,5.61,0.0,272.0
172970,"Bologna, chicken, turkey, pork",SR Legacy,9.88,26.18,5.65,0.0,298.0
171637,"Bologna, meat and poultry",SR Legacy,10.34,23.77,6.31,0.0,281.0
173856,"Bologna, pork",SR Legacy,15.3,19.87,0.73,0.0,247.0
174609,"Bologna, pork and turkey, lite",SR Legacy,13.06,16.06,3.45,0.0,211.0
174610,"Bologna, pork, turkey and beef",SR Legacy,11.56,29.25,6.66,0.0,336.0
173857,"Bologna, turkey",SR Legacy,11.42,16.05,4.68,0.5,209.0
168509,"Borage, cooked, boiled, drained, with salt",SR Legacy,2.09,0.81,3.55,,25.0
170482,"Borage, cooked, boiled, drained, without salt",SR Legacy,2.09,0.81,3.55,,25.0
170481,"Borage, raw",SR Legacy,1.8,0.7,3.06,,21.0
171712,"Boysenberries, canned, heavy syrup",SR Legacy,0.99,0.12,22.31,2.6,88.0
171713,"Boysenberries, frozen, unsweetened",SR Legacy,1.1,0.26,12.19,5.3,50.0
172956,"Bratwurst, beef and pork, smoked",SR Legacy,12.2,26.34,2.0,0.0,297.0
172957,"Bratwurst, chicken, cooked",SR Legacy,19.44,10.35,0.0,0.0,176.0
172958,"Bratwurst, pork, beef and turkey, lite, smoked",SR Legacy,14.45,13.53,1.62,0.0,186.0
171622,"Bratwurst, pork, beef, link",SR Legacy,14.3,27.8,2.98,0.0,323.0
171620,"Bratwurst, pork, cooked",SR Legacy,13.72,29.18,2.85,0.0,333.0
174595,"Bratwurst, veal, cooked",SR Legacy,13.99,31.7,0.0,0.0,341.0
171621,"Braunschweiger (a liver sausage), pork",SR Legacy,14.5,28.5,3.1,0.0,327.0
174906,"Bread, banana, prepared from recipe, made with margarine",SR Legacy,4.3,10.5,54.6,1.1,326.0
169830,"Bread, blue corn, somiviki (Hopi)",SR Legacy,3.1,1.53,39.84,3.6,186.0
174907,"Bread, boston brown, canned",SR Legacy,5.2,1.5,43.3,4.7,195.0
171844,"Bread, chapati or roti, plain, commercially prepared",SR Legacy,11.25,7.45,46.36,4.9,297.0
174075,"Bread, chapati or roti, whole wheat, commercially prepared, frozen",SR Legacy,7.85,9.2,46.13,9.7,299.0
167944,"Bread, cheese",SR Legacy,10.42,20.83,44.83,2.1,408.0
171849,"Bread, cinnamon",SR Legacy,7.05,5.29,44.38,3.5,253.0
174908,"Bread, cornbread, dry mix, enriched (includes corn muffin mix)",SR Legacy,7.0,12.2,69.5,6.5,418.0
174909,"Bread, cornbread, dry mix, prepared with 2% milk, 80% margarine, and eggs",SR Legacy,6.59,9.58,54.46,2.3,330.0
172815,"Bread, cornbread, dry mix, unenriched (includes corn muffin mix)",SR Legacy,7.0,12.2,69.5,6.5,418.0
174910,"Bread, cornbread, prepared from recipe, made with low fat (2%) milk",SR Legacy,6.7,7.1,43.5,,266.0
172672,"Bread, cracked-wheat",SR Legacy,8.7,3.9,49.5,5.5,260.0
174928,"Bread, crumbs, dry, grated, plain",SR Legacy,13.35,5.3,71.98,4.5,395.0
172806,"Bread, crumbs, dry, grated, seasoned",SR Legacy,14.13,5.48,68.49,4.9,383.0
172673,"Bread, egg",SR Legacy,9.5,6.0,47.8,2.3,287.0
172674,"Bread, egg, toasted",SR Legacy,10.5,6.6,52.6,2.5,315.0
172675,"Bread, french or vienna (includes sourdough)",SR Legacy,10.75,2.42,51.88,2.2,272.0
174911,"Bread, french or vienna, toasted (includes sourdough)",SR Legacy,13.0,2.14,61.93,3.1,319.0
174091,"Bread, french or vienna, whole wheat",SR Legacy,8.33,1.04,49.1,4.2,239.0
174099,"Bread, gluten-free, white, made with potato extract, rice starch, and rice flour",SR Legacy,3.13,10.7,52.83,3.5,320.0
174100,"Bread, gluten-free, white, made with rice flour, corn starch, and/or tapioca",SR Legacy,4.31,5.24,45.78,4.3,248.0
174101,"Bread, gluten-free, white, made with tapioca starch and brown rice flour",SR Legacy,5.4,8.02,51.15,5.5,298.0
174102,"Bread, gluten-free, whole grain, made with tapioca starch and brown rice flour",SR Legacy,7.25,9.34,49.09,4.9,309.0
174912,"Bread, irish soda, prepared from recipe",SR Legacy,6.6,5.0,56.0,2.6,290.0
174913,"Bread, Italian",SR Legacy,9.49,2.73,48.11,2.1,259.0
167633,"Bread, kneel down (Navajo)",SR Legacy,4.29,2.21,39.47,,195.0
168013,"Bread, multi-grain (includes whole-grain)",SR Legacy,13.36,4.23,43.34,7.4,265.0
174914,"Bread, multi-grain, toasted (includes whole-grain)",SR Legacy,14.52,4.6,47.11,8.1,288.0
171845,"Bread, naan, plain, commercially prepared, refrigerated",SR Legacy,9.62,5.65,50.43,2.2,291.0
174077,"Bread, naan, whole wheat, commercially prepared, refrigerated",SR Legacy,10.2,6.7,46.21,4.8,286.0
172676,"Bread, oat bran",SR Legacy,10.4,4.4,39.8,4.5,236.0
172677,"Bread, oat bran, toasted",SR Legacy,11.4,4.8,43.7,4.9,259.0
172678,"Bread, oatmeal",SR Legacy,8.4,4.4,48.5,4.0,269.0
172679,"Bread, oatmeal, toasted",SR Legacy,9.2,4.8,52.7,4.3,292.0
167935,"Bread, pan dulce, sweet yeast bread",SR Legacy,9.42,11.58,56.38,2.3,367.0
174076,"Bread, paratha, whole wheat, commercially prepared, frozen",SR Legacy,6.36,13.2,45.35,9.6,326.0
174915,"Bread, pita, white, enriched",SR Legacy,9.1,1.2,55.7,2.2,275.0
172816,"Bread, pita, white, unenriched",SR Legacy,9.1,1.2,55.7,2.2,275.0
174916,"Bread, pita, whole-wheat",SR Legacy,9.8,1.71,55.89,6.1,262.0
167943,"Bread, potato",SR Legacy,12.5,3.13,47.07,6.3,266.0
167527,"Bread, pound cake type, pan de torta salvadoran",SR Legacy,7.06,17.45,51.29,1.7,390.0
174917,"Bread, protein (includes gluten)",SR Legacy,12.1,2.2,43.8,3.0,245.0
172809,"Bread, protein, (includes gluten), toasted",SR Legacy,13.2,2.4,48.1,3.3,270.0
174918,"Bread, pumpernickel",SR Legacy,8.7,3.1,47.5,6.5,250.0
172680,"Bread, raisin, enriched",SR Legacy,7.9,4.4,52.3,4.3,274.0
172681,"Bread, raisin, enriched, toasted",SR Legacy,8.6,4.8,56.9,4.7,297.0
172817,"Bread, raisin, unenriched",SR Legacy,7.9,4.4,52.3,4.3,274.0
172682,"Bread, reduced-calorie, oat bran",SR Legacy,8.0,3.2,41.3,12.0,201.0
172683,"Bread, reduced-calorie, oat bran, toasted",SR Legacy,9.5,3.8,49.2,14.3,239.0
174919,"Bread, reduced-calorie, oatmeal",SR Legacy,7.6,3.5,43.3,,210.0
174920,"Bread, reduced-calorie, rye",SR Legacy,9.1,2.9,40.5,12.0,203.0
174921,"Bread, reduced-calorie, wheat",SR Legacy,13.32,2.92,42.47,11.1,217.0
174922,"Bread, reduced-calorie, white",SR Legacy,8.7,2.5,44.3,9.7,207.0
174923,"Bread, rice bran",SR Legacy,8.9,4.6,43.5,4.9,243.0
175044,"Bread, rice bran, toasted",SR Legacy,9.7,5.0,47.3,5.3,264.0
174078,"Bread, roll, Mexican, bollilo",SR Legacy,10.65,5.8,55.77,2.2,318.0
172684,"Bread, rye",SR Legacy,8.5,3.3,48.3,5.8,259.0
172685,"Bread, rye, toasted",SR Legacy,9.4,3.6,53.1,6.4,284.0
167526,"Bread, salvadoran sweet cheese (quesadilla salvadorena)",SR Legacy,7.12,17.12,47.84,0.7,374.0
174929,"Bread, sticks, plain",SR Legacy,12.0,9.5,68.4,3.0,412.0
172692,"Bread, stuffing, cornbread, dry mix",SR Legacy,10.0,4.2,76.7,14.3,389.0
172693,"Bread, stuffing, cornbread, dry mix, prepared",SR Legacy,2.9,8.8,21.9,2.9,179.0
174930,"Bread, stuffing, dry mix",SR Legacy,11.0,3.4,76.2,3.2,386.0
174931,"Bread, stuffing, dry mix, prepared",SR Legacy,2.73,12.05,18.84,0.8,195.0
172686,"Bread, wheat",SR Legacy,10.67,4.53,47.54,4.0,274.0
171850,"Bread, wheat, sprouted",SR Legacy,13.16,0.0,33.88,5.3,188.0
171851,"Bread, wheat, sprouted, toasted",SR Legacy,14.3,0.0,36.82,5.7,205.0
172687,"Bread, wheat, toasted",SR Legacy,12.96,4.27,55.77,4.7,313.0
167532,"Bread, white wheat",SR Legacy,10.66,2.15,43.91,9.2,238.0
325871,"Bread, white, commercially prepared",Foundation Foods,9.43,3.59,49.2,2.3,270.0
174924,"Bread, white, commercially prepared (includes soft bread crumbs)",SR Legacy,8.85,3.33,49.42,2.7,266.0
172818,"Bread, white, commercially prepared, low sodium, no salt",SR Legacy,8.2,3.6,49.6,2.3,267.0
174925,"Bread, white, commercially prepared, toasted",SR Legacy,9.0,4.0,54.5,2.9,290.0
172826,"Bread, white, commercially prepared, toasted, low sodium no salt",SR Legacy,9.0,4.0,54.4,,293.0
174927,"Bread, white, prepared from recipe, made with low fat (2%) milk",SR Legacy,7.9,5.7,49.6,2.0,285.0
174926,"Bread, white, prepared from recipe, made with nonfat dry milk",SR Legacy,7.7,2.6,53.6,2.0,274.0
335240,"Bread, whole-wheat, commercially prepared",Foundation Foods,12.3,3.55,43.1,6.0,254.0
172689,"Bread, whole-wheat, commercially prepared, toasted",SR Legacy,16.27,4.07,51.16,7.5,306.0
172690,"Bread, whole-wheat, prepared from recipe",SR Legacy,8.4,5.4,51.4,6.0,278.0
172691,"Bread, whole-wheat, prepared from recipe, toasted",SR Legacy,9.2,5.9,56.4,6.7,305.0
171714,"Breadfruit, raw",SR Legacy,1.07,0.23,27.12,4.9,103.0
167734,"Breakfast bar, corn flake crust with fruit",SR Legacy,4.4,7.5,72.8,2.1,376.0
169063,"Breakfast bars, oats, sugar, raisins, coconut (include granola bar)",SR Legacy,9.8,17.6,66.7,3.1,464.0
173754,"Broadbeans (fava beans), mature seeds, canned",SR Legacy,5.47,0.22,12.41,3.7,71.0
173798,"Broadbeans (fava beans), mature seeds, cooked, boiled, with salt",SR Legacy,7.6,0.4,19.65,5.4,110.0
173753,"Broadbeans (fava beans), mature seeds, cooked, boiled, without salt",SR Legacy,7.6,0.4,19.65,5.4,110.0
175205,"Broadbeans (fava beans), mature seeds, raw",SR Legacy,26.12,1.53,58.29,25.0,341.0
169328,"Broadbeans, immature seeds, cooked, boiled, drained, with salt",SR Legacy,4.8,0.5,10.1,,62.0
170378,"Broadbeans, immature seeds, cooked, boiled, drained, without salt",SR Legacy,4.8,0.5,10.1,3.6,62.0
170377,"Broadbeans, immature seeds, raw",SR Legacy,5.6,0.6,11.7,4.2,72.0
170382,"Broccoli raab, cooked",SR Legacy,3.83,0.52,3.12,2.8,25.0
170381,"Broccoli raab, raw",SR Legacy,3.17,0.49,2.85,2.7,22.0
169392,"Broccoli, chinese, cooked",SR Legacy,1.14,0.72,3.81,2.5,22.0
169404,"Broccoli, chinese, raw",SR Legacy,1.2,0.76,4.67,2.6,26.0
168510,"Broccoli, cooked, boiled, drained, with salt",SR Legacy,2.38,0.41,7.18,3.3,35.0
169967,"Broccoli, cooked, boiled, drained, without salt",SR Legacy,2.38,0.41,7.18,3.3,35.0
169330,"Broccoli, flower clusters, raw",SR Legacy,2.98,0.35,5.06,2.3,28.0
168511,"Broccoli, frozen, chopped, cooked, boiled, drained, with salt",SR Legacy,3.1,0.12,5.35,3.0,28.0
169969,"Broccoli, frozen, chopped, cooked, boiled, drained, without salt",SR Legacy,3.1,0.12,5.35,3.0,28.0
169968,"Broccoli, frozen, chopped, unprepared",SR Legacy,2.81,0.29,4.78,3.0,26.0
168512,"Broccoli, frozen, spears, cooked, boiled, drained, with salt",SR Legacy,3.1,0.11,5.35,3.0,28.0
170380,"Broccoli, frozen, spears, cooked, boiled, drained, without salt",SR Legacy,3.1,0.11,5.36,3.0,28.0
169970,"Broccoli, frozen, spears, unprepared (Includes foods for USDA's Food Distribution Program)",SR Legacy,3.06,0.34,5.35,3.0,29.0
169329,"Broccoli, leaves, raw",SR Legacy,2.98,0.35,5.06,2.3,28.0
321900,"Broccoli, raw",Foundation Foods,2.57,0.34,6.29,2.4,32.0
169331,"Broccoli, stalks, raw",SR Legacy,2.98,0.35,5.24,,28.0
168513,"Brussels sprouts, cooked, boiled, drained, with salt",SR Legacy,2.55,0.5,7.1,2.6,36.0
169971,"Brussels sprouts, cooked, boiled, drained, without salt",SR Legacy,2.55,0.5,7.1,2.6,36.0
169332,"Brussels sprouts, frozen, cooked, boiled, drained, with salt",SR Legacy,3.64,0.39,8.32,4.1,42.0
169973,"Brussels sprouts, frozen, cooked, boiled, drained, without salt",SR Legacy,3.64,0.39,8.32,4.1,42.0
169972,"Brussels sprouts, frozen, unprepared",SR Legacy,3.78,0.41,7.86,3.8,41.0
2685575,"Brussels sprouts, raw",Foundation Foods,3.984375,0.565,9.615625,4.785,59.485
170286,Buckwheat,SR Legacy,13.25,3.4,71.5,10.0,343.0
170687,"Buckwheat flour, whole-groat",SR Legacy,12.62,3.1,70.59,10.0,335.0
170686,"Buckwheat groats, roasted, cooked",SR Legacy,3.38,0.62,19.94,2.7,92.0
170685,"Buckwheat groats, roasted, dry",SR Legacy,11.73,2.71,74.95,10.3,346.0
2512378,"Buckwheat, whole grain",Foundation Foods,11.06534,3.039,71.13066,4.046,356.135
167651,"Buffalo, free range, top round steak, cooked (Shoshone Bannock)",SR Legacy,32.51,1.8,0.0,,146.0
167649,"Buffalo, free range, top round steak, raw (Shoshone Bannock)",SR Legacy,21.44,1.3,0.0,,97.0
170287,"Bulgur, cooked",SR Legacy,3.08,0.24,18.58,4.5,83.0
170688,"Bulgur, dry",SR Legacy,12.29,1.33,75.87,12.5,342.0
2710820,"Bulgur, dry, raw",Foundation Foods,11.75625,2.421,75.88175,11.72,372.341
169333,"Burdock root, cooked, boiled, drained, with salt",SR Legacy,2.09,0.14,21.15,1.8,88.0
170384,"Burdock root, cooked, boiled, drained, without salt",SR Legacy,2.09,0.14,21.15,1.8,88.0
169974,"Burdock root, raw",SR Legacy,1.53,0.15,17.34,3.3,72.0
170329,"BURGER KING, Cheeseburger",SR Legacy,14.57,14.81,23.71,1.0,286.0
170731,"BURGER KING, Chicken Strips",SR Legacy,18.2,15.25,20.49,1.3,292.0
172076,"BURGER KING, CROISSAN'WICH with Egg and Cheese",SR Legacy,10.35,15.78,24.79,0.7,283.0
173316,"BURGER KING, CROISSAN'WICH with Sausage and Cheese",SR Legacy,13.73,25.45,23.0,0.7,376.0
173315,"BURGER KING, CROISSAN'WICH with Sausage, Egg and Cheese",SR Legacy,12.09,21.78,15.9,1.8,308.0
170374,"BURGER KING, Double Cheeseburger",SR Legacy,16.83,16.13,17.43,,282.0
170729,"BURGER KING, DOUBLE WHOPPER, no cheese",SR Legacy,13.94,15.66,13.74,1.4,252.0
170730,"BURGER KING, DOUBLE WHOPPER, with cheese",SR Legacy,14.47,17.06,13.52,1.6,266.0
170327,"BURGER KING, french fries",SR Legacy,3.23,12.48,38.7,2.9,280.0
172077,"BURGER KING, french toast sticks",SR Legacy,6.0,17.74,41.21,1.4,349.0
170328,"BURGER KING, Hamburger",SR Legacy,14.85,10.55,26.76,1.0,261.0
172078,"BURGER KING, Hash Brown Rounds",SR Legacy,2.8,19.3,29.37,2.3,302.0
170771,"BURGER KING, Onion Rings",SR Legacy,3.86,25.23,43.58,2.7,417.0
170331,"BURGER KING, Original Chicken Sandwich",SR Legacy,12.14,14.69,26.22,2.4,286.0
170330,"BURGER KING, Premium Fish Sandwich",SR Legacy,10.29,12.45,26.69,0.9,260.0
170700,"BURGER KING, Vanilla Shake",SR Legacy,3.19,8.74,19.03,0.0,168.0
170727,"BURGER KING, WHOPPER, no cheese",SR Legacy,10.74,12.84,18.55,1.8,233.0
170728,"BURGER KING, WHOPPER, with cheese",SR Legacy,11.19,15.33,16.7,1.0,250.0
173336,"Burrito, bean and cheese, frozen",SR Legacy,7.07,6.3,34.01,3.4,221.0
173335,"Burrito, beef and bean, frozen",SR Legacy,7.26,9.61,30.84,4.2,239.0
172102,"Burrito, beef and bean, microwaved",SR Legacy,8.73,11.94,38.95,6.9,298.0
173412,"Butter oil, anhydrous",SR Legacy,0.28,99.48,0.0,0.0,876.0
169894,"Butter replacement, without fat, powder",SR Legacy,2.0,1.0,89.0,0.0,373.0
171314,"Butter, Clarified butter (ghee)",SR Legacy,0.0,100.0,0.0,0.0,900.0
173581,"Butter, light, stick, with salt",SR Legacy,3.3,55.1,0.0,0.0,499.0
172344,"Butter, light, stick, without salt",SR Legacy,3.3,55.1,0.0,0.0,499.0
173410,"Butter, salted",SR Legacy,0.85,81.11,0.06,0.0,717.0
173411,"Butter, whipped, with salt",SR Legacy,0.49,78.3,0.0,0.0,731.0
173430,"Butter, without salt",SR Legacy,0.85,81.11,0.06,0.0,717.0
170385,"Butterbur, (fuki), raw",SR Legacy,0.39,0.04,3.61,,14.0
170387,"Butterbur, canned",SR Legacy,0.11,0.13,0.38,,3.0
169334,"Butterbur, cooked, boiled, drained, with salt",SR Legacy,0.23,0.02,2.16,,8.0
170386,"Butterbur, cooked, boiled, drained, without salt",SR Legacy,0.23,0.02,2.16,,8.0
2259792,"Buttermilk, low fat",Foundation Foods,3.464978,1.081,4.811522,,42.835
2685572,"Cabbage, bok choy, raw",Foundation Foods,1.02375,0.2338,3.51495,1.259,20.259
168517,"Cabbage, chinese (pak-choi), cooked, boiled, drained, with salt",SR Legacy,1.56,0.16,1.78,1.0,12.0
170391,"Cabbage, chinese (pak-choi), cooked, boiled, drained, without salt",SR Legacy,1.56,0.16,1.78,1.0,12.0
170390,"Cabbage, chinese (pak-choi), raw",SR Legacy,1.5,0.2,2.18,1.0,13.0
169337,"Cabbage, chinese (pe-tsai), cooked, boiled, drained, with salt",SR Legacy,1.5,0.17,2.41,1.7,14.0
169980,"Cabbage, chinese (pe-tsai), cooked, boiled, drained, without salt",SR Legacy,1.5,0.17,2.41,1.7,14.0
169979,"Cabbage, chinese (pe-tsai), raw",SR Legacy,1.2,0.2,3.23,1.2,16.0
169335,"Cabbage, common (danish, domestic, and pointed types), freshly harvest, raw",SR Legacy,1.21,0.18,5.37,2.3,24.0
169336,"Cabbage, common (danish, domestic, and pointed types), stored, raw",SR Legacy,1.21,0.18,5.37,2.3,24.0
168514,"Cabbage, common, cooked, boiled, drained, with salt",SR Legacy,1.27,0.06,5.51,1.9,23.0
169976,"Cabbage, cooked, boiled, drained, without salt",SR Legacy,1.27,0.06,5.51,1.9,23.0
2346407,"Cabbage, green, raw",Foundation Foods,0.96125,0.2275,6.38375,,31.4275
169890,"Cabbage, japanese style, fresh, pickled",SR Legacy,1.6,0.1,5.67,3.1,30.0
170392,"Cabbage, kimchi",SR Legacy,1.1,0.5,2.4,1.6,15.0
169891,"Cabbage, mustard, salted",SR Legacy,1.1,0.1,5.63,3.1,28.0
168572,"Cabbage, napa, cooked",SR Legacy,1.1,0.17,2.23,,12.0
169975,"Cabbage, raw",SR Legacy,1.28,0.1,5.8,2.5,25.0
168515,"Cabbage, red, cooked, boiled, drained, with salt",SR Legacy,1.51,0.09,6.94,2.6,29.0
169978,"Cabbage, red, cooked, boiled, drained, without salt",SR Legacy,1.51,0.09,6.94,2.6,29.0
169977,"Cabbage, red, raw",SR Legacy,1.43,0.16,7.37,2.1,31.0
168516,"Cabbage, savoy, cooked, boiled, drained, with salt",SR Legacy,1.8,0.09,5.41,2.8,24.0
170389,"Cabbage, savoy, cooked, boiled, drained, without salt",SR Legacy,1.8,0.09,5.41,2.8,24.0
170388,"Cabbage, savoy, raw",SR Legacy,2.0,0.1,6.1,3.1,27.0
172694,"Cake, angelfood, commercially prepared",SR Legacy,5.9,0.8,57.8,1.5,258.0
172695,"Cake, angelfood, dry mix, prepared",SR Legacy,6.1,0.3,58.7,0.2,257.0
172696,"Cake, boston cream pie, commercially prepared",SR Legacy,2.4,8.5,42.9,1.4,252.0
172711,"Cake, cheesecake, commercially prepared",SR Legacy,5.5,22.5,25.5,0.4,321.0
172712,"Cake, cheesecake, prepared from mix, no-bake type",SR Legacy,5.5,12.7,35.5,1.9,274.0
174933,"Cake, cherry fudge with chocolate frosting",SR Legacy,2.4,12.5,38.0,0.5,264.0
174934,"Cake, chocolate, commercially prepared with chocolate frosting, in-store bakery",SR Legacy,3.48,20.05,52.84,2.2,389.0
172697,"Cake, chocolate, prepared from recipe without frosting",SR Legacy,5.3,15.1,53.4,1.6,371.0
172699,"Cake, coffeecake, cheese",SR Legacy,7.0,15.2,44.3,1.0,339.0
172700,"Cake, coffeecake, cinnamon with crumb topping, commercially prepared, enriched",SR Legacy,6.8,23.3,46.7,2.0,418.0
175052,"Cake, coffeecake, cinnamon with crumb topping, commercially prepared, unenriched",SR Legacy,6.8,23.3,46.7,2.0,418.0
174938,"Cake, coffeecake, cinnamon with crumb topping, dry mix, prepared",SR Legacy,5.5,9.6,52.8,1.2,318.0
174936,"Cake, coffeecake, creme-filled with chocolate frosting",SR Legacy,5.0,10.8,53.8,2.0,331.0
174937,"Cake, coffeecake, fruit",SR Legacy,5.2,10.2,51.5,2.5,311.0
174939,"Cake, fruitcake, commercially prepared",SR Legacy,2.9,9.1,61.6,3.7,324.0
172701,"Cake, gingerbread, dry mix",SR Legacy,4.4,13.8,74.6,1.7,437.0
172702,"Cake, gingerbread, prepared from recipe",SR Legacy,3.9,16.4,49.2,,356.0
172703,"Cake, pineapple upside-down, prepared from recipe",SR Legacy,3.5,12.1,50.5,0.8,319.0
167937,"Cake, pound, Bimbo Bakeries USA, Panque Casero, home baked style",SR Legacy,6.62,21.7,48.94,1.0,418.0
172704,"Cake, pound, commercially prepared, butter (includes fresh and frozen)",SR Legacy,5.0,13.96,53.64,0.6,353.0
173243,"Cake, pound, commercially prepared, fat-free",SR Legacy,5.4,1.2,61.0,1.1,283.0
174940,"Cake, pound, commercially prepared, other than all butter, enriched",SR Legacy,5.2,17.9,52.5,1.0,389.0
175053,"Cake, pound, commercially prepared, other than all butter, unenriched",SR Legacy,5.2,17.9,52.5,1.0,389.0
174932,"Cake, pudding-type, carrot, dry mix",SR Legacy,5.1,9.8,79.2,,415.0
174935,"Cake, pudding-type, chocolate, dry mix",SR Legacy,4.6,8.14,80.16,2.3,391.0
172708,"Cake, pudding-type, white, enriched, dry mix",SR Legacy,3.9,9.5,80.9,0.7,423.0
175054,"Cake, pudding-type, white, unenriched, dry mix",SR Legacy,3.9,9.5,81.0,0.7,423.0
174946,"Cake, pudding-type, yellow, dry mix",SR Legacy,4.0,9.8,80.0,0.7,423.0
174941,"Cake, shortcake, biscuit-type, prepared from recipe",SR Legacy,6.1,14.2,48.5,,346.0
174942,"Cake, snack cakes, creme-filled, chocolate with frosting",SR Legacy,3.63,15.93,60.31,3.2,399.0
174082,"Cake, snack cakes, creme-filled, chocolate with frosting, low-fat, with added fiber",SR Legacy,3.71,13.0,69.37,14.9,409.0
174943,"Cake, snack cakes, creme-filled, sponge",SR Legacy,3.47,11.54,64.03,1.0,374.0
171839,"Cake, snack cakes, not chocolate, with icing or filling, low-fat, with added fiber",SR Legacy,3.71,11.14,74.3,14.9,412.0
172706,"Cake, sponge, commercially prepared",SR Legacy,5.4,2.7,61.0,0.5,290.0
172707,"Cake, sponge, prepared from recipe",SR Legacy,7.3,4.3,57.7,,297.0
172705,"Cake, white, dry mix, special dietary (includes lemon-flavored)",SR Legacy,3.0,8.4,79.6,,397.0
172698,"Cake, white, prepared from recipe with coconut frosting",SR Legacy,4.4,10.3,63.2,1.0,356.0
172709,"Cake, white, prepared from recipe without frosting",SR Legacy,5.4,12.4,57.2,0.8,357.0
174944,"Cake, yellow, commercially prepared, with chocolate frosting, in-store bakery",SR Legacy,3.16,17.75,55.36,1.5,379.0
174945,"Cake, yellow, commercially prepared, with vanilla frosting",SR Legacy,2.99,17.91,56.2,0.3,391.0
174947,"Cake, yellow, enriched, dry mix",SR Legacy,3.7,3.5,81.92,1.2,374.0
173244,"Cake, yellow, light, dry mix",SR Legacy,4.7,5.5,84.1,1.3,404.0
172710,"Cake, yellow, prepared from recipe without frosting",SR Legacy,5.3,14.6,53.0,0.7,361.0
175055,"Cake, yellow, unenriched, dry mix",SR Legacy,4.4,11.6,78.1,1.1,432.0
174548,"CAMPBELL'S CHUNKY, Classic Chicken Noodle Soup",SR Legacy,3.41,1.3,5.41,1.0,47.0
174552,"CAMPBELL'S CHUNKY, Hearty Beef Barley Soup",SR Legacy,2.89,0.92,8.98,1.0,56.0
174556,"CAMPBELL'S CHUNKY, New England Clam Chowder",SR Legacy,2.46,3.85,9.01,1.2,81.0
172912,"CAMPBELL'S CHUNKY, Old Fashioned Vegetable Beef Soup",SR Legacy,3.16,1.23,6.24,1.3,49.0
171556,"CAMPBELL'S, Chicken Noodle Soup, condensed",SR Legacy,2.37,1.53,5.97,,47.0
172901,"CAMPBELL'S, Cream of Mushroom Soup, condensed",SR Legacy,1.29,5.5,6.59,0.6,81.0
174547,"CAMPBELL'S, Tomato Soup, condensed",SR Legacy,1.46,0.44,15.22,1.1,71.0
173634,"Canada Goose, breast meat only, skinless, raw",SR Legacy,24.31,4.02,0.0,0.0,133.0
168383,"Canadian bacon, cooked, pan-fried",SR Legacy,28.31,2.78,1.8,0.0,146.0
167869,"Canadian bacon, unprepared",SR Legacy,20.31,2.62,1.34,0.0,110.0
167781,Candied fruit,SR Legacy,0.34,0.07,82.74,1.6,322.0
167985,"Candies, 5TH AVENUE Candy Bar",SR Legacy,8.78,23.98,62.68,3.1,482.0
167562,"Candies, ALMOND JOY Candy Bar",SR Legacy,4.13,26.93,59.51,5.0,479.0
167972,"Candies, butterscotch",SR Legacy,0.03,3.3,90.4,0.0,391.0
167975,"Candies, CARAMELLO Candy Bar",SR Legacy,6.19,21.19,63.81,1.2,462.0
167974,"Candies, caramels",SR Legacy,4.6,8.1,77.0,0.0,382.0
167566,"Candies, caramels, chocolate-flavor roll",SR Legacy,1.59,3.31,87.73,0.1,387.0
167973,"Candies, carob, unsweetened",SR Legacy,8.15,31.36,56.29,3.8,540.0
169059,"Candies, chocolate covered, caramel with nuts",SR Legacy,9.5,21.0,60.67,4.3,470.0
169881,"Candies, chocolate covered, low sugar or low calorie",SR Legacy,12.39,43.27,37.68,3.5,590.0
170274,"Candies, chocolate, dark, NFS (45-59% cacao solids 90%; 60-69% cacao solids 5%; 70-85% cacao solids 5%)",SR Legacy,5.09,32.2,59.97,7.2,550.0
170282,"Candies, coconut bar, not chocolate covered",SR Legacy,2.13,27.65,55.87,6.4,481.0
167980,"Candies, confectioner's coating, butterscotch",SR Legacy,2.2,29.05,67.1,0.0,539.0
167570,"Candies, confectioner's coating, peanut butter",SR Legacy,18.3,29.8,46.88,5.0,529.0
167569,"Candies, confectioner's coating, yogurt",SR Legacy,5.87,27.0,63.94,0.0,522.0
170275,"Candies, crispy bar with peanut butter filling",SR Legacy,9.53,31.34,55.53,3.3,542.0
169634,"Candies, dark chocolate coated coffee beans",SR Legacy,7.5,30.0,59.95,7.5,540.0
168846,"Candies, divinity, prepared-from-recipe",SR Legacy,1.32,0.06,89.05,0.0,364.0
167986,"Candies, fondant, prepared-from-recipe",SR Legacy,0.0,0.02,93.18,0.0,373.0
170279,"Candies, fruit snacks, with high vitamin C",SR Legacy,0.08,0.0,87.97,0.0,352.0
169669,"Candies, fudge, chocolate marshmallow, prepared-from-recipe",SR Legacy,2.26,17.48,71.34,1.7,453.0
168817,"Candies, fudge, chocolate marshmallow, with nuts, prepared-by-recipe",SR Legacy,3.24,21.11,67.69,2.1,474.0
167987,"Candies, fudge, chocolate, prepared-from-recipe",SR Legacy,2.39,10.41,76.7,1.7,410.0
167988,"Candies, fudge, chocolate, with nuts, prepared-from-recipe",SR Legacy,4.38,18.93,68.15,2.5,460.0
167578,"Candies, fudge, peanut butter, prepared-from-recipe",SR Legacy,3.78,6.59,77.75,0.7,387.0
167580,"Candies, fudge, vanilla with nuts",SR Legacy,3.0,13.69,74.61,0.9,435.0
167579,"Candies, fudge, vanilla, prepared-from-recipe",SR Legacy,1.05,5.45,82.15,0.0,383.0
169061,"Candies, gum drops, no sugar or low calorie (sorbitol)",SR Legacy,0.0,0.2,88.1,0.0,354.0
167989,"Candies, gumdrops, starch jelly pieces",SR Legacy,0.0,0.0,98.9,0.1,396.0
167996,"Candies, halavah, plain",SR Legacy,12.49,21.52,60.49,4.5,469.0
167990,"Candies, hard",SR Legacy,0.0,0.2,98.0,0.0,394.0
169880,"Candies, hard, dietetic or low calorie (sorbitol)",SR Legacy,0.0,0.0,98.6,0.0,394.0
168801,"Candies, HEATH BITES",SR Legacy,3.94,30.38,63.39,2.0,530.0
167979,"Candies, HERSHEY'S GOLDEN ALMOND SOLITAIRES",SR Legacy,11.97,37.13,46.85,4.4,569.0
169622,"Candies, HERSHEY'S MILK CHOCOLATE WITH ALMOND BITES",SR Legacy,9.76,35.73,51.72,3.6,568.0
169579,"Candies, HERSHEY'S POT OF GOLD Almond Bar",SR Legacy,12.82,38.46,44.89,3.8,577.0
168757,"Candies, HERSHEY'S SKOR Toffee Bar",SR Legacy,3.13,30.37,63.73,1.3,541.0
169627,"Candies, HERSHEY'S, ALMOND JOY BITES",SR Legacy,5.58,34.5,57.54,4.3,563.0
169629,"Candies, HERSHEY, KIT KAT BIG KAT Bar",SR Legacy,6.24,27.84,63.64,1.9,520.0
169628,"Candies, HERSHEY, REESESTICKS crispy wafers, peanut butter, milk chocolate",SR Legacy,9.53,31.34,55.38,3.3,521.0
170680,"Candies, HERSHEYS, PAYDAY Bar",SR Legacy,13.44,25.0,52.88,3.8,490.0
167546,"Candies, honey-combed, with peanut butter",SR Legacy,8.72,20.18,67.41,1.9,473.0
167991,"Candies, jellybeans",SR Legacy,0.0,0.05,93.55,0.2,375.0
167992,"Candies, KIT KAT Wafer Bar",SR Legacy,6.51,25.99,64.59,1.0,518.0
167993,"Candies, KRACKEL Chocolate Bar",SR Legacy,6.62,26.58,64.34,2.2,523.0
170676,"Candies, M&M MARS 3 MUSKETEERS Truffle Crisp",SR Legacy,6.41,28.85,63.15,0.0,538.0
170678,"Candies, M&M MARS Pretzel Chocolate Candies",SR Legacy,5.0,15.0,72.94,2.5,447.0
168767,"Candies, MARS SNACKFOOD US, 3 MUSKETEERS Bar",SR Legacy,2.6,12.75,77.77,1.5,436.0
169652,"Candies, MARS SNACKFOOD US, COCOAVIA Blueberry and Almond Chocolate Bar",SR Legacy,6.35,28.68,60.37,9.1,525.0
169651,"Candies, MARS SNACKFOOD US, COCOAVIA Chocolate Bar",SR Legacy,5.81,29.3,62.99,8.7,539.0
170670,"Candies, MARS SNACKFOOD US, COCOAVIA Chocolate Covered Almonds",SR Legacy,9.51,37.07,50.22,10.4,573.0
169653,"Candies, MARS SNACKFOOD US, COCOAVIA Crispy Chocolate Bar",SR Legacy,8.21,26.23,62.06,7.8,517.0
168805,"Candies, MARS SNACKFOOD US, DOVE Dark Chocolate",SR Legacy,5.19,32.45,59.4,7.6,520.0
168804,"Candies, MARS SNACKFOOD US, DOVE Milk Chocolate",SR Legacy,5.94,31.72,59.78,2.4,546.0
168108,"Candies, MARS SNACKFOOD US, M&M's Almond Chocolate Candies",SR Legacy,7.53,27.76,60.5,5.6,522.0
168814,"Candies, MARS SNACKFOOD US, M&M's Crispy Chocolate Candies",SR Legacy,4.28,19.32,72.4,2.0,475.0
169583,"Candies, MARS SNACKFOOD US, M&M's Milk Chocolate Candies",SR Legacy,4.33,21.13,71.19,2.8,492.0
169591,"Candies, MARS SNACKFOOD US, M&M's MINIs Milk Chocolate Candies",SR Legacy,4.78,23.36,68.4,2.7,502.0
167689,"Candies, MARS SNACKFOOD US, M&M's Peanut Butter Chocolate Candies",SR Legacy,10.16,29.32,56.89,4.0,529.0
169582,"Candies, MARS SNACKFOOD US, M&M's Peanut Chocolate Candies",SR Legacy,9.57,26.13,60.48,3.7,515.0
167994,"Candies, MARS SNACKFOOD US, MARS Almond Bar",SR Legacy,8.1,23.0,62.7,2.0,467.0
168756,"Candies, MARS SNACKFOOD US, MILKY WAY Bar",SR Legacy,4.01,17.23,71.17,1.0,456.0
168806,"Candies, MARS SNACKFOOD US, MILKY WAY Caramels, milk chocolate covered",SR Legacy,4.28,19.17,68.49,0.7,463.0
168807,"Candies, MARS SNACKFOOD US, MILKY WAY Caramels. dark chocolate covered",SR Legacy,3.82,20.42,67.56,2.8,458.0
167701,"Candies, MARS SNACKFOOD US, MILKY WAY Midnight Bar",SR Legacy,3.2,17.5,71.22,2.9,443.0
169645,"Candies, MARS SNACKFOOD US, POP'ABLES 3 MUSKETEERS Brand Bite Size Candies",SR Legacy,2.59,15.17,75.94,1.3,443.0
169644,"Candies, MARS SNACKFOOD US, POP'ABLES MILKY WAY Brand Bite Size Candies",SR Legacy,3.3,18.0,71.85,1.0,463.0
169643,"Candies, MARS SNACKFOOD US, POP'ABLES SNICKERS Brand Bite Size Candies",SR Legacy,7.15,24.32,61.07,2.3,480.0
168843,"Candies, MARS SNACKFOOD US, SKITTLES Original Bite Size Candies",SR Legacy,0.19,4.37,90.78,0.0,405.0
168842,"Candies, MARS SNACKFOOD US, SKITTLES Sours Original",SR Legacy,0.18,4.0,91.02,0.0,401.0
169667,"Candies, MARS SNACKFOOD US, SKITTLES Tropical Bite Size Candies",SR Legacy,0.19,4.34,90.77,0.0,405.0
168840,"Candies, MARS SNACKFOOD US, SKITTLES Wild Berry Bite Size Candies",SR Legacy,0.19,4.25,90.76,0.0,402.0
168818,"Candies, MARS SNACKFOOD US, SNICKERS Almond bar",SR Legacy,5.4,22.4,64.67,2.6,472.0
169589,"Candies, MARS SNACKFOOD US, SNICKERS Bar",SR Legacy,7.53,23.85,61.51,2.3,491.0
169663,"Candies, MARS SNACKFOOD US, SNICKERS CRUNCHER",SR Legacy,6.86,24.38,62.85,1.9,488.0
169639,"Candies, MARS SNACKFOOD US, SNICKERS MUNCH bar",SR Legacy,15.25,36.22,43.64,4.7,536.0
169646,"Candies, MARS SNACKFOOD US, STARBURST Fruit Chews, Fruit and Creme",SR Legacy,0.41,8.36,82.43,0.0,408.0
169590,"Candies, MARS SNACKFOOD US, STARBURST Fruit Chews, Original fruits",SR Legacy,0.41,8.21,82.57,0.0,408.0
168823,"Candies, MARS SNACKFOOD US, STARBURST Fruit Chews, Tropical fruits",SR Legacy,0.41,8.31,82.76,0.0,409.0
169647,"Candies, MARS SNACKFOOD US, STARBURST Sour Fruit Chews",SR Legacy,0.39,7.78,79.73,0.0,400.0
168768,"Candies, MARS SNACKFOOD US, TWIX Caramel Cookie Bars",SR Legacy,4.91,24.85,64.8,1.1,502.0
168102,"Candies, MARS SNACKFOOD US, TWIX chocolate fudge cookie bars",SR Legacy,7.3,33.3,56.0,3.0,553.0
168769,"Candies, MARS SNACKFOOD US, TWIX Peanut Butter Cookie Bars",SR Legacy,9.18,32.67,54.14,3.1,547.0
167995,"Candies, marshmallows",SR Legacy,1.8,0.2,81.3,0.1,318.0
167587,"Candies, milk chocolate",SR Legacy,7.65,29.66,59.4,3.4,535.0
169637,"Candies, milk chocolate coated coffee beans",SR Legacy,7.41,33.18,55.25,5.7,549.0
168001,"Candies, milk chocolate coated peanuts",SR Legacy,13.1,33.5,49.7,4.7,519.0
169576,"Candies, milk chocolate coated raisins",SR Legacy,4.1,14.8,68.4,3.1,390.0
168754,"Candies, milk chocolate, with almonds",SR Legacy,9.0,34.4,53.4,6.2,526.0
168755,"Candies, milk chocolate, with rice cereal",SR Legacy,7.64,29.37,59.67,3.3,511.0
168759,"Candies, MOUNDS Candy Bar",SR Legacy,4.6,26.6,58.88,3.7,493.0
168760,"Candies, MR. GOODBAR Chocolate Bar",SR Legacy,10.22,33.21,54.34,3.8,538.0
168761,"Candies, NESTLE, 100 GRAND Bar",SR Legacy,2.5,19.33,70.97,1.0,468.0
168766,"Candies, NESTLE, AFTER EIGHT Mints",SR Legacy,1.67,11.9,79.53,2.4,432.0
167582,"Candies, NESTLE, BABY RUTH Bar",SR Legacy,5.4,21.6,64.8,2.0,475.0
167564,"Candies, NESTLE, BIT-O'-HONEY Candy Chews",SR Legacy,2.0,7.5,80.89,0.2,388.0
167565,"Candies, NESTLE, BUTTERFINGER Bar",SR Legacy,5.4,18.9,72.9,2.0,459.0
170278,"Candies, NESTLE, BUTTERFINGER Crisp",SR Legacy,6.67,18.33,68.45,1.7,465.0
167586,"Candies, NESTLE, CHUNKY Bar",SR Legacy,7.5,27.5,60.4,2.5,519.0
168762,"Candies, NESTLE, CRUNCH Bar and Dessert Topping",SR Legacy,5.0,26.0,67.0,1.9,500.0
167581,"Candies, NESTLE, GOOBERS Chocolate Covered Peanuts",SR Legacy,9.7,34.0,53.0,9.7,512.0
167997,"Candies, NESTLE, OH HENRY! Bar",SR Legacy,7.7,23.0,65.5,1.9,462.0
169587,"Candies, NESTLE, RAISINETS Chocolate Covered Raisins",SR Legacy,4.4,17.0,71.0,2.2,422.0
169060,"Candies, nougat, with almonds",SR Legacy,3.33,1.67,92.39,3.3,398.0
169585,"Candies, peanut bar",SR Legacy,15.5,33.7,47.4,4.1,522.0
169586,"Candies, peanut brittle, prepared-from-recipe",SR Legacy,7.57,18.98,71.24,2.5,486.0
168791,"Candies, praline, prepared-from-recipe",SR Legacy,3.3,25.9,59.59,3.5,485.0
169623,"Candies, REESE'S BITES",SR Legacy,11.34,29.85,55.18,3.1,521.0
170669,"Candies, REESE's Fast Break, milk chocolate, peanut butter, soft nougats, candy bar",SR Legacy,8.93,23.21,63.9,3.6,495.0
169624,"Candies, REESE'S NUTRAGEOUS Candy Bar",SR Legacy,11.28,32.09,52.8,3.9,517.0
168763,"Candies, REESE'S Peanut Butter Cups",SR Legacy,10.24,30.53,55.36,3.6,515.0
168764,"Candies, REESE'S PIECES Candy",SR Legacy,12.46,24.77,59.86,3.0,497.0
169630,"Candies, REESE'S, FAST BREAK, milk chocolate peanut butter and soft nougats",SR Legacy,8.66,23.42,61.6,2.9,474.0
168765,"Candies, ROLO Caramels in Milk Chocolate",SR Legacy,5.08,20.93,67.95,0.9,474.0
167976,"Candies, semisweet chocolate",SR Legacy,4.2,30.0,63.9,5.9,480.0
169690,"Candies, semisweet chocolate, made with butter",SR Legacy,4.2,29.7,63.4,5.9,477.0
169588,"Candies, sesame crunch",SR Legacy,11.6,33.3,50.3,7.7,516.0
170658,"Candies, soft fruit and nut squares",SR Legacy,2.31,9.52,73.81,2.4,390.0
169592,"Candies, SPECIAL DARK Chocolate Bar",SR Legacy,5.54,32.4,60.49,6.5,556.0
170656,"Candies, sugar-coated almonds",SR Legacy,10.0,17.93,68.26,2.5,465.0
167977,"Candies, sweet chocolate",SR Legacy,3.9,34.2,60.4,5.5,507.0
167978,"Candies, sweet chocolate coated fondant",SR Legacy,2.2,9.3,80.4,2.1,366.0
167984,"Candies, SYMPHONY Milk Chocolate Bar",SR Legacy,8.51,30.57,58.01,1.7,531.0
169670,"Candies, taffy, prepared-from-recipe",SR Legacy,0.03,3.33,91.56,0.0,397.0
170281,"Candies, Tamarind",SR Legacy,0.0,0.0,91.96,2.5,331.0
167947,"Candies, TOBLERONE, milk chocolate with honey and almond nougat",SR Legacy,5.71,28.57,61.21,2.5,489.0
169671,"Candies, toffee, prepared-from-recipe",SR Legacy,1.07,32.75,64.72,0.0,560.0
167971,"Candies, TOOTSIE ROLL, chocolate-flavor roll",SR Legacy,1.59,3.31,87.73,0.1,387.0
169580,"Candies, truffles, prepared-from-recipe",SR Legacy,6.21,33.76,44.88,2.5,510.0
167563,"Candies, TWIZZLERS CHERRY BITES",SR Legacy,2.97,1.7,79.38,0.1,338.0
167983,"Candies, TWIZZLERS NIBS CHERRY BITS",SR Legacy,2.3,2.64,79.37,0.6,347.0
167583,"Candies, TWIZZLERS Strawberry Twists Candy",SR Legacy,2.56,2.32,79.16,0.0,348.0
168770,"Candies, WHATCHAMACALLIT Candy Bar",SR Legacy,8.04,23.68,63.23,1.9,494.0
167571,"Candies, white chocolate",SR Legacy,5.87,32.09,59.24,0.2,539.0
168776,"Candies, YORK BITES",SR Legacy,1.78,7.32,81.64,2.0,394.0
167982,"Candies, YORK Peppermint Pattie",SR Legacy,2.19,7.17,80.99,2.0,384.0
172238,"Capers, canned",SR Legacy,2.36,0.86,4.89,3.2,23.0
171715,"Carambola, (starfruit), raw",SR Legacy,1.04,0.33,6.73,2.8,31.0
171921,"Carbonated beverage, chocolate-flavored soda",SR Legacy,0.0,0.0,10.7,0.0,42.0
173199,"Carbonated beverage, cream soda",SR Legacy,0.0,0.0,13.3,0.0,51.0
175113,"Carbonated beverage, low calorie, other than cola or pepper, with sodium saccharin, without caffeine",SR Legacy,0.0,0.0,0.1,0.0,0.0
169338,"Cardoon, cooked, boiled, drained, with salt",SR Legacy,0.76,0.11,4.74,1.7,20.0
169982,"Cardoon, cooked, boiled, drained, without salt",SR Legacy,0.76,0.11,5.33,1.7,22.0
169981,"Cardoon, raw",SR Legacy,0.7,0.1,4.07,1.6,17.0
169800,"Caribou, bone marrow, raw (Alaska Native)",SR Legacy,6.7,84.4,0.0,,786.0
169801,"Caribou, eye, raw (Alaska Native)",SR Legacy,10.8,31.4,0.0,,326.0
168050,"Caribou, hind quarter meat, raw (Alaska Native)",SR Legacy,22.63,3.37,0.0,0.0,122.0
169822,"Caribou, hind quarter, meat, cooked (Alaska Native)",SR Legacy,28.81,4.82,0.0,0.0,159.0
168983,"Caribou, liver, raw (Alaska Native)",SR Legacy,15.0,3.9,6.8,,122.0
167644,"Caribou, rump meat, half dried (Alaska Native)",SR Legacy,52.06,5.23,0.0,0.0,255.0
168049,"Caribou, shoulder meat, dried (Alaska Native)",SR Legacy,59.38,3.67,0.0,0.0,271.0
168985,"Caribou, tongue, raw (Alaska Native)",SR Legacy,13.7,22.8,0.0,,260.0
173952,"Carissa, (natal-plum), raw",SR Legacy,0.5,1.3,13.63,,62.0
173755,Carob flour,SR Legacy,4.62,0.65,88.88,39.8,222.0
169036,"CARRABBA'S ITALIAN GRILL, cheese ravioli with marinara sauce",SR Legacy,7.96,6.0,17.62,1.4,156.0
169857,"CARRABBA'S ITALIAN GRILL, chicken parmesan without cavatappi pasta",SR Legacy,19.0,10.95,7.8,0.9,206.0
169030,"CARRABBA'S ITALIAN GRILL, lasagne",SR Legacy,10.48,11.06,12.36,1.3,191.0
168086,"CARRABBA'S ITALIAN GRILL, spaghetti with meat sauce",SR Legacy,5.87,3.92,15.71,1.5,122.0
169853,"CARRABBA'S ITALIAN GRILL, spaghetti with pomodoro sauce",SR Legacy,3.42,1.75,18.63,1.7,104.0
170491,"Carrot juice, canned",SR Legacy,0.95,0.15,9.28,0.8,40.0
170500,"Carrot, dehydrated",SR Legacy,8.1,1.49,79.57,23.6,341.0
2258587,"Carrots, baby, raw",Foundation Foods,0.805,0.1375,9.0787,2.694,40.7723
168518,"Carrots, canned, no salt added, drained solids",SR Legacy,0.64,0.19,5.54,1.5,25.0
169340,"Carrots, canned, no salt added, solids and liquids",SR Legacy,0.59,0.14,5.36,1.8,23.0
170396,"Carrots, canned, regular pack, drained solids",SR Legacy,0.64,0.19,5.54,1.5,25.0
170395,"Carrots, canned, regular pack, solids and liquids",SR Legacy,0.58,0.14,5.37,1.8,23.0
169339,"Carrots, cooked, boiled, drained, with salt",SR Legacy,0.76,0.18,8.22,3.0,35.0
170394,"Carrots, cooked, boiled, drained, without salt",SR Legacy,0.76,0.18,8.22,3.0,35.0
168519,"Carrots, frozen, cooked, boiled, drained, with salt",SR Legacy,0.58,0.68,7.73,3.3,37.0
169984,"Carrots, frozen, cooked, boiled, drained, without salt",SR Legacy,0.58,0.68,7.73,3.3,37.0
746764,"Carrots, frozen, unprepared",Foundation Foods,0.81,0.47,7.92,3.2,37.0
326458,"Carrots, frozen, unprepared (Includes foods for USDA's Food Distribution Program)",Foundation Foods,0.81,0.47,7.92,3.2,37.0
2258586,"Carrots, mature, raw",Foundation Foods,0.94125,0.3506,10.26755,3.095,47.9906
170393,"Carrots, raw",SR Legacy,0.93,0.24,9.58,2.8,41.0
169985,"Cassava, raw",SR Legacy,1.36,0.28,38.06,1.8,160.0
168556,Catsup,SR Legacy,1.04,0.1,27.4,0.3,101.0
169381,"Catsup, low sodium",SR Legacy,1.04,0.1,27.4,0.3,101.0
168994,"Cattail, Narrow Leaf Shoots (Northern Plains Indians)",SR Legacy,1.18,0.0,5.14,4.5,25.0
168520,"Cauliflower, cooked, boiled, drained, with salt",SR Legacy,1.84,0.45,4.11,2.3,23.0
170397,"Cauliflower, cooked, boiled, drained, without salt",SR Legacy,1.84,0.45,4.11,2.3,23.0
168521,"Cauliflower, frozen, cooked, boiled, drained, with salt",SR Legacy,1.61,0.22,3.16,2.7,17.0
170399,"Cauliflower, frozen, cooked, boiled, drained, without salt",SR Legacy,1.61,0.22,3.75,2.7,19.0
170398,"Cauliflower, frozen, unprepared",SR Legacy,2.01,0.27,4.68,2.3,24.0
169390,"Cauliflower, green, cooked, no salt added",SR Legacy,3.04,0.31,6.28,3.3,32.0
169391,"Cauliflower, green, cooked, with salt",SR Legacy,3.04,0.31,6.28,3.3,32.0
169389,"Cauliflower, green, raw",SR Legacy,2.95,0.3,6.09,3.2,31.0
2685573,"Cauliflower, raw",Foundation Foods,1.640625,0.2375,4.723075,1.948,27.5923
169341,"Celeriac, cooked, boiled, drained, with salt",SR Legacy,0.96,0.19,5.9,,27.0
169987,"Celeriac, cooked, boiled, drained, without salt",SR Legacy,0.96,0.19,5.9,1.2,27.0
170400,"Celeriac, raw",SR Legacy,1.5,0.3,9.2,1.8,42.0
169342,"Celery, cooked, boiled, drained, with salt",SR Legacy,0.83,0.16,4.0,1.6,18.0
169989,"Celery, cooked, boiled, drained, without salt",SR Legacy,0.83,0.16,4.0,1.6,18.0
169988,"Celery, raw",SR Legacy,0.69,0.17,2.97,1.6,14.0
169990,"Celtuce, raw",SR Legacy,0.85,0.3,3.65,1.7,18.0
169075,"Cereals ready-to-eat, ALPEN",SR Legacy,11.2,3.3,75.7,9.1,352.0
173018,"Cereals ready-to-eat, BARBARA'S PUFFINS, original",SR Legacy,7.41,3.7,84.0,18.5,333.0
172973,"Cereals ready-to-eat, chocolate-flavored frosted puffed corn",SR Legacy,3.34,3.5,87.2,3.8,405.0
169076,"Cereals ready-to-eat, FAMILIA",SR Legacy,9.5,6.3,73.8,8.5,388.0
169039,"Cereals ready-to-eat, frosted oat cereal with marshmallows",SR Legacy,7.1,3.33,84.7,4.3,400.0
173884,"Cereals ready-to-eat, GENERAL MILLS, CHEERIOS",SR Legacy,12.4,6.6,73.2,10.1,372.0
171646,"Cereals ready-to-eat, granola, homemade",SR Legacy,13.67,24.31,53.88,8.9,489.0
172981,"Cereals ready-to-eat, HEALTH VALLEY, FIBER 7 Flakes",SR Legacy,14.44,1.41,78.15,14.1,353.0
174645,"Cereals ready-to-eat, MALT-O-MEAL, Apple ZINGS",SR Legacy,4.51,2.71,87.3,2.3,390.0
172982,"Cereals ready-to-eat, MALT-O-MEAL, BERRY COLOSSAL CRUNCH",SR Legacy,4.19,4.17,86.55,1.8,396.0
172997,"Cereals ready-to-eat, MALT-O-MEAL, Blueberry MUFFIN TOPS Cereal",SR Legacy,4.9,11.48,79.91,4.7,443.0
174664,"Cereals ready-to-eat, MALT-O-MEAL, CHOCOLATE MARSHMALLOW MATEYS",SR Legacy,3.5,3.67,88.18,2.5,392.0
174646,"Cereals ready-to-eat, MALT-O-MEAL, CINNAMON TOASTERS",SR Legacy,3.32,12.06,78.33,5.0,425.0
174619,"Cereals ready-to-eat, MALT-O-MEAL, COCO-ROOS",SR Legacy,3.41,4.61,86.75,3.3,389.0
174647,"Cereals ready-to-eat, MALT-O-MEAL, Cocoa DYNO-BITES",SR Legacy,4.15,3.43,87.93,1.1,397.0
174631,"Cereals ready-to-eat, MALT-O-MEAL, COLOSSAL CRUNCH",SR Legacy,3.64,5.28,81.59,1.7,401.0
173895,"Cereals ready-to-eat, MALT-O-MEAL, CORN BURSTS",SR Legacy,3.32,0.35,90.59,1.9,385.0
172983,"Cereals ready-to-eat, MALT-O-MEAL, Crispy Rice",SR Legacy,6.07,1.12,86.4,0.4,346.0
172990,"Cereals ready-to-eat, MALT-O-MEAL, Frosted Flakes",SR Legacy,4.25,0.87,90.2,1.2,389.0
173000,"Cereals ready-to-eat, MALT-O-MEAL, Frosted Mini SPOONERS",SR Legacy,9.09,1.94,81.81,10.9,354.0
173001,"Cereals ready-to-eat, MALT-O-MEAL, Fruity DYNO-BITES",SR Legacy,3.9,3.15,90.1,1.0,404.0
174643,"Cereals ready-to-eat, MALT-O-MEAL, GOLDEN PUFFS",SR Legacy,5.77,0.89,89.72,2.6,370.0
174642,"Cereals ready-to-eat, MALT-O-MEAL, Honey BUZZERS",SR Legacy,3.45,1.72,89.66,3.4,379.0
172995,"Cereals ready-to-eat, MALT-O-MEAL, HONEY GRAHAM SQUARES",SR Legacy,4.46,9.97,74.68,4.4,398.0
171681,"Cereals ready-to-eat, MALT-O-MEAL, Honey Nut SCOOTERS",SR Legacy,8.59,4.51,79.62,6.3,387.0
173909,"Cereals ready-to-eat, MALT-O-MEAL, MARSHMALLOW MATEYS",SR Legacy,6.94,3.53,82.77,4.9,387.0
171679,"Cereals ready-to-eat, MALT-O-MEAL, OAT BLENDERS with honey",SR Legacy,6.78,4.17,84.94,5.0,396.0
171680,"Cereals ready-to-eat, MALT-O-MEAL, OAT BLENDERS with honey & almonds",SR Legacy,7.8,4.88,77.26,6.1,379.0
172996,"Cereals ready-to-eat, MALT-O-MEAL, Raisin Bran Cereal",SR Legacy,7.63,1.87,80.37,10.2,342.0
172984,"Cereals ready-to-eat, MALT-O-MEAL, TOOTIE FRUITIES",SR Legacy,4.69,3.2,85.94,2.2,391.0
174644,"Cereals ready-to-eat, MOM'S BEST, Honey Nut TOASTY O'S",SR Legacy,8.6,4.51,79.84,6.3,388.0
173927,"Cereals ready-to-eat, MOM'S BEST, Sweetened WHEAT-FULS",SR Legacy,8.18,1.83,80.91,10.0,373.0
173017,"Cereals ready-to-eat, NATURE'S PATH, Organic FLAX PLUS flakes",SR Legacy,11.91,5.46,75.27,16.6,350.0
174654,"Cereals ready-to-eat, NATURE'S PATH, Organic FLAX PLUS, Pumpkin Granola",SR Legacy,11.23,18.33,66.1,8.4,467.0
167725,"Cereals ready-to-eat, OAT BRAN FLAKES, HEALTH VALLEY",SR Legacy,10.0,3.0,78.0,8.0,380.0
173888,"Cereals ready-to-eat, POST Bran Flakes",SR Legacy,9.9,2.1,80.5,18.3,328.0
169870,"Cereals ready-to-eat, POST GREAT GRAINS Banana Nut Crunch",SR Legacy,9.8,8.8,70.9,11.2,390.0
173005,"Cereals ready-to-eat, POST GREAT GRAINS Cranberry Almond Crunch",SR Legacy,8.9,5.9,76.6,11.1,384.0
173020,"Cereals ready-to-eat, POST HONEY BUNCHES OF OATS with cinnamon bunches",SR Legacy,7.1,5.0,82.8,5.8,400.0
171650,"Cereals ready-to-eat, POST Raisin Bran Cereal",SR Legacy,7.6,1.6,78.9,13.7,324.0
173919,"Cereals ready-to-eat, POST SELECTS Blueberry Morning",SR Legacy,6.5,5.3,81.6,4.7,395.0
174653,"Cereals ready-to-eat, POST SELECTS Maple Pecan Crunch",SR Legacy,8.5,8.7,77.4,7.4,413.0
171641,"Cereals ready-to-eat, POST, ALPHA-BITS",SR Legacy,10.0,4.6,80.3,7.1,389.0
173885,"Cereals ready-to-eat, POST, COCOA PEBBLES",SR Legacy,4.8,4.1,85.7,1.6,397.0
171645,"Cereals ready-to-eat, POST, FRUITY PEBBLES",SR Legacy,4.62,4.02,86.1,0.8,402.0
171652,"Cereals ready-to-eat, POST, GOLDEN CRISP",SR Legacy,5.5,1.7,90.1,5.0,380.0
171647,"Cereals ready-to-eat, POST, GRAPE-NUTS Cereal",SR Legacy,11.22,1.81,80.49,13.0,361.0
171648,"Cereals ready-to-eat, POST, GRAPE-NUTS Flakes",SR Legacy,9.4,3.7,82.0,10.2,376.0
169862,"Cereals ready-to-eat, POST, GREAT GRAINS Crunchy Pecan Cereal",SR Legacy,9.0,10.5,73.0,9.7,403.0
169041,"Cereals ready-to-eat, POST, GREAT GRAINS, Raisin, Date & Pecan",SR Legacy,7.9,7.1,74.3,9.3,378.0
173015,"Cereals ready-to-eat, POST, HONEY BUNCHES OF OATS with vanilla bunches",SR Legacy,7.9,5.1,81.8,7.8,394.0
168138,"Cereals ready-to-eat, POST, HONEY BUNCHES OF OATS, honey roasted",SR Legacy,7.12,5.46,81.19,4.2,401.0
174663,"Cereals ready-to-eat, POST, HONEY BUNCHES OF OATS, pecan bunches",SR Legacy,7.0,5.4,82.0,5.2,399.0
169859,"Cereals ready-to-eat, POST, HONEY BUNCHES OF OATS, with almonds",SR Legacy,7.7,7.3,79.6,5.5,409.0
173019,"Cereals ready-to-eat, POST, HONEY BUNCHES OF OATS, with real strawberries",SR Legacy,6.7,4.9,83.3,5.4,399.0
173894,"Cereals ready-to-eat, POST, Honey Nut Shredded Wheat",SR Legacy,8.5,2.9,83.6,10.7,373.0
173889,"Cereals ready-to-eat, POST, Honeycomb Cereal",SR Legacy,6.01,2.93,86.63,3.2,394.0
167715,"Cereals ready-to-eat, POST, Shredded Wheat n' Bran, spoon-size",SR Legacy,10.93,2.06,80.65,14.7,339.0
173918,"Cereals ready-to-eat, POST, Shredded Wheat, lightly frosted, spoon-size",SR Legacy,7.8,1.9,83.8,9.6,352.0
173910,"Cereals ready-to-eat, POST, Shredded Wheat, original big biscuit",SR Legacy,11.37,2.01,78.96,12.4,337.0
173911,"Cereals ready-to-eat, POST, Shredded Wheat, original spoon-size",SR Legacy,11.8,2.1,81.4,12.4,351.0
174628,"Cereals ready-to-eat, Post, Waffle Crisp",SR Legacy,6.6,5.0,83.0,4.4,390.0
173014,"Cereals ready-to-eat, QUAKER Oatmeal Squares, Golden Maple",SR Legacy,11.3,4.83,78.04,8.3,380.0
173921,"Cereals ready-to-eat, QUAKER WHOLE HEARTS oat cereal",SR Legacy,7.63,5.61,80.1,9.1,376.0
173892,"Cereals ready-to-eat, QUAKER, 100% Natural Granola, Oats, Wheat and Honey",SR Legacy,10.55,11.62,73.65,10.2,421.0
171642,"Cereals ready-to-eat, QUAKER, CAP'N CRUNCH",SR Legacy,4.39,5.12,85.51,2.5,398.0
171643,"Cereals ready-to-eat, QUAKER, CAP'N CRUNCH with CRUNCHBERRIES",SR Legacy,4.45,4.83,85.93,2.6,397.0
174657,"Cereals ready-to-eat, QUAKER, CAP'N CRUNCH'S Halloween Crunch",SR Legacy,4.41,5.66,85.14,2.5,402.0
173013,"Cereals ready-to-eat, QUAKER, Cap'n Crunch's OOPS! All Berries Cereal",SR Legacy,4.6,3.99,87.1,2.6,395.0
171644,"Cereals ready-to-eat, QUAKER, CAP'N CRUNCH'S PEANUT BUTTER CRUNCH",SR Legacy,7.1,9.23,78.65,2.7,417.0
174652,"Cereals ready-to-eat, QUAKER, Christmas Crunch",SR Legacy,4.44,4.83,85.92,2.6,397.0
174621,"Cereals ready-to-eat, QUAKER, HONEY GRAHAM OH!S",SR Legacy,3.92,7.63,83.65,2.1,412.0
173890,"Cereals ready-to-eat, QUAKER, KING VITAMAN",SR Legacy,6.41,3.44,83.85,3.4,381.0
172976,"Cereals ready-to-eat, QUAKER, Low Fat 100% Natural Granola with Raisins",SR Legacy,8.42,5.52,80.57,9.6,388.0
174659,"Cereals ready-to-eat, QUAKER, Maple Brown Sugar LIFE Cereal",SR Legacy,9.17,4.06,78.86,6.3,373.0
174632,"Cereals ready-to-eat, QUAKER, MOTHER'S Cinnamon Oat Crunch",SR Legacy,10.6,4.56,79.79,8.1,382.0
174634,"Cereals ready-to-eat, QUAKER, MOTHER'S COCOA BUMPERS",SR Legacy,4.21,1.61,89.91,2.7,382.0
174633,"Cereals ready-to-eat, QUAKER, MOTHER'S GRAHAM BUMPERS",SR Legacy,4.55,1.45,88.89,2.6,379.0
172985,"Cereals ready-to-eat, QUAKER, MOTHER'S PEANUT BUTTER BUMPERS Cereal",SR Legacy,7.62,7.33,79.68,2.5,407.0
172986,"Cereals ready-to-eat, QUAKER, MOTHER'S Toasted Oat Bran cereal",SR Legacy,11.45,5.04,75.41,8.6,372.0
174658,"Cereals ready-to-eat, QUAKER, Natural Granola Apple Cranberry Almond",SR Legacy,9.21,11.06,74.73,9.9,418.0
174622,"Cereals ready-to-eat, QUAKER, Oatmeal Squares",SR Legacy,11.38,4.83,77.77,8.3,379.0
174623,"Cereals ready-to-eat, QUAKER, Oatmeal Squares, cinnamon",SR Legacy,11.23,4.88,78.09,8.7,379.0
172975,"Cereals ready-to-eat, QUAKER, QUAKER 100% Natural Granola with Oats, Wheat, Honey, and Raisins",SR Legacy,9.66,10.38,74.67,9.4,412.0
173886,"Cereals ready-to-eat, QUAKER, QUAKER CRUNCHY BRAN",SR Legacy,6.37,4.06,83.68,15.3,331.0
173007,"Cereals ready-to-eat, QUAKER, QUAKER Honey Graham LIFE Cereal",SR Legacy,9.33,4.14,78.56,6.3,373.0
174620,"Cereals ready-to-eat, QUAKER, QUAKER OAT CINNAMON LIFE",SR Legacy,9.14,4.1,79.02,6.3,374.0
173891,"Cereals ready-to-eat, QUAKER, QUAKER OAT LIFE, plain",SR Legacy,9.98,4.43,77.74,6.6,374.0
171651,"Cereals ready-to-eat, QUAKER, QUAKER Puffed Rice",SR Legacy,7.01,0.9,87.78,1.4,383.0
171669,"Cereals ready-to-eat, QUAKER, QUAKER Puffed Wheat",SR Legacy,16.26,2.15,76.39,9.4,366.0
172987,"Cereals ready-to-eat, QUAKER, Shredded Wheat, bagged cereal",SR Legacy,11.24,2.01,81.01,11.8,348.0
171649,"Cereals ready-to-eat, QUAKER, SWEET CRUNCH/QUISP",SR Legacy,4.51,6.08,85.03,2.3,406.0
172974,"Cereals ready-to-eat, QUAKER, Toasted Multigrain Crisps",SR Legacy,12.38,5.11,74.9,10.2,372.0
173003,"Cereals ready-to-eat, RALSTON Corn Biscuits",SR Legacy,5.83,1.05,85.79,2.6,376.0
174648,"Cereals ready-to-eat, RALSTON Corn Flakes",SR Legacy,5.9,0.91,88.01,2.7,384.0
173887,"Cereals ready-to-eat, RALSTON CRISP RICE",SR Legacy,6.69,1.26,86.22,0.7,383.0
174649,"Cereals ready-to-eat, RALSTON Crispy Hexagons",SR Legacy,5.94,0.95,86.78,1.5,379.0
173002,"Cereals ready-to-eat, RALSTON Enriched Wheat Bran flakes",SR Legacy,10.21,3.36,79.77,16.9,390.0
173893,"Cereals ready-to-eat, RALSTON TASTEEOS",SR Legacy,10.71,5.36,75.96,10.7,395.0
173912,"Cereals ready-to-eat, rice, puffed, fortified",SR Legacy,6.3,0.5,89.8,1.7,402.0
171653,"Cereals ready-to-eat, SUN COUNTRY, KRETSCHMER Honey Crunch Wheat Germ",SR Legacy,26.55,7.78,58.11,10.2,372.0
174635,"Cereals ready-to-eat, SUN COUNTRY, KRETSCHMER Toasted Wheat Bran",SR Legacy,17.56,5.16,59.51,41.3,200.0
172988,"Cereals ready-to-eat, SUN COUNTRY, KRETSCHMER Wheat Germ, Regular",SR Legacy,31.43,9.56,49.38,11.9,366.0
174639,"Cereals ready-to-eat, UNCLE SAM CEREAL",SR Legacy,15.98,11.6,65.78,20.3,346.0
169040,"Cereals ready-to-eat, WEETABIX whole grain cereal",SR Legacy,11.43,2.86,81.5,11.4,371.0
169077,"Cereals ready-to-eat, wheat and bran, presweetened with nuts and fruits",SR Legacy,7.1,5.6,76.2,9.7,385.0
173896,"Cereals ready-to-eat, wheat germ, toasted, plain",SR Legacy,29.1,10.7,49.6,15.1,382.0
173913,"Cereals ready-to-eat, wheat, puffed, fortified",SR Legacy,14.7,1.2,79.6,4.4,364.0
171671,"Cereals, corn grits, white, regular and quick, enriched, cooked with water, with salt",SR Legacy,1.71,0.46,14.76,0.8,71.0
171655,"Cereals, corn grits, white, regular and quick, enriched, cooked with water, without salt",SR Legacy,1.71,0.46,14.76,0.8,71.0
171654,"Cereals, corn grits, white, regular and quick, enriched, dry",SR Legacy,7.65,1.75,79.09,4.6,370.0
171672,"Cereals, corn grits, yellow, regular and quick, enriched, cooked with water, without salt",SR Legacy,1.23,0.39,13.86,0.7,65.0
171670,"Cereals, corn grits, yellow, regular and quick, unenriched, dry",SR Legacy,8.8,1.2,79.6,1.6,371.0
171673,"Cereals, corn grits, yellow, regular, quick, enriched, cooked with water, with salt",SR Legacy,1.23,0.39,13.86,0.7,65.0
173914,"Cereals, CREAM OF RICE, cooked with water, with salt",SR Legacy,0.9,0.1,11.5,0.1,52.0
173900,"Cereals, CREAM OF RICE, dry",SR Legacy,6.3,0.5,82.4,0.7,370.0
173012,"Cereals, CREAM OF WHEAT, 1 minute cook time, cooked with water, microwaved, without salt",SR Legacy,1.95,0.37,10.67,1.5,55.0
173011,"Cereals, CREAM OF WHEAT, 1 minute cook time, cooked with water, stove-top, without salt",SR Legacy,1.65,0.42,11.16,0.4,56.0
173010,"Cereals, CREAM OF WHEAT, 1 minute cook time, dry",SR Legacy,11.77,1.47,72.63,4.4,359.0
173009,"Cereals, CREAM OF WHEAT, 2 1/2 minute cook time, cooked with water, microwaved, without salt",SR Legacy,1.88,0.37,10.1,0.7,52.0
173008,"Cereals, CREAM OF WHEAT, 2 1/2 minute cook time, cooked with water, stove-top, without salt",SR Legacy,1.44,0.2,11.74,0.7,56.0
174655,"Cereals, CREAM OF WHEAT, 2 1/2 minute cook time, dry",SR Legacy,11.61,1.41,71.79,4.4,355.0
171660,"Cereals, CREAM OF WHEAT, instant, dry",SR Legacy,10.6,1.4,75.5,3.3,366.0
173902,"Cereals, CREAM OF WHEAT, instant, prepared with water, without salt",SR Legacy,1.84,0.24,13.08,0.6,62.0
173915,"Cereals, CREAM OF WHEAT, regular (10 minute), cooked with water, with salt",SR Legacy,1.46,0.21,10.66,0.5,50.0
171657,"Cereals, CREAM OF WHEAT, regular (10 minute), cooked with water, without salt",SR Legacy,1.44,0.21,10.52,0.5,50.0
173901,"Cereals, CREAM OF WHEAT, regular, 10 minute cooking, dry",SR Legacy,10.5,1.5,76.5,3.8,370.0
171659,"Cereals, farina, enriched, assorted brands including CREAM OF WHEAT, quick (1-3 minutes), cooked with water, without salt",SR Legacy,1.82,0.34,10.92,0.8,55.0
171658,"Cereals, farina, enriched, assorted brands including CREAM OF WHEAT, quick (1-3 minutes), dry",SR Legacy,11.6,1.41,73.19,4.2,360.0
173917,"Cereals, farina, enriched, cooked with water, with salt",SR Legacy,1.82,0.34,10.92,0.8,53.0
173916,"Cereals, farina, unenriched, dry",SR Legacy,10.6,0.5,78.0,1.9,369.0
171674,"Cereals, MALT-O-MEAL, chocolate, dry",SR Legacy,10.6,0.82,79.55,2.8,363.0
173004,"Cereals, MALT-O-MEAL, chocolate, prepared with water, without salt",SR Legacy,1.37,0.1,9.22,0.4,47.0
172998,"Cereals, MALT-O-MEAL, Farina Hot Wheat Cereal, dry",SR Legacy,10.48,0.49,77.2,2.9,365.0
172999,"Cereals, MALT-O-MEAL, Maple & Brown Sugar Hot Wheat Cereal, dry",SR Legacy,8.82,0.47,80.52,1.8,368.0
173903,"Cereals, MALT-O-MEAL, original, plain, dry",SR Legacy,11.8,0.7,77.25,2.1,365.0
174651,"Cereals, MALT-O-MEAL, original, plain, prepared with water, without salt",SR Legacy,1.67,0.09,10.09,0.3,48.0
172978,"Cereals, Oat Bran, QUAKER, QUAKER/MOTHER'S Oat Bran, prepared with water, salt",SR Legacy,2.03,0.95,7.49,1.7,43.0
173920,"Cereals, oats, instant, fortified, maple and brown sugar, dry",SR Legacy,9.25,4.73,76.67,7.2,386.0
171661,"Cereals, oats, instant, fortified, plain, dry",SR Legacy,11.92,6.9,69.52,10.0,362.0
171662,"Cereals, oats, instant, fortified, plain, prepared with water (boiling water added or microwaved)",SR Legacy,2.37,1.36,11.67,1.7,68.0
171664,"Cereals, oats, instant, fortified, with cinnamon and spice, dry",SR Legacy,9.53,4.84,76.08,8.0,369.0
173906,"Cereals, oats, instant, fortified, with cinnamon and spice, prepared with water",SR Legacy,2.37,1.21,18.95,2.0,96.0
173908,"Cereals, oats, instant, fortified, with raisins and spice, prepared with water",SR Legacy,1.98,0.95,17.91,1.3,88.0
171675,"Cereals, oats, regular and quick and instant, unenriched, cooked with water (includes boiling and microwaving), with salt",SR Legacy,2.54,1.52,12.0,1.7,71.0
173904,"Cereals, oats, regular and quick, not fortified, dry",SR Legacy,13.15,6.52,67.7,10.1,379.0
173905,"Cereals, oats, regular and quick, unenriched, cooked with water (includes boiling and microwaving), without salt",SR Legacy,2.54,1.52,12.0,1.7,71.0
173898,"Cereals, QUAKER, corn grits, instant, cheddar cheese flavor, dry",SR Legacy,8.98,5.46,72.96,4.2,363.0
171656,"Cereals, QUAKER, corn grits, instant, plain, dry",SR Legacy,7.31,2.14,78.42,4.2,343.0
173897,"Cereals, QUAKER, corn grits, instant, plain, prepared (microwaved or boiling water added), without salt",SR Legacy,1.58,0.49,15.95,1.1,74.0
174629,"Cereals, QUAKER, hominy grits, white, quick, dry",SR Legacy,8.8,1.2,79.6,4.8,348.0
174630,"Cereals, QUAKER, hominy grits, white, regular, dry",SR Legacy,8.8,1.6,79.2,1.6,361.0
172993,"Cereals, QUAKER, Instant Grits Product with American Cheese Flavor, dry",SR Legacy,8.8,4.67,74.18,4.3,360.0
172977,"Cereals, QUAKER, Instant Grits, Butter flavor, dry",SR Legacy,8.12,5.64,74.83,4.7,369.0
173899,"Cereals, QUAKER, Instant Grits, Country Bacon flavor, dry",SR Legacy,9.93,1.73,75.39,5.1,340.0
172994,"Cereals, QUAKER, Instant Grits, Ham 'n' Cheese flavor, dry",SR Legacy,10.73,4.68,71.08,4.2,355.0
172992,"Cereals, QUAKER, Instant Grits, Redeye Gravy & Country Ham flavor, dry",SR Legacy,9.83,1.58,75.86,4.6,342.0
174660,"Cereals, QUAKER, Instant Oatmeal Organic, Regular",SR Legacy,16.0,6.3,67.0,9.8,367.0
174662,"Cereals, QUAKER, Instant Oatmeal, Apple and Cinnamon, reduced sugar",SR Legacy,10.29,5.64,72.17,9.7,358.0
171663,"Cereals, QUAKER, Instant Oatmeal, apples and cinnamon, dry",SR Legacy,8.62,4.61,76.74,8.3,366.0
174638,"Cereals, QUAKER, Instant Oatmeal, Banana Bread, dry",SR Legacy,8.97,4.85,75.7,6.7,368.0
173016,"Cereals, QUAKER, Instant Oatmeal, Cinnamon Spice, reduced sugar",SR Legacy,11.26,6.11,69.45,8.8,358.0
171682,"Cereals, QUAKER, Instant Oatmeal, Cinnamon Swirl, high fiber",SR Legacy,8.79,4.8,75.67,22.3,366.0
174636,"Cereals, QUAKER, Instant Oatmeal, Cinnamon-Spice, dry",SR Legacy,10.39,5.1,74.52,8.2,369.0
174637,"Cereals, QUAKER, Instant Oatmeal, DINOSAUR EGGS, Brown Sugar, dry",SR Legacy,8.69,7.59,73.68,6.4,384.0
174624,"Cereals, QUAKER, Instant Oatmeal, fruit and cream variety, dry",SR Legacy,8.3,6.37,75.42,6.0,379.0
174661,"Cereals, QUAKER, Instant Oatmeal, fruit and cream, variety of flavors, reduced sugar",SR Legacy,10.16,7.46,71.57,8.3,376.0
173907,"Cereals, QUAKER, Instant Oatmeal, maple and brown sugar, dry",SR Legacy,9.2,4.63,76.91,7.2,368.0
172991,"Cereals, QUAKER, Instant Oatmeal, Raisin and Spice, dry",SR Legacy,9.11,4.0,75.68,5.8,360.0
174625,"Cereals, QUAKER, Instant Oatmeal, raisins, dates and walnuts, dry",SR Legacy,8.82,6.98,72.41,6.9,371.0
173926,"Cereals, QUAKER, Instant Oatmeal, weight control, cinnamon",SR Legacy,16.5,6.28,64.21,13.0,361.0
174626,"Cereals, QUAKER, Oat Bran, QUAKER/MOTHER'S Oat Bran, dry",SR Legacy,17.03,7.97,62.94,14.3,364.0
174627,"Cereals, QUAKER, Oat Bran, QUAKER/MOTHER'S Oat Bran, prepared with water, no salt",SR Legacy,2.03,0.95,7.49,1.7,43.0
171684,"Cereals, QUAKER, oatmeal, REAL MEDLEYS, apple walnut, dry",SR Legacy,8.18,10.36,70.53,7.0,390.0
171683,"Cereals, QUAKER, oatmeal, REAL MEDLEYS, blueberry hazelnut, dry",SR Legacy,9.81,9.8,69.47,7.7,386.0
173925,"Cereals, QUAKER, oatmeal, REAL MEDLEYS, cherry pistachio, dry",SR Legacy,12.02,11.02,66.73,7.1,394.0
173924,"Cereals, QUAKER, oatmeal, REAL MEDLEYS, peach almond, dry",SR Legacy,10.1,9.84,68.61,7.4,387.0
171685,"Cereals, QUAKER, oatmeal, REAL MEDLEYS, summer berry, dry",SR Legacy,11.31,4.4,72.58,8.5,353.0
172972,"Cereals, QUAKER, QUAKER MultiGrain Oatmeal, dry",SR Legacy,12.64,2.73,72.62,11.9,334.0
172979,"Cereals, QUAKER, QUAKER MultiGrain Oatmeal, prepared with water, no salt",SR Legacy,2.08,0.47,13.49,2.2,61.0
172980,"Cereals, QUAKER, QUAKER MultiGrain Oatmeal, prepared with water, salt",SR Legacy,2.07,0.47,13.47,2.2,61.0
174640,"Cereals, QUAKER, Quick Oats with Iron, Dry",SR Legacy,13.7,6.87,68.18,9.4,371.0
172989,"Cereals, QUAKER, Quick Oats, Dry",SR Legacy,13.7,6.87,68.18,9.4,371.0
173923,"Cereals, QUAKER, Weight Control Instant Oatmeal, banana bread",SR Legacy,16.5,6.16,64.42,12.6,361.0
173922,"Cereals, QUAKER, Weight Control Instant Oatmeal, maple and brown sugar",SR Legacy,16.37,6.2,64.25,13.0,361.0
174641,"Cereals, QUAKER, Whole Wheat Natural Cereal, dry",SR Legacy,11.8,2.0,74.8,9.9,333.0
171678,"Cereals, ready-to-eat, MALT-O-MEAL, Blueberry Mini SPOONERS",SR Legacy,8.81,1.92,79.4,10.3,350.0
171666,"Cereals, WHEATENA, cooked with water",SR Legacy,2.0,0.5,11.8,2.7,56.0
171676,"Cereals, WHEATENA, cooked with water, with salt",SR Legacy,2.03,0.45,11.74,2.0,59.0
171665,"Cereals, WHEATENA, dry",SR Legacy,13.1,2.9,75.6,12.8,357.0
171677,"Cereals, whole wheat hot natural cereal, cooked with water, with salt",SR Legacy,2.0,0.4,13.7,1.6,62.0
171668,"Cereals, whole wheat hot natural cereal, cooked with water, without salt",SR Legacy,2.0,0.4,13.7,1.6,62.0
171667,"Cereals, whole wheat hot natural cereal, dry",SR Legacy,11.2,2.0,75.2,9.5,342.0
169343,"Chard, swiss, cooked, boiled, drained, with salt",SR Legacy,1.88,0.08,4.13,2.1,20.0
170401,"Chard, swiss, cooked, boiled, drained, without salt",SR Legacy,1.88,0.08,4.13,2.1,20.0
169991,"Chard, swiss, raw",SR Legacy,1.8,0.2,3.74,1.6,19.0
169344,"Chayote, fruit, cooked, boiled, drained, with salt",SR Legacy,0.62,0.48,4.5,2.8,22.0
170403,"Chayote, fruit, cooked, boiled, drained, without salt",SR Legacy,0.62,0.48,5.09,2.8,24.0
170402,"Chayote, fruit, raw",SR Legacy,0.82,0.13,4.51,1.7,19.0
170856,"Cheese food, cold pack, American",SR Legacy,19.66,24.46,8.32,0.0,331.0
171252,"Cheese food, pasteurized process, American, vitamin D fortified",SR Legacy,16.86,25.63,8.56,0.0,330.0
171291,"Cheese food, pasteurized process, American, without added vitamin D",SR Legacy,16.86,25.63,8.56,0.0,330.0
171253,"Cheese food, pasteurized process, swiss",SR Legacy,21.92,24.14,4.5,0.0,323.0
173455,"Cheese product, pasteurized process, American, reduced fat, fortified with vitamin D",SR Legacy,17.6,14.1,10.6,0.0,240.0
171289,"Cheese product, pasteurized process, American, vitamin D fortified",SR Legacy,16.09,23.06,8.85,0.0,307.0
168860,"Cheese puffs and twists, corn based, baked, low fat",SR Legacy,8.5,12.1,72.35,3.6,432.0
172200,"Cheese sauce, prepared from recipe",SR Legacy,10.33,14.92,5.48,0.1,197.0
170896,"Cheese spread, American or Cheddar cheese base, reduced fat",SR Legacy,13.41,8.88,10.71,0.0,176.0
169081,"Cheese spread, cream cheese base",SR Legacy,7.1,28.6,3.5,0.0,295.0
171254,"Cheese spread, pasteurized process, American",SR Legacy,16.41,21.23,8.73,0.0,290.0
172198,"Cheese substitute, mozzarella",SR Legacy,11.47,12.22,23.67,0.0,248.0
169901,"Cheese, american cheddar, imitation",SR Legacy,16.7,14.0,11.6,0.0,239.0
170863,"Cheese, American, nonfat or fat free",SR Legacy,21.05,0.0,10.53,0.0,126.0
747429,"Cheese, American, restaurant",Foundation Foods,17.5,31.1,6.35,,375.0
172175,"Cheese, blue",SR Legacy,21.4,28.74,2.34,0.0,353.0
172176,"Cheese, brick",SR Legacy,23.24,29.68,2.79,0.0,371.0
172177,"Cheese, brie",SR Legacy,20.75,27.68,0.45,0.0,334.0
172178,"Cheese, camembert",SR Legacy,19.8,24.26,0.46,0.0,300.0
173413,"Cheese, caraway",SR Legacy,25.18,29.2,3.06,0.0,376.0
328637,"Cheese, cheddar",Foundation Foods,23.3,34.0,2.44,,408.0
173414,"Cheese, cheddar (Includes foods for USDA's Food Distribution Program)",SR Legacy,22.87,33.31,3.37,0.0,403.0
171295,"Cheese, cheddar, nonfat or fat free",SR Legacy,32.14,0.0,7.14,0.0,157.0
171292,"Cheese, cheddar, reduced fat (Includes foods for USDA's Food Distribution Program)",SR Legacy,27.35,20.41,2.67,0.0,316.0
170899,"Cheese, cheddar, sharp, sliced",SR Legacy,24.25,33.82,2.13,0.0,410.0
173415,"Cheese, cheshire",SR Legacy,23.37,30.6,4.78,0.0,387.0
173416,"Cheese, colby",SR Legacy,23.76,32.11,2.57,0.0,394.0
2647443,"Cheese, cotija, solid",Foundation Foods,23.83568,27.24,2.72432,,351.4
172179,"Cheese, cottage, creamed, large or small curd",SR Legacy,11.12,4.3,3.38,0.0,98.0
172180,"Cheese, cottage, creamed, with fruit",SR Legacy,10.69,3.85,4.61,0.2,97.0
173417,"Cheese, cottage, lowfat, 1% milkfat",SR Legacy,12.39,1.02,2.72,0.0,72.0
167703,"Cheese, cottage, lowfat, 1% milkfat, lactose reduced",SR Legacy,12.4,1.0,3.2,0.6,74.0
168114,"Cheese, cottage, lowfat, 1% milkfat, no sodium added",SR Legacy,12.4,1.0,2.7,0.0,72.0
167716,"Cheese, cottage, lowfat, 1% milkfat, with vegetables",SR Legacy,10.9,1.0,3.0,0.0,67.0
172182,"Cheese, cottage, lowfat, 2% milkfat",SR Legacy,10.45,2.27,4.76,0.0,81.0
172181,"Cheese, cottage, nonfat, uncreamed, dry, large or small curd",SR Legacy,10.34,0.29,6.66,0.0,72.0
169078,"Cheese, cottage, with vegetables",SR Legacy,10.9,4.2,3.0,0.1,95.0
173418,"Cheese, cream",SR Legacy,6.15,34.44,5.52,0.0,350.0
172207,"Cheese, cream, fat free",SR Legacy,15.69,1.0,7.66,0.0,105.0
169079,"Cheese, cream, low fat",SR Legacy,7.85,16.67,6.73,0.0,208.0
329830,"Cheese, dry white, queso seco",Foundation Foods,24.5,24.3,2.07,,326.0
173419,"Cheese, edam",SR Legacy,24.99,28.57,1.43,0.0,357.0
173420,"Cheese, feta",SR Legacy,14.21,21.49,3.88,0.0,265.0
2259796,"Cheese, feta, whole milk, crumbled",Foundation Foods,19.70782,19.08,5.58318,,272.884
170843,"Cheese, fontina",SR Legacy,25.6,31.14,1.55,0.0,389.0
172223,"Cheese, fresh, queso fresco",SR Legacy,18.09,23.82,2.98,0.0,299.0
171240,"Cheese, gjetost",SR Legacy,9.65,29.51,42.65,0.0,466.0
172197,"Cheese, goat, hard type",SR Legacy,30.52,35.59,2.17,0.0,452.0
173433,"Cheese, goat, semisoft type",SR Legacy,21.58,29.84,0.12,0.0,364.0
173435,"Cheese, goat, soft type",SR Legacy,18.52,21.08,0.0,0.0,264.0
171241,"Cheese, gouda",SR Legacy,24.94,27.44,2.22,0.0,356.0
171242,"Cheese, gruyere",SR Legacy,29.81,32.34,0.36,0.0,413.0
171243,"Cheese, limburger",SR Legacy,20.05,27.25,0.49,0.0,327.0
173439,"Cheese, low fat, cheddar or colby",SR Legacy,24.35,7.0,1.91,0.0,173.0
173440,"Cheese, low-sodium, cheddar or colby",SR Legacy,24.35,32.62,1.91,0.0,398.0
171288,"Cheese, Mexican blend",SR Legacy,23.54,32.14,0.13,0.0,384.0
172216,"Cheese, Mexican, blend, reduced fat",SR Legacy,24.69,19.4,3.41,0.0,282.0
172201,"Cheese, mexican, queso anejo",SR Legacy,21.44,29.98,4.63,0.0,373.0
173437,"Cheese, mexican, queso asadero",SR Legacy,22.6,25.0,4.13,0.0,356.0
173438,"Cheese, mexican, queso chihuahua",SR Legacy,21.56,29.68,5.56,0.0,374.0
170898,"Cheese, mexican, queso cotija",SR Legacy,20.0,30.0,3.97,0.0,366.0
170844,"Cheese, monterey",SR Legacy,24.48,30.28,0.68,0.0,373.0
2647438,"Cheese, monterey jack, solid",Foundation Foods,22.6171,32.63,1.8979,,391.73
168098,"Cheese, monterey, low fat",SR Legacy,28.2,21.6,0.7,0.0,313.0
171244,"Cheese, mozzarella, low moisture, part-skim",SR Legacy,23.75,19.78,5.58,0.0,295.0
170900,"Cheese, mozzarella, low moisture, part-skim, shredded",SR Legacy,23.63,19.72,8.06,0.0,304.0
167735,"Cheese, mozzarella, low sodium",SR Legacy,27.5,17.1,3.1,0.0,280.0
169051,"Cheese, mozzarella, nonfat",SR Legacy,31.7,0.0,3.5,1.8,141.0
170847,"Cheese, mozzarella, part skim milk",SR Legacy,24.26,15.92,2.77,0.0,254.0
170845,"Cheese, mozzarella, whole milk",SR Legacy,22.17,22.14,2.4,0.0,299.0
170846,"Cheese, mozzarella, whole milk, low moisture",SR Legacy,21.6,24.64,2.47,0.0,318.0
171245,"Cheese, muenster",SR Legacy,23.41,30.04,1.12,0.0,368.0
169050,"Cheese, muenster, low fat",SR Legacy,24.7,17.6,3.5,0.0,271.0
171246,"Cheese, neufchatel",SR Legacy,9.15,22.78,3.59,0.0,253.0
2647441,"Cheese, oaxaca, solid",Foundation Foods,22.14498,22.1,2.40202,,297.088
173452,"Cheese, parmesan, dry grated, reduced fat",SR Legacy,20.0,20.0,1.37,0.0,265.0
171247,"Cheese, parmesan, grated",SR Legacy,28.42,27.84,13.91,0.0,420.0
2259795,"Cheese, parmesan, grated, refrigerated",Foundation Foods,30.13912,29.5,4.33188,,403.384
170848,"Cheese, parmesan, hard",SR Legacy,35.75,25.0,3.22,0.0,392.0
167705,"Cheese, parmesan, low sodium",SR Legacy,41.6,29.99,3.7,0.0,451.0
173431,"Cheese, parmesan, shredded",SR Legacy,37.86,27.34,3.41,0.0,415.0
2647439,"Cheese, pasteurized process cheese food or product, American, singles",Foundation Foods,15.5672,23.86,8.1898,,309.768
170853,"Cheese, pasteurized process, American, fortified with vitamin D",SR Legacy,18.13,30.71,4.78,0.0,366.0
169080,"Cheese, pasteurized process, American, low fat",SR Legacy,24.6,7.0,3.5,0.0,180.0
325198,"Cheese, pasteurized process, American, vitamin D fortified",Foundation Foods,18.0,30.6,5.27,,366.0
171290,"Cheese, pasteurized process, American, without added vitamin D",SR Legacy,18.13,31.79,3.7,0.0,371.0
168121,"Cheese, pasteurized process, cheddar or American, low sodium",SR Legacy,22.2,31.19,1.6,0.0,376.0
170854,"Cheese, pasteurized process, pimento",SR Legacy,22.13,31.2,1.73,0.1,375.0
170855,"Cheese, pasteurized process, swiss",SR Legacy,24.73,25.01,2.1,0.0,334.0
170849,"Cheese, port de salut",SR Legacy,23.78,28.2,0.57,0.0,352.0
170850,"Cheese, provolone",SR Legacy,25.58,26.62,2.14,0.0,351.0
172215,"Cheese, provolone, reduced fat",SR Legacy,24.7,17.6,3.5,0.0,274.0
2647440,"Cheese, provolone, sliced",Foundation Foods,23.45288,28.13,2.45312,,356.794
2647442,"Cheese, queso fresco, solid",Foundation Foods,18.8848,23.36,2.9572,,297.608
171248,"Cheese, ricotta, part skim milk",SR Legacy,11.39,7.91,5.14,0.0,138.0
170851,"Cheese, ricotta, whole milk",SR Legacy,7.54,10.18,7.27,0.0,150.0
171249,"Cheese, romano",SR Legacy,31.8,26.94,3.63,0.0,387.0
171250,"Cheese, roquefort",SR Legacy,21.54,30.64,2.0,0.0,369.0
171251,"Cheese, swiss",SR Legacy,26.96,30.99,1.44,0.0,393.0
168141,"Cheese, swiss, low fat",SR Legacy,28.4,5.1,3.4,0.0,179.0
168124,"Cheese, swiss, low sodium",SR Legacy,28.4,27.4,3.4,0.0,374.0
170897,"Cheese, Swiss, nonfat or fat free",SR Legacy,28.4,0.0,3.4,0.0,127.0
170852,"Cheese, tilsit",SR Legacy,24.41,25.98,1.88,0.0,340.0
172224,"Cheese, white, queso blanco",SR Legacy,20.38,24.31,2.53,,310.0
171623,"Cheesefurter, cheese smokie, pork, beef",SR Legacy,14.1,29.0,1.51,0.0,328.0
173953,"Cherimoya, raw",SR Legacy,1.57,0.68,17.71,3.0,75.0
167769,"Cherries, sour, canned, water pack, drained",SR Legacy,0.69,0.21,10.45,1.2,42.0
171717,"Cherries, sour, red, canned, extra heavy syrup pack, solids and liquids",SR Legacy,0.71,0.09,29.23,0.8,114.0
171716,"Cherries, sour, red, canned, heavy syrup pack, solids and liquids",SR Legacy,0.73,0.1,23.27,1.1,91.0
173956,"Cherries, sour, red, canned, light syrup pack, solids and liquids",SR Legacy,0.74,0.1,19.3,0.8,75.0
173955,"Cherries, sour, red, canned, water pack, solids and liquids",SR Legacy,0.77,0.1,8.94,1.1,36.0
171718,"Cherries, sour, red, frozen, unsweetened (Includes foods for USDA's Food Distribution Program)",SR Legacy,0.92,0.44,11.02,1.6,46.0
173954,"Cherries, sour, red, raw",SR Legacy,1.0,0.3,12.18,1.6,50.0
171720,"Cherries, sweet, canned, extra heavy syrup pack, solids and liquids",SR Legacy,0.59,0.15,26.23,1.5,102.0
173958,"Cherries, sweet, canned, juice pack, solids and liquids",SR Legacy,0.91,0.02,13.81,1.5,54.0
173959,"Cherries, sweet, canned, light syrup pack, solids and liquids",SR Legacy,0.61,0.15,17.29,1.5,67.0
173960,"Cherries, sweet, canned, pitted, heavy syrup pack, solids and liquids",SR Legacy,0.6,0.15,21.27,1.4,83.0
167770,"Cherries, sweet, canned, pitted, heavy syrup, drained",SR Legacy,0.73,0.21,21.07,2.3,83.0
173957,"Cherries, sweet, canned, water pack, solids and liquids",SR Legacy,0.77,0.13,11.76,1.5,46.0
2346399,"Cherries, sweet, dark red, raw",Foundation Foods,1.039375,0.1925,16.163125,,70.5425
171719,"Cherries, sweet, raw",SR Legacy,1.06,0.2,16.01,2.1,63.0
171708,"Cherries, tart, dried, sweetened (Includes foods for USDA's Food Distribution Program)",SR Legacy,1.25,0.73,80.45,2.5,333.0
167807,"Cherry juice, tart",SR Legacy,0.31,0.54,13.7,,59.0
168771,Chewing gum,SR Legacy,0.0,0.3,96.7,2.4,360.0
169882,"Chewing gum, sugarless",SR Legacy,0.0,0.4,94.8,2.4,268.0
2710819,"Chia seeds, dry, raw",Foundation Foods,17.013,32.89,38.273,,517.154
170303,"CHICK-FIL-A, Chick-n-Strips",SR Legacy,21.4,11.2,10.39,0.9,228.0
170790,"CHICK-FIL-A, chicken sandwich",SR Legacy,16.28,11.19,20.89,1.4,249.0
170304,"CHICK-FIL-A, hash browns",SR Legacy,3.0,18.5,30.51,3.2,301.0
171514,"Chicken breast tenders, breaded, cooked, microwaved",SR Legacy,16.35,12.89,17.56,0.0,252.0
171515,"Chicken breast tenders, breaded, uncooked",SR Legacy,14.73,15.75,15.01,1.1,263.0
173874,"Chicken breast, deli, rotisserie seasoned, sliced, prepackaged",SR Legacy,17.4,1.86,2.92,0.0,98.0
172962,"Chicken breast, fat-free, mesquite flavor, sliced",SR Legacy,16.8,0.39,2.25,0.0,80.0
172963,"Chicken breast, oven-roasted, fat-free, sliced",SR Legacy,16.79,0.39,2.17,0.0,79.0
174608,"Chicken breast, roll, oven-roasted",SR Legacy,14.59,7.65,1.79,0.0,134.0
171513,"Chicken patty, frozen, cooked",SR Legacy,14.85,19.58,12.84,0.3,287.0
171512,"Chicken patty, frozen, uncooked",SR Legacy,14.33,20.04,13.61,1.2,292.0
173331,"Chicken pot pie, frozen entree, prepared",SR Legacy,5.11,11.85,19.21,1.1,204.0
173858,Chicken spread,SR Legacy,18.01,17.56,4.05,0.3,158.0
173346,"Chicken tenders, breaded, frozen, prepared",SR Legacy,14.62,13.58,14.86,1.7,240.0
2646170,"Chicken, breast, boneless, skinless, raw",Foundation Foods,22.525,1.934,0.0,,106.034
171140,"Chicken, broiler or fryers, breast, skinless, boneless, meat only, cooked, braised",SR Legacy,32.06,3.24,0.0,0.0,157.0
171534,"Chicken, broiler or fryers, breast, skinless, boneless, meat only, cooked, grilled",SR Legacy,30.54,3.17,0.0,0.0,151.0
171077,"Chicken, broiler or fryers, breast, skinless, boneless, meat only, raw",SR Legacy,22.5,2.62,0.0,0.0,120.0
171535,"Chicken, broiler or fryers, breast, skinless, boneless, meat only, with added solution, cooked, braised",SR Legacy,28.24,3.61,0.0,0.0,145.0
171536,"Chicken, broiler or fryers, breast, skinless, boneless, meat only, with added solution, cooked, grilled",SR Legacy,29.5,3.39,0.0,0.0,148.0
174506,"Chicken, broiler, rotisserie, BBQ, back meat only",SR Legacy,21.85,13.87,0.31,0.0,212.0
171124,"Chicken, broiler, rotisserie, BBQ, back, meat and skin",SR Legacy,20.29,18.86,0.4,0.0,251.0
171125,"Chicken, broiler, rotisserie, BBQ, breast, meat and skin",SR Legacy,26.37,7.67,0.09,0.0,175.0
171445,"Chicken, broiler, rotisserie, BBQ, breast, meat only",SR Legacy,28.04,3.57,0.0,0.0,144.0
171126,"Chicken, broiler, rotisserie, BBQ, drumstick, meat and skin",SR Legacy,25.65,11.46,0.12,0.0,206.0
171114,"Chicken, broiler, rotisserie, BBQ, drumstick, meat only",SR Legacy,27.71,6.76,0.0,0.0,172.0
171524,"Chicken, broiler, rotisserie, BBQ, skin",SR Legacy,15.19,35.15,0.7,0.0,378.0
171127,"Chicken, broiler, rotisserie, BBQ, thigh, meat and skin",SR Legacy,22.51,15.08,0.12,0.0,226.0
171118,"Chicken, broiler, rotisserie, BBQ, thigh, meat only",SR Legacy,24.09,10.74,0.0,0.0,193.0
172830,"Chicken, broiler, rotisserie, BBQ, wing, meat and skin",SR Legacy,23.42,18.04,0.6,0.0,257.0
171516,"Chicken, broiler, rotisserie, BBQ, wing, meat only",SR Legacy,28.34,7.79,0.54,0.0,186.0
171521,"Chicken, broilers or fryers,  rotisserie, original seasoning, drumstick, meat and skin, cooked",SR Legacy,26.86,11.98,0.02,0.0,215.0
171470,"Chicken, broilers or fryers, back, meat and skin, cooked, fried, batter",SR Legacy,21.97,21.91,10.25,,331.0
171471,"Chicken, broilers or fryers, back, meat and skin, cooked, fried, flour",SR Legacy,27.79,20.74,6.5,,331.0
171071,"Chicken, broilers or fryers, back, meat and skin, cooked, roasted",SR Legacy,25.95,20.97,0.0,0.0,300.0
171072,"Chicken, broilers or fryers, back, meat and skin, cooked, stewed",SR Legacy,22.18,18.14,0.0,0.0,258.0
171469,"Chicken, broilers or fryers, back, meat and skin, raw",SR Legacy,14.05,28.74,0.0,0.0,319.0
171074,"Chicken, broilers or fryers, back, meat only, cooked, fried",SR Legacy,29.99,15.32,5.68,0.0,288.0
171472,"Chicken, broilers or fryers, back, meat only, cooked, roasted",SR Legacy,28.19,13.16,0.0,0.0,239.0
171473,"Chicken, broilers or fryers, back, meat only, cooked, stewed",SR Legacy,25.31,11.19,0.0,0.0,209.0
171073,"Chicken, broilers or fryers, back, meat only, raw",SR Legacy,19.56,5.92,0.0,0.0,137.0
171475,"Chicken, broilers or fryers, breast, meat and skin, cooked, fried, batter",SR Legacy,24.84,13.2,8.99,0.3,260.0
171476,"Chicken, broilers or fryers, breast, meat and skin, cooked, fried, flour",SR Legacy,31.84,8.87,1.64,0.1,222.0
171075,"Chicken, broilers or fryers, breast, meat and skin, cooked, roasted",SR Legacy,29.8,7.78,0.0,0.0,197.0
171076,"Chicken, broilers or fryers, breast, meat and skin, cooked, stewed",SR Legacy,27.39,7.42,0.0,0.0,184.0
171474,"Chicken, broilers or fryers, breast, meat and skin, raw",SR Legacy,20.85,9.25,0.0,0.0,172.0
171078,"Chicken, broilers or fryers, breast, meat only, cooked, fried",SR Legacy,33.44,4.71,0.51,0.0,187.0
171477,"Chicken, broilers or fryers, breast, meat only, cooked, roasted",SR Legacy,31.02,3.57,0.0,0.0,165.0
171478,"Chicken, broilers or fryers, breast, meat only, cooked, stewed",SR Legacy,28.98,3.03,0.0,0.0,151.0
171509,"Chicken, broilers or fryers, breast, skinless, boneless, meat only, with added solution, raw",SR Legacy,20.32,3.0,0.0,0.0,108.0
174497,"Chicken, broilers or fryers, dark meat, drumstick, meat and skin, cooked, braised",SR Legacy,22.72,10.73,0.0,0.0,187.0
172852,"Chicken, broilers or fryers, dark meat, drumstick, meat only, cooked, braised",SR Legacy,23.93,5.95,0.0,0.0,149.0
172376,"Chicken, broilers or fryers, dark meat, drumstick, meat only, cooked, roasted",SR Legacy,24.24,5.7,0.0,0.0,155.0
173614,"Chicken, broilers or fryers, dark meat, drumstick, meat only, raw",SR Legacy,19.41,3.71,0.0,0.0,116.0
171063,"Chicken, broilers or fryers, dark meat, meat and skin, cooked, fried, batter",SR Legacy,21.85,18.64,9.38,,298.0
171064,"Chicken, broilers or fryers, dark meat, meat and skin, cooked, fried, flour",SR Legacy,27.22,16.91,4.08,0.0,285.0
171065,"Chicken, broilers or fryers, dark meat, meat and skin, cooked, roasted",SR Legacy,25.97,15.78,0.0,0.0,253.0
171066,"Chicken, broilers or fryers, dark meat, meat and skin, cooked, stewed",SR Legacy,23.5,14.66,0.0,0.0,233.0
171463,"Chicken, broilers or fryers, dark meat, meat and skin, raw",SR Legacy,16.69,18.34,0.0,0.0,237.0
171068,"Chicken, broilers or fryers, dark meat, meat only, cooked, fried",SR Legacy,28.99,11.62,2.59,0.0,239.0
171069,"Chicken, broilers or fryers, dark meat, meat only, cooked, roasted",SR Legacy,27.37,9.73,0.0,0.0,205.0
171070,"Chicken, broilers or fryers, dark meat, meat only, cooked, stewed",SR Legacy,25.97,8.98,0.0,0.0,192.0
171067,"Chicken, broilers or fryers, dark meat, meat only, raw",SR Legacy,20.08,4.31,0.0,0.0,125.0
174498,"Chicken, broilers or fryers, dark meat, thigh, meat and skin, cooked, braised",SR Legacy,22.57,15.43,0.0,0.0,229.0
172853,"Chicken, broilers or fryers, dark meat, thigh, meat only, cooked, braised",SR Legacy,24.55,8.63,0.0,0.0,176.0
173627,"Chicken, broilers or fryers, dark meat, thigh, meat only, raw",SR Legacy,19.66,4.12,0.0,0.0,121.0
172374,"Chicken, broilers or fryers, drumstick, meat and skin, cooked, fried, batter",SR Legacy,21.95,15.75,8.28,0.3,268.0
173611,"Chicken, broilers or fryers, drumstick, meat and skin, cooked, fried, flour",SR Legacy,26.96,13.72,1.63,0.1,245.0
173612,"Chicken, broilers or fryers, drumstick, meat and skin, cooked, roasted",SR Legacy,23.35,10.15,0.0,0.0,191.0
173613,"Chicken, broilers or fryers, drumstick, meat and skin, cooked, stewed",SR Legacy,25.32,10.64,0.0,0.0,204.0
172373,"Chicken, broilers or fryers, drumstick, meat and skin, raw",SR Legacy,18.08,9.2,0.11,0.0,161.0
331897,"Chicken, broilers or fryers, drumstick, meat only, cooked, braised",Foundation Foods,23.9,5.95,0.0,,156.0
172375,"Chicken, broilers or fryers, drumstick, meat only, cooked, fried",SR Legacy,28.62,8.08,0.0,0.0,195.0
172377,"Chicken, broilers or fryers, drumstick, meat only, cooked, stewed",SR Legacy,27.5,5.71,0.0,0.0,169.0
171519,"Chicken, broilers or fryers, drumstick, rotisserie, original seasoning, meat only, cooked",SR Legacy,28.74,6.81,0.0,0.0,176.0
171058,"Chicken, broilers or fryers, giblets, cooked, fried",SR Legacy,32.54,13.46,4.35,0.0,277.0
171455,"Chicken, broilers or fryers, giblets, cooked, simmered",SR Legacy,27.15,4.5,0.0,0.0,157.0
171057,"Chicken, broilers or fryers, giblets, raw",SR Legacy,17.88,4.47,1.8,0.0,124.0
173615,"Chicken, broilers or fryers, leg, meat and skin, cooked, fried, batter",SR Legacy,21.77,16.17,8.72,0.3,273.0
173616,"Chicken, broilers or fryers, leg, meat and skin, cooked, fried, flour",SR Legacy,26.84,14.43,2.5,0.1,254.0
173617,"Chicken, broilers or fryers, leg, meat and skin, cooked, roasted",SR Legacy,24.03,8.99,0.0,0.0,184.0
173618,"Chicken, broilers or fryers, leg, meat and skin, cooked, stewed",SR Legacy,24.17,12.92,0.0,0.0,220.0
172378,"Chicken, broilers or fryers, leg, meat and skin, raw",SR Legacy,16.37,15.95,0.17,0.0,214.0
172379,"Chicken, broilers or fryers, leg, meat only, cooked, fried",SR Legacy,28.38,9.32,0.65,0.0,208.0
172380,"Chicken, broilers or fryers, leg, meat only, cooked, roasted",SR Legacy,24.22,7.8,0.0,0.0,174.0
172381,"Chicken, broilers or fryers, leg, meat only, cooked, stewed",SR Legacy,26.26,8.06,0.0,0.0,185.0
173619,"Chicken, broilers or fryers, leg, meat only, raw",SR Legacy,19.16,4.22,0.0,0.0,120.0
171459,"Chicken, broilers or fryers, light meat, meat and skin, cooked, fried, batter",SR Legacy,23.55,15.44,9.5,,277.0
171460,"Chicken, broilers or fryers, light meat, meat and skin, cooked, fried, flour",SR Legacy,30.45,12.09,1.82,0.1,246.0
171461,"Chicken, broilers or fryers, light meat, meat and skin, cooked, roasted",SR Legacy,29.02,10.85,0.0,0.0,222.0
171462,"Chicken, broilers or fryers, light meat, meat and skin, cooked, stewed",SR Legacy,26.14,9.97,0.0,0.0,201.0
171062,"Chicken, broilers or fryers, light meat, meat and skin, raw",SR Legacy,20.27,11.07,0.0,0.0,186.0
171465,"Chicken, broilers or fryers, light meat, meat only, cooked, fried",SR Legacy,32.82,5.54,0.42,0.0,192.0
171466,"Chicken, broilers or fryers, light meat, meat only, cooked, roasted",SR Legacy,30.91,4.51,0.0,0.0,173.0
171467,"Chicken, broilers or fryers, light meat, meat only, cooked, stewed",SR Legacy,28.88,3.99,0.0,0.0,159.0
171464,"Chicken, broilers or fryers, light meat, meat only, raw",SR Legacy,23.2,1.65,0.0,0.0,114.0
171048,"Chicken, broilers or fryers, meat and skin and giblets and neck, cooked, fried, batter",SR Legacy,22.84,17.53,9.03,,291.0
171049,"Chicken, broilers or fryers, meat and skin and giblets and neck, cooked, fried, flour",SR Legacy,28.57,15.27,3.27,,272.0
171047,"Chicken, broilers or fryers, meat and skin and giblets and neck, raw",SR Legacy,18.33,14.83,0.13,0.0,213.0
171050,"Chicken, broilers or fryers, meat and skin and giblets and neck, roasted",SR Legacy,26.78,13.27,0.06,0.0,234.0
171446,"Chicken, broilers or fryers, meat and skin and giblets and neck, stewed",SR Legacy,24.49,12.37,0.06,0.0,216.0
171448,"Chicken, broilers or fryers, meat and skin, cooked, fried, batter",SR Legacy,22.54,17.35,9.42,0.3,289.0
171449,"Chicken, broilers or fryers, meat and skin, cooked, fried, flour",SR Legacy,28.56,14.92,3.15,0.1,269.0
171450,"Chicken, broilers or fryers, meat and skin, cooked, roasted",SR Legacy,27.3,13.6,0.0,0.0,239.0
171051,"Chicken, broilers or fryers, meat and skin, cooked, stewed",SR Legacy,24.68,12.56,0.0,0.0,219.0
171447,"Chicken, broilers or fryers, meat and skin, raw",SR Legacy,18.6,15.06,0.0,0.0,215.0
171053,"Chicken, broilers or fryers, meat only, cooked, fried",SR Legacy,30.57,9.12,1.69,0.1,219.0
171054,"Chicken, broilers or fryers, meat only, cooked, roasted",SR Legacy,28.93,7.41,0.0,0.0,190.0
171451,"Chicken, broilers or fryers, meat only, cooked, stewed",SR Legacy,27.29,6.71,0.0,0.0,177.0
171052,"Chicken, broilers or fryers, meat only, raw",SR Legacy,21.39,3.08,0.0,0.0,119.0
173622,"Chicken, broilers or fryers, neck, meat and skin, cooked simmered",SR Legacy,19.61,18.1,0.0,0.0,247.0
173620,"Chicken, broilers or fryers, neck, meat and skin, cooked, fried, batter",SR Legacy,19.82,23.52,8.7,,330.0
173621,"Chicken, broilers or fryers, neck, meat and skin, cooked, fried, flour",SR Legacy,24.01,23.61,4.24,,332.0
172382,"Chicken, broilers or fryers, neck, meat and skin, raw",SR Legacy,14.07,26.24,0.0,0.0,297.0
172383,"Chicken, broilers or fryers, neck, meat only, cooked, fried",SR Legacy,26.87,11.88,1.77,0.0,229.0
172384,"Chicken, broilers or fryers, neck, meat only, cooked, simmered",SR Legacy,24.56,8.18,0.0,0.0,179.0
173623,"Chicken, broilers or fryers, neck, meat only, raw",SR Legacy,17.55,8.78,0.0,0.0,154.0
171122,"Chicken, broilers or fryers, rotisserie, original seasoning, back, meat and skin, cooked",SR Legacy,23.23,18.59,0.03,0.0,260.0
171517,"Chicken, broilers or fryers, rotisserie, original seasoning, back, meat only, cooked",SR Legacy,25.34,11.54,0.0,0.0,205.0
171123,"Chicken, broilers or fryers, rotisserie, original seasoning, breast, meat and skin, cooked",SR Legacy,27.48,8.18,0.02,0.0,184.0
171518,"Chicken, broilers or fryers, rotisserie, original seasoning, breast, meat only, cooked",SR Legacy,28.0,2.79,0.0,0.0,137.0
171520,"Chicken, broilers or fryers, rotisserie, original seasoning, skin only, cooked",SR Legacy,17.66,37.24,0.11,0.0,406.0
171522,"Chicken, broilers or fryers, rotisserie, original seasoning, thigh, meat and skin, cooked",SR Legacy,22.93,15.7,0.02,0.0,233.0
171120,"Chicken, broilers or fryers, rotisserie, original seasoning, thigh, meat only, cooked",SR Legacy,24.06,11.09,0.0,0.0,196.0
171523,"Chicken, broilers or fryers, rotisserie, original seasoning, wing, meat and skin, cooked",SR Legacy,24.34,18.77,0.04,0.0,266.0
171121,"Chicken, broilers or fryers, rotisserie, original seasoning, wing, meat only, cooked",SR Legacy,27.69,9.53,0.0,0.0,197.0
171468,"Chicken, broilers or fryers, separable fat, raw",SR Legacy,3.73,67.95,0.0,0.0,629.0
171453,"Chicken, broilers or fryers, skin only, cooked, fried, batter",SR Legacy,10.32,28.83,23.15,,394.0
171454,"Chicken, broilers or fryers, skin only, cooked, fried, flour",SR Legacy,19.09,42.58,9.34,,502.0
171055,"Chicken, broilers or fryers, skin only, cooked, roasted",SR Legacy,20.36,40.68,0.0,0.0,454.0
171056,"Chicken, broilers or fryers, skin only, cooked, stewed",SR Legacy,15.22,33.04,0.0,0.0,363.0
171452,"Chicken, broilers or fryers, skin only, raw",SR Legacy,13.33,32.35,0.0,0.0,349.0
172386,"Chicken, broilers or fryers, thigh, meat and skin, cooked, fried, batter",SR Legacy,21.61,16.53,9.08,0.3,277.0
173624,"Chicken, broilers or fryers, thigh, meat and skin, cooked, fried, flour",SR Legacy,26.75,14.98,3.18,0.1,262.0
173625,"Chicken, broilers or fryers, thigh, meat and skin, cooked, roasted",SR Legacy,23.26,14.71,0.0,0.0,232.0
173626,"Chicken, broilers or fryers, thigh, meat and skin, cooked, stewed",SR Legacy,23.26,14.74,0.0,0.0,232.0
172385,"Chicken, broilers or fryers, thigh, meat and skin, raw",SR Legacy,16.52,16.61,0.25,0.0,221.0
172387,"Chicken, broilers or fryers, thigh, meat only, cooked, fried",SR Legacy,28.18,10.3,1.18,0.0,218.0
172388,"Chicken, broilers or fryers, thigh, meat only, cooked, roasted",SR Legacy,24.76,8.15,0.0,0.0,179.0
172389,"Chicken, broilers or fryers, thigh, meat only, cooked, stewed",SR Legacy,25.0,9.79,0.0,0.0,195.0
173628,"Chicken, broilers or fryers, wing, meat and skin, cooked, fried, batter",SR Legacy,19.87,21.81,10.94,0.3,324.0
173629,"Chicken, broilers or fryers, wing, meat and skin, cooked, fried, flour",SR Legacy,26.11,22.16,2.39,0.1,321.0
173630,"Chicken, broilers or fryers, wing, meat and skin, cooked, roasted",SR Legacy,23.79,16.87,0.0,0.0,254.0
173631,"Chicken, broilers or fryers, wing, meat and skin, cooked, stewed",SR Legacy,22.78,16.82,0.0,0.0,249.0
172390,"Chicken, broilers or fryers, wing, meat and skin, raw",SR Legacy,17.52,12.85,0.0,0.0,191.0
172391,"Chicken, broilers or fryers, wing, meat only, cooked, fried",SR Legacy,30.15,9.15,0.0,0.0,211.0
172392,"Chicken, broilers or fryers, wing, meat only, cooked, roasted",SR Legacy,30.46,8.13,0.0,0.0,203.0
172393,"Chicken, broilers or fryers, wing, meat only, cooked, stewed",SR Legacy,27.18,7.18,0.0,0.0,181.0
173632,"Chicken, broilers or fryers, wing, meat only, raw",SR Legacy,21.97,3.54,0.0,0.0,126.0
171099,"Chicken, canned, meat only, with broth",SR Legacy,21.77,7.95,0.0,0.0,165.0
171110,"Chicken, canned, no broth",SR Legacy,25.3,8.1,0.9,0.0,185.0
174466,"Chicken, capons, giblets, cooked, simmered",SR Legacy,26.39,5.4,0.76,0.0,164.0
174465,"Chicken, capons, giblets, raw",SR Legacy,18.28,5.18,1.42,0.0,130.0
172407,"Chicken, capons, meat and skin and giblets and neck, cooked, roasted",SR Legacy,28.35,11.67,0.04,0.0,226.0
172406,"Chicken, capons, meat and skin and giblets and neck, raw",SR Legacy,18.51,16.9,0.08,0.0,232.0
173646,"Chicken, capons, meat and skin, cooked, roasted",SR Legacy,28.96,11.65,0.0,0.0,229.0
173645,"Chicken, capons, meat and skin, raw",SR Legacy,18.77,17.07,0.0,0.0,234.0
171107,"Chicken, cornish game hens, meat and skin, cooked, roasted",SR Legacy,22.27,18.21,0.0,0.0,259.0
171507,"Chicken, cornish game hens, meat and skin, raw",SR Legacy,17.15,14.02,0.0,0.0,200.0
171109,"Chicken, cornish game hens, meat only, cooked, roasted",SR Legacy,23.3,3.87,0.0,0.0,134.0
171108,"Chicken, cornish game hens, meat only, raw",SR Legacy,20.04,3.33,0.0,0.0,116.0
174504,"Chicken, dark meat, drumstick, meat and skin, with added solution, cooked, braised",SR Legacy,21.55,10.71,0.13,0.0,183.0
172861,"Chicken, dark meat, drumstick, meat and skin, with added solution, cooked, roasted",SR Legacy,24.72,9.0,0.05,0.0,180.0
172860,"Chicken, dark meat, drumstick, meat and skin, with added solution, raw",SR Legacy,18.03,8.24,0.0,0.0,146.0
172857,"Chicken, dark meat, drumstick, meat only, with added solution, cooked, braised",SR Legacy,22.99,6.33,0.0,0.0,149.0
172856,"Chicken, dark meat, drumstick, meat only, with added solution, cooked, roasted",SR Legacy,25.34,5.0,0.0,0.0,146.0
174499,"Chicken, dark meat, drumstick, meat only, with added solution, raw",SR Legacy,19.19,3.26,0.0,0.0,106.0
172862,"Chicken, dark meat, thigh, meat and skin, with added solution, cooked, braised",SR Legacy,20.7,14.62,0.21,0.0,215.0
174505,"Chicken, dark meat, thigh, meat and skin, with added solution, cooked, roasted",SR Legacy,23.47,13.81,0.09,0.0,214.0
172863,"Chicken, dark meat, thigh, meat and skin, with added solution, raw",SR Legacy,16.56,14.58,0.0,0.0,197.0
172858,"Chicken, dark meat, thigh, meat only, with added solution, cooked, braised",SR Legacy,23.0,7.96,0.0,0.0,164.0
174500,"Chicken, dark meat, thigh, meat only, with added solution, cooked, roasted",SR Legacy,24.23,7.73,0.0,0.0,164.0
172859,"Chicken, dark meat, thigh, meat only, with added solution, raw",SR Legacy,19.11,3.69,0.0,0.0,110.0
171119,"Chicken, feet, boiled",SR Legacy,19.4,14.6,0.2,0.0,215.0
171457,"Chicken, gizzard, all classes, cooked, simmered",SR Legacy,30.39,2.68,0.0,0.0,154.0
171456,"Chicken, gizzard, all classes, raw",SR Legacy,17.66,2.06,0.0,0.0,94.0
171117,"Chicken, ground, crumbles, cooked, pan-browned",SR Legacy,23.28,10.92,0.0,0.0,189.0
171116,"Chicken, ground, raw",SR Legacy,17.44,8.1,0.04,0.0,143.0
2514746,"Chicken, ground, with additives, raw",Foundation Foods,17.9125,7.161,0.0,,133.0498
171059,"Chicken, heart, all classes, cooked, simmered",SR Legacy,26.41,7.92,0.1,0.0,185.0
171458,"Chicken, heart, all classes, raw",SR Legacy,15.55,9.33,0.71,0.0,153.0
174491,"Chicken, liver, all classes, cooked, pan-fried",SR Legacy,25.78,6.43,1.11,0.0,172.0
171061,"Chicken, liver, all classes, cooked, simmered",SR Legacy,24.46,6.51,0.87,0.0,167.0
171060,"Chicken, liver, all classes, raw",SR Legacy,16.92,4.83,0.73,0.0,119.0
169886,"Chicken, meatless",SR Legacy,23.64,12.73,3.64,3.6,224.0
167719,"Chicken, meatless, breaded, fried",SR Legacy,21.28,12.77,8.51,4.3,234.0
172111,"Chicken, nuggets, dark and white meat, precooked, frozen, not reheated",SR Legacy,12.02,17.31,16.09,1.6,268.0
172112,"Chicken, nuggets, white meat, precooked, frozen, not reheated",SR Legacy,14.36,15.42,16.24,0.7,261.0
173639,"Chicken, roasting, dark meat, meat only, cooked, roasted",SR Legacy,23.25,8.75,0.0,0.0,178.0
173638,"Chicken, roasting, dark meat, meat only, raw",SR Legacy,18.74,3.61,0.0,0.0,113.0
172397,"Chicken, roasting, giblets, cooked, simmered",SR Legacy,26.77,5.22,0.86,0.0,165.0
172396,"Chicken, roasting, giblets, raw",SR Legacy,18.14,5.04,1.14,0.0,127.0
173637,"Chicken, roasting, light meat, meat only, cooked, roasted",SR Legacy,27.13,4.07,0.0,0.0,153.0
172398,"Chicken, roasting, light meat, meat only, raw",SR Legacy,22.2,1.63,0.0,0.0,109.0
173633,"Chicken, roasting, meat and skin and giblets and neck, cooked, roasted",SR Legacy,23.96,13.07,0.05,0.0,220.0
172394,"Chicken, roasting, meat and skin and giblets and neck, raw",SR Legacy,17.09,15.46,0.09,0.0,213.0
173635,"Chicken, roasting, meat and skin, cooked, roasted",SR Legacy,23.97,13.39,0.0,0.0,223.0
172395,"Chicken, roasting, meat only, cooked, roasted",SR Legacy,25.01,6.63,0.0,0.0,167.0
173636,"Chicken, roasting, meat only, raw",SR Legacy,20.33,2.7,0.0,0.0,111.0
172854,"Chicken, skin (drumsticks and thighs), cooked, braised",SR Legacy,14.61,42.76,0.0,0.0,443.0
174496,"Chicken, skin (drumsticks and thighs), cooked, roasted",SR Legacy,16.57,43.99,0.0,0.0,462.0
172855,"Chicken, skin (drumsticks and thighs), raw",SR Legacy,9.58,44.23,0.79,0.0,440.0
174501,"Chicken, skin (drumsticks and thighs), with added solution, cooked, braised",SR Legacy,12.26,38.94,1.0,0.0,403.0
174503,"Chicken, skin (drumsticks and thighs), with added solution, cooked, roasted",SR Legacy,20.31,37.6,0.44,0.0,421.0
174502,"Chicken, skin (drumsticks and thighs), with added solution, raw",SR Legacy,11.11,37.9,0.01,0.0,386.0
172405,"Chicken, stewing, dark meat, meat only, cooked, stewed",SR Legacy,28.14,15.28,0.0,0.0,258.0
172404,"Chicken, stewing, dark meat, meat only, raw",SR Legacy,19.7,8.12,0.0,0.0,157.0
173642,"Chicken, stewing, giblets, cooked, simmered",SR Legacy,25.73,9.3,0.11,0.0,194.0
173641,"Chicken, stewing, giblets, raw",SR Legacy,17.89,9.21,2.13,0.0,168.0
173644,"Chicken, stewing, light meat, meat only, cooked, stewed",SR Legacy,33.04,7.98,0.0,0.0,213.0
173643,"Chicken, stewing, light meat, meat only, raw",SR Legacy,23.1,4.21,0.0,0.0,137.0
172399,"Chicken, stewing, meat and skin, and giblets and neck, cooked, stewed",SR Legacy,24.88,11.91,0.0,0.0,214.0
173640,"Chicken, stewing, meat and skin, and giblets and neck, raw",SR Legacy,17.48,19.52,0.19,0.0,251.0
172401,"Chicken, stewing, meat and skin, cooked, stewed",SR Legacy,26.88,18.87,0.0,0.0,285.0
172400,"Chicken, stewing, meat and skin, raw",SR Legacy,17.55,20.33,0.0,0.0,258.0
172403,"Chicken, stewing, meat only, cooked, stewed",SR Legacy,30.42,11.89,0.0,0.0,237.0
172402,"Chicken, stewing, meat only, raw",SR Legacy,21.26,6.32,0.0,0.0,148.0
2646171,"Chicken, thigh, boneless, skinless, raw",Foundation Foods,18.6125,7.916,0.0,,144.07
168961,"Chicken, thighs, frozen, breaded, reheated",SR Legacy,18.66,22.45,14.23,0.1,334.0
171111,"Chicken, wing, frozen, glazed, barbecue flavored",SR Legacy,19.67,12.67,3.34,0.6,211.0
171115,"Chicken, wing, frozen, glazed, barbecue flavored, heated (conventional oven)",SR Legacy,22.24,14.87,3.36,0.5,242.0
171508,"Chicken, wing, frozen, glazed, barbecue flavored, heated (microwave)",SR Legacy,25.34,13.9,3.84,0.9,248.0
174288,Chickpea flour (besan),SR Legacy,22.39,6.69,57.82,10.8,387.0
2644288,"Chickpeas (garbanzo beans, bengal gram), canned, sodium added, drained and rinsed",Foundation Foods,7.01875,3.096,20.32025,,137.22
173800,"Chickpeas (garbanzo beans, bengal gram), mature seeds, canned, drained solids",SR Legacy,7.05,2.77,22.53,6.4,139.0
173801,"Chickpeas (garbanzo beans, bengal gram), mature seeds, canned, drained, rinsed in tap water",SR Legacy,7.04,2.47,22.87,6.3,138.0
175206,"Chickpeas (garbanzo beans, bengal gram), mature seeds, canned, solids and liquids",SR Legacy,4.92,1.95,13.49,4.4,88.0
175250,"Chickpeas (garbanzo beans, bengal gram), mature seeds, canned, solids and liquids, low sodium",SR Legacy,4.92,1.95,13.49,4.4,88.0
173799,"Chickpeas (garbanzo beans, bengal gram), mature seeds, cooked, boiled, with salt",SR Legacy,8.86,2.59,27.42,7.6,164.0
173757,"Chickpeas (garbanzo beans, bengal gram), mature seeds, cooked, boiled, without salt",SR Legacy,8.86,2.59,27.42,7.6,164.0
173756,"Chickpeas (garbanzo beans, bengal gram), mature seeds, raw",SR Legacy,20.47,6.04,62.95,12.2,378.0
2644282,"Chickpeas, (garbanzo beans, bengal gram), dry",Foundation Foods,21.275,6.274,60.358,,382.998
169992,"Chicory greens, raw",SR Legacy,1.7,0.3,4.7,4.0,23.0
169993,"Chicory roots, raw",SR Legacy,1.4,0.2,17.51,1.5,72.0
170404,"Chicory, witloof, raw",SR Legacy,0.9,0.1,4.0,3.1,17.0
167630,Chilchen (Red Berry Beverage) (Navajo),SR Legacy,0.81,0.63,8.68,,44.0
172313,"Child formula, ABBOTT NUTRITION, PEDIASURE, ready-to-feed",SR Legacy,2.86,4.77,11.15,0.0,99.0
173550,"Child formula, ABBOTT NUTRITION, PEDIASURE, ready-to-feed, with iron and fiber",SR Legacy,2.8,4.7,11.28,0.5,99.0
172097,"Chili con carne with beans, canned entree",SR Legacy,5.8,3.47,13.1,3.3,107.0
175207,"Chili with beans, canned",SR Legacy,6.12,3.76,13.24,3.3,103.0
172110,"Chili with beans, microwavable bowls",SR Legacy,5.85,3.68,10.88,2.9,100.0
172098,"Chili, no beans, canned entree",SR Legacy,7.53,7.1,6.1,0.5,118.0
168986,"Chiton, leathery, gumboots (Alaska Native)",SR Legacy,17.1,1.6,0.0,,83.0
170075,"Chives, freeze-dried",SR Legacy,21.2,3.5,64.29,26.2,311.0
169994,"Chives, raw",SR Legacy,3.27,0.73,4.35,2.5,30.0
170271,"Chocolate, dark, 45- 59% cacao solids",SR Legacy,4.88,31.28,61.17,7.0,546.0
170272,"Chocolate, dark, 60-69% cacao solids",SR Legacy,6.12,38.31,52.42,8.0,579.0
170273,"Chocolate, dark, 70-85% cacao solids",SR Legacy,7.79,42.63,45.9,10.9,598.0
168000,Chocolate-flavored hazelnut spread,SR Legacy,5.41,29.73,62.36,5.4,539.0
168999,"Chokecherries, raw, pitted (Northern Plains Indians)",SR Legacy,3.04,1.69,33.62,20.0,162.0
168058,"Chokecherries, raw, pitted (Shoshone Bannock)",SR Legacy,2.89,0.98,33.88,17.0,156.0
168491,"Chrysanthemum leaves, raw",SR Legacy,3.36,0.56,3.01,3.0,24.0
168522,"Chrysanthemum, garland, cooked, boiled, drained, with salt",SR Legacy,1.64,0.09,4.31,2.3,20.0
170405,"Chrysanthemum, garland, cooked, boiled, drained, without salt",SR Legacy,1.64,0.09,4.31,2.3,20.0
169995,"Chrysanthemum, garland, raw",SR Legacy,3.36,0.56,3.02,3.0,24.0
167940,"Cinnamon buns, frosted (includes honey buns)",SR Legacy,4.45,26.61,48.6,1.2,452.0
168195,"Clementines, raw",SR Legacy,0.85,0.15,12.02,1.7,47.0
173477,Clif Z bar,SR Legacy,5.55,9.72,74.72,8.3,416.0
169802,"Cloudberries, raw (Alaska Native)",SR Legacy,2.4,0.8,8.6,,51.0
169803,"Cockles, raw (Alaska Native)",SR Legacy,13.5,0.7,4.7,,79.0
171887,"Cocoa mix, NESTLE, Rich Chocolate Hot Cocoa Mix",SR Legacy,3.0,15.0,75.0,4.0,400.0
170657,"Cocoa, dry powder, hi-fat or breakfast, processed with alkali",SR Legacy,16.8,23.71,49.71,33.9,479.0
169593,"Cocoa, dry powder, unsweetened",SR Legacy,19.6,13.7,57.9,37.0,228.0
168774,"Cocoa, dry powder, unsweetened, HERSHEY'S European Style Cocoa",SR Legacy,20.0,10.0,60.0,20.0,410.0
169594,"Cocoa, dry powder, unsweetened, processed with alkali",SR Legacy,18.1,13.1,58.3,29.8,220.0
2747654,"Cod, Pacific or Alaskan, frozen, wild caught",Foundation Foods,14.2,0.216,0.524,,60.84
168523,"Collards, cooked, boiled, drained, with salt",SR Legacy,2.71,0.72,5.65,4.0,33.0
170407,"Collards, cooked, boiled, drained, without salt",SR Legacy,2.71,0.72,5.65,4.0,33.0
168524,"Collards, frozen, chopped, cooked, boiled, drained, with salt",SR Legacy,2.97,0.41,7.1,2.8,36.0
169996,"Collards, frozen, chopped, cooked, boiled, drained, without salt",SR Legacy,2.97,0.41,7.1,2.8,36.0
170408,"Collards, frozen, chopped, unprepared",SR Legacy,2.69,0.37,6.46,3.6,33.0
2685574,"Collards, raw",Foundation Foods,2.96875,0.77,7.02225,3.816,46.894
173256,"Continental Mills, Krusteaz Almond Poppyseed Muffin Mix, Artificially Flavored, dry",SR Legacy,5.6,10.3,75.6,1.7,418.0
174079,"Cookie, butter or sugar, with chocolate icing or filling",SR Legacy,4.1,23.5,68.83,1.9,503.0
174080,"Cookie, chocolate, with icing or coating",SR Legacy,4.5,24.2,67.87,2.3,507.0
171835,"Cookie, vanilla with caramel, coconut, and chocolate coating",SR Legacy,3.5,25.8,64.1,4.4,489.0
171836,"Cookie, with peanut butter filling, chocolate-coated",SR Legacy,8.1,35.3,52.9,3.5,562.0
168014,"Cookies, animal crackers (includes arrowroot, tea biscuits)",SR Legacy,6.9,13.8,74.1,1.1,446.0
171837,"Cookies, animal, with frosting or icing",SR Legacy,3.0,24.1,70.09,0.9,509.0
172713,"Cookies, brownies, commercially prepared",SR Legacy,4.8,16.3,63.9,2.1,405.0
171840,"Cookies, brownies, commercially prepared, reduced fat, with added fiber",SR Legacy,2.77,9.68,61.58,11.1,345.0
174948,"Cookies, brownies, dry mix, regular",SR Legacy,4.0,14.9,76.6,,434.0
172731,"Cookies, brownies, dry mix, sugar free",SR Legacy,2.9,12.5,80.4,4.2,426.0
174949,"Cookies, brownies, prepared from recipe",SR Legacy,6.2,29.1,50.2,,466.0
174950,"Cookies, butter, commercially prepared, enriched",SR Legacy,6.1,18.8,68.9,0.8,467.0
172819,"Cookies, butter, commercially prepared, unenriched",SR Legacy,6.1,18.8,68.9,0.8,467.0
174095,"Cookies, chocolate chip sandwich, with creme filling",SR Legacy,2.94,17.65,63.52,0.0,425.0
172716,"Cookies, chocolate chip, commercially prepared, regular, higher fat, enriched",SR Legacy,5.1,24.72,65.36,2.0,492.0
172820,"Cookies, chocolate chip, commercially prepared, regular, higher fat, unenriched",SR Legacy,5.4,22.6,66.8,2.5,481.0
172715,"Cookies, chocolate chip, commercially prepared, regular, lower fat",SR Legacy,5.97,17.91,67.49,3.0,451.0
172717,"Cookies, chocolate chip, commercially prepared, soft-type",SR Legacy,3.63,19.77,65.75,1.8,444.0
172732,"Cookies, chocolate chip, commercially prepared, special dietary",SR Legacy,3.9,16.8,73.4,1.6,450.0
174952,"Cookies, chocolate chip, dry mix",SR Legacy,4.6,25.2,66.1,,497.0
172808,"Cookies, chocolate chip, prepared from recipe, made with butter",SR Legacy,5.7,28.4,58.2,,488.0
174955,"Cookies, chocolate chip, prepared from recipe, made with margarine",SR Legacy,5.7,28.3,58.4,2.8,488.0
174953,"Cookies, chocolate chip, refrigerated dough",SR Legacy,3.98,21.33,61.02,1.5,451.0
174954,"Cookies, chocolate chip, refrigerated dough, baked",SR Legacy,4.9,22.6,68.2,1.7,492.0
171866,"Cookies, chocolate cream covered biscuit sticks",SR Legacy,10.0,22.5,51.08,5.0,447.0
171841,"Cookies, chocolate sandwich, with creme filling, reduced fat",SR Legacy,2.94,13.24,76.17,2.9,436.0
172718,"Cookies, chocolate sandwich, with creme filling, regular",SR Legacy,5.21,19.14,71.0,2.9,464.0
172719,"Cookies, chocolate sandwich, with creme filling, regular, chocolate-coated",SR Legacy,3.6,26.4,66.4,5.2,481.0
172733,"Cookies, chocolate sandwich, with creme filling, special dietary",SR Legacy,4.5,22.1,68.0,4.1,461.0
172720,"Cookies, chocolate sandwich, with extra creme filling",SR Legacy,4.33,24.52,68.2,2.7,497.0
172714,"Cookies, chocolate wafers",SR Legacy,6.6,14.2,72.7,3.4,433.0
174096,"Cookies, chocolate, made with rice cereal",SR Legacy,3.23,19.35,63.26,1.6,440.0
171847,"Cookies, coconut macaroon",SR Legacy,3.02,22.55,61.22,5.1,460.0
172721,"Cookies, fig bars",SR Legacy,3.7,7.3,70.9,4.6,348.0
172722,"Cookies, fortune",SR Legacy,4.2,2.7,84.0,1.6,378.0
174951,"Cookies, fudge, cake-type (includes trolley cakes)",SR Legacy,5.0,3.7,78.3,2.8,349.0
174956,"Cookies, gingersnaps",SR Legacy,5.6,9.8,76.9,2.2,416.0
171857,"Cookies, gluten-free, chocolate sandwich, with creme filling",SR Legacy,2.19,17.89,76.03,2.5,474.0
171858,"Cookies, gluten-free, chocolate wafer",SR Legacy,4.06,30.42,62.82,1.6,541.0
171859,"Cookies, gluten-free, lemon wafer",SR Legacy,0.0,24.18,74.39,0.0,515.0
171860,"Cookies, gluten-free, vanilla sandwich, with creme filling",SR Legacy,2.66,20.47,74.61,0.5,493.0
174958,"Cookies, graham crackers, chocolate-coated",SR Legacy,4.0,25.8,66.78,2.2,500.0
174957,"Cookies, graham crackers, plain or honey (includes cinnamon)",SR Legacy,6.69,10.6,77.66,3.4,430.0
174083,"Cookies, graham crackers, plain or honey, lowfat",SR Legacy,5.71,5.71,77.96,5.7,386.0
174959,"Cookies, ladyfingers, with lemon juice and rind",SR Legacy,10.6,9.1,59.7,1.0,365.0
172821,"Cookies, ladyfingers, without lemon juice and rind",SR Legacy,10.6,9.1,59.7,1.0,363.0
171867,"Cookies, Marie biscuit",SR Legacy,7.05,10.58,70.54,3.5,406.0
172723,"Cookies, marshmallow, chocolate-coated (includes marshmallow pies)",SR Legacy,4.0,16.9,67.7,2.0,421.0
174097,"Cookies, marshmallow, with rice cereal and chocolate chips",SR Legacy,4.55,18.18,63.26,0.0,435.0
172724,"Cookies, molasses",SR Legacy,5.6,12.8,73.8,1.0,430.0
171842,"Cookies, oatmeal sandwich, with creme filling",SR Legacy,2.61,18.29,55.62,2.6,398.0
172725,"Cookies, oatmeal, commercially prepared, regular",SR Legacy,6.2,18.1,68.7,2.8,450.0
172726,"Cookies, oatmeal, commercially prepared, soft-type",SR Legacy,6.1,14.7,65.7,2.7,409.0
172734,"Cookies, oatmeal, commercially prepared, special dietary",SR Legacy,4.8,18.0,69.9,2.9,449.0
174960,"Cookies, oatmeal, dry mix",SR Legacy,6.5,19.2,67.3,,462.0
172807,"Cookies, oatmeal, prepared from recipe, without raisins",SR Legacy,6.8,17.9,66.4,,447.0
171865,"Cookies, oatmeal, reduced fat",SR Legacy,4.02,10.04,64.62,16.1,365.0
174961,"Cookies, oatmeal, refrigerated dough",SR Legacy,5.4,18.9,59.1,2.5,424.0
174962,"Cookies, oatmeal, refrigerated dough, baked",SR Legacy,6.0,21.0,65.7,2.8,471.0
333008,"Cookies, oatmeal, soft, with raisins",Foundation Foods,5.79,14.3,69.6,3.3,430.0
174963,"Cookies, oatmeal, with raisins",SR Legacy,5.86,15.76,68.95,3.3,441.0
174965,"Cookies, peanut butter sandwich, regular",SR Legacy,8.8,21.1,65.6,1.9,478.0
174969,"Cookies, peanut butter sandwich, special dietary",SR Legacy,10.0,34.0,50.8,,535.0
172727,"Cookies, peanut butter, commercially prepared, regular",SR Legacy,8.92,23.82,58.15,2.1,473.0
172728,"Cookies, peanut butter, commercially prepared, soft-type",SR Legacy,5.3,24.4,57.7,1.7,457.0
171843,"Cookies, peanut butter, commercially prepared, sugar free",SR Legacy,10.34,31.03,50.52,3.4,523.0
174964,"Cookies, peanut butter, prepared from recipe",SR Legacy,9.0,23.8,58.9,,475.0
172729,"Cookies, peanut butter, refrigerated dough",SR Legacy,8.2,25.0,52.1,1.1,458.0
172730,"Cookies, peanut butter, refrigerated dough, baked",SR Legacy,9.1,27.5,57.3,1.2,503.0
174966,"Cookies, raisin, soft-type",SR Legacy,4.1,13.6,68.0,1.2,401.0
174968,"Cookies, shortbread, commercially prepared, pecan",SR Legacy,4.9,32.5,58.3,1.8,542.0
174967,"Cookies, shortbread, commercially prepared, plain",SR Legacy,5.37,26.22,63.78,1.3,514.0
174087,"Cookies, shortbread, reduced fat",SR Legacy,5.37,14.0,75.99,1.3,451.0
174088,"Cookies, sugar wafer, chocolate-covered",SR Legacy,3.45,27.59,65.99,3.4,526.0
174970,"Cookies, sugar wafer, with creme filling, sugar free",SR Legacy,3.57,28.57,66.26,14.3,531.0
172736,"Cookies, sugar wafers with creme filling, regular",SR Legacy,3.84,23.24,70.64,1.6,502.0
174971,"Cookies, sugar, commercially prepared, regular (includes vanilla)",SR Legacy,5.35,19.55,67.34,1.3,464.0
174972,"Cookies, sugar, refrigerated dough",SR Legacy,4.0,19.48,61.22,0.9,436.0
172735,"Cookies, sugar, refrigerated dough, baked",SR Legacy,4.7,23.1,65.6,0.9,489.0
172737,"Cookies, vanilla sandwich with creme filling",SR Legacy,4.5,20.0,72.1,1.5,483.0
171868,"Cookies, vanilla sandwich with creme filling, reduced fat",SR Legacy,4.17,10.42,78.16,2.1,423.0
174974,"Cookies, vanilla wafers, higher fat",SR Legacy,4.9,16.41,72.6,1.6,455.0
174973,"Cookies, vanilla wafers, lower fat",SR Legacy,5.0,15.2,73.6,1.9,441.0
169997,"Coriander (cilantro) leaves, raw",SR Legacy,2.13,0.52,3.67,2.8,23.0
170289,"Corn bran, crude",SR Legacy,8.36,0.92,85.64,79.0,224.0
173345,"Corn dogs, frozen, prepared",SR Legacy,8.57,12.02,26.96,1.0,250.0
2710835,"Corn flour, masa harina, white or yellow, dry, raw",Foundation Foods,7.5625,4.34,76.6895,7.038,376.068
169694,"Corn flour, masa, enriched, white",SR Legacy,8.46,3.69,76.59,6.4,363.0
169696,"Corn flour, masa, unenriched, white",SR Legacy,8.46,3.69,76.59,6.4,363.0
168921,"Corn flour, whole-grain, blue (harina de maiz morado)",SR Legacy,8.75,5.09,73.89,8.4,364.0
169748,"Corn flour, whole-grain, white",SR Legacy,6.93,3.86,76.85,7.3,361.0
170290,"Corn flour, whole-grain, yellow",SR Legacy,6.93,3.86,76.85,7.3,361.0
169695,"Corn flour, yellow, degermed, unenriched",SR Legacy,5.59,1.39,82.75,1.9,375.0
169749,"Corn flour, yellow, masa, enriched",SR Legacy,8.46,3.69,76.59,6.4,363.0
168920,"Corn grain, white",SR Legacy,9.42,4.74,74.26,,365.0
170288,"Corn grain, yellow",SR Legacy,9.42,4.74,74.26,7.3,365.0
170492,"Corn pudding, home prepared",SR Legacy,4.42,5.04,16.97,1.2,131.0
169218,"Corn with red and green peppers, canned, solids and liquids",SR Legacy,2.33,0.55,18.17,,75.0
167631,"Corn, dried (Navajo)",SR Legacy,9.88,5.22,74.93,,386.0
167653,"Corn, dried, yellow (Northern Plains Indians)",SR Legacy,14.48,10.64,66.27,20.5,419.0
169363,"Corn, sweet, white, canned, cream style, no salt added",SR Legacy,1.74,0.42,18.13,1.2,72.0
169362,"Corn, sweet, white, canned, cream style, regular pack",SR Legacy,1.74,0.42,18.62,1.2,74.0
168543,"Corn, sweet, white, canned, vacuum pack, no salt added",SR Legacy,2.41,0.5,19.44,2.0,79.0
168542,"Corn, sweet, white, canned, vacuum pack, regular pack",SR Legacy,2.41,0.5,19.44,2.0,79.0
169361,"Corn, sweet, white, canned, whole kernel, drained solids",SR Legacy,2.29,1.22,14.34,2.0,67.0
169360,"Corn, sweet, white, canned, whole kernel, no salt added, solids and liquids",SR Legacy,1.95,0.5,15.41,0.7,64.0
168541,"Corn, sweet, white, canned, whole kernel, regular pack, solids and liquids",SR Legacy,1.95,0.5,15.41,1.7,64.0
168540,"Corn, sweet, white, cooked, boiled, drained, with salt",SR Legacy,3.34,1.41,21.71,2.7,97.0
168539,"Corn, sweet, white, cooked, boiled, drained, without salt",SR Legacy,3.34,1.41,21.71,2.7,97.0
169364,"Corn, sweet, white, frozen, kernels cut off cob, boiled, drained, with salt",SR Legacy,2.75,0.43,19.56,2.4,80.0
168545,"Corn, sweet, white, frozen, kernels cut off cob, boiled, drained, without salt",SR Legacy,2.75,0.43,19.56,2.4,80.0
168544,"Corn, sweet, white, frozen, kernels cut off cob, unprepared",SR Legacy,3.02,0.77,20.73,2.9,88.0
169367,"Corn, sweet, white, frozen, kernels on cob, cooked, boiled, drained, with salt",SR Legacy,3.11,0.74,22.33,2.8,94.0
169366,"Corn, sweet, white, frozen, kernels on cob, cooked, boiled, drained, without salt",SR Legacy,3.11,0.74,22.33,2.1,94.0
169365,"Corn, sweet, white, frozen, kernels on cob, unprepared",SR Legacy,3.28,0.78,23.5,2.8,98.0
168538,"Corn, sweet, white, raw",SR Legacy,3.22,1.18,19.02,2.7,86.0
2710826,"Corn, sweet, yellow and white kernels,  fresh, raw",Foundation Foods,2.789375,1.626,14.689625,2.428,84.55
170409,"Corn, sweet, yellow, canned, brine pack, regular pack, solids and liquids",SR Legacy,1.95,0.77,13.86,1.7,61.0
169346,"Corn, sweet, yellow, canned, cream style, no salt added",SR Legacy,1.74,0.42,18.13,1.2,72.0
169215,"Corn, sweet, yellow, canned, cream style, regular pack",SR Legacy,1.74,0.42,18.13,1.2,72.0
168397,"Corn, sweet, yellow, canned, drained solids, rinsed with tap water",SR Legacy,2.18,1.43,13.02,1.7,64.0
169345,"Corn, sweet, yellow, canned, no salt added, solids and liquids (Includes foods for USDA's Food Distribution Program)",SR Legacy,1.95,0.77,13.86,1.7,61.0
169347,"Corn, sweet, yellow, canned, vacuum pack, no salt added",SR Legacy,2.41,0.5,19.44,2.0,79.0
169216,"Corn, sweet, yellow, canned, vacuum pack, regular pack",SR Legacy,2.41,0.5,19.44,2.0,79.0
169214,"Corn, sweet, yellow, canned, whole kernel, drained solids",SR Legacy,2.29,1.22,14.34,2.0,67.0
168525,"Corn, sweet, yellow, cooked, boiled, drained, with salt",SR Legacy,3.41,1.5,20.98,2.4,96.0
169999,"Corn, sweet, yellow, cooked, boiled, drained, without salt",SR Legacy,3.41,1.5,20.98,2.4,96.0
168399,"Corn, sweet, yellow, frozen, kernels cut off cob, boiled, drained, without salt",SR Legacy,2.55,0.67,19.3,2.4,81.0
168398,"Corn, sweet, yellow, frozen, kernels cut off cob, unprepared (Includes foods for USDA's Food Distribution Program)",SR Legacy,3.02,0.78,20.71,2.1,88.0
169349,"Corn, sweet, yellow, frozen, kernels on cob, cooked, boiled, drained, with salt",SR Legacy,3.11,0.74,22.33,2.8,94.0
168401,"Corn, sweet, yellow, frozen, kernels on cob, cooked, boiled, drained, without salt",SR Legacy,3.11,0.74,22.33,2.8,94.0
168400,"Corn, sweet, yellow, frozen, kernels on cob, unprepared",SR Legacy,3.28,0.78,23.5,2.8,98.0
169348,"Corn, sweet, yellow, frozen, kernels, cut off cob, boiled, drained, with salt",SR Legacy,2.55,0.67,18.71,2.4,79.0
169998,"Corn, sweet, yellow, raw",SR Legacy,3.27,1.35,18.7,2.0,86.0
168037,"Corn, white, steamed (Navajo)",SR Legacy,9.72,5.18,75.2,16.6,386.0
169217,"Corn, yellow, whole kernel, frozen, microwaved",SR Legacy,3.62,1.42,25.87,2.6,113.0
167656,Corned beef and potatoes in tortilla (Apache),SR Legacy,7.91,8.31,29.35,1.5,224.0
173860,"Corned beef loaf, jellied",SR Legacy,22.9,6.1,0.0,0.0,153.0
167628,"Cornmeal, blue (Navajo)",SR Legacy,10.4,5.44,76.93,8.7,398.0
168922,"Cornmeal, degermed, enriched, white",SR Legacy,7.11,1.75,79.45,3.9,370.0
168867,"Cornmeal, degermed, enriched, yellow",SR Legacy,7.11,1.75,79.45,3.9,370.0
172015,"Cornmeal, degermed, unenriched, white",SR Legacy,7.11,1.75,79.45,3.9,370.0
168929,"Cornmeal, degermed, unenriched, yellow",SR Legacy,7.11,1.75,79.45,3.9,370.0
168038,"Cornmeal, white (Navajo)",SR Legacy,10.99,5.04,77.14,10.4,398.0
168923,"Cornmeal, white, self-rising, bolted, plain, enriched",SR Legacy,8.28,3.4,70.28,6.7,334.0
168924,"Cornmeal, white, self-rising, bolted, with wheat flour added, enriched",SR Legacy,8.41,2.85,73.43,6.3,348.0
168925,"Cornmeal, white, self-rising, degermed, enriched",SR Legacy,8.41,1.72,74.79,7.1,355.0
169750,"Cornmeal, whole-grain, white",SR Legacy,8.12,3.59,76.89,7.3,362.0
169697,"Cornmeal, whole-grain, yellow",SR Legacy,8.12,3.59,76.89,7.3,362.0
168039,"Cornmeal, yellow (Navajo)",SR Legacy,9.85,5.88,72.9,9.4,384.0
168868,"Cornmeal, yellow, self-rising, bolted, plain, enriched",SR Legacy,8.28,3.4,70.28,6.7,334.0
168869,"Cornmeal, yellow, self-rising, bolted, with wheat flour added, enriched",SR Legacy,8.41,2.85,73.43,6.3,348.0
168870,"Cornmeal, yellow, self-rising, degermed, enriched",SR Legacy,8.41,1.72,74.79,7.1,355.0
169219,"Cornsalad, raw",SR Legacy,2.0,0.4,3.6,,21.0
169698,Cornstarch,SR Legacy,0.26,0.05,91.27,0.9,381.0
2346384,"Cottage cheese, full fat, large or small curd",Foundation Foods,11.62436,4.225,4.59964,,102.921
169700,"Couscous, cooked",SR Legacy,3.79,0.16,23.22,1.4,112.0
169699,"Couscous, dry",SR Legacy,12.76,0.64,77.43,5.0,376.0
168526,"Cowpeas (blackeyes), immature seeds, cooked, boiled, drained, with salt",SR Legacy,3.17,0.38,19.73,5.0,94.0
168402,"Cowpeas (blackeyes), immature seeds, cooked, boiled, drained, without salt",SR Legacy,3.17,0.38,20.32,5.0,97.0
168527,"Cowpeas (blackeyes), immature seeds, frozen, cooked, boiled, drained, with salt",SR Legacy,8.49,0.66,23.5,6.4,131.0
168404,"Cowpeas (blackeyes), immature seeds, frozen, cooked, boiled, drained, without salt",SR Legacy,8.49,0.66,23.76,6.4,132.0
168403,"Cowpeas (blackeyes), immature seeds, frozen, unprepared",SR Legacy,8.98,0.7,25.13,5.0,139.0
169220,"Cowpeas (blackeyes), immature seeds, raw",SR Legacy,2.95,0.35,18.83,5.0,90.0
175251,"Cowpeas, catjang, mature seeds, cooked, boiled, with salt",SR Legacy,8.13,0.71,20.32,3.6,117.0
175209,"Cowpeas, catjang, mature seeds, cooked, boiled, without salt",SR Legacy,8.13,0.71,20.32,3.6,117.0
175208,"Cowpeas, catjang, mature seeds, raw",SR Legacy,23.85,2.07,59.64,10.7,343.0
173761,"Cowpeas, common (blackeyes, crowder, southern), mature seeds, canned with pork",SR Legacy,2.74,1.6,16.53,3.3,83.0
173760,"Cowpeas, common (blackeyes, crowder, southern), mature seeds, canned, plain",SR Legacy,4.74,0.55,13.63,3.3,77.0
175252,"Cowpeas, common (blackeyes, crowder, southern), mature seeds, cooked, boiled, with salt",SR Legacy,7.73,0.53,20.76,6.5,116.0
173759,"Cowpeas, common (blackeyes, crowder, southern), mature seeds, cooked, boiled, without salt",SR Legacy,7.73,0.53,20.76,6.5,116.0
173758,"Cowpeas, common (blackeyes, crowder, southern), mature seeds, raw",SR Legacy,23.52,1.26,60.03,10.6,336.0
168529,"Cowpeas, leafy tips, cooked, boiled, drained, with salt",SR Legacy,4.67,0.1,2.8,,22.0
168406,"Cowpeas, leafy tips, cooked, boiled, drained, without salt",SR Legacy,4.67,0.1,2.8,,22.0
169224,"Cowpeas, leafy tips, raw",SR Legacy,4.1,0.25,4.82,,29.0
168528,"Cowpeas, young pods with seeds, cooked, boiled, drained, with salt",SR Legacy,2.6,0.3,7.0,,34.0
169221,"Cowpeas, young pods with seeds, cooked, boiled, drained, without salt",SR Legacy,2.6,0.3,7.0,,34.0
168405,"Cowpeas, young pods with seeds, raw",SR Legacy,3.3,0.3,9.5,3.3,44.0
171721,"Crabapples, raw",SR Legacy,0.4,0.3,19.95,,76.0
169842,"CRACKER BARREL, chicken tenderloin platter, fried",SR Legacy,18.06,15.48,20.29,0.7,293.0
168073,"CRACKER BARREL, chicken tenderloin platter, fried, from kid's menu",SR Legacy,18.67,15.41,20.24,1.0,294.0
169843,"CRACKER BARREL, coleslaw",SR Legacy,0.89,13.22,13.01,1.6,175.0
168074,"CRACKER BARREL, country fried shrimp platter",SR Legacy,12.62,16.77,21.4,0.3,287.0
168075,"CRACKER BARREL, farm raised catfish platter",SR Legacy,22.94,17.05,5.31,1.6,266.0
167670,"CRACKER BARREL, grilled sirloin steak",SR Legacy,31.52,8.52,0.0,,203.0
169849,"CRACKER BARREL, macaroni n' cheese",SR Legacy,6.49,11.75,15.61,1.1,194.0
167671,"CRACKER BARREL, macaroni n' cheese plate, from kid's menu",SR Legacy,6.46,11.51,15.58,0.7,192.0
169021,"CRACKER BARREL, onion rings, thick-cut",SR Legacy,4.78,16.0,40.95,2.2,327.0
167669,"CRACKER BARREL, steak fries",SR Legacy,3.26,13.18,30.87,3.5,255.0
172750,"Cracker, meal",SR Legacy,9.3,1.7,80.9,2.6,383.0
175060,"Crackers, cheese, low sodium",SR Legacy,10.1,25.3,58.2,2.4,503.0
167941,"Crackers, cheese, reduced fat",SR Legacy,10.0,11.67,68.19,3.3,418.0
174975,"Crackers, cheese, regular",SR Legacy,10.93,22.74,59.42,2.3,489.0
167925,"Crackers, cheese, sandwich-type with cheese filling",SR Legacy,8.92,24.41,58.76,1.9,490.0
174976,"Crackers, cheese, sandwich-type with peanut butter filling",SR Legacy,12.41,25.12,56.74,3.4,496.0
174084,"Crackers, cheese, whole grain",SR Legacy,9.62,16.03,57.29,6.4,412.0
167530,"Crackers, cream, Gamesa Sabrosas",SR Legacy,7.01,20.37,64.55,2.4,484.0
167531,"Crackers, cream, La Moderna Rikis Cream Crackers",SR Legacy,7.19,19.5,64.88,2.4,464.0
172739,"Crackers, crispbread, rye",SR Legacy,7.9,1.3,82.2,16.5,366.0
174098,"Crackers, flavored, fish-shaped",SR Legacy,10.16,17.71,65.67,3.1,463.0
174104,"Crackers, gluten-free, multi-seeded and multigrain",SR Legacy,11.25,15.84,66.3,10.2,453.0
174103,"Crackers, gluten-free, multigrain and vegetable, made with corn starch and white rice flour",SR Legacy,2.5,15.41,76.94,3.0,456.0
172741,"Crackers, matzo, egg",SR Legacy,12.3,2.1,78.6,2.8,391.0
172812,"Crackers, matzo, egg and onion",SR Legacy,10.0,3.9,77.1,5.0,391.0
172740,"Crackers, matzo, plain",SR Legacy,10.0,1.4,83.7,3.0,395.0
172742,"Crackers, matzo, whole-wheat",SR Legacy,13.1,1.5,78.9,11.8,351.0
174977,"Crackers, melba toast, plain",SR Legacy,12.1,3.2,76.6,6.3,390.0
172822,"Crackers, melba toast, plain, without salt",SR Legacy,12.1,3.2,76.6,6.3,390.0
174978,"Crackers, melba toast, rye (includes pumpernickel)",SR Legacy,11.6,3.4,77.3,8.0,389.0
174979,"Crackers, melba toast, wheat",SR Legacy,12.9,2.3,76.4,7.4,374.0
174980,"Crackers, milk",SR Legacy,7.6,13.77,71.73,3.4,446.0
171838,"Crackers, multigrain",SR Legacy,7.1,20.4,67.6,3.5,482.0
174981,"Crackers, rusk toast",SR Legacy,13.5,7.2,72.3,,407.0
172743,"Crackers, rye, sandwich-type with cheese filling",SR Legacy,9.2,22.3,60.8,3.6,481.0
172744,"Crackers, rye, wafers, plain",SR Legacy,9.6,0.9,80.4,22.9,334.0
172745,"Crackers, rye, wafers, seasoned",SR Legacy,9.0,9.2,73.8,20.9,381.0
172746,"Crackers, saltines (includes oyster, soda, soup)",SR Legacy,9.46,8.64,74.05,2.8,418.0
175068,"Crackers, saltines, fat-free, low-sodium",SR Legacy,10.5,1.6,82.3,2.7,393.0
175056,"Crackers, saltines, low salt (includes oyster, soda, soup)",SR Legacy,9.5,8.85,74.34,2.9,421.0
175057,"Crackers, saltines, unsalted tops (includes oyster, soda, soup)",SR Legacy,9.2,11.8,71.5,3.0,434.0
167942,"Crackers, saltines, whole wheat (includes multi-grain)",SR Legacy,7.14,10.71,68.25,6.7,398.0
171848,"Crackers, sandwich-type, peanut butter filled, reduced fat",SR Legacy,8.33,16.67,63.49,2.8,437.0
167529,"Crackers, snack, Goya Crackers",SR Legacy,14.25,13.35,64.35,3.8,433.0
174982,"Crackers, standard snack-type, regular",SR Legacy,6.64,26.43,61.3,2.3,510.0
175058,"Crackers, standard snack-type, regular, low salt",SR Legacy,7.4,25.3,61.0,1.6,502.0
174983,"Crackers, standard snack-type, sandwich, with cheese filling",SR Legacy,9.3,21.1,61.7,1.9,477.0
174984,"Crackers, standard snack-type, sandwich, with peanut butter filling",SR Legacy,11.47,24.54,58.38,2.3,494.0
171846,"Crackers, standard snack-type, with whole wheat",SR Legacy,7.29,17.84,68.37,4.9,463.0
171854,"Crackers, toast thins, low sodium",SR Legacy,6.45,16.13,67.66,9.7,442.0
171856,"Crackers, water biscuits",SR Legacy,7.14,7.14,72.81,7.1,384.0
175059,"Crackers, wheat, low salt",SR Legacy,8.6,20.6,64.9,4.5,473.0
167934,"Crackers, wheat, reduced fat",SR Legacy,9.34,13.37,71.52,3.4,444.0
174985,"Crackers, wheat, regular",SR Legacy,7.3,16.4,70.73,6.9,455.0
172747,"Crackers, wheat, sandwich, with cheese filling",SR Legacy,9.8,25.0,58.2,3.1,497.0
172748,"Crackers, wheat, sandwich, with peanut butter filling",SR Legacy,13.5,26.7,53.8,4.4,495.0
171855,"Crackers, whole grain, sandwich-type, with peanut butter filling",SR Legacy,14.12,21.18,54.59,9.4,465.0
172749,"Crackers, whole-wheat",SR Legacy,10.58,14.13,69.55,10.3,427.0
172823,"Crackers, whole-wheat, low salt",SR Legacy,8.8,17.2,68.6,10.5,443.0
167933,"Crackers, whole-wheat, reduced fat",SR Legacy,11.34,7.59,75.52,10.9,416.0
171723,"Cranberries, dried, sweetened (Includes foods for USDA's Food Distribution Program)",SR Legacy,0.17,1.09,82.8,5.3,308.0
171722,"Cranberries, raw",SR Legacy,0.46,0.13,11.97,3.6,46.0
169804,"Cranberries, wild, bush, raw (Alaska Native)",SR Legacy,1.1,0.2,12.3,6.7,55.0
168212,"Cranberry juice blend, 100% juice, bottled, with added vitamin C and calcium",SR Legacy,0.27,0.12,10.91,0.1,45.0
171903,"Cranberry juice cocktail, bottled",SR Legacy,0.0,0.1,13.52,0.0,54.0
171904,"Cranberry juice cocktail, bottled, low calorie, with calcium, saccharin and corn sweetener",SR Legacy,0.02,0.01,4.6,0.0,19.0
173653,"Cranberry juice cocktail, frozen concentrate",SR Legacy,0.05,0.0,51.45,0.2,201.0
173654,"Cranberry juice cocktail, frozen concentrate, prepared with water",SR Legacy,0.01,0.0,11.81,0.0,47.0
2003594,"Cranberry juice, not fortified, from concentrate, shelf stable",Foundation Foods,0.0,0.3375,7.26375,,32.0925
168117,"Cranberry juice, unsweetened",SR Legacy,0.39,0.13,12.2,0.1,46.0
173961,"Cranberry sauce, canned, sweetened",SR Legacy,0.9,0.15,40.4,1.1,159.0
167804,"Cranberry sauce, jellied, canned, OCEAN SPRAY",SR Legacy,1.05,0.04,40.61,1.0,160.0
167803,"Cranberry sauce, whole, canned, OCEAN SPRAY",SR Legacy,0.75,0.05,40.4,1.2,158.0
169805,"Cranberry, low bush or lingenberry, raw (Alaska Native)",SR Legacy,0.4,0.5,12.2,,55.0
173962,"Cranberry-orange relish, canned",SR Legacy,0.3,0.1,46.2,0.0,178.0
2346385,"Cream cheese, full fat, block",Foundation Foods,5.78985,33.49,4.55615,,342.794
174986,"Cream puff shell, prepared from recipe",SR Legacy,9.0,25.9,22.8,0.8,360.0
167534,"Cream puff, eclair, custard or cream filled, iced",SR Legacy,4.41,18.52,37.43,0.9,334.0
173453,"Cream substitute, flavored, liquid",SR Legacy,0.69,13.5,35.07,1.1,251.0
172214,"Cream substitute, flavored, powdered",SR Legacy,0.68,21.47,75.42,1.2,482.0
168097,"Cream substitute, liquid, light",SR Legacy,0.8,3.5,9.1,0.0,71.0
171261,"Cream substitute, liquid, with hydrogenated vegetable oil and soy protein",SR Legacy,1.0,9.97,11.38,0.0,136.0
171262,"Cream substitute, liquid, with lauric acid oil and sodium caseinate",SR Legacy,1.0,9.97,11.38,0.0,136.0
171263,"Cream substitute, powdered",SR Legacy,2.48,32.92,59.29,0.0,529.0
167688,"Cream substitute, powdered, light",SR Legacy,1.9,15.7,73.4,0.0,431.0
171255,"Cream, fluid, half and half",SR Legacy,3.13,11.5,4.3,0.0,131.0
170859,"Cream, fluid, heavy whipping",SR Legacy,2.84,36.08,2.84,0.0,340.0
170857,"Cream, fluid, light (coffee cream or table cream)",SR Legacy,2.96,19.1,3.66,0.0,195.0
170858,"Cream, fluid, light whipping",SR Legacy,2.17,30.91,2.96,0.0,292.0
172212,"Cream, half and half, fat free",SR Legacy,2.6,1.4,9.0,0.0,59.0
171308,"Cream, half and half, lowfat",SR Legacy,3.33,5.0,3.33,0.0,72.0
2346386,"Cream, heavy",Foundation Foods,2.017994,35.56,3.799506,,343.31
171257,"Cream, sour, cultured",SR Legacy,2.44,19.35,4.63,0.0,198.0
2346387,"Cream, sour, full fat",Foundation Foods,3.070694,17.99,5.555506,,196.4148
171256,"Cream, sour, reduced fat, cultured",SR Legacy,2.94,12.0,4.26,0.0,135.0
170860,"Cream, whipped, cream topping, pressurized",SR Legacy,3.2,22.22,12.49,0.0,257.0
167684,"Creamy dressing, made with sour cream and/or buttermilk and oil, reduced calorie",SR Legacy,1.5,14.0,7.0,0.0,160.0
168100,"Creamy dressing, made with sour cream and/or buttermilk and oil, reduced calorie, cholesterol-free",SR Legacy,1.0,8.0,16.0,0.0,140.0
168099,"Creamy dressing, made with sour cream and/or buttermilk and oil, reduced calorie, fat-free",SR Legacy,1.4,2.7,20.0,0.0,107.0
169350,"Cress, garden, cooked, boiled, drained, with salt",SR Legacy,1.9,0.6,3.8,0.7,23.0
168408,"Cress, garden, cooked, boiled, drained, without salt",SR Legacy,1.9,0.6,3.8,0.7,23.0
168407,"Cress, garden, raw",SR Legacy,2.6,0.7,5.5,1.1,32.0
174988,"Croissants, apple",SR Legacy,7.4,8.7,37.1,2.5,254.0
174987,"Croissants, butter",SR Legacy,8.2,21.0,45.8,2.6,406.0
174989,"Croissants, cheese",SR Legacy,9.2,20.9,47.0,2.6,414.0
172751,"Croutons, plain",SR Legacy,11.9,6.6,73.5,5.1,407.0
172752,"Croutons, seasoned",SR Legacy,10.8,18.3,63.5,5.0,465.0
167591,"Crunchmaster, Multi-Grain Crisps, Snack Crackers, Gluten-Free",SR Legacy,10.91,15.92,67.18,7.5,456.0
174202,"Crustaceans, crab, alaska king, cooked, moist heat",SR Legacy,19.35,1.54,0.0,0.0,97.0
174203,"Crustaceans, crab, alaska king, imitation, made from surimi",SR Legacy,7.62,0.46,15.0,0.5,95.0
175164,"Crustaceans, crab, alaska king, raw",SR Legacy,18.29,0.6,0.0,0.0,84.0
2684446,"Crustaceans, crab, blue swimming, lump, pasteurized, refrigerated",Foundation Foods,18.65,0.8075,0.0,,80.9935
171966,"Crustaceans, crab, blue, canned",SR Legacy,17.88,0.74,0.0,0.0,83.0
174205,"Crustaceans, crab, blue, cooked, moist heat",SR Legacy,17.88,0.74,0.0,0.0,83.0
171967,"Crustaceans, crab, blue, crab cakes, home recipe",SR Legacy,20.21,7.52,0.48,0.0,155.0
174204,"Crustaceans, crab, blue, raw",SR Legacy,18.06,1.08,0.04,0.0,87.0
172007,"Crustaceans, crab, dungeness, cooked, moist heat",SR Legacy,22.32,1.24,0.95,0.0,110.0
171968,"Crustaceans, crab, dungeness, raw",SR Legacy,17.41,0.97,0.74,0.0,86.0
172008,"Crustaceans, crab, queen, cooked, moist heat",SR Legacy,23.72,1.51,0.0,0.0,115.0
171969,"Crustaceans, crab, queen, raw",SR Legacy,18.5,1.18,0.0,0.0,90.0
175170,"Crustaceans, crayfish, mixed species, farmed, cooked, moist heat",SR Legacy,17.52,1.3,0.0,0.0,87.0
175169,"Crustaceans, crayfish, mixed species, farmed, raw",SR Legacy,14.85,0.97,0.0,0.0,72.0
174207,"Crustaceans, crayfish, mixed species, wild, cooked, moist heat",SR Legacy,16.77,1.2,0.0,0.0,82.0
174206,"Crustaceans, crayfish, mixed species, wild, raw",SR Legacy,15.97,0.95,0.0,0.0,77.0
174209,"Crustaceans, lobster, northern, cooked, moist heat",SR Legacy,19.0,0.86,0.0,0.0,89.0
174208,"Crustaceans, lobster, northern, raw",SR Legacy,16.52,0.75,0.0,0.0,77.0
175180,"Crustaceans, shrimp, cooked",SR Legacy,23.98,0.28,0.2,,99.0
2684443,"Crustaceans, shrimp, farm raised, raw",Foundation Foods,15.56875,0.8013,0.48495,,71.4265
171972,"Crustaceans, shrimp, mixed species, canned",SR Legacy,20.42,1.36,0.0,0.0,100.0
171970,"Crustaceans, shrimp, mixed species, cooked, breaded and fried",SR Legacy,21.39,12.28,11.47,0.4,242.0
171971,"Crustaceans, shrimp, mixed species, cooked, moist heat (may contain additives to retain moisture)",SR Legacy,22.78,1.7,1.52,0.0,119.0
171973,"Crustaceans, shrimp, mixed species, imitation, made from surimi",SR Legacy,12.39,1.47,9.13,0.0,101.0
174210,"Crustaceans, shrimp, mixed species, raw (may contain additives to retain moisture)",SR Legacy,13.61,1.01,0.91,0.0,71.0
175179,"Crustaceans, shrimp, raw",SR Legacy,20.1,0.51,0.0,,85.0
172009,"Crustaceans, spiny lobster, mixed species, cooked, moist heat",SR Legacy,26.41,1.94,3.12,0.0,143.0
174211,"Crustaceans, spiny lobster, mixed species, raw",SR Legacy,20.6,1.51,2.43,0.0,112.0
169225,"Cucumber, peeled, raw",SR Legacy,0.59,0.16,2.16,0.7,10.0
168409,"Cucumber, with peel, raw",SR Legacy,0.65,0.11,3.63,0.5,15.0
173963,"Currants, european black, raw",SR Legacy,1.4,0.41,15.38,,63.0
173964,"Currants, red and white, raw",SR Legacy,1.4,0.2,13.8,4.3,56.0
171724,"Currants, zante, dried",SR Legacy,3.43,0.22,76.98,4.4,290.0
171725,"Custard-apple, (bullock's-heart), raw",SR Legacy,1.7,0.6,25.2,2.4,101.0
169351,"Dandelion greens, cooked, boiled, drained, with salt",SR Legacy,2.0,0.6,6.4,2.9,33.0
169227,"Dandelion greens, cooked, boiled, drained, without salt",SR Legacy,2.0,0.6,6.4,2.9,33.0
169226,"Dandelion greens, raw",SR Legacy,2.7,0.7,9.2,3.5,45.0
172754,"Danish pastry, cheese",SR Legacy,8.0,21.9,37.2,1.0,374.0
172753,"Danish pastry, cinnamon, enriched",SR Legacy,7.0,22.4,44.6,1.3,403.0
172824,"Danish pastry, cinnamon, unenriched",SR Legacy,7.0,22.4,44.6,1.2,403.0
172755,"Danish pastry, fruit, enriched (includes apple, cinnamon, raisin, lemon, raspberry, strawberry)",SR Legacy,5.4,18.5,47.8,1.9,371.0
172825,"Danish pastry, fruit, unenriched (includes apple, cinnamon, raisin, strawberry)",SR Legacy,5.4,18.5,47.8,1.9,371.0
172827,"Danish pastry, lemon, unenriched",SR Legacy,5.4,18.5,47.8,1.9,371.0
175061,"Danish pastry, raspberry, unenriched",SR Legacy,5.4,18.5,47.8,1.9,371.0
171726,"Dates, deglet noor",SR Legacy,2.45,0.39,75.03,8.0,282.0
168191,"Dates, medjool",SR Legacy,1.81,0.15,74.97,6.7,277.0
167622,"Deer (venison), sitka, raw (Alaska Native)",SR Legacy,21.5,2.66,0.0,,116.0
168079,"DENNY'S, chicken nuggets, star shaped, from kid's menu",SR Legacy,16.27,28.57,13.59,0.8,377.0
169022,"DENNY'S, chicken strips",SR Legacy,19.17,14.5,22.03,1.1,295.0
169023,"DENNY'S, coleslaw",SR Legacy,0.97,15.03,10.88,1.3,183.0
169024,"DENNY'S, fish fillet, battered or breaded, fried",SR Legacy,13.75,12.16,17.41,1.0,234.0
167672,"DENNY'S, french fries",SR Legacy,3.41,14.13,35.2,3.5,282.0
168077,"DENNY'S, golden fried shrimp",SR Legacy,13.88,20.01,20.93,1.5,319.0
169025,"DENNY'S, hash browns",SR Legacy,2.49,8.99,26.59,2.7,197.0
168078,"DENNY'S, macaroni & cheese, from kid's menu",SR Legacy,5.19,4.92,21.16,1.2,150.0
168076,"DENNY'S, mozzarella cheese sticks",SR Legacy,13.56,17.87,27.22,1.6,324.0
169844,"DENNY'S, onion rings",SR Legacy,5.29,22.23,41.05,2.4,385.0
169845,"DENNY'S, spaghetti and meatballs",SR Legacy,7.84,8.52,15.51,1.5,170.0
167673,"DENNY'S, top sirloin steak",SR Legacy,28.9,7.34,0.14,,182.0
170865,"Dessert topping, powdered",SR Legacy,4.9,39.92,52.54,0.0,577.0
170866,"Dessert topping, powdered, 1.5 ounce prepared with 1/2 cup milk",SR Legacy,3.61,12.72,17.13,0.0,194.0
170867,"Dessert topping, pressurized",SR Legacy,0.98,22.3,16.07,0.0,264.0
170868,"Dessert topping, semi solid, frozen",SR Legacy,1.25,25.31,23.05,0.0,318.0
169601,"Desserts, apple crisp, prepared-from-recipe",SR Legacy,1.75,3.43,30.84,1.4,161.0
169595,"Desserts, egg custard, baked, prepared-from-recipe",SR Legacy,5.02,4.58,11.0,0.0,104.0
167574,"Desserts, flan, caramel custard, prepared-from-recipe",SR Legacy,4.53,4.03,22.78,0.0,145.0
168777,"Desserts, mousse, chocolate, prepared-from-recipe",SR Legacy,4.14,16.0,16.07,0.6,225.0
169616,"Desserts, rennin, chocolate, dry mix",SR Legacy,2.4,3.3,91.5,5.1,363.0
168794,"Desserts, rennin, tablets, unsweetened",SR Legacy,1.0,0.1,19.8,0.0,84.0
168792,"Desserts, rennin, vanilla, dry mix",SR Legacy,0.0,0.0,99.0,0.0,383.0
170361,"DIGIORNO Pizza, cheese topping, cheese stuffed crust, frozen, baked",SR Legacy,13.48,11.68,29.86,1.9,279.0
170362,"DIGIORNO Pizza, cheese topping, rising crust, frozen, baked",SR Legacy,12.8,8.6,31.78,2.4,256.0
170758,"DIGIORNO Pizza, cheese topping, thin crispy crust, frozen, baked",SR Legacy,12.96,9.91,26.47,3.0,247.0
170759,"DIGIORNO Pizza, pepperoni topping, cheese stuffed crust, frozen, baked",SR Legacy,13.92,11.71,29.46,2.1,279.0
170760,"DIGIORNO Pizza, pepperoni topping, rising crust, frozen, baked",SR Legacy,12.46,10.11,31.15,2.3,265.0
170761,"DIGIORNO Pizza, pepperoni topping, thin crispy crust, frozen, baked",SR Legacy,13.22,12.86,28.67,2.8,283.0
170363,"DIGIORNO Pizza, supreme topping, rising crust, frozen, baked",SR Legacy,11.74,10.68,27.93,2.3,255.0
170364,"DIGIORNO Pizza, supreme topping, thin crispy crust, frozen, baked",SR Legacy,11.41,10.8,28.05,2.8,255.0
172233,"Dill weed, fresh",SR Legacy,3.46,1.12,7.02,2.1,43.0
171832,"Dip, bean, original flavor",SR Legacy,5.44,3.7,15.89,4.9,119.0
171834,"Dip, FRITO'S, bean, original flavor",SR Legacy,5.44,3.7,15.89,4.9,119.0
174068,"Dip, salsa con queso, cheese and salsa- medium",SR Legacy,3.14,9.51,11.14,0.7,143.0
174069,"Dip, TOSTITOS, salsa con queso, medium",SR Legacy,2.92,8.26,11.72,0.6,133.0
169371,"Dock, cooked, boiled, drained, with salt",SR Legacy,1.83,0.64,2.93,,20.0
170077,"Dock, cooked, boiled, drained, without salt",SR Legacy,1.83,0.64,2.93,2.6,20.0
170076,"Dock, raw",SR Legacy,2.0,0.7,3.2,2.9,22.0
173282,"DOMINO'S 14"" Cheese Pizza, Classic Hand-Tossed Crust",SR Legacy,10.8,8.97,33.24,2.2,257.0
172043,"DOMINO'S 14"" Cheese Pizza, Crunchy Thin Crust",SR Legacy,12.33,15.1,28.18,2.5,298.0
173283,"DOMINO'S 14"" Cheese Pizza, Ultimate Deep Dish Crust",SR Legacy,10.76,9.83,33.48,2.4,265.0
172046,"DOMINO'S 14"" EXTRAVAGANZZA FEAST Pizza, Classic Hand-Tossed Crust",SR Legacy,10.33,11.1,25.72,2.0,244.0
172044,"DOMINO'S 14"" Pepperoni Pizza, Classic Hand-Tossed Crust",SR Legacy,11.25,11.18,31.86,2.1,273.0
170370,"DOMINO'S 14"" Pepperoni Pizza, Crunchy Thin Crust",SR Legacy,13.88,19.05,25.35,2.6,328.0
172045,"DOMINO'S 14"" Pepperoni Pizza, Ultimate Deep Dish Crust",SR Legacy,11.52,12.1,31.89,2.4,283.0
170766,"DOMINO'S 14"" Sausage Pizza, Classic Hand-Tossed Crust",SR Legacy,11.08,11.2,31.84,2.4,273.0
170371,"DOMINO'S 14"" Sausage Pizza, Crunchy Thin Crust",SR Legacy,12.77,18.52,25.3,2.6,319.0
170767,"DOMINO'S 14"" Sausage Pizza, Ultimate Deep Dish Crust",SR Legacy,11.03,12.03,31.17,2.6,277.0
174993,"Doughnuts, cake-type, chocolate, sugared or glazed",SR Legacy,4.5,19.9,57.4,2.2,417.0
174990,"Doughnuts, cake-type, plain (includes unsugared, old-fashioned)",SR Legacy,5.31,24.93,47.06,1.7,434.0
174991,"Doughnuts, cake-type, plain, chocolate-coated or frosted",SR Legacy,4.93,25.25,51.33,1.9,452.0
174992,"Doughnuts, cake-type, plain, sugared or glazed",SR Legacy,5.2,22.9,50.8,1.5,426.0
172756,"Doughnuts, french crullers, glazed",SR Legacy,3.1,18.3,59.5,1.2,412.0
172758,"Doughnuts, yeast-leavened, glazed, enriched (includes honey buns)",SR Legacy,6.14,22.7,47.93,2.1,421.0
175062,"Doughnuts, yeast-leavened, glazed, unenriched (includes honey buns)",SR Legacy,6.4,22.8,44.3,1.2,403.0
172757,"Doughnuts, yeast-leavened, with creme filling",SR Legacy,6.4,24.5,30.0,0.8,361.0
172759,"Doughnuts, yeast-leavened, with jelly filling",SR Legacy,5.9,18.7,39.0,0.9,340.0
169905,"Dove, cooked (includes squab)",SR Legacy,23.9,13.0,0.0,0.0,213.0
171046,"Dressing, honey mustard, fat-free",SR Legacy,1.07,1.47,38.43,1.2,169.0
168531,"Drumstick leaves, cooked, boiled, drained, with salt",SR Legacy,5.27,0.93,11.15,2.0,60.0
168417,"Drumstick leaves, cooked, boiled, drained, without salt",SR Legacy,5.27,0.93,11.15,2.0,60.0
168416,"Drumstick leaves, raw",SR Legacy,9.4,1.4,8.28,2.0,64.0
168532,"Drumstick pods, cooked, boiled, drained, with salt",SR Legacy,2.09,0.19,8.18,4.2,36.0
170484,"Drumstick pods, cooked, boiled, drained, without salt",SR Legacy,2.09,0.19,8.18,4.2,36.0
170483,"Drumstick pods, raw",SR Legacy,2.1,0.2,8.53,3.2,37.0
174467,"Duck, domesticated, liver, raw",SR Legacy,18.74,4.64,3.53,0.0,136.0
172409,"Duck, domesticated, meat and skin, cooked, roasted",SR Legacy,18.99,28.35,0.0,0.0,337.0
172408,"Duck, domesticated, meat and skin, raw",SR Legacy,11.49,39.34,0.0,0.0,404.0
172411,"Duck, domesticated, meat only, cooked, roasted",SR Legacy,23.48,11.2,0.0,0.0,201.0
172410,"Duck, domesticated, meat only, raw",SR Legacy,18.28,5.95,0.94,0.0,135.0
167617,"Duck, scoter, white-winged, meat (Alaska Native)",SR Legacy,20.2,0.4,0.0,,84.0
174469,"Duck, wild, breast, meat only, raw",SR Legacy,19.85,4.25,0.0,0.0,123.0
174468,"Duck, wild, meat and skin, raw",SR Legacy,17.42,15.2,0.0,0.0,211.0
171510,"Duck, young duckling, domesticated, White Pekin, breast, meat and skin, boneless, cooked, roasted",SR Legacy,24.5,10.85,0.0,,202.0
171511,"Duck, young duckling, domesticated, White Pekin, breast, meat only, boneless, cooked without skin, broiled",SR Legacy,27.6,2.5,0.0,,140.0
171112,"Duck, young duckling, domesticated, White Pekin, leg, meat and skin, bone in, cooked, roasted",SR Legacy,26.75,11.4,0.0,,217.0
171113,"Duck, young duckling, domesticated, White Pekin, leg, meat only, bone in, cooked without skin, braised",SR Legacy,29.1,5.96,0.0,,178.0
173461,Dulce de Leche,SR Legacy,6.84,7.35,55.35,0.0,315.0
169779,"Dumpling, potato- or cheese-filled, frozen",SR Legacy,5.26,6.14,29.64,0.9,195.0
168192,"Durian, raw or frozen",SR Legacy,1.47,5.33,27.09,3.8,147.0
173861,"Dutch brand loaf, chicken, pork and beef",SR Legacy,12.0,22.91,3.93,0.3,273.0
168411,"Edamame, frozen, prepared",SR Legacy,11.91,5.2,8.91,5.2,121.0
168410,"Edamame, frozen, unprepared",SR Legacy,11.22,4.73,7.61,4.8,109.0
168772,"Egg custards, dry mix",SR Legacy,6.9,6.4,82.8,0.0,410.0
168787,"Egg custards, dry mix, prepared with 2% milk",SR Legacy,4.13,2.83,17.61,0.0,112.0
168773,"Egg custards, dry mix, prepared with whole milk",SR Legacy,3.99,4.0,17.6,0.0,122.0
172104,"Egg rolls, chicken, refrigerated, heated",SR Legacy,10.44,4.51,28.54,2.4,197.0
172103,"Egg rolls, pork, refrigerated, heated",SR Legacy,9.94,8.18,28.49,0.0,227.0
172105,"Egg rolls, vegetable, frozen, prepared",SR Legacy,5.95,6.97,31.77,2.4,214.0
173462,"Egg substitute, liquid or frozen, fat free",SR Legacy,10.0,0.0,2.0,0.0,48.0
173429,"Egg substitute, powder",SR Legacy,55.5,13.0,21.8,0.0,444.0
172189,"Egg, duck, whole, fresh, raw",SR Legacy,12.81,13.77,1.45,0.0,185.0
172190,"Egg, goose, whole, fresh, raw",SR Legacy,13.87,13.27,1.35,0.0,185.0
172191,"Egg, quail, whole, fresh, raw",SR Legacy,13.05,11.09,0.41,0.0,158.0
172192,"Egg, turkey, whole, fresh, raw",SR Legacy,13.68,11.88,1.15,0.0,171.0
172204,"Egg, white, dried",SR Legacy,81.1,0.0,7.8,0.0,382.0
173426,"Egg, white, dried, flakes, stabilized, glucose reduced",SR Legacy,76.92,0.04,4.17,0.0,351.0
173427,"Egg, white, dried, powder, stabilized, glucose reduced",SR Legacy,82.4,0.04,4.47,0.0,376.0
170895,"Egg, white, dried, stabilized, glucose reduced",SR Legacy,84.08,0.32,4.51,0.0,357.0
172183,"Egg, white, raw, fresh",SR Legacy,10.9,0.17,0.73,0.0,52.0
172203,"Egg, white, raw, frozen, pasteurized",SR Legacy,10.2,0.0,1.04,0.0,48.0
173423,"Egg, whole, cooked, fried",SR Legacy,13.61,14.84,0.83,0.0,196.0
173424,"Egg, whole, cooked, hard-boiled",SR Legacy,12.58,10.61,1.12,0.0,155.0
172185,"Egg, whole, cooked, omelet",SR Legacy,10.57,11.66,0.64,0.0,154.0
172186,"Egg, whole, cooked, poached",SR Legacy,12.51,9.47,0.71,0.0,143.0
172187,"Egg, whole, cooked, scrambled",SR Legacy,9.99,10.98,1.61,0.0,149.0
172188,"Egg, whole, dried",SR Legacy,48.05,43.9,1.13,0.0,592.0
173425,"Egg, whole, dried, stabilized, glucose reduced",SR Legacy,48.17,43.95,2.38,0.0,615.0
171287,"Egg, whole, raw, fresh",SR Legacy,12.56,9.51,0.72,0.0,143.0
323604,"Egg, whole, raw, frozen, pasteurized",Foundation Foods,12.3,10.3,0.91,,150.0
172202,"Egg, whole, raw, frozen, pasteurized (Includes foods for USDA's Food Distribution Program)",SR Legacy,12.33,9.95,1.01,0.0,147.0
170893,"Egg, whole, raw, frozen, salted, pasteurized",SR Legacy,10.97,10.07,0.83,0.0,138.0
173428,"Egg, yolk, dried",SR Legacy,33.63,59.13,0.66,0.0,669.0
172184,"Egg, yolk, raw, fresh",SR Legacy,15.86,26.54,3.59,0.0,322.0
173421,"Egg, yolk, raw, frozen, pasteurized",SR Legacy,15.53,25.6,0.81,0.0,296.0
173436,"Egg, yolk, raw, frozen, salted, pasteurized",SR Legacy,14.07,22.93,1.77,0.0,275.0
173422,"Egg, yolk, raw, frozen, sugared, pasteurized",SR Legacy,13.87,22.82,10.95,0.0,307.0
171258,Eggnog,SR Legacy,4.55,4.19,8.05,0.0,88.0
169352,"Eggplant, cooked, boiled, drained, with salt",SR Legacy,0.83,0.23,8.14,2.5,33.0
169229,"Eggplant, cooked, boiled, drained, without salt",SR Legacy,0.83,0.23,8.73,2.5,35.0
169892,"Eggplant, pickled",SR Legacy,0.9,0.7,9.77,2.5,49.0
2685577,"Eggplant, raw",Foundation Foods,0.851875,0.12,5.399325,2.448,26.0848
747997,"Eggs, Grade A, Large, egg white",Foundation Foods,10.7,0.0,2.36,,55.0
748967,"Eggs, Grade A, Large, egg whole",Foundation Foods,12.4,9.96,0.96,0.0,148.0
748236,"Eggs, Grade A, Large, egg yolk",Foundation Foods,16.2,28.8,1.02,,334.0
169904,"Eggs, scrambled, frozen mixture",SR Legacy,13.1,5.6,7.5,0.0,131.0
2710827,"Einkorn, grain, dry, raw",Foundation Foods,15.11719,3.811,68.65381,8.913,369.383
171727,"Elderberries, raw",SR Legacy,0.66,0.5,18.4,7.0,73.0
168055,"Elk, free range, ground, cooked patties (Shoshone Bannock)",SR Legacy,29.45,2.8,0.0,,143.0
168056,"Elk, free range, ground, raw (Shoshone Bannock)",SR Legacy,20.14,1.8,0.0,0.0,97.0
168057,"Elk, free range, roast, eye of round, cooked (Shoshone Bannock)",SR Legacy,30.56,2.85,0.0,0.0,148.0
167652,"Elk, free range, roast, eye of round, raw (Shoshone Bannock)",SR Legacy,19.74,2.1,0.0,0.0,98.0
174477,"Emu, fan fillet, cooked, broiled",SR Legacy,31.27,2.3,0.0,0.0,154.0
174476,"Emu, fan fillet, raw",SR Legacy,22.5,0.8,0.0,0.0,103.0
174478,"Emu, flat fillet, raw",SR Legacy,22.25,0.74,0.0,0.0,102.0
172834,"Emu, full rump, cooked, broiled",SR Legacy,33.67,2.68,0.0,0.0,168.0
174479,"Emu, full rump, raw",SR Legacy,22.83,1.64,0.0,0.0,112.0
172833,"Emu, ground, cooked, pan-broiled",SR Legacy,28.43,4.65,0.0,0.0,163.0
172832,"Emu, ground, raw",SR Legacy,22.77,4.03,0.0,0.0,134.0
172835,"Emu, inside drum, raw",SR Legacy,22.22,1.49,0.0,0.0,108.0
172836,"Emu, inside drums, cooked, broiled",SR Legacy,32.38,2.01,0.0,0.0,156.0
172837,"Emu, outside drum, raw",SR Legacy,23.08,0.48,0.0,0.0,103.0
172838,"Emu, oyster, raw",SR Legacy,22.81,4.86,0.0,0.0,141.0
174480,"Emu, top loin, cooked, broiled",SR Legacy,29.07,3.13,0.0,0.0,152.0
168412,"Endive, raw",SR Legacy,1.25,0.2,3.35,3.1,17.0
175063,"English muffins, plain, enriched, without calcium propionate(includes sourdough)",SR Legacy,7.7,1.8,46.0,2.7,235.0
172828,"English muffins, plain, unenriched, with calcium propionate (includes sourdough)",SR Legacy,7.7,1.8,46.0,2.7,235.0
173238,"English muffins, plain, unenriched, without calcium propionate (includes sourdough)",SR Legacy,7.7,1.8,46.0,2.7,235.0
174093,"English muffins, whole grain white",SR Legacy,7.02,1.75,50.17,3.5,245.0
169398,"Epazote, raw",SR Legacy,0.33,0.52,7.44,3.8,32.0
170078,"Eppaw, raw",SR Legacy,4.6,1.8,31.68,,150.0
168413,"Escarole, cooked, boiled, drained, no salt added",SR Legacy,1.15,0.18,3.07,2.8,15.0
172455,"Falafel, home-prepared",SR Legacy,13.31,17.8,31.84,,333.0
2710828,"Farro, pearled, dry, raw",Foundation Foods,12.63944,3.103,72.13156,7.31,367.011
170302,"Fast food, biscuit",SR Legacy,7.08,18.92,42.82,2.5,370.0
173292,"Fast Food, Pizza Chain, 14"" pizza, cheese topping, regular crust",SR Legacy,11.39,9.69,33.33,2.3,266.0
170773,"Fast Food, Pizza Chain, 14"" pizza, cheese topping, stuffed crust",SR Legacy,12.23,11.63,30.0,1.7,274.0
173293,"Fast Food, Pizza Chain, 14"" pizza, cheese topping, thick crust",SR Legacy,10.81,10.54,33.17,2.2,271.0
173294,"Fast Food, Pizza Chain, 14"" pizza, cheese topping, thin crust",SR Legacy,12.85,13.95,31.2,2.5,302.0
172055,"Fast Food, Pizza Chain, 14"" pizza, meat and vegetable topping, regular crust",SR Legacy,11.02,10.9,25.38,2.2,244.0
173295,"Fast Food, Pizza Chain, 14"" pizza, pepperoni topping, regular crust",SR Legacy,11.74,11.91,31.98,2.3,282.0
173296,"Fast Food, Pizza Chain, 14"" pizza, pepperoni topping, thick crust",SR Legacy,11.49,12.58,31.84,2.2,287.0
170762,"Fast Food, Pizza Chain, 14"" pizza, pepperoni topping, thin crust",SR Legacy,14.01,17.61,29.0,2.3,331.0
170367,"Fast Food, Pizza Chain, 14"" pizza, sausage topping, regular crust",SR Legacy,11.5,12.35,30.62,2.3,280.0
170365,"Fast Food, Pizza Chain, 14"" pizza, sausage topping, thick crust",SR Legacy,11.06,12.94,30.36,2.3,282.0
170366,"Fast Food, Pizza Chain, 14"" pizza, sausage topping, thin crust",SR Legacy,13.36,17.71,27.0,2.5,321.0
173323,"Fast foods, bagel, with breakfast steak, egg, cheese, and condiments",SR Legacy,15.95,14.07,22.99,0.2,282.0
173322,"Fast foods, bagel, with egg, sausage patty, cheese, and condiments",SR Legacy,12.98,16.97,22.64,0.2,295.0
173268,"Fast foods, biscuit, with crispy chicken fillet",SR Legacy,11.93,14.93,30.56,1.4,300.0
173266,"Fast foods, biscuit, with egg and bacon",SR Legacy,11.33,20.73,19.06,0.5,305.0
173267,"Fast foods, biscuit, with egg and ham",SR Legacy,10.64,14.08,16.37,0.4,233.0
172028,"Fast Foods, biscuit, with egg and sausage",SR Legacy,11.13,20.77,21.05,0.2,312.0
172029,"Fast foods, biscuit, with egg, cheese, and bacon",SR Legacy,12.01,17.48,24.44,0.2,301.0
172030,"Fast foods, biscuit, with ham",SR Legacy,11.85,16.3,38.75,0.7,342.0
172031,"Fast foods, biscuit, with sausage",SR Legacy,9.67,24.42,29.99,0.4,371.0
170788,"Fast foods, breadstick, soft, prepared with garlic and parmesan cheese",SR Legacy,12.2,12.88,44.48,2.4,343.0
170787,"Fast foods, breakfast burrito, with egg, cheese, and sausage",SR Legacy,11.1,15.63,22.97,1.2,277.0
172038,"Fast foods, burrito, with beans",SR Legacy,6.48,6.22,32.92,,206.0
173277,"Fast foods, burrito, with beans and beef",SR Legacy,11.52,7.47,19.52,3.0,191.0
172039,"Fast foods, burrito, with beans and cheese",SR Legacy,7.35,6.05,31.23,4.2,205.0
173278,"Fast foods, burrito, with beans, cheese, and beef",SR Legacy,7.03,6.8,23.37,3.7,180.0
170293,"Fast foods, cheeseburger, double, regular patty and bun, with condiments",SR Legacy,16.24,16.18,17.97,1.0,282.0
173320,"Fast foods, cheeseburger; double, large patty; with condiments",SR Legacy,16.96,16.22,14.43,1.0,272.0
172083,"Fast Foods, cheeseburger; double, large patty; with condiments, vegetables and mayonnaise",SR Legacy,15.5,15.63,12.62,1.3,253.0
172084,"Fast foods, cheeseburger; double, regular patty; double decker bun with condiments and special sauce",SR Legacy,11.94,14.1,21.53,1.4,261.0
173319,"Fast foods, cheeseburger; double, regular patty; with condiments",SR Legacy,16.24,16.18,17.97,0.9,282.0
170294,"Fast foods, cheeseburger; single, large patty; plain",SR Legacy,17.29,15.97,24.07,1.7,310.0
172082,"Fast foods, cheeseburger; single, large patty; with condiments",SR Legacy,15.21,14.4,19.72,1.2,269.0
172081,"Fast foods, cheeseburger; single, large patty; with condiments, vegetables and mayonnaise",SR Legacy,13.69,15.8,17.73,1.1,268.0
170691,"Fast foods, cheeseburger; single, regular patty, with condiments",SR Legacy,13.49,12.9,25.46,1.9,270.0
170692,"Fast foods, cheeseburger; single, regular patty, with condiments and vegetables",SR Legacy,13.06,11.5,24.97,1.4,254.0
170690,"Fast foods, cheeseburger; single, regular patty; plain",SR Legacy,16.51,14.72,28.03,2.0,308.0
170295,"Fast foods, chicken fillet sandwich, plain with pickles",SR Legacy,16.28,11.19,20.89,1.4,250.0
173321,"Fast foods, chicken tenders",SR Legacy,19.22,13.95,17.25,1.2,271.0
170718,"Fast foods, chicken, breaded and fried, boneless pieces, plain",SR Legacy,15.92,20.36,14.93,0.9,307.0
170300,"Fast foods, coleslaw",SR Legacy,0.95,9.91,14.89,1.9,153.0
170318,"Fast Foods, crispy chicken filet sandwich, with lettuce and mayonnaise",SR Legacy,10.94,13.59,27.4,1.4,276.0
170785,"Fast foods, crispy chicken in tortilla, with lettuce, cheese, and ranch sauce",SR Legacy,11.48,15.1,23.22,1.3,275.0
170753,"Fast foods, crispy chicken, bacon, and tomato club sandwich, with cheese, lettuce, and mayonnaise",SR Legacy,15.38,11.76,22.61,1.2,257.0
173269,"Fast foods, croissant, with egg, cheese, and bacon",SR Legacy,12.92,16.4,22.5,1.0,289.0
173270,"Fast foods, croissant, with egg, cheese, and ham",SR Legacy,12.45,14.95,18.98,0.9,261.0
173271,"Fast foods, croissant, with egg, cheese, and sausage",SR Legacy,12.09,21.78,15.9,1.8,308.0
173272,"Fast foods, egg, scrambled",SR Legacy,13.84,16.18,2.08,0.0,212.0
172032,"Fast foods, english muffin, with cheese and sausage",SR Legacy,13.28,20.67,25.28,0.5,338.0
172033,"Fast foods, english muffin, with egg, cheese, and canadian bacon",SR Legacy,13.64,9.66,21.67,0.4,228.0
172034,"Fast foods, english muffin, with egg, cheese, and sausage",SR Legacy,13.38,18.1,17.44,0.2,286.0
170296,"Fast foods, fish sandwich, with tartar sauce",SR Legacy,10.29,12.45,26.69,1.0,257.0
170297,"Fast foods, fish sandwich, with tartar sauce and cheese",SR Legacy,11.26,14.64,26.39,0.8,279.0
172035,"Fast foods, french toast sticks",SR Legacy,6.0,17.74,41.21,1.4,340.0
170756,"Fast Foods, Fried Chicken, Breast, meat and skin and breading",SR Legacy,23.51,12.44,6.03,0.1,230.0
170356,"Fast Foods, Fried Chicken, Breast, meat only, skin and breading removed",SR Legacy,27.93,4.54,0.0,0.0,153.0
170757,"Fast Foods, Fried Chicken, Drumstick, meat and skin with breading",SR Legacy,21.13,16.92,7.59,0.5,267.0
170357,"Fast Foods, Fried Chicken, Drumstick, meat only, skin and breading removed",SR Legacy,26.24,7.41,0.0,0.0,172.0
170755,"Fast Foods, Fried Chicken, Skin and breading from all pieces",SR Legacy,14.11,29.22,19.56,0.3,398.0
170359,"Fast Foods, Fried Chicken, Thigh, meat and skin and breading",SR Legacy,19.23,18.07,8.68,0.1,274.0
170358,"Fast Foods, Fried Chicken, Thigh, meat only, skin and breading removed",SR Legacy,23.21,9.41,0.24,0.0,178.0
170360,"Fast Foods, Fried Chicken, Wing, meat and skin and breading",SR Legacy,21.14,20.09,11.19,0.1,310.0
170754,"Fast Foods, Fried Chicken, Wing, meat only, skin and breading removed",SR Legacy,28.77,10.2,2.13,0.0,215.0
172058,"Fast foods, griddle cake sandwich, egg, cheese, and bacon",SR Legacy,12.03,13.19,26.19,0.8,272.0
172056,"Fast foods, griddle cake sandwich, egg, cheese, and sausage",SR Legacy,10.77,17.73,22.04,0.6,291.0
172057,"Fast foods, griddle cake sandwich, sausage",SR Legacy,8.41,17.76,31.25,1.0,318.0
170368,"Fast Foods, grilled chicken filet sandwich, with lettuce, tomato and spread",SR Legacy,17.34,4.57,16.78,0.9,182.0
170786,"Fast foods, grilled chicken in tortilla, with lettuce, cheese, and ranch sauce",SR Legacy,13.77,10.31,18.43,0.9,222.0
170752,"Fast foods, grilled chicken, bacon and tomato club sandwich, with cheese, lettuce, and mayonnaise",SR Legacy,17.19,8.05,19.87,1.2,220.0
170710,"Fast foods, hamburger, large, single patty, with condiments",SR Legacy,15.68,11.6,22.14,1.1,256.0
172080,"Fast foods, hamburger; double, large patty; with condiments, vegetables and mayonnaise",SR Legacy,13.94,15.66,13.74,1.4,252.0
173317,"Fast foods, hamburger; single, large patty; with condiments, vegetables and mayonnaise",SR Legacy,11.34,12.37,17.33,1.5,226.0
173318,"Fast foods, hamburger; single, regular patty; double decker bun with condiments and special sauce",SR Legacy,12.17,13.3,22.69,1.4,259.0
170693,"Fast foods, hamburger; single, regular patty; plain",SR Legacy,16.52,12.01,31.5,1.7,297.0
170694,"Fast foods, hamburger; single, regular patty; with condiments",SR Legacy,13.3,10.18,29.57,1.8,263.0
170301,"Fast foods, hush puppies",SR Legacy,6.16,13.25,40.21,2.9,296.0
172079,"Fast foods, miniature cinnamon rolls",SR Legacy,7.02,17.95,53.38,2.2,403.0
170291,"Fast foods, nachos, with cheese",SR Legacy,4.32,21.5,34.91,3.2,343.0
170292,"Fast foods, nachos, with cheese, beans, ground beef, and tomatoes",SR Legacy,6.21,12.48,21.39,3.7,219.0
170697,"Fast foods, onion rings, breaded and fried",SR Legacy,3.86,25.23,43.58,2.7,411.0
170698,"Fast foods, potato, french fried in vegetable oil",SR Legacy,3.43,14.73,41.44,3.8,312.0
170699,"Fast foods, potato, mashed",SR Legacy,1.65,2.82,14.65,1.3,89.0
173273,"Fast foods, potatoes, hash browns, round pieces or patty",SR Legacy,2.58,17.04,28.88,2.7,272.0
170765,"Fast foods, quesadilla, with chicken",SR Legacy,15.05,15.25,24.04,1.7,294.0
170695,"Fast foods, roast beef sandwich, plain",SR Legacy,15.17,10.3,22.21,1.3,244.0
172037,"Fast foods, shrimp, breaded and fried",SR Legacy,7.84,18.9,27.99,0.7,308.0
170775,"Fast foods, strawberry banana smoothie made with ice and low-fat yogurt",SR Legacy,0.86,0.14,15.05,0.9,65.0
170313,"Fast foods, submarine sandwich, bacon, lettuce, and tomato on white bread",SR Legacy,10.06,6.41,26.66,1.6,205.0
170696,"Fast foods, submarine sandwich, cold cut on white bread with lettuce and tomato",SR Legacy,10.52,10.04,20.43,1.2,213.0
170707,"Fast foods, submarine sandwich, ham on white bread with lettuce and tomato",SR Legacy,9.12,2.53,22.91,1.3,151.0
170709,"Fast foods, submarine sandwich, meatball marinara on white bread",SR Legacy,9.77,8.45,26.01,2.1,219.0
170309,"Fast foods, submarine sandwich, oven roasted chicken on white bread with lettuce and tomato",SR Legacy,10.84,3.15,21.35,1.2,157.0
170298,"Fast foods, submarine sandwich, roast beef on white bread with lettuce and tomato",SR Legacy,12.17,2.73,20.34,0.7,156.0
170311,"Fast foods, submarine sandwich, steak and cheese on white bread with cheese, lettuce and tomato",SR Legacy,12.29,5.34,21.49,1.2,183.0
170306,"Fast foods, submarine sandwich, sweet onion chicken teriyaki on white bread with lettuce, tomato and sweet onion sauce",SR Legacy,10.91,2.37,22.54,1.2,155.0
170299,"Fast foods, submarine sandwich, tuna on white bread with lettuce and tomato",SR Legacy,12.33,12.04,15.95,0.7,218.0
170706,"Fast foods, submarine sandwich, turkey breast on white bread with lettuce and tomato",SR Legacy,9.12,2.31,22.42,1.3,147.0
170308,"Fast foods, submarine sandwich, turkey, roast beef and ham on white bread with lettuce and tomato",SR Legacy,10.66,2.42,20.36,1.4,146.0
173275,"Fast foods, sundae, caramel",SR Legacy,4.71,5.98,31.81,0.0,196.0
173276,"Fast foods, sundae, hot fudge",SR Legacy,3.57,5.46,30.17,0.0,180.0
172036,"Fast foods, sundae, strawberry",SR Legacy,4.09,5.13,29.18,0.0,175.0
170689,"Fast foods, taco with beef, cheese and lettuce, hard shell",SR Legacy,8.86,12.7,19.85,3.9,226.0
170763,"Fast foods, taco with beef, cheese and lettuce, soft",SR Legacy,9.25,9.75,20.23,2.9,206.0
170764,"Fast foods, taco with chicken, lettuce and cheese, soft",SR Legacy,13.3,6.35,19.69,1.2,189.0
173274,"Fast foods, vanilla, light, soft-serve ice cream, with cone",SR Legacy,4.24,4.86,26.36,0.1,163.0
173467,"Fat free ice cream, no sugar added, flavors other than chocolate",SR Legacy,4.41,0.0,28.86,7.4,133.0
171400,"Fat, beef tallow",SR Legacy,0.0,100.0,0.0,0.0,902.0
173564,"Fat, chicken",SR Legacy,0.0,99.8,0.0,0.0,900.0
173572,"Fat, goose",SR Legacy,0.0,99.8,0.0,0.0,900.0
173571,"Fat, turkey",SR Legacy,0.0,99.8,0.0,0.0,900.0
168176,"Feijoa, raw",SR Legacy,0.71,0.42,15.21,6.4,61.0
2747655,"Fennel, bulb, raw",Foundation Foods,0.921875,0.14,5.486225,2.046,26.8924
168584,"Fiddlehead ferns, frozen, unprepared",SR Legacy,4.31,0.35,5.74,,34.0
169405,"Fiddlehead ferns, raw",SR Legacy,4.55,0.4,5.54,,34.0
173025,"Figs, canned, extra heavy syrup pack, solids and liquids",SR Legacy,0.38,0.1,27.86,,107.0
173024,"Figs, canned, heavy syrup pack, solids and liquids",SR Legacy,0.38,0.1,22.9,2.2,88.0
173023,"Figs, canned, light syrup pack, solids and liquids",SR Legacy,0.39,0.1,17.95,1.8,69.0
173022,"Figs, canned, water pack, solids and liquids",SR Legacy,0.4,0.1,13.99,2.2,53.0
174666,"Figs, dried, stewed",SR Legacy,1.42,0.4,27.57,4.2,107.0
326905,"Figs, dried, uncooked",Foundation Foods,3.3,0.92,63.9,9.8,249.0
173021,"Figs, raw",SR Legacy,0.75,0.3,19.18,2.9,74.0
169399,"Fireweed, leaves, raw",SR Legacy,4.71,2.75,19.22,10.6,103.0
168988,"Fireweed, young leaves, raw (Alaska Native)",SR Legacy,3.0,0.8,6.3,6.0,44.0
171606,Fish broth,SR Legacy,2.0,0.6,0.4,0.0,16.0
173577,"Fish oil, cod liver",SR Legacy,0.0,100.0,0.0,0.0,902.0
172340,"Fish oil, herring",SR Legacy,0.0,100.0,0.0,0.0,902.0
172341,"Fish oil, menhaden",SR Legacy,0.0,100.0,0.0,0.0,902.0
172342,"Fish oil, menhaden, fully hydrogenated",SR Legacy,0.0,100.0,0.0,0.0,902.0
172343,"Fish oil, salmon",SR Legacy,0.0,100.0,0.0,0.0,902.0
173578,"Fish oil, sardine",SR Legacy,0.0,100.0,0.0,0.0,902.0
174183,"Fish, anchovy, european, canned in oil, drained solids",SR Legacy,28.89,9.71,0.0,0.0,210.0
174182,"Fish, anchovy, european, raw",SR Legacy,20.35,4.84,0.0,0.0,131.0
174184,"Fish, bass, fresh water, mixed species, raw",SR Legacy,18.86,3.69,0.0,0.0,114.0
171989,"Fish, bass, freshwater, mixed species, cooked, dry heat",SR Legacy,24.18,4.73,0.0,0.0,146.0
174228,"Fish, bass, striped, cooked, dry heat",SR Legacy,22.73,2.99,0.0,0.0,124.0
171948,"Fish, bass, striped, raw",SR Legacy,17.73,2.33,0.0,0.0,97.0
169798,"Fish, blackfish, whole (Alaska Native)",SR Legacy,15.5,1.75,0.0,,82.0
174229,"Fish, bluefish, cooked, dry heat",SR Legacy,25.69,5.44,0.0,0.0,159.0
171949,"Fish, bluefish, raw",SR Legacy,20.04,4.24,0.0,0.0,124.0
174230,"Fish, burbot, cooked, dry heat",SR Legacy,24.76,1.04,0.0,0.0,115.0
171950,"Fish, burbot, raw",SR Legacy,19.31,0.81,0.0,0.0,90.0
174231,"Fish, butterfish, cooked, dry heat",SR Legacy,22.15,10.28,0.0,0.0,187.0
171951,"Fish, butterfish, raw",SR Legacy,17.28,8.02,0.0,0.0,146.0
174185,"Fish, carp, cooked, dry heat",SR Legacy,22.86,7.17,0.0,0.0,162.0
171952,"Fish, carp, raw",SR Legacy,17.83,5.6,0.0,0.0,127.0
174187,"Fish, catfish, channel, cooked, breaded and fried",SR Legacy,18.09,13.33,8.04,0.7,229.0
175166,"Fish, catfish, channel, farmed, cooked, dry heat",SR Legacy,18.44,7.19,0.0,0.0,144.0
175165,"Fish, catfish, channel, farmed, raw",SR Legacy,15.23,5.94,0.0,0.0,119.0
173714,"Fish, catfish, channel, wild, cooked, dry heat",SR Legacy,18.47,2.85,0.0,0.0,105.0
174186,"Fish, catfish, channel, wild, raw",SR Legacy,16.38,2.82,0.0,0.0,95.0
2684445,"Fish, catfish, farm raised, raw",Foundation Foods,16.46875,7.308,0.0,,129.1124
174188,"Fish, caviar, black and red, granular",SR Legacy,24.6,17.9,4.0,0.0,264.0
171953,"Fish, cisco, raw",SR Legacy,18.99,1.91,0.0,0.0,98.0
171954,"Fish, cisco, smoked",SR Legacy,16.36,11.9,0.0,0.0,177.0
174189,"Fish, cod, Atlantic, canned, solids and liquid",SR Legacy,22.76,0.86,0.0,0.0,105.0
171956,"Fish, cod, Atlantic, cooked, dry heat",SR Legacy,22.83,0.86,0.0,0.0,105.0
174190,"Fish, cod, Atlantic, dried and salted",SR Legacy,62.82,2.37,0.0,0.0,290.0
171955,"Fish, cod, Atlantic, raw",SR Legacy,17.81,0.67,0.0,0.0,82.0
2684444,"Fish, cod, Atlantic, wild caught, raw",Foundation Foods,16.06875,0.6675,0.0,,65.9855
175178,"Fish, cod, Pacific, cooked",SR Legacy,20.42,0.25,0.0,,84.0
171990,"Fish, cod, Pacific, cooked, dry heat (may contain additives to retain moisture)",SR Legacy,18.73,0.5,0.0,0.0,85.0
174191,"Fish, cod, Pacific, raw (may have been previously frozen)",SR Legacy,15.27,0.41,0.0,0.0,69.0
171957,"Fish, croaker, Atlantic, cooked, breaded and fried",SR Legacy,18.2,12.67,7.54,0.4,221.0
174192,"Fish, croaker, Atlantic, raw",SR Legacy,17.78,3.17,0.0,0.0,104.0
171991,"Fish, cusk, cooked, dry heat",SR Legacy,24.35,0.88,0.0,0.0,112.0
171958,"Fish, cusk, raw",SR Legacy,18.99,0.69,0.0,0.0,87.0
168987,"Fish, devilfish, meat (Alaska Native)",SR Legacy,11.7,5.3,0.0,,97.0
171993,"Fish, drum, freshwater, cooked, dry heat",SR Legacy,22.49,6.32,0.0,0.0,153.0
171960,"Fish, drum, freshwater, raw",SR Legacy,17.54,4.93,0.0,0.0,119.0
174194,"Fish, eel, mixed species, cooked, dry heat",SR Legacy,23.65,14.95,0.0,0.0,236.0
174193,"Fish, eel, mixed species, raw",SR Legacy,18.44,11.66,0.0,0.0,184.0
174195,"Fish, fish sticks, frozen, prepared",SR Legacy,11.01,16.23,21.66,1.5,277.0
174197,"Fish, flatfish (flounder and sole species), cooked, dry heat",SR Legacy,15.24,2.37,0.0,0.0,86.0
174196,"Fish, flatfish (flounder and sole species), raw",SR Legacy,12.41,1.93,0.0,0.0,70.0
171961,"Fish, gefiltefish, commercial, sweet recipe",SR Legacy,9.07,1.73,7.41,0.0,84.0
171963,"Fish, grouper, mixed species, cooked, dry heat",SR Legacy,24.84,1.3,0.0,0.0,118.0
171962,"Fish, grouper, mixed species, raw",SR Legacy,19.38,1.02,0.0,0.0,92.0
174198,"Fish, haddock, cooked, dry heat",SR Legacy,19.99,0.55,0.0,0.0,90.0
171964,"Fish, haddock, raw",SR Legacy,16.32,0.45,0.0,0.0,74.0
174199,"Fish, haddock, smoked",SR Legacy,25.23,0.96,0.0,0.0,116.0
174201,"Fish, halibut, Atlantic and Pacific, cooked, dry heat",SR Legacy,22.54,1.61,0.0,0.0,111.0
174200,"Fish, halibut, Atlantic and Pacific, raw",SR Legacy,18.56,1.33,0.0,0.0,91.0
169812,"Fish, halibut, cooked, with skin (Alaska Native)",SR Legacy,22.13,2.73,0.0,0.0,113.0
174232,"Fish, halibut, greenland, cooked, dry heat",SR Legacy,18.42,17.74,0.0,0.0,239.0
171965,"Fish, halibut, Greenland, raw",SR Legacy,14.37,13.84,0.0,0.0,186.0
167638,"Fish, halibut, raw, with skin (Alaska Native)",SR Legacy,20.53,2.92,1.81,0.0,116.0
168989,"Fish, herring eggs on giant kelp, Pacific (Alaska Native)",SR Legacy,11.3,0.8,2.6,,63.0
168990,"Fish, herring eggs, Pacific, dry (Alaska Native)",SR Legacy,60.4,6.6,2.8,,312.0
169806,"Fish, herring eggs, Pacific, plain (Alaska Native)",SR Legacy,9.6,1.93,4.47,,74.0
175117,"Fish, herring, Atlantic, cooked, dry heat",SR Legacy,23.03,11.59,0.0,0.0,203.0
173668,"Fish, herring, Atlantic, kippered",SR Legacy,24.58,12.37,0.0,0.0,217.0
175118,"Fish, herring, Atlantic, pickled",SR Legacy,14.19,18.0,9.64,0.0,262.0
175116,"Fish, herring, Atlantic, raw",SR Legacy,17.96,9.04,0.0,0.0,158.0
174233,"Fish, herring, Pacific, cooked, dry heat",SR Legacy,21.01,17.79,0.0,0.0,250.0
169807,"Fish, herring, Pacific, flesh, air-dried, packed in oil (Alaska Native)",SR Legacy,44.5,34.6,0.0,,489.0
173669,"Fish, herring, Pacific, raw",SR Legacy,16.39,13.88,0.0,0.0,195.0
174234,"Fish, ling, cooked, dry heat",SR Legacy,24.35,0.82,0.0,0.0,111.0
173670,"Fish, ling, raw",SR Legacy,18.99,0.64,0.0,0.0,87.0
174235,"Fish, lingcod, cooked, dry heat",SR Legacy,22.64,1.36,0.0,0.0,109.0
169810,"Fish, lingcod, liver (Alaska Native)",SR Legacy,5.6,42.0,6.0,,424.0
169809,"Fish, lingcod, meat, raw (Alaska Native)",SR Legacy,17.9,0.8,0.0,,79.0
173671,"Fish, lingcod, raw",SR Legacy,17.66,1.06,0.0,0.0,85.0
175120,"Fish, mackerel, Atlantic, cooked, dry heat",SR Legacy,23.85,17.81,0.0,0.0,262.0
175119,"Fish, mackerel, Atlantic, raw",SR Legacy,18.6,13.89,0.0,0.0,205.0
175121,"Fish, mackerel, jack, canned, drained solids",SR Legacy,23.19,6.3,0.0,0.0,156.0
174236,"Fish, mackerel, king, cooked, dry heat",SR Legacy,26.0,2.56,0.0,0.0,134.0
175122,"Fish, mackerel, king, raw",SR Legacy,20.28,2.0,0.0,0.0,105.0
171994,"Fish, mackerel, Pacific and jack, mixed species, cooked, dry heat",SR Legacy,25.73,10.12,0.0,0.0,201.0
173672,"Fish, mackerel, Pacific and jack, mixed species, raw",SR Legacy,20.07,7.89,0.0,0.0,158.0
168149,"Fish, mackerel, salted",SR Legacy,18.5,25.1,0.0,0.0,305.0
173674,"Fish, mackerel, spanish, cooked, dry heat",SR Legacy,23.59,6.32,0.0,0.0,158.0
173673,"Fish, mackerel, spanish, raw",SR Legacy,19.29,6.3,0.0,0.0,139.0
171992,"Fish, mahimahi, cooked, dry heat",SR Legacy,23.72,0.9,0.0,0.0,109.0
171959,"Fish, mahimahi, raw",SR Legacy,18.5,0.7,0.0,0.0,85.0
171995,"Fish, milkfish, cooked, dry heat",SR Legacy,26.32,8.63,0.0,0.0,190.0
173675,"Fish, milkfish, raw",SR Legacy,20.53,6.73,0.0,0.0,148.0
171996,"Fish, monkfish, cooked, dry heat",SR Legacy,18.56,1.95,0.0,0.0,97.0
173676,"Fish, monkfish, raw",SR Legacy,14.48,1.52,0.0,0.0,76.0
175124,"Fish, mullet, striped, cooked, dry heat",SR Legacy,24.81,4.86,0.0,0.0,150.0
175123,"Fish, mullet, striped, raw",SR Legacy,19.35,3.79,0.0,0.0,117.0
175126,"Fish, ocean perch, Atlantic, cooked, dry heat",SR Legacy,18.51,1.87,0.0,0.0,96.0
175125,"Fish, ocean perch, Atlantic, raw",SR Legacy,15.31,1.54,0.0,0.0,79.0
173679,"Fish, perch, mixed species, cooked, dry heat",SR Legacy,24.86,1.18,0.0,0.0,117.0
173678,"Fish, perch, mixed species, raw",SR Legacy,19.39,0.92,0.0,0.0,91.0
175127,"Fish, pike, northern, cooked, dry heat",SR Legacy,24.69,0.88,0.0,0.0,113.0
168021,"Fish, pike, northern, liver (Alaska Native)",SR Legacy,16.6,8.0,4.3,,156.0
173680,"Fish, pike, northern, raw",SR Legacy,19.26,0.69,0.0,0.0,88.0
171997,"Fish, pike, walleye, cooked, dry heat",SR Legacy,24.54,1.56,0.0,0.0,119.0
175128,"Fish, pike, walleye, raw",SR Legacy,19.14,1.22,0.0,0.0,93.0
173726,"Fish, pollock, Alaska, cooked",SR Legacy,19.42,0.9946,0.0,,86.6164
173681,"Fish, pollock, Alaska, cooked, dry heat (may contain additives to retain moisture)",SR Legacy,23.48,1.18,0.0,0.0,111.0
173725,"Fish, pollock, Alaska, raw",SR Legacy,17.17,0.82,0.0,,76.0
175130,"Fish, pollock, Alaska, raw (may contain additives to retain moisture)",SR Legacy,12.19,0.41,0.0,0.0,56.0
174237,"Fish, pollock, Atlantic, cooked, dry heat",SR Legacy,24.92,1.26,0.0,0.0,118.0
175129,"Fish, pollock, Atlantic, raw",SR Legacy,19.44,0.98,0.0,0.0,92.0
333476,"Fish, pollock, raw",Foundation Foods,12.3,0.41,0.0,,56.0
173683,"Fish, pompano, florida, cooked, dry heat",SR Legacy,23.69,12.14,0.0,0.0,211.0
173682,"Fish, pompano, florida, raw",SR Legacy,18.48,9.47,0.0,0.0,164.0
174238,"Fish, pout, ocean, cooked, dry heat",SR Legacy,21.33,1.17,0.0,0.0,102.0
173677,"Fish, pout, ocean, raw",SR Legacy,16.64,0.91,0.0,0.0,79.0
175131,"Fish, rockfish, Pacific, mixed species, cooked, dry heat",SR Legacy,22.23,1.62,0.0,0.0,109.0
173684,"Fish, rockfish, Pacific, mixed species, raw",SR Legacy,18.36,1.34,0.0,0.0,90.0
174239,"Fish, roe, mixed species, cooked, dry heat",SR Legacy,28.62,8.23,1.92,0.0,204.0
175132,"Fish, roe, mixed species, raw",SR Legacy,22.32,6.42,1.5,0.0,143.0
174251,"Fish, roughy, orange, cooked, dry heat",SR Legacy,22.64,0.9,0.0,0.0,105.0
175133,"Fish, roughy, orange, raw",SR Legacy,16.41,0.7,0.0,0.0,76.0
174240,"Fish, sablefish, cooked, dry heat",SR Legacy,17.19,19.62,0.0,0.0,250.0
175134,"Fish, sablefish, raw",SR Legacy,13.41,15.3,0.0,0.0,195.0
173685,"Fish, sablefish, smoked",SR Legacy,17.65,20.14,0.0,0.0,257.0
2684441,"Fish, salmon, Atlantic, farm raised, raw",Foundation Foods,20.31875,13.11,0.0,,197.294
175168,"Fish, salmon, Atlantic, farmed, cooked, dry heat",SR Legacy,22.1,12.35,0.0,0.0,206.0
175167,"Fish, salmon, Atlantic, farmed, raw",SR Legacy,20.42,13.42,0.0,0.0,208.0
171998,"Fish, salmon, Atlantic, wild, cooked, dry heat",SR Legacy,25.44,8.13,0.0,0.0,182.0
173686,"Fish, salmon, Atlantic, wild, raw",SR Legacy,19.84,6.34,0.0,0.0,142.0
171999,"Fish, salmon, chinook, cooked, dry heat",SR Legacy,25.72,13.38,0.0,0.0,231.0
173688,"Fish, salmon, chinook, raw",SR Legacy,19.93,10.43,0.0,0.0,179.0
173687,"Fish, salmon, chinook, smoked",SR Legacy,18.28,4.32,0.0,0.0,117.0
171985,"Fish, salmon, chinook, smoked, (lox), regular",SR Legacy,18.28,4.32,0.0,0.0,117.0
175135,"Fish, salmon, chum, canned, drained solids with bone",SR Legacy,21.43,5.5,0.0,0.0,141.0
174224,"Fish, salmon, chum, canned, without salt, drained solids with bone",SR Legacy,21.43,5.5,0.0,0.0,141.0
172000,"Fish, salmon, chum, cooked, dry heat",SR Legacy,25.82,4.83,0.0,0.0,154.0
168054,"Fish, salmon, chum, dried (Alaska Native)",SR Legacy,62.09,14.38,0.0,0.0,378.0
173689,"Fish, salmon, chum, raw",SR Legacy,20.14,3.77,0.0,0.0,120.0
168046,"Fish, Salmon, Chum, raw (Alaska Native)",SR Legacy,20.69,3.67,0.0,0.0,116.0
167639,"Fish, salmon, coho (silver), raw (Alaska Native)",SR Legacy,22.56,5.57,0.0,0.0,140.0
173716,"Fish, salmon, coho, farmed, cooked, dry heat",SR Legacy,24.3,8.23,0.0,0.0,178.0
173715,"Fish, salmon, coho, farmed, raw",SR Legacy,21.27,7.67,0.0,0.0,160.0
173719,"Fish, salmon, coho, wild, cooked, dry heat",SR Legacy,23.45,4.3,0.0,0.0,139.0
175137,"Fish, salmon, coho, wild, cooked, moist heat",SR Legacy,27.36,7.5,0.0,0.0,184.0
175136,"Fish, salmon, coho, wild, raw",SR Legacy,21.62,5.93,0.0,0.0,146.0
168047,"Fish, salmon, king (chinook), raw (Alaska Native)",SR Legacy,20.25,11.73,0.0,0.0,187.0
168024,"Fish, salmon, king, chinook, kippered, canned (Alaska Native)",SR Legacy,30.7,15.9,0.0,,266.0
167616,"Fish, salmon, king, chinook, liver (Alaska Native)",SR Legacy,16.6,8.0,4.3,,156.0
167614,"Fish, salmon, king, chinook, smoked and canned (Alaska Native)",SR Legacy,23.2,5.9,0.0,,150.0
167615,"Fish, salmon, king, chinook, smoked, brined (Alaska Native)",SR Legacy,39.9,30.0,0.0,0.0,430.0
167647,"Fish, salmon, king, with skin, kippered, (Alaska Native)",SR Legacy,23.19,12.95,0.0,0.0,209.0
175175,"Fish, salmon, pink, canned, drained solids",SR Legacy,23.1,5.02,0.0,0.0,138.0
173724,"Fish, Salmon, pink, canned, drained solids, without skin and bones",SR Legacy,24.62,4.21,0.0,0.0,136.0
173690,"Fish, salmon, pink, canned, total can contents",SR Legacy,19.68,4.97,0.0,0.0,129.0
174225,"Fish, salmon, pink, canned, without salt, solids with bone and liquid",SR Legacy,19.78,6.05,0.0,0.0,139.0
172001,"Fish, salmon, pink, cooked, dry heat",SR Legacy,24.58,5.28,0.0,0.0,153.0
175138,"Fish, salmon, pink, raw",SR Legacy,20.5,4.4,0.0,0.0,127.0
167645,"Fish, salmon, red, (sockeye), canned, smoked (Alaska Native)",SR Legacy,35.19,7.26,0.0,0.0,206.0
167646,"Fish, salmon, red, (sockeye), kippered (Alaska Native)",SR Legacy,24.5,4.75,0.0,0.0,141.0
167642,"Fish, salmon, red, canned, bones removed (Alaska Native)",SR Legacy,27.31,5.76,0.0,0.0,161.0
168045,"Fish, salmon, sockeye (red), raw (Alaska Native)",SR Legacy,21.94,7.28,0.0,0.0,153.0
173693,"Fish, salmon, sockeye, canned, drained solids",SR Legacy,23.59,7.39,0.0,0.0,167.0
174226,"Fish, salmon, sockeye, canned, without salt, drained solids with bone",SR Legacy,20.47,7.31,0.0,0.0,153.0
173692,"Fish, salmon, sockeye, cooked, dry heat",SR Legacy,26.48,5.57,0.0,0.0,156.0
173691,"Fish, salmon, sockeye, raw",SR Legacy,22.25,4.69,0.0,0.0,131.0
2684440,"Fish, salmon, sockeye, wild caught, raw",Foundation Foods,22.3,4.936,0.0,,129.984
168023,"Fish, salmon, tipnuk, fermented (Alaska Native)",SR Legacy,15.9,10.6,0.0,,159.0
175139,"Fish, sardine, Atlantic, canned in oil, drained solids with bone",SR Legacy,24.62,11.45,0.0,0.0,208.0
175140,"Fish, sardine, Pacific, canned in tomato sauce, drained solids with bone",SR Legacy,20.86,10.45,0.54,0.1,185.0
174241,"Fish, scup, cooked, dry heat",SR Legacy,24.21,3.5,0.0,0.0,135.0
175141,"Fish, scup, raw",SR Legacy,18.88,2.73,0.0,0.0,105.0
173694,"Fish, sea bass, mixed species, cooked, dry heat",SR Legacy,23.63,2.56,0.0,0.0,124.0
175142,"Fish, sea bass, mixed species, raw",SR Legacy,18.43,2.0,0.0,0.0,97.0
174242,"Fish, seatrout, mixed species, cooked, dry heat",SR Legacy,21.46,4.63,0.0,0.0,133.0
173695,"Fish, seatrout, mixed species, raw",SR Legacy,16.74,3.61,0.0,0.0,104.0
174243,"Fish, shad, american, cooked, dry heat",SR Legacy,21.71,17.65,0.0,0.0,252.0
173696,"Fish, shad, american, raw",SR Legacy,16.93,13.77,0.0,0.0,197.0
175143,"Fish, shark, mixed species, cooked, batter-dipped and fried",SR Legacy,18.62,13.82,6.39,0.0,228.0
173697,"Fish, shark, mixed species, raw",SR Legacy,20.98,4.51,0.0,0.0,130.0
167648,"Fish, sheefish, raw (Alaska Native)",SR Legacy,22.25,2.84,0.0,0.0,115.0
175145,"Fish, sheepshead, cooked, dry heat",SR Legacy,26.02,1.63,0.0,0.0,126.0
175144,"Fish, sheepshead, raw",SR Legacy,20.21,2.41,0.0,0.0,108.0
175147,"Fish, smelt, rainbow, cooked, dry heat",SR Legacy,22.6,3.1,0.0,0.0,124.0
175146,"Fish, smelt, rainbow, raw",SR Legacy,17.63,2.42,0.0,0.0,97.0
173699,"Fish, snapper, mixed species, cooked, dry heat",SR Legacy,26.3,1.72,0.0,0.0,128.0
173698,"Fish, snapper, mixed species, raw",SR Legacy,20.51,1.34,0.0,0.0,100.0
174244,"Fish, spot, cooked, dry heat",SR Legacy,23.73,6.28,0.0,0.0,158.0
173700,"Fish, spot, raw",SR Legacy,18.51,4.9,0.0,0.0,123.0
175148,"Fish, sturgeon, mixed species, cooked, dry heat",SR Legacy,20.7,5.18,0.0,0.0,135.0
173701,"Fish, sturgeon, mixed species, raw",SR Legacy,16.14,4.04,0.0,0.0,105.0
175149,"Fish, sturgeon, mixed species, smoked",SR Legacy,31.2,4.4,0.0,0.0,173.0
172002,"Fish, sucker, white, cooked, dry heat",SR Legacy,21.49,2.97,0.0,0.0,119.0
175150,"Fish, sucker, white, raw",SR Legacy,16.76,2.32,0.0,0.0,92.0
172003,"Fish, sunfish, pumpkin seed, cooked, dry heat",SR Legacy,24.87,0.9,0.0,0.0,114.0
175151,"Fish, sunfish, pumpkin seed, raw",SR Legacy,19.4,0.7,0.0,0.0,89.0
173702,"Fish, surimi",SR Legacy,15.18,0.9,6.85,0.0,99.0
173704,"Fish, swordfish, cooked, dry heat",SR Legacy,23.45,7.93,0.0,0.0,172.0
173703,"Fish, swordfish, raw",SR Legacy,19.66,6.65,0.0,0.0,144.0
175177,"Fish, tilapia, cooked, dry heat",SR Legacy,26.15,2.65,0.0,0.0,128.0
2684442,"Fish, tilapia, farm raised, raw",Foundation Foods,19.0,2.479,0.0,,94.659
175176,"Fish, tilapia, raw",SR Legacy,20.08,1.7,0.0,0.0,96.0
175152,"Fish, tilefish, cooked, dry heat",SR Legacy,24.49,4.69,0.0,0.0,147.0
173705,"Fish, tilefish, raw",SR Legacy,17.5,2.31,0.0,0.0,96.0
175181,"Fish, trout, brook, raw, New York State",SR Legacy,21.23,2.73,0.0,,110.0
172004,"Fish, trout, mixed species, cooked, dry heat",SR Legacy,26.63,8.47,0.0,0.0,190.0
175153,"Fish, trout, mixed species, raw",SR Legacy,20.77,6.61,0.0,0.0,148.0
173718,"Fish, trout, rainbow, farmed, cooked, dry heat",SR Legacy,23.8,7.38,0.0,0.0,168.0
173717,"Fish, trout, rainbow, farmed, raw",SR Legacy,19.94,6.18,0.0,0.0,141.0
175155,"Fish, trout, rainbow, wild, cooked, dry heat",SR Legacy,22.92,5.82,0.0,0.0,150.0
175154,"Fish, trout, rainbow, wild, raw",SR Legacy,20.48,3.46,0.0,0.0,119.0
175160,"Fish, tuna salad",SR Legacy,16.04,9.26,9.41,0.0,187.0
173707,"Fish, tuna, fresh, bluefin, cooked, dry heat",SR Legacy,29.91,6.28,0.0,0.0,184.0
173706,"Fish, tuna, fresh, bluefin, raw",SR Legacy,23.33,4.9,0.0,0.0,144.0
175156,"Fish, tuna, fresh, skipjack, raw",SR Legacy,22.0,1.01,0.0,0.0,103.0
175159,"Fish, tuna, fresh, yellowfin, raw",SR Legacy,24.4,0.49,0.0,0.0,109.0
173708,"Fish, tuna, light, canned in oil, drained solids",SR Legacy,29.13,8.21,0.0,0.0,198.0
174227,"Fish, tuna, light, canned in oil, without salt, drained solids",SR Legacy,29.13,8.21,0.0,0.0,198.0
334194,"Fish, tuna, light, canned in water, drained solids",Foundation Foods,19.0,0.94,0.08,,90.0
173709,"Fish, tuna, light, canned in water, drained solids (Includes foods for USDA's Food Distribution Program)",SR Legacy,19.44,0.96,0.0,0.0,86.0
171986,"Fish, tuna, light, canned in water, without salt, drained solids",SR Legacy,25.51,0.82,0.0,0.0,116.0
172005,"Fish, tuna, skipjack, fresh, cooked, dry heat",SR Legacy,28.21,1.29,0.0,0.0,132.0
175157,"Fish, tuna, white, canned in oil, drained solids",SR Legacy,26.53,8.08,0.0,0.0,186.0
171987,"Fish, tuna, white, canned in oil, without salt, drained solids",SR Legacy,26.53,8.08,0.0,0.0,186.0
175158,"Fish, tuna, white, canned in water, drained solids",SR Legacy,23.62,2.97,0.0,0.0,128.0
171988,"Fish, tuna, white, canned in water, without salt, drained solids",SR Legacy,23.62,2.97,0.0,0.0,128.0
172006,"Fish, tuna, yellowfin, fresh, cooked, dry heat",SR Legacy,29.15,0.59,0.0,0.0,130.0
174245,"Fish, turbot, european, cooked, dry heat",SR Legacy,20.58,3.78,0.0,0.0,122.0
173710,"Fish, turbot, european, raw",SR Legacy,16.05,2.95,0.0,0.0,95.0
168034,"Fish, whitefish, broad, head, eyes, cheeks and soft bones (Alaska Native)",SR Legacy,18.6,3.6,0.0,,107.0
167626,"Fish, whitefish, broad, liver (Alaska Native)",SR Legacy,11.0,4.4,5.1,,104.0
168052,"Fish, whitefish, dried (Alaska Native)",SR Legacy,62.44,13.44,0.0,0.0,371.0
167643,"Fish, whitefish, eggs (Alaska Native)",SR Legacy,14.66,2.88,4.89,0.0,104.0
174246,"Fish, whitefish, mixed species, cooked, dry heat",SR Legacy,24.47,7.51,0.0,0.0,172.0
173711,"Fish, whitefish, mixed species, raw",SR Legacy,19.09,5.86,0.0,0.0,134.0
168033,"Fish, whitefish, mixed species, raw (Alaska Native)",SR Legacy,18.9,6.1,0.0,,131.0
173712,"Fish, whitefish, mixed species, smoked",SR Legacy,23.4,0.93,0.0,0.0,108.0
175161,"Fish, whiting, mixed species, cooked, dry heat",SR Legacy,23.48,1.69,0.0,0.0,116.0
173713,"Fish, whiting, mixed species, raw",SR Legacy,18.31,1.31,0.0,0.0,90.0
174247,"Fish, wolffish, Atlantic, cooked, dry heat",SR Legacy,22.44,3.06,0.0,0.0,123.0
175162,"Fish, wolffish, Atlantic, raw",SR Legacy,17.5,2.39,0.0,0.0,96.0
174248,"Fish, yellowtail, mixed species, cooked, dry heat",SR Legacy,29.67,6.72,0.0,0.0,187.0
175163,"Fish, yellowtail, mixed species, raw",SR Legacy,23.14,5.24,0.0,0.0,146.0
169602,"Flan, caramel custard, dry mix",SR Legacy,0.0,0.0,91.6,0.0,348.0
169621,"Flan, caramel custard, dry mix, prepared with 2% milk",SR Legacy,2.99,1.72,18.82,0.0,103.0
168796,"Flan, caramel custard, dry mix, prepared with whole milk",SR Legacy,2.95,3.0,18.68,0.0,113.0
2262075,"Flaxseed, ground",Foundation Foods,18.0359,37.28,34.3551,23.13,545.084
2003586,"Flour, 00",Foundation Foods,11.4,1.52,74.4462,2.656,357.0648
2261420,"Flour, almond",Foundation Foods,26.24375,50.23,16.24925,9.266,622.042
2512371,"Flour, amaranth",Foundation Foods,13.2093,6.236,68.7787,7.209,384.076
2512376,"Flour, barley",Foundation Foods,8.72168,2.45,77.39832,12.79,366.53
790146,"Flour, bread, white, enriched, unbleached",Foundation Foods,14.3,1.65,72.8,,363.0
2512374,"Flour, buckwheat",Foundation Foods,8.88492,2.484,75.01808,10.35,357.968
2512377,"Flour, cassava",Foundation Foods,0.918225,0.4938,87.312975,4.834,357.369
2515377,"Flour, chestnut",Foundation Foods,5.28675,4.636,80.45025,8.711,384.672
2515382,"Flour, coconut",Foundation Foods,16.1385,15.28,58.9025,34.24,437.684
790276,"Flour, corn, yellow, fine meal, enriched",Foundation Foods,6.2,1.74,80.8,4.3,364.0
2261421,"Flour, oat, whole grain",Foundation Foods,13.16875,6.309,69.91725,10.5,389.125
1104913,"Flour, pastry, unenriched, unbleached",Foundation Foods,8.75,1.64,77.2,,358.0
2261422,"Flour, potato",Foundation Foods,8.1125,0.9513,79.9422,5.401,360.7805
2512372,"Flour, quinoa",Foundation Foods,11.92235,6.601,69.52465,6.295,385.197
1104812,"Flour, rice, brown",Foundation Foods,7.19,3.85,75.5,,365.25
1104867,"Flour, rice, glutinous",Foundation Foods,6.69,1.16,80.1,,358.0
790214,"Flour, rice, white, unenriched",Foundation Foods,6.94,1.3,79.8,0.5,359.0
2512375,"Flour, rye",Foundation Foods,8.3952,1.908,77.1618,13.68,359.4
2003588,"Flour, semolina, coarse and semi-coarse",Foundation Foods,11.73125,1.597,73.82345,3.216,356.5918
2003589,"Flour, semolina, fine",Foundation Foods,13.33125,1.838,71.98575,3.683,357.81
2512373,"Flour, sorghum",Foundation Foods,8.27277,3.586,77.39123,6.019,374.93
1104705,"Flour, soy, defatted",Foundation Foods,51.1,3.33,32.9,,366.0
1104766,"Flour, soy, full-fat",Foundation Foods,38.6,20.7,27.9,,452.0
2003587,"Flour, spelt, whole grain",Foundation Foods,14.475,2.543,70.723,9.339,363.679
789890,"Flour, wheat, all-purpose, enriched, bleached",Foundation Foods,10.9,1.48,77.3,,366.0
789951,"Flour, wheat, all-purpose, enriched, unbleached",Foundation Foods,13.1,1.48,73.2,,358.0
790018,"Flour, wheat, all-purpose, unenriched, unbleached",Foundation Foods,12.0,1.7,74.6,3.0,362.0
790085,"Flour, whole wheat, unenriched",Foundation Foods,15.1,2.73,71.2,10.6,370.0
169883,"Fluid replacement, electrolyte solution (include PEDIALYTE)",SR Legacy,0.0,0.0,2.45,0.0,10.0
167945,"Focaccia, Italian flatbread, plain",SR Legacy,8.77,7.89,35.82,1.8,249.0
2710829,"Fonio, grain, dry, raw",Foundation Foods,7.16875,1.693,81.30525,2.197,369.133
173149,"Formulated bar, high fiber, chewy, oats and chocolate",SR Legacy,5.0,10.0,69.82,22.5,389.0
174787,"Formulated bar, LUNA BAR, NUTZ OVER CHOCOLATE",SR Legacy,20.75,12.19,52.49,4.3,403.0
174782,"Formulated bar, MARS SNACKFOOD US, COCOAVIA, Chocolate Almond Snack Bar",SR Legacy,7.72,14.19,51.68,5.2,347.0
173138,"Formulated bar, MARS SNACKFOOD US, COCOAVIA, Chocolate Blueberry Snack Bar",SR Legacy,6.21,9.27,57.87,4.6,325.0
174780,"Formulated bar, MARS SNACKFOOD US, SNICKERS MARATHON Chewy Chocolate Peanut Bar",SR Legacy,24.29,13.12,47.24,2.5,396.0
173132,"Formulated bar, MARS SNACKFOOD US, SNICKERS MARATHON Double Chocolate Nut Bar",SR Legacy,22.35,8.99,51.66,10.5,377.0
173136,"Formulated bar, MARS SNACKFOOD US, SNICKERS MARATHON Energy Bar, all flavors",SR Legacy,21.91,10.79,50.3,6.7,386.0
173134,"Formulated bar, MARS SNACKFOOD US, SNICKERS MARATHON Honey Nut Oat Bar",SR Legacy,22.5,7.87,55.13,11.0,381.0
174781,"Formulated bar, MARS SNACKFOOD US, SNICKERS MARATHON MULTIGRAIN CRUNCH BAR",SR Legacy,18.49,13.18,57.27,2.8,422.0
174786,"Formulated bar, MARS SNACKFOOD US, SNICKERS MARATHON Protein Performance Bar, Caramel Nut Rush",SR Legacy,25.0,12.5,50.5,12.5,415.0
173137,"Formulated bar, POWER BAR, chocolate",SR Legacy,14.15,3.11,69.63,5.7,363.0
173139,"Formulated bar, SLIM-FAST OPTIMA meal bar, milk chocolate peanut",SR Legacy,16.19,8.92,60.21,5.1,386.0
173158,"Formulated Bar, SOUTH BEACH protein bar",SR Legacy,30.34,15.17,38.4,7.3,412.0
174792,"Formulated bar, ZONE PERFECT CLASSIC CRUNCH BAR, mixed flavors",SR Legacy,30.0,14.0,45.0,2.0,426.0
174614,"Frankfurter, beef, heated",SR Legacy,11.69,29.36,2.66,0.0,322.0
167696,"Frankfurter, beef, low fat",SR Legacy,12.0,9.5,1.6,0.0,140.0
172949,"Frankfurter, beef, pork, and turkey, fat free",SR Legacy,12.5,1.59,11.21,0.0,109.0
173862,"Frankfurter, beef, unheated",SR Legacy,11.69,28.1,2.97,0.0,315.0
171624,"Frankfurter, chicken",SR Legacy,15.51,16.19,2.74,0.0,223.0
168131,"Frankfurter, low sodium",SR Legacy,12.0,28.51,1.8,0.0,312.0
172968,"Frankfurter, meat",SR Legacy,10.26,25.76,4.17,0.0,290.0
171633,"Frankfurter, meat and poultry, cooked, boiled",SR Legacy,10.31,26.28,4.96,0.0,298.0
171634,"Frankfurter, meat and poultry, cooked, grilled",SR Legacy,10.67,26.43,5.24,0.0,302.0
169866,"Frankfurter, meat and poultry, low fat",SR Legacy,15.5,2.8,8.4,0.1,121.0
173875,"Frankfurter, meat and poultry, unheated",SR Legacy,9.72,24.18,5.02,0.0,277.0
174615,"Frankfurter, meat, heated",SR Legacy,9.77,24.31,4.9,0.0,278.0
169887,"Frankfurter, meatless",SR Legacy,19.61,13.73,7.7,3.9,233.0
172964,"Frankfurter, pork",SR Legacy,12.81,23.68,0.28,0.1,269.0
171625,"Frankfurter, turkey",SR Legacy,12.23,17.29,3.81,0.0,223.0
172763,"French toast, frozen, ready-to-heat",SR Legacy,7.4,6.1,32.1,1.1,213.0
174998,"French toast, prepared from recipe, made with low fat (2%) milk",SR Legacy,7.7,10.8,25.0,,229.0
172466,"Frijoles rojos volteados (Refried beans, red, canned)",SR Legacy,5.0,6.93,15.47,4.7,144.0
168148,"Frog legs, raw",SR Legacy,16.4,0.3,0.0,0.0,73.0
169625,"Frostings, chocolate, creamy, dry mix",SR Legacy,1.3,5.2,92.0,2.4,389.0
168800,"Frostings, chocolate, creamy, dry mix, prepared with butter",SR Legacy,1.11,13.06,71.8,1.9,408.0
168845,"Frostings, chocolate, creamy, dry mix, prepared with margarine",SR Legacy,1.1,12.87,71.02,1.9,404.0
168795,"Frostings, chocolate, creamy, ready-to-eat",SR Legacy,1.1,17.6,63.2,0.9,397.0
169618,"Frostings, coconut-nut, ready-to-eat",SR Legacy,1.5,24.0,52.7,2.5,433.0
169619,"Frostings, cream cheese-flavor, ready-to-eat",SR Legacy,0.1,17.3,67.32,0.0,415.0
168852,"Frostings, glaze, chocolate, prepared-from-recipe, with butter, NFSMI Recipe No. C-32",SR Legacy,1.42,7.17,72.18,1.1,359.0
169668,"Frostings, glaze, prepared-from-recipe",SR Legacy,0.44,0.53,83.65,0.0,341.0
168802,"Frostings, vanilla, creamy, dry mix",SR Legacy,0.3,4.9,93.8,0.1,410.0
168844,"Frostings, vanilla, creamy, dry mix, prepared with margarine",SR Legacy,0.34,12.74,74.28,0.1,413.0
169620,"Frostings, vanilla, creamy, ready-to-eat",SR Legacy,0.0,16.23,67.89,0.0,418.0
168803,"Frostings, white, fluffy, dry mix",SR Legacy,2.3,0.0,94.9,0.0,371.0
169626,"Frostings, white, fluffy, dry mix, prepared with water",SR Legacy,1.5,0.0,62.6,0.0,244.0
169632,"Frozen novelties, fruit and juice bars",SR Legacy,1.2,0.1,20.2,1.0,87.0
168130,"Frozen novelties, ice cream type, chocolate or caramel covered, with nuts",SR Legacy,4.4,20.2,30.9,0.6,323.0
169900,"Frozen novelties, ice cream type, sundae, prepackaged",SR Legacy,4.3,6.0,29.64,0.3,190.0
167683,"Frozen novelties, ice cream type, vanilla ice cream, light, no sugar added, chocolate coated",SR Legacy,6.4,10.1,26.11,0.8,221.0
169613,"Frozen novelties, ice type, fruit, no sugar added",SR Legacy,0.5,0.1,6.2,0.0,24.0
168812,"Frozen novelties, ice type, italian, restaurant-prepared",SR Legacy,0.03,0.02,13.5,0.0,53.0
169638,"Frozen novelties, ice type, lime",SR Legacy,0.4,0.0,32.6,0.0,128.0
168847,"Frozen novelties, ice type, pineapple-coconut",SR Legacy,0.0,2.6,23.9,0.7,113.0
168813,"Frozen novelties, ice type, pop",SR Legacy,0.0,0.24,19.23,0.0,79.0
168132,"Frozen novelties, ice type, pop, with low calorie sweetener",SR Legacy,0.0,0.0,5.92,0.0,24.0
170259,"Frozen novelties, ice type, sugar free, orange, cherry, and grape POPSICLE pops",SR Legacy,0.0,0.0,5.14,0.0,21.0
167721,"Frozen novelties, juice type, juice with cream",SR Legacy,1.41,1.41,24.11,0.1,115.0
168113,"Frozen novelties, juice type, orange",SR Legacy,0.5,0.0,23.17,0.1,95.0
170255,"Frozen novelties, juice type, POPSICLE SCRIBBLERS",SR Legacy,0.0,0.24,19.68,0.0,81.0
170665,"Frozen novelties, KLONDIKE, SLIM-A-BEAR Chocolate Cone",SR Legacy,4.09,4.1,45.32,4.3,224.0
170260,"Frozen novelties, KLONDIKE, SLIM-A-BEAR Fudge Bar, 98% fat free, no sugar added",SR Legacy,4.31,1.88,30.07,6.0,124.0
170666,"Frozen novelties, KLONDIKE, SLIM-A-BEAR Vanilla Sandwich",SR Legacy,3.9,5.85,42.75,4.3,239.0
170667,"Frozen novelties, KLONDIKE, SLIM-A-BEAR, No Sugar Added, Stickless Bar",SR Legacy,5.2,13.0,25.98,3.9,242.0
170266,"Frozen novelties, No Sugar Added CREAMSICLE Pops",SR Legacy,3.69,0.61,12.88,3.6,72.0
170258,"Frozen novelties, No Sugar Added, FUDGSICLE pops",SR Legacy,3.67,1.87,23.11,1.5,124.0
170267,"Frozen novelties, Sugar Free, CREAMSICLE Pops",SR Legacy,1.37,2.33,11.95,7.5,49.0
168104,"Frozen yogurts, chocolate",SR Legacy,3.0,3.6,21.6,2.3,131.0
168103,"Frozen yogurts, chocolate, nonfat milk, sweetened without sugar",SR Legacy,4.4,0.8,19.7,2.0,107.0
168848,"Frozen yogurts, chocolate, soft-serve",SR Legacy,4.0,6.0,24.9,2.2,160.0
168105,"Frozen yogurts, flavors other than chocolate",SR Legacy,3.0,3.6,21.6,0.0,127.0
168815,"Frozen yogurts, vanilla, soft-serve",SR Legacy,4.0,5.6,24.2,0.0,159.0
168816,"Fruit butters, apple",SR Legacy,0.39,0.3,42.47,1.5,173.0
173029,"Fruit cocktail, (peach and pineapple and pear and grape and cherry), canned, extra heavy syrup, solids and liquids",SR Legacy,0.39,0.07,22.89,1.1,88.0
173026,"Fruit cocktail, (peach and pineapple and pear and grape and cherry), canned, extra light syrup, solids and liquids",SR Legacy,0.4,0.07,11.63,1.1,45.0
173028,"Fruit cocktail, (peach and pineapple and pear and grape and cherry), canned, heavy syrup, solids and liquids",SR Legacy,0.39,0.07,18.91,1.0,73.0
174668,"Fruit cocktail, (peach and pineapple and pear and grape and cherry), canned, juice pack, solids and liquids",SR Legacy,0.46,0.01,11.86,1.0,46.0
173027,"Fruit cocktail, (peach and pineapple and pear and grape and cherry), canned, light syrup, solids and liquids",SR Legacy,0.4,0.07,14.93,1.0,57.0
174667,"Fruit cocktail, (peach and pineapple and pear and grape and cherry), canned, water pack, solids and liquids",SR Legacy,0.42,0.05,8.51,1.0,32.0
168178,"Fruit cocktail, canned, heavy syrup, drained",SR Legacy,0.47,0.1,18.8,1.7,70.0
167797,"Fruit juice smoothie, BOLTHOUSE FARMS, BERRY BOOST",SR Legacy,0.63,0.02,10.9,0.0,46.0
167798,"Fruit juice smoothie, BOLTHOUSE FARMS, GREEN GOODNESS",SR Legacy,0.63,0.33,13.04,0.6,56.0
167799,"Fruit juice smoothie, BOLTHOUSE FARMS, strawberry banana",SR Legacy,0.44,0.3,12.37,0.6,52.0
168206,"Fruit juice smoothie, NAKED JUICE, BLUE MACHINE",SR Legacy,0.42,0.0,16.67,2.9,71.0
167796,"Fruit juice smoothie, NAKED JUICE, GREEN MACHINE",SR Legacy,0.6,0.26,12.53,0.7,53.0
167795,"Fruit juice smoothie, NAKED JUICE, MIGHTY MANGO",SR Legacy,0.42,0.0,15.0,0.0,63.0
168214,"Fruit juice smoothie, NAKED JUICE, strawberry banana",SR Legacy,0.48,0.27,11.66,0.6,50.0
168208,"Fruit juice smoothie, ODWALLA, ORIGINAL SUPERFOOD",SR Legacy,0.63,0.36,11.51,0.6,50.0
168213,"Fruit juice smoothie, ODWALLA, strawberry banana",SR Legacy,0.5,0.32,11.05,0.6,48.0
174672,"Fruit salad, (peach and pear and apricot and pineapple and cherry), canned, extra heavy syrup, solids and liquids",SR Legacy,0.33,0.06,22.77,1.0,88.0
174670,"Fruit salad, (peach and pear and apricot and pineapple and cherry), canned, juice pack, solids and liquids",SR Legacy,0.51,0.03,13.05,1.0,50.0
174671,"Fruit salad, (peach and pear and apricot and pineapple and cherry), canned, light syrup, solids and liquids",SR Legacy,0.34,0.07,15.14,1.0,58.0
174669,"Fruit salad, (peach and pear and apricot and pineapple and cherry), canned, water pack, solids and liquids",SR Legacy,0.35,0.07,7.87,1.0,30.0
167764,"Fruit salad, (pineapple and papaya and banana and guava), tropical, canned, heavy syrup, solids and liquids",SR Legacy,0.41,0.1,22.36,1.3,86.0
167953,Fruit syrup,SR Legacy,0.0,0.0,85.13,0.1,341.0
167655,"Frybread, made with lard (Apache)",SR Legacy,8.38,10.14,46.01,1.7,309.0
167635,"Frybread, made with lard (Navajo)",SR Legacy,6.69,12.22,48.26,,330.0
168581,"Fungi, Cloud ears, dried",SR Legacy,9.25,0.73,73.01,70.1,284.0
174421,"Game meat , bison, ground, raw",SR Legacy,18.67,15.93,0.0,0.0,223.0
174423,"Game meat , bison, top sirloin, separable lean only, 1"" steak, cooked, broiled",SR Legacy,28.05,5.65,0.0,0.0,171.0
173844,"Game meat, antelope, cooked, roasted",SR Legacy,29.45,2.67,0.0,0.0,150.0
175292,"Game meat, antelope, raw",SR Legacy,22.38,2.03,0.0,0.0,114.0
173846,"Game meat, bear, cooked, simmered",SR Legacy,32.42,13.39,0.0,0.0,259.0
173845,"Game meat, bear, raw",SR Legacy,20.1,8.3,0.0,0.0,161.0
175295,"Game meat, beaver, cooked, roasted",SR Legacy,34.85,6.96,0.0,0.0,212.0
175294,"Game meat, beaver, raw",SR Legacy,24.05,4.8,0.0,0.0,146.0
173848,"Game meat, beefalo, composite of cuts, cooked, roasted",SR Legacy,30.66,6.32,0.0,0.0,188.0
175296,"Game meat, beefalo, composite of cuts, raw",SR Legacy,23.3,4.8,0.0,0.0,143.0
174424,"Game meat, bison, chuck, shoulder clod, separable lean only, cooked, braised",SR Legacy,33.78,5.43,0.0,0.0,193.0
172598,"Game meat, bison, chuck, shoulder clod, separable lean only, raw",SR Legacy,21.12,3.15,0.0,0.0,119.0
174422,"Game meat, bison, ground, cooked, pan-broiled",SR Legacy,23.77,15.13,0.0,0.0,238.0
172599,"Game meat, bison, ribeye, separable lean only, 1"" steak, cooked, broiled",SR Legacy,29.45,5.67,0.0,0.0,177.0
172565,"Game meat, bison, ribeye, separable lean only, trimmed to 0"" fat, raw",SR Legacy,22.1,2.4,0.0,,116.0
173852,"Game meat, bison, separable lean only, cooked, roasted",SR Legacy,28.44,2.42,0.0,0.0,143.0
173851,"Game meat, bison, separable lean only, raw",SR Legacy,21.62,1.84,0.0,0.0,109.0
172566,"Game meat, bison, shoulder clod, separable lean only, trimmed to 0"" fat, raw",SR Legacy,21.1,2.1,0.0,,109.0
172600,"Game meat, bison, top round, separable lean only, 1"" steak, cooked, broiled",SR Legacy,30.18,4.96,0.0,0.0,174.0
172601,"Game meat, bison, top round, separable lean only, 1"" steak, raw",SR Legacy,23.32,2.43,0.0,0.0,122.0
172564,"Game meat, bison, top sirloin, separable lean only, trimmed to 0"" fat, raw",SR Legacy,21.4,2.4,0.0,,113.0
175298,"Game meat, boar, wild, cooked, roasted",SR Legacy,28.3,4.38,0.0,0.0,160.0
175297,"Game meat, boar, wild, raw",SR Legacy,21.51,3.33,0.0,0.0,122.0
175300,"Game meat, buffalo, water, cooked, roasted",SR Legacy,26.83,1.8,0.0,0.0,131.0
175299,"Game meat, buffalo, water, raw",SR Legacy,20.39,1.37,0.0,0.0,99.0
173854,"Game meat, caribou, cooked, roasted",SR Legacy,29.77,4.42,0.0,0.0,167.0
173853,"Game meat, caribou, raw",SR Legacy,22.63,3.36,0.0,0.0,127.0
175085,"Game meat, deer, cooked, roasted",SR Legacy,30.21,3.19,0.0,0.0,158.0
172603,"Game meat, deer, ground, cooked, pan-broiled",SR Legacy,26.45,8.22,0.0,0.0,187.0
172602,"Game meat, deer, ground, raw",SR Legacy,21.78,7.13,0.0,0.0,157.0
172604,"Game meat, deer, loin, separable lean only, 1"" steak, cooked, broiled",SR Legacy,30.2,2.38,0.0,0.0,150.0
173855,"Game meat, deer, raw",SR Legacy,22.96,2.42,0.0,0.0,120.0
172605,"Game meat, deer, shoulder clod, separable lean only, cooked, braised",SR Legacy,36.28,3.95,0.0,0.0,191.0
174430,"Game meat, deer, tenderloin, separable lean only, cooked, broiled",SR Legacy,29.9,2.35,0.0,0.0,149.0
174431,"Game meat, deer, top round, separable lean only, 1"" steak, cooked, broiled",SR Legacy,31.47,1.92,0.0,0.0,152.0
175302,"Game meat, elk, cooked, roasted",SR Legacy,30.19,1.9,0.0,0.0,146.0
174426,"Game meat, elk, ground, cooked, pan-broiled",SR Legacy,26.64,8.74,0.0,0.0,193.0
174425,"Game meat, elk, ground, raw",SR Legacy,21.76,8.82,0.0,0.0,172.0
174427,"Game meat, elk, loin, separable lean only, cooked, broiled",SR Legacy,31.0,3.84,0.0,0.0,167.0
175301,"Game meat, elk, raw",SR Legacy,22.95,1.45,0.0,0.0,111.0
174428,"Game meat, elk, round, separable lean only, cooked, broiled",SR Legacy,30.94,2.64,0.0,0.0,156.0
174429,"Game meat, elk, tenderloin, separable lean only, cooked, broiled",SR Legacy,30.76,3.41,0.0,0.0,162.0
175304,"Game meat, goat, cooked, roasted",SR Legacy,27.1,3.03,0.0,0.0,143.0
175303,"Game meat, goat, raw",SR Legacy,20.6,2.31,0.0,0.0,109.0
175087,"Game meat, horse, cooked, roasted",SR Legacy,28.14,6.05,0.0,0.0,175.0
175086,"Game meat, horse, raw",SR Legacy,21.39,4.6,0.0,0.0,133.0
174345,"Game meat, moose, cooked, roasted",SR Legacy,29.27,0.97,0.0,0.0,134.0
174344,"Game meat, moose, raw",SR Legacy,22.24,0.74,0.0,0.0,102.0
172519,"Game meat, muskrat, cooked, roasted",SR Legacy,30.09,11.74,0.0,0.0,234.0
172518,"Game meat, muskrat, raw",SR Legacy,20.76,8.1,0.0,0.0,162.0
172520,"Game meat, opossum, cooked, roasted",SR Legacy,30.2,10.2,0.0,0.0,221.0
172522,"Game meat, rabbit, domesticated, composite of cuts, cooked, roasted",SR Legacy,29.06,8.05,0.0,0.0,197.0
174346,"Game meat, rabbit, domesticated, composite of cuts, cooked, stewed",SR Legacy,30.38,8.41,0.0,0.0,206.0
172521,"Game meat, rabbit, domesticated, composite of cuts, raw",SR Legacy,20.05,5.55,0.0,0.0,136.0
174348,"Game meat, rabbit, wild, cooked, stewed",SR Legacy,33.02,3.51,0.0,0.0,173.0
174347,"Game meat, rabbit, wild, raw",SR Legacy,21.79,2.32,0.0,0.0,114.0
174349,"Game meat, raccoon, cooked, roasted",SR Legacy,29.2,14.5,0.0,0.0,255.0
172524,"Game meat, squirrel, cooked, roasted",SR Legacy,30.77,4.69,0.0,0.0,173.0
172523,"Game meat, squirrel, raw",SR Legacy,21.23,3.21,0.0,0.0,120.0
167939,"Garlic bread, frozen",SR Legacy,8.36,16.61,41.72,2.5,350.0
1104647,"Garlic, raw",Foundation Foods,6.62,0.38,28.2,2.7,143.0
168775,"Gelatin desserts, dry mix",SR Legacy,7.8,0.0,90.5,0.0,381.0
169596,"Gelatin desserts, dry mix, prepared with water",SR Legacy,1.22,0.0,14.19,0.0,60.0
169597,"Gelatin desserts, dry mix, reduced calorie, with aspartame",SR Legacy,15.67,0.0,80.21,0.1,198.0
169692,"Gelatin desserts, dry mix, reduced calorie, with aspartame, added phosphorus, potassium, sodium, vitamin C",SR Legacy,55.3,0.0,33.3,0.0,345.0
169693,"Gelatin desserts, dry mix, reduced calorie, with aspartame, no added sodium",SR Legacy,55.3,0.0,33.3,0.0,345.0
169598,"Gelatin desserts, dry mix, reduced calorie, with aspartame, prepared with water",SR Legacy,0.83,0.0,4.22,0.0,20.0
169691,"Gelatin desserts, dry mix, with added ascorbic acid, sodium-citrate and salt",SR Legacy,7.8,0.0,90.5,0.0,381.0
169599,"Gelatins, dry powder, unsweetened",SR Legacy,85.6,0.1,0.0,0.0,335.0
173254,"George Weston Bakeries, Brownberry Sage and Onion Stuffing Mix, dry",SR Legacy,13.3,5.1,72.7,5.4,390.0
167515,"George Weston Bakeries, Thomas English Muffins",SR Legacy,8.0,1.8,46.0,,232.0
169765,"Ginger root, pickled, canned, with artificial sweetener",SR Legacy,0.33,0.1,4.83,2.6,20.0
169231,"Ginger root, raw",SR Legacy,1.82,0.75,17.77,2.0,80.0
167592,"Glutino, Gluten Free Cookies, Chocolate Vanilla Creme",SR Legacy,2.19,17.89,76.03,2.5,474.0
167593,"Glutino, Gluten Free Cookies, Vanilla Creme",SR Legacy,2.19,18.79,77.34,0.0,487.0
168002,"Glutino, Gluten Free Wafers, Lemon Flavored",SR Legacy,0.0,24.18,74.39,0.0,515.0
168003,"Glutino, Gluten Free Wafers, Milk Chocolate",SR Legacy,4.06,30.42,62.82,1.6,541.0
173032,"Goji berries, dried",SR Legacy,14.26,0.39,77.06,13.0,349.0
172412,"Goose, domesticated, meat and skin, cooked, roasted",SR Legacy,25.16,21.92,0.0,0.0,305.0
174470,"Goose, domesticated, meat and skin, raw",SR Legacy,15.86,33.62,0.0,0.0,371.0
172414,"Goose, domesticated, meat only, cooked, roasted",SR Legacy,28.97,12.67,0.0,0.0,238.0
172413,"Goose, domesticated, meat only, raw",SR Legacy,22.75,7.13,0.0,0.0,161.0
172415,"Goose, liver, raw",SR Legacy,16.37,4.28,6.32,0.0,133.0
173031,"Gooseberries, canned, light syrup pack, solids and liquids",SR Legacy,0.65,0.2,18.75,2.4,73.0
173030,"Gooseberries, raw",SR Legacy,0.88,0.58,10.18,4.3,44.0
168530,"Gourd, dishcloth (towelgourd), cooked, boiled, drained, with salt",SR Legacy,0.66,0.34,13.75,2.9,54.0
168415,"Gourd, dishcloth (towelgourd), cooked, boiled, drained, without salt",SR Legacy,0.66,0.34,14.34,2.9,56.0
168414,"Gourd, dishcloth (towelgourd), raw",SR Legacy,1.2,0.2,4.35,1.1,20.0
169353,"Gourd, white-flowered (calabash), cooked, boiled, drained, with salt",SR Legacy,0.6,0.02,3.1,1.2,13.0
169233,"Gourd, white-flowered (calabash), cooked, boiled, drained, without salt",SR Legacy,0.6,0.02,3.69,1.2,15.0
169232,"Gourd, white-flowered (calabash), raw",SR Legacy,0.62,0.02,3.39,0.5,14.0
168095,"Granola bar, soft, milk chocolate coated, peanut butter",SR Legacy,9.6,31.2,54.1,3.8,536.0
173041,"Grape juice, canned or bottled, unsweetened, with added ascorbic acid",SR Legacy,0.37,0.13,14.77,0.2,60.0
168207,"Grape juice, canned or bottled, unsweetened, with added ascorbic acid and calcium",SR Legacy,0.37,0.13,14.77,0.2,62.0
173042,"Grape juice, canned or bottled, unsweetened, without added ascorbic acid",SR Legacy,0.37,0.13,14.77,0.2,60.0
2003592,"Grape juice, purple, with added vitamin C, from concentrate, shelf stable",Foundation Foods,0.2578125,0.2875,15.6227875,,66.1099
2003593,"Grape juice, white, with added vitamin C, from concentrate, shelf stable",Foundation Foods,0.09375,0.265,15.84375,,66.135
169393,"Grape leaves, canned",SR Legacy,4.27,1.97,11.71,9.9,69.0
168575,"Grape leaves, raw",SR Legacy,5.6,2.12,17.31,11.0,93.0
173038,"Grapefruit juice, pink or red, with added calcium",SR Legacy,0.51,0.68,7.74,0.3,39.0
167774,"Grapefruit juice, pink, raw",SR Legacy,0.5,0.1,9.2,,39.0
2003595,"Grapefruit juice, red, not fortified, not from concentrate, refrigerated",Foundation Foods,0.5703125,0.2669,9.1021875,,41.0921
168189,"Grapefruit juice, white, bottled, unsweetened, OCEAN SPRAY",SR Legacy,0.54,0.64,7.51,0.6,37.0
325287,"Grapefruit juice, white, canned or bottled, unsweetened",Foundation Foods,0.55,0.7,7.59,0.2,37.0
174679,"Grapefruit juice, white, canned, sweetened",SR Legacy,0.58,0.09,11.13,0.1,46.0
174681,"Grapefruit juice, white, frozen concentrate, unsweetened, diluted with 3 volume water",SR Legacy,0.55,0.13,9.73,0.1,41.0
174680,"Grapefruit juice, white, frozen concentrate, unsweetened, undiluted",SR Legacy,1.97,0.48,34.56,0.4,146.0
173039,"Grapefruit juice, white, raw",SR Legacy,0.5,0.1,9.2,0.1,39.0
173033,"Grapefruit, raw, pink and red and white, all areas",SR Legacy,0.63,0.1,8.08,1.1,32.0
174673,"Grapefruit, raw, pink and red, all areas",SR Legacy,0.77,0.14,10.66,1.6,42.0
174674,"Grapefruit, raw, pink and red, California and Arizona",SR Legacy,0.5,0.1,9.69,,37.0
174675,"Grapefruit, raw, pink and red, Florida",SR Legacy,0.55,0.1,7.5,1.1,30.0
174676,"Grapefruit, raw, white, all areas",SR Legacy,0.69,0.1,8.41,1.1,33.0
174677,"Grapefruit, raw, white, California",SR Legacy,0.88,0.1,9.09,,37.0
173034,"Grapefruit, raw, white, Florida",SR Legacy,0.63,0.1,8.19,,32.0
173036,"Grapefruit, sections, canned, juice pack, solids and liquids",SR Legacy,0.7,0.09,9.21,0.4,37.0
173037,"Grapefruit, sections, canned, light syrup pack, solids and liquids",SR Legacy,0.56,0.1,15.44,0.4,60.0
173035,"Grapefruit, sections, canned, water pack, solids and liquids",SR Legacy,0.58,0.1,9.15,0.4,36.0
174682,"Grapes, american type (slip skin), raw",SR Legacy,0.63,0.35,17.15,0.9,67.0
174685,"Grapes, canned, thompson seedless, heavy syrup pack, solids and liquids",SR Legacy,0.48,0.1,19.65,0.6,76.0
174684,"Grapes, canned, thompson seedless, water pack, solids and liquids",SR Legacy,0.5,0.11,10.3,0.6,40.0
2263891,"Grapes, green, seedless, raw",Foundation Foods,0.89875,0.2325,18.60375,,80.1025
173040,"Grapes, muscadine, raw",SR Legacy,0.81,0.47,13.93,3.9,57.0
174683,"Grapes, red or green (European type, such as Thompson seedless), raw",SR Legacy,0.72,0.16,18.1,0.9,69.0
2263890,"Grapes, red, seedless, raw",Foundation Foods,0.914375,0.1638,20.196825,,85.919
171168,"Gravy, au jus, canned",SR Legacy,1.2,0.2,2.5,0.0,16.0
171169,"Gravy, au jus, dry",SR Legacy,9.2,9.63,47.49,,313.0
171564,"Gravy, beef, canned, ready-to-serve",SR Legacy,3.75,2.36,4.81,0.4,53.0
171588,"Gravy, brown instant, dry",SR Legacy,8.53,11.85,59.78,3.2,380.0
171565,"Gravy, brown, dry",SR Legacy,10.74,9.61,59.38,2.0,367.0
171600,"Gravy, CAMPBELL'S, chicken",SR Legacy,0.79,2.73,5.87,,51.0
171566,"Gravy, chicken, canned or bottled, ready-to-serve",SR Legacy,0.71,2.62,5.29,0.1,48.0
171567,"Gravy, chicken, dry",SR Legacy,11.27,9.73,62.09,,381.0
174072,"Gravy, HEINZ Home Style, classic chicken",SR Legacy,0.67,2.57,5.01,,46.0
171599,"Gravy, HEINZ Home Style, savory beef",SR Legacy,1.09,1.13,6.24,0.7,39.0
171589,"Gravy, instant beef, dry",SR Legacy,9.8,9.48,61.1,4.3,369.0
171590,"Gravy, instant turkey, dry",SR Legacy,11.72,14.66,57.56,3.8,409.0
171598,"Gravy, meat or poultry, low sodium, prepared",SR Legacy,3.8,2.4,6.16,0.3,53.0
171170,"Gravy, mushroom, canned",SR Legacy,1.26,2.71,5.47,0.4,50.0
171171,"Gravy, mushroom, dry, powder",SR Legacy,10.0,4.0,64.66,4.8,328.0
171172,"Gravy, onion, dry, mix",SR Legacy,9.0,3.0,67.64,6.0,322.0
171173,"Gravy, pork, dry, powder",SR Legacy,8.78,8.63,63.57,2.4,367.0
171568,"Gravy, turkey, canned, ready-to-serve",SR Legacy,2.6,2.1,5.1,0.4,51.0
171569,"Gravy, turkey, dry",SR Legacy,10.42,7.19,65.12,,367.0
171570,"Gravy, unspecified type, dry",SR Legacy,13.0,8.0,58.0,,344.0
173043,"Groundcherries, (cape-gooseberries or poha), raw",SR Legacy,1.9,0.7,11.2,,53.0
168196,"Guanabana nectar, canned",SR Legacy,0.11,0.17,14.93,0.1,59.0
167784,"Guava nectar, canned, with added ascorbic acid",SR Legacy,0.09,0.06,16.25,1.0,63.0
168210,"Guava nectar, with sucralose, canned",SR Legacy,0.3,0.07,13.3,1.2,48.0
174686,"Guava sauce, cooked",SR Legacy,0.32,0.14,9.48,3.6,36.0
173044,"Guavas, common, raw",SR Legacy,2.55,0.95,14.32,5.4,68.0
173045,"Guavas, strawberry, raw",SR Legacy,0.58,0.6,17.36,5.4,69.0
172416,"Guinea hen, meat and skin, raw",SR Legacy,23.4,6.45,0.0,0.0,158.0
174471,"Guinea hen, meat only, raw",SR Legacy,20.64,2.47,0.0,0.0,110.0
169045,"Gums, seed gums (includes locust bean, guar)",SR Legacy,4.6,0.5,77.3,77.3,332.0
171628,Ham and cheese loaf or roll,SR Legacy,13.6,18.7,4.0,0.0,241.0
171629,Ham and cheese spread,SR Legacy,16.18,18.53,2.28,0.0,245.0
173866,Ham salad spread,SR Legacy,8.68,15.53,10.64,0.0,216.0
171626,"Ham, chopped, canned",SR Legacy,16.06,18.83,0.26,0.0,239.0
171627,"Ham, chopped, not canned",SR Legacy,16.5,16.7,0.0,0.0,221.0
174611,"Ham, honey, smoked, cooked",SR Legacy,17.93,2.37,7.27,0.0,122.0
173865,"Ham, minced",SR Legacy,16.28,20.68,1.84,0.0,263.0
173863,"Ham, sliced, pre-packaged, deli meat (96%fat free, water added)",SR Legacy,16.85,4.04,0.7,0.0,107.0
173864,"Ham, sliced, regular (approximately 11% fat)",SR Legacy,16.6,8.8,3.63,1.3,164.0
746952,"Ham, sliced, restaurant",Foundation Foods,19.6,3.68,2.36,,121.0
173881,"Ham, smoked, extra lean, low sodium",SR Legacy,18.52,2.71,10.7,0.0,141.0
168092,"Ham, turkey, sliced, extra lean, prepackaged or deli",SR Legacy,19.6,5.8,0.93,0.0,134.0
169827,"Hazelnuts, beaked (Northern Plains Indians)",SR Legacy,14.89,52.99,22.98,9.8,628.0
171630,"Headcheese, pork",SR Legacy,13.83,10.9,0.0,0.0,157.0
168569,"Hearts of palm, canned",SR Legacy,2.52,0.62,4.62,2.4,28.0
167714,"Hearts of palm, raw",SR Legacy,2.7,0.2,25.61,1.5,115.0
167922,"Heinz, Weight Watcher, Chocolate Eclair, frozen",SR Legacy,4.4,6.9,40.3,2.1,241.0
169701,"Hominy, canned, white",SR Legacy,1.48,0.88,14.26,2.5,72.0
169752,"Hominy, canned, yellow",SR Legacy,1.48,0.88,14.26,2.5,72.0
169640,Honey,SR Legacy,0.3,0.0,82.4,0.2,304.0
172943,"Honey roll sausage, beef",SR Legacy,18.58,10.5,2.18,0.0,182.0
168320,"HORMEL ALWAYS TENDER, Boneless Pork Loin, Fresh Pork",SR Legacy,19.02,7.18,0.76,,145.0
168319,"HORMEL ALWAYS TENDER, Center Cut Chops, Fresh Pork",SR Legacy,18.74,9.62,0.84,,167.0
168318,"HORMEL ALWAYS TENDER, Pork Loin Filets, Lemon Garlic-Flavored",SR Legacy,17.83,4.16,1.79,,118.0
168317,"HORMEL ALWAYS TENDER, Pork Tenderloin, Peppercorn-Flavored",SR Legacy,17.21,3.8,1.82,,110.0
167910,"HORMEL ALWAYS TENDER, Pork Tenderloin, Teriyaki-Flavored",SR Legacy,18.2,3.07,4.63,,119.0
167911,HORMEL Canadian Style Bacon,SR Legacy,16.88,4.94,1.87,,122.0
174593,Hormel Pillow Pak Sliced Turkey Pepperoni,SR Legacy,30.99,11.52,3.78,0.0,243.0
167909,"HORMEL, Cure 81 Ham",SR Legacy,18.43,3.59,0.21,,106.0
167791,Horned melon (Kiwano),SR Legacy,1.78,1.26,7.56,,44.0
173472,"Horseradish, prepared",SR Legacy,1.18,0.69,11.29,3.3,48.0
173327,"HOT POCKETS Ham 'N Cheese Stuffed Sandwich, frozen",SR Legacy,9.16,15.0,24.69,1.5,270.0
173326,"HOT POCKETS, CROISSANT POCKETS Chicken, Broccoli, and Cheddar Stuffed Sandwich, frozen",SR Legacy,8.9,8.6,30.4,1.1,235.0
172107,"HOT POCKETS, meatballs & mozzarella stuffed sandwich, frozen",SR Legacy,9.32,10.23,30.68,2.2,252.0
173788,HOUSE FOODS Premium Firm Tofu,SR Legacy,10.92,4.19,0.97,0.9,85.0
173787,HOUSE FOODS Premium Soft Tofu,SR Legacy,6.38,2.71,2.19,0.8,59.0
169808,"Huckleberries, raw (Alaska Native)",SR Legacy,0.4,0.1,8.7,,37.0
321358,"Hummus, commercial",Foundation Foods,7.35,17.1,14.9,5.4,229.0
172454,"Hummus, home prepared",SR Legacy,4.86,8.59,20.12,4.0,177.0
169782,"HUNGRY MAN, Salisbury Steak With Gravy, frozen, unprepared",SR Legacy,7.96,8.53,6.96,1.3,136.0
174999,"Hush puppies, prepared from recipe",SR Legacy,7.7,13.5,46.0,2.8,337.0
175253,"Hyacinth beans, mature seeds, cooked, boiled, with salt",SR Legacy,8.14,0.58,20.7,,117.0
175211,"Hyacinth beans, mature seeds, cooked, boiled, without salt",SR Legacy,8.14,0.58,20.69,,117.0
175210,"Hyacinth beans, mature seeds, raw",SR Legacy,23.9,1.69,60.74,25.6,344.0
168533,"Hyacinth-beans, immature seeds, cooked, boiled, drained, with salt",SR Legacy,2.95,0.27,9.2,,50.0
169235,"Hyacinth-beans, immature seeds, cooked, boiled, drained, without salt",SR Legacy,2.95,0.27,9.2,,50.0
169234,"Hyacinth-beans, immature seeds, raw",SR Legacy,2.1,0.2,9.19,3.3,46.0
171305,"Ice cream bar, covered with chocolate and nuts",SR Legacy,5.62,25.84,11.89,1.1,303.0
171294,"Ice cream bar, stick or nugget, with crunch coating",SR Legacy,2.11,25.26,37.12,1.1,358.0
172228,"Ice cream cone, chocolate covered, with nuts, flavors other than chocolate",SR Legacy,5.21,21.88,34.38,1.0,354.0
175000,"Ice cream cones, cake or wafer-type",SR Legacy,8.1,6.9,79.0,3.0,417.0
175001,"Ice cream cones, sugar, rolled-type",SR Legacy,7.9,3.8,84.1,1.7,402.0
172227,Ice cream cookie sandwich,SR Legacy,3.7,7.4,39.6,1.2,240.0
172226,Ice cream sandwich,SR Legacy,4.29,8.57,37.14,0.0,237.0
172229,"Ice cream sandwich, made with light ice cream, vanilla",SR Legacy,4.29,3.04,39.64,0.0,186.0
172230,"Ice cream sandwich, vanilla, light, no sugar added",SR Legacy,5.71,2.86,42.86,7.1,200.0
171306,Ice cream sundae cone,SR Legacy,3.0,14.0,28.89,1.0,254.0
173466,"Ice cream, bar or stick, chocolate covered",SR Legacy,4.1,24.1,24.5,0.8,331.0
171293,"Ice cream, light, soft serve, chocolate",SR Legacy,3.36,3.69,23.15,0.0,141.0
170911,"Ice cream, lowfat, no sugar added, cone, added peanuts and chocolate sauce",SR Legacy,5.33,9.33,40.01,9.3,265.0
173465,"Ice cream, soft serve, chocolate",SR Legacy,4.1,13.0,22.2,0.7,222.0
170269,"Ice creams, BREYERS, 98% Fat Free Chocolate",SR Legacy,3.89,2.17,30.18,5.8,136.0
170661,"Ice creams, BREYERS, 98% Fat Free Vanilla",SR Legacy,3.3,2.2,30.51,5.4,137.0
170268,"Ice creams, BREYERS, All Natural Light French Chocolate",SR Legacy,5.3,7.28,29.68,1.0,201.0
170660,"Ice creams, BREYERS, All Natural Light French Vanilla",SR Legacy,4.82,5.56,26.03,0.2,173.0
170663,"Ice creams, BREYERS, All Natural Light Mint Chocolate Chip",SR Legacy,4.69,7.09,28.39,0.6,196.0
170261,"Ice creams, BREYERS, All Natural Light Vanilla",SR Legacy,4.84,4.59,25.3,0.2,162.0
170662,"Ice creams, BREYERS, All Natural Light Vanilla Chocolate Strawberry",SR Legacy,4.69,4.35,26.06,0.4,161.0
170262,"Ice creams, BREYERS, No Sugar Added, Butter Pecan",SR Legacy,3.99,10.3,21.3,0.9,180.0
170668,"Ice creams, BREYERS, No Sugar Added, Chocolate Caramel",SR Legacy,3.54,5.8,25.17,1.0,151.0
170263,"Ice creams, BREYERS, No Sugar Added, French Vanilla",SR Legacy,4.5,7.05,20.75,0.5,154.0
170264,"Ice creams, BREYERS, No Sugar Added, Vanilla",SR Legacy,3.68,6.2,21.92,0.5,143.0
170664,"Ice creams, BREYERS, No Sugar Added, Vanilla Chocolate Strawberry",SR Legacy,3.71,6.26,21.7,0.7,143.0
170265,"Ice creams, BREYERS, No Sugar Added, Vanilla Fudge Twirl",SR Legacy,3.53,5.68,25.63,0.8,153.0
168809,"Ice creams, chocolate",SR Legacy,3.8,11.0,28.2,1.2,216.0
167585,"Ice creams, chocolate, light",SR Legacy,5.0,7.19,25.7,0.8,187.0
169633,"Ice creams, chocolate, light, no sugar added",SR Legacy,3.54,5.74,26.79,0.9,173.0
168136,"Ice creams, chocolate, rich",SR Legacy,4.72,16.98,19.78,0.9,251.0
167981,"Ice creams, french vanilla, soft-serve",SR Legacy,4.1,13.0,22.2,0.7,222.0
170270,"Ice creams, regular, low carbohydrate, chocolate",SR Legacy,3.8,12.7,26.8,4.8,237.0
170671,"Ice creams, regular, low carbohydrate, vanilla",SR Legacy,3.17,12.7,22.23,4.8,216.0
168810,"Ice creams, strawberry",SR Legacy,3.2,8.4,27.6,0.9,192.0
167575,"Ice creams, vanilla",SR Legacy,3.5,11.0,23.6,0.7,207.0
170659,"Ice creams, vanilla, fat free",SR Legacy,4.48,0.0,30.06,1.0,138.0
167572,"Ice creams, vanilla, light",SR Legacy,4.78,4.83,29.46,0.3,180.0
169631,"Ice creams, vanilla, light, no sugar added",SR Legacy,3.97,7.45,21.42,0.0,169.0
167576,"Ice creams, vanilla, light, soft-serve",SR Legacy,4.9,2.6,21.8,0.0,126.0
167573,"Ice creams, vanilla, rich",SR Legacy,3.5,16.2,22.29,0.0,249.0
168089,"Imitation cheese, american or cheddar, low cholesterol",SR Legacy,25.0,32.0,1.0,0.0,390.0
174656,"Incaparina, dry mix (corn and soy flours), unprepared",SR Legacy,21.75,5.58,60.53,9.9,379.0
170988,"Infant formula, ABBOTT NUTRITION, ALIMENTUM ADVANCE, with iron, powder, not reconstituted, with DHA and ARA",SR Legacy,13.99,28.19,51.91,0.0,517.0
172323,"Infant formula, ABBOTT NUTRITION, SIMILAC NEOSURE, ready-to-feed, with ARA and DHA",SR Legacy,1.92,3.77,6.94,0.0,69.0
172326,"Infant formula, ABBOTT NUTRITION, SIMILAC, ADVANCE, with iron, liquid concentrate, not reconstituted",SR Legacy,2.64,6.89,13.52,0.0,127.0
173561,"Infant formula, ABBOTT NUTRITION, SIMILAC, ADVANCE, with iron, powder, not reconstituted",SR Legacy,10.89,28.87,54.73,0.0,522.0
173560,"Infant formula, ABBOTT NUTRITION, SIMILAC, ADVANCE, with iron, ready-to-feed",SR Legacy,1.36,3.7,6.77,0.0,66.0
172318,"Infant formula, ABBOTT NUTRITION, SIMILAC, ALIMENTUM, ADVANCE, ready-to-feed, with ARA and DHA",SR Legacy,1.8,3.63,6.77,0.0,67.0
172310,"Infant formula, ABBOTT NUTRITION, SIMILAC, ALIMENTUM, with iron, ready-to-feed",SR Legacy,1.8,3.63,6.77,0.0,66.0
171396,"Infant formula, ABBOTT NUTRITION, SIMILAC, Expert Care, Diarrhea, ready- to- feed with ARA and DHA",SR Legacy,1.76,3.6,6.67,0.7,66.0
171399,"Infant formula, ABBOTT NUTRITION, SIMILAC, For Spit Up, powder, with ARA and DHA",SR Legacy,11.0,27.75,55.0,0.0,514.0
171397,"Infant formula, ABBOTT NUTRITION, SIMILAC, For Spit Up, ready-to-feed, with ARA and DHA",SR Legacy,1.4,3.54,7.19,0.0,66.0
168971,"Infant formula, ABBOTT NUTRITION, SIMILAC, GO AND GROW, powder, with ARA and DHA",SR Legacy,15.36,27.65,52.2,0.0,512.0
171395,"Infant formula, ABBOTT NUTRITION, SIMILAC, GO AND GROW, ready-to-feed, with ARA and DHA",SR Legacy,1.97,3.54,6.69,0.0,66.0
171382,"Infant formula, ABBOTT NUTRITION, SIMILAC, ISOMIL, ADVANCE with iron, liquid concentrate",SR Legacy,3.13,6.98,13.21,0.0,128.0
171384,"Infant formula, ABBOTT NUTRITION, SIMILAC, ISOMIL, ADVANCE with iron, powder, not reconstituted",SR Legacy,12.6,28.09,53.57,0.0,517.0
171383,"Infant formula, ABBOTT NUTRITION, SIMILAC, ISOMIL, ADVANCE with iron, ready-to-feed",SR Legacy,1.61,3.59,6.7,0.0,66.0
173542,"Infant formula, ABBOTT NUTRITION, SIMILAC, ISOMIL, with iron, liquid concentrate",SR Legacy,3.13,6.98,13.21,0.0,128.0
173543,"Infant formula, ABBOTT NUTRITION, SIMILAC, ISOMIL, with iron, powder, not reconstituted",SR Legacy,12.6,28.09,53.57,0.0,517.0
173541,"Infant formula, ABBOTT NUTRITION, SIMILAC, ISOMIL, with iron, ready-to-feed",SR Legacy,1.61,3.59,6.7,0.0,66.0
172324,"Infant formula, ABBOTT NUTRITION, SIMILAC, NEOSURE, powder, with ARA and DHA",SR Legacy,14.42,28.33,51.75,0.0,520.0
172307,"Infant formula, ABBOTT NUTRITION, SIMILAC, PM 60/40, powder not reconstituted",SR Legacy,11.4,28.71,54.94,0.0,524.0
172325,"Infant formula, ABBOTT NUTRITION, SIMILAC, SENSITIVE (LACTOSE FREE) ready-to-feed, with ARA and DHA",SR Legacy,1.48,3.74,7.4,0.0,68.0
173558,"Infant formula, ABBOTT NUTRITION, SIMILAC, SENSITIVE, (LACTOSE FREE), liquid concentrate, with ARA and DHA",SR Legacy,2.73,6.95,13.64,0.0,128.0
173559,"Infant formula, ABBOTT NUTRITION, SIMILAC, SENSITIVE, (LACTOSE FREE), powder, with ARA and DHA",SR Legacy,11.13,28.14,55.67,0.0,520.0
172312,"Infant formula, ABBOTT NUTRITION, SIMILAC, with iron, liquid concentrate, not reconstituted",SR Legacy,2.64,6.89,13.76,0.0,127.0
173546,"Infant formula, ABBOTT NUTRITION, SIMILAC, with iron, powder, not reconstituted",SR Legacy,10.89,28.87,54.73,0.0,522.0
169786,"Infant Formula, GERBER GOOD START 2, GENTLE PLUS, powder",SR Legacy,10.8,25.1,57.1,0.0,492.0
170997,"Infant Formula, GERBER GOOD START 2, GENTLE PLUS, ready-to-feed",SR Legacy,1.44,3.34,7.61,0.0,66.0
168972,"Infant formula, GERBER, GOOD START 2 SOY, with iron, powder",SR Legacy,12.5,25.6,55.6,0.0,501.0
170995,"Infant formula, GERBER, GOOD START 2 Soy, with iron, ready-to-feed",SR Legacy,1.84,3.28,7.15,0.0,65.0
169787,"Infant formula, GERBER, GOOD START 2, PROTECT PLUS, powder",SR Legacy,11.1,25.7,56.3,0.0,501.0
171394,"Infant formula, GERBER, GOOD START 2, PROTECT PLUS, ready-to-feed",SR Legacy,1.44,3.37,7.39,0.0,66.0
169785,"Infant formula, GERBER, GOOD START, PROTECT PLUS, powder",SR Legacy,11.3,26.1,57.0,0.0,512.0
170996,"Infant formula, GERBER, GOOD START, PROTECT PLUS, ready-to-feed",SR Legacy,1.44,3.36,7.17,0.0,65.0
173522,"Infant formula, MEAD JOHNSON, Enfamil 24, ready to feed, with ARA and DHA",SR Legacy,1.64,4.1,6.93,0.0,71.0
173523,"Infant formula, MEAD JOHNSON, Enfamil Enspire Powder, with ARA and DHA, not reconstituted",SR Legacy,10.5,27.0,57.2,0.0,514.0
172291,"Infant formula, MEAD JOHNSON, Enfamil for Supplementing, powder, with ARA and DHA, not reconstituted",SR Legacy,11.7,27.0,55.8,0.0,513.0
172295,"Infant formula, MEAD JOHNSON, Enfamil for Supplementing, ready to feed, with ARA and DHA",SR Legacy,1.51,3.5,7.6,,68.0
171387,"Infant Formula, MEAD JOHNSON, ENFAMIL GENTLEASE, with iron, prepared from powder",SR Legacy,1.51,3.5,7.6,0.0,68.0
172304,"Infant formula, MEAD JOHNSON, ENFAMIL LIPIL, with iron, ready-to-feed, with ARA and DHA",SR Legacy,1.38,3.5,7.1,0.0,64.0
172290,"Infant formula, MEAD JOHNSON, Enfamil Premature 30 Calories, ready to feed, with ARA and DHA",SR Legacy,3.2,4.8,11.13,,101.0
172289,"Infant formula, MEAD JOHNSON, Enfamil Premature High Protein 24 Calories, ready to feed, with ARA and DHA",SR Legacy,2.8,3.9,8.66,,81.0
172292,"Infant formula, MEAD JOHNSON, Enfamil Reguline Powder, with ARA and DHA, not reconstituted",SR Legacy,11.7,27.0,55.9,,513.0
173524,"Infant formula, MEAD JOHNSON, Enfamil Reguline, ready to feed, with ARA and DHA",SR Legacy,1.51,3.5,7.6,,68.0
172322,"Infant formula, MEAD JOHNSON, ENFAMIL, AR, powder, with ARA and DHA",SR Legacy,12.4,25.0,57.4,0.0,504.0
172321,"Infant formula, MEAD JOHNSON, ENFAMIL, AR, ready-to-feed, with ARA and DHA",SR Legacy,1.64,3.3,8.73,0.4,71.0
170986,"Infant Formula, MEAD JOHNSON, ENFAMIL, ENFACARE, ready-to-feed, with ARA and DHA",SR Legacy,2.0,3.8,7.73,0.0,73.0
172311,"Infant formula, MEAD JOHNSON, ENFAMIL, ENFACARE, with iron, powder, with ARA and DHA",SR Legacy,13.9,26.0,53.8,0.0,505.0
168970,"Infant formula, MEAD JOHNSON, ENFAMIL, ENFAGROW, GENTLEASE, Toddler transitions, with ARA and DHA, powder",SR Legacy,12.9,26.0,53.5,0.0,500.0
171390,"Infant formula, MEAD JOHNSON, ENFAMIL, Enfagrow, Soy, Toddler ready-to-feed",SR Legacy,2.17,2.89,7.64,0.0,65.0
169788,"Infant formula, MEAD JOHNSON, ENFAMIL, ENFAGROW, Soy, Toddler transitions, with ARA and DHA,  powder",SR Legacy,15.7,21.0,56.0,0.0,476.0
171389,"Infant Formula, MEAD JOHNSON, ENFAMIL, GENTLEASE, with ARA and DHA powder not reconstituted",SR Legacy,11.7,27.0,56.5,0.0,516.0
172306,"Infant formula, MEAD JOHNSON, ENFAMIL, Infant, ready-to-feed, with ARA and DHA",SR Legacy,1.31,3.5,7.86,0.0,68.0
172303,"Infant formula, MEAD JOHNSON, ENFAMIL, Infant, with iron, liquid concentrate, with ARA and DHA, reconstituted",SR Legacy,1.31,3.5,7.86,0.0,68.0
172302,"Infant formula, MEAD JOHNSON, ENFAMIL, Infant, with iron, powder, with ARA and DHA",SR Legacy,10.8,27.0,56.2,0.0,511.0
173537,"Infant formula, MEAD JOHNSON, ENFAMIL, LIPIL, low iron, liquid concentrate, with ARA and DHA",SR Legacy,2.76,7.16,14.24,0.0,131.0
172305,"Infant formula, MEAD JOHNSON, ENFAMIL, LIPIL, low iron, ready to feed, with ARA and DHA",SR Legacy,1.38,3.5,7.18,0.0,64.0
168966,"Infant Formula, MEAD JOHNSON, ENFAMIL, Newborn, with ARA and DHA, powder",SR Legacy,10.7,27.0,57.6,0.0,516.0
170994,"Infant Formula, MEAD JOHNSON, ENFAMIL, Newborn, with DHA and ARA, ready-to-feed",SR Legacy,1.38,3.48,7.81,0.0,68.0
171391,"Infant formula, MEAD JOHNSON, ENFAMIL, NUTRAMIGEN AA, ready-to-feed",SR Legacy,1.84,3.48,6.76,0.0,66.0
172308,"Infant formula, MEAD JOHNSON, ENFAMIL, NUTRAMIGEN WITH LGG, with iron, powder, not reconstituted, with ARA and DHA",SR Legacy,14.1,27.0,53.6,0.0,514.0
168973,"Infant formula, MEAD JOHNSON, ENFAMIL, NUTRAMIGEN, PurAmino, powder, not reconstituted",SR Legacy,13.9,26.0,55.68,0.0,512.0
173544,"Infant formula, MEAD JOHNSON, ENFAMIL, NUTRAMIGEN, with iron, liquid concentrate not reconstituted, with ARA and DHA",SR Legacy,1.84,3.5,7.2,0.0,68.0
172309,"Infant formula, MEAD JOHNSON, ENFAMIL, NUTRAMIGEN, with iron, ready-to-feed, with ARA and DHA",SR Legacy,1.83,3.5,7.21,0.0,68.0
168974,"Infant formula, MEAD JOHNSON, ENFAMIL, Premature, 20 calories ready-to-feed Low iron",SR Legacy,1.97,3.34,7.21,0.0,66.0
169789,"Infant formula, MEAD JOHNSON, ENFAMIL, Premature, 24 calories ready-to-feed Low iron",SR Legacy,1.97,3.34,7.19,0.0,67.0
171392,"Infant formula, MEAD JOHNSON, ENFAMIL, Premature, with iron, 20 calories, ready-to-feed",SR Legacy,2.2,3.3,6.2,0.0,63.0
171393,"Infant formula, MEAD JOHNSON, ENFAMIL, Premature, with iron, 24 calories, ready-to-feed",SR Legacy,2.6,3.9,8.88,0.0,81.0
168968,"Infant Formula, MEAD JOHNSON, ENFAMIL, Premium LIPIL, Infant, Liquid concentrate, not reconstituted",SR Legacy,2.73,6.83,14.42,0.0,129.0
168967,"Infant Formula, MEAD JOHNSON, ENFAMIL, Premium LIPIL, Infant, powder",SR Legacy,10.8,27.0,57.0,0.0,510.0
168969,"Infant Formula, MEAD JOHNSON, ENFAMIL, Premium, Infant, Liquid concentrate, not reconstituted",SR Legacy,2.72,7.1,14.34,0.0,129.0
169791,"Infant Formula, MEAD JOHNSON, ENFAMIL, Premium, Infant, powder",SR Legacy,10.8,27.0,57.0,0.0,510.0
169790,"Infant Formula, MEAD JOHNSON, ENFAMIL, Premium, Infant, ready-to-feed",SR Legacy,1.38,3.48,7.39,0.0,66.0
173547,"Infant formula, MEAD JOHNSON, ENFAMIL, PROSOBEE, liquid concentrate, reconstituted, with ARA and DHA",SR Legacy,1.63,3.4,7.58,0.0,67.0
173545,"Infant formula, MEAD JOHNSON, ENFAMIL, PROSOBEE, with iron, powder, not reconstituted, with ARA and DHA",SR Legacy,12.7,27.0,54.6,0.0,512.0
172301,"Infant formula, MEAD JOHNSON, ENFAMIL, with iron, powder",SR Legacy,10.8,27.0,56.2,0.0,520.0
173525,"Infant formula, MEAD JOHNSON, Gentlease, ready to feed, with ARA and DHA",SR Legacy,1.5,3.5,7.61,,68.0
173552,"Infant formula, MEAD JOHNSON, NEXT STEP PROSOBEE, powder, not reconstituted",SR Legacy,15.6,21.0,57.1,0.0,480.0
172314,"Infant formula, MEAD JOHNSON, NEXT STEP, PROSOBEE LIPIL, powder, with ARA and DHA",SR Legacy,15.6,21.0,57.1,0.0,480.0
172315,"Infant formula, MEAD JOHNSON, NEXT STEP, PROSOBEE, LIPIL, ready to feed, with ARA and DHA",SR Legacy,2.14,2.91,8.09,0.0,67.0
173527,"Infant formula, MEAD JOHNSON, Pregestimil 20 Calories, ready to feed, with ARA and DHA",SR Legacy,1.84,3.7,7.0,,69.0
172293,"Infant formula, MEAD JOHNSON, Pregestimil 24 Calories, ready to feed, with ARA and DHA",SR Legacy,2.2,4.4,5.95,,72.0
173538,"Infant formula, MEAD JOHNSON, PREGESTIMIL, with iron, powder, with ARA and DHA, not reconstituted",SR Legacy,14.0,28.0,52.2,0.0,517.0
173539,"Infant formula, MEAD JOHNSON, PREGESTIMIL, with iron, with ARA and DHA, prepared from powder",SR Legacy,1.86,3.7,6.54,0.0,67.0
173548,"Infant formula, MEAD JOHNSON, PROSOBEE, with iron, ready to feed, with ARA and DHA",SR Legacy,1.64,3.5,6.47,0.0,64.0
173540,"Infant formula, MEAD JOHNSON, PROSOBEE, with iron, ready-to-feed",SR Legacy,1.64,3.5,6.11,0.0,63.0
173553,"Infant formula, MEAD JOHNSON,NEXT STEP PROSOBEE, prepared from powder",SR Legacy,2.14,2.91,8.08,0.0,67.0
173551,"Infant formula, NESTLE, GOOD START ESSENTIALS SOY, with iron, powder",SR Legacy,12.5,25.5,55.7,0.0,502.0
172316,"Infant formula, NESTLE, GOOD START SOY, with ARA and DHA, powder",SR Legacy,12.5,25.6,55.6,0.0,503.0
170991,"Infant formula, NESTLE, GOOD START SOY, with DHA and ARA, liquid concentrate",SR Legacy,3.31,6.67,14.71,0.0,132.0
173549,"Infant formula, NESTLE, GOOD START SOY, with DHA and ARA, ready-to-feed",SR Legacy,1.6,3.28,7.13,0.0,64.0
171386,"Infant formula, NESTLE, GOOD START SUPREME, with iron, DHA and ARA, prepared from liquid concentrate",SR Legacy,1.45,3.37,7.39,0.0,66.0
171385,"Infant formula, NESTLE, GOOD START SUPREME, with iron, DHA and ARA, ready-to-feed",SR Legacy,1.45,3.37,7.39,0.0,66.0
173535,"Infant formula, NESTLE, GOOD START SUPREME, with iron, liquid concentrate, not reconstituted",SR Legacy,2.79,6.5,14.2,0.0,127.0
173536,"Infant formula, NESTLE, GOOD START SUPREME, with iron, powder",SR Legacy,11.3,26.1,57.32,0.0,509.0
172320,"Infant formula, PBM PRODUCTS, store brand, liquid concentrate, not reconstituted",SR Legacy,2.9,7.0,13.9,0.0,130.0
173554,"Infant formula, PBM PRODUCTS, store brand, powder",SR Legacy,12.0,28.0,56.0,0.0,524.0
172319,"Infant formula, PBM PRODUCTS, store brand, ready-to-feed",SR Legacy,1.4,3.5,6.39,0.0,63.0
173556,"Infant formula, PBM PRODUCTS, store brand, soy, liquid concentrate, not reconstituted",SR Legacy,3.6,7.0,12.18,0.0,126.0
173557,"Infant formula, PBM PRODUCTS, store brand, soy, powder",SR Legacy,13.6,27.2,52.2,0.0,508.0
173555,"Infant formula, PBM PRODUCTS, store brand, soy, ready-to-feed",SR Legacy,1.8,3.5,6.09,0.0,63.0
167923,"Interstate Brands Corp, Wonder Hamburger Rolls",SR Legacy,8.07,4.15,50.84,2.6,273.0
168190,"Jackfruit, canned, syrup pack",SR Legacy,0.36,0.14,23.94,0.9,92.0
174687,"Jackfruit, raw",SR Legacy,1.72,0.64,23.25,1.5,95.0
169641,Jams and preserves,SR Legacy,0.37,0.07,68.86,1.1,278.0
170645,"Jams and preserves, apricot",SR Legacy,0.7,0.2,64.4,0.3,242.0
169058,"Jams and preserves, no sugar (with sodium saccharin), any flavor",SR Legacy,0.3,0.3,53.42,2.5,132.0
167706,"Jams, preserves, marmalade, reduced sugar",SR Legacy,0.0,0.1,37.6,1.5,151.0
170280,"Jams, preserves, marmalades, sweetened with fruit juice",SR Legacy,0.0,0.0,52.93,0.9,212.0
168150,"Java-plum, (jambolan), raw",SR Legacy,0.72,0.23,15.56,,60.0
169642,Jellies,SR Legacy,0.15,0.02,69.95,1.0,266.0
169879,"Jellies, no sugar (with sodium saccharin), any flavors",SR Legacy,0.55,0.0,29.6,2.2,121.0
168145,"Jellies, reduced sugar, home preserved",SR Legacy,0.3,0.03,46.1,0.8,179.0
168129,"Jellyfish, dried, salted",SR Legacy,5.5,1.4,0.0,0.0,36.0
169236,"Jerusalem-artichokes, raw",SR Legacy,2.0,0.01,17.44,1.6,73.0
169237,"Jew's ear, (pepeao), raw",SR Legacy,0.48,0.04,6.75,,25.0
169784,"JIMMY DEAN, Sausage, Egg, and Cheese Breakfast Biscuit, frozen, unprepared",SR Legacy,9.29,22.9,21.07,2.0,328.0
168197,"Juice, apple and grape blend, with added ascorbic acid",SR Legacy,0.16,0.12,12.46,0.2,50.0
168198,"Juice, apple, grape and pear blend, with added ascorbic acid and calcium",SR Legacy,0.17,0.12,12.96,0.2,52.0
168152,"Jujube, Chinese, fresh, dried",SR Legacy,4.72,0.5,72.52,6.0,281.0
168151,"Jujube, raw",SR Legacy,1.2,0.2,20.23,,79.0
169354,"Jute, potherb, cooked, boiled, drained, with salt",SR Legacy,3.68,0.2,7.29,2.0,37.0
168420,"Jute, potherb, cooked, boiled, drained, without salt",SR Legacy,3.68,0.2,7.29,2.0,37.0
168419,"Jute, potherb, raw",SR Legacy,4.65,0.25,5.8,,34.0
169355,"Kale, cooked, boiled, drained, with salt",SR Legacy,2.94,1.21,5.3,2.3,44.0
169238,"Kale, cooked, boiled, drained, without salt",SR Legacy,2.94,1.21,5.3,4.0,36.0
169356,"Kale, frozen, cooked, boiled, drained, with salt",SR Legacy,2.94,1.21,5.3,2.3,36.0
169240,"Kale, frozen, cooked, boiled, drained, without salt",SR Legacy,2.94,1.21,5.3,2.3,36.0
169239,"Kale, frozen, unprepared",SR Legacy,2.66,0.46,4.88,2.0,28.0
323505,"Kale, raw",Foundation Foods,2.92,1.49,4.42,4.1,35.0
169241,"Kanpyo, (dried gourd strips)",SR Legacy,8.58,0.56,65.03,9.8,258.0
173255,"Keebler, Keebler Chocolate Graham SELECTS",SR Legacy,7.1,16.6,71.8,,465.0
170904,"Kefir, lowfat, plain, LIFEWAY",SR Legacy,3.79,1.02,4.77,0.0,43.0
171301,"Kefir, lowfat, strawberry, LIFEWAY",SR Legacy,3.39,0.9,10.2,0.0,62.0
167936,"Keikitos (muffins), Latino bakery item",SR Legacy,6.81,25.24,53.16,1.2,467.0
747693,"Ketchup, restaurant",Foundation Foods,1.11,0.55,26.8,,117.0
170339,"KFC, biscuit",SR Legacy,7.5,17.05,43.55,2.0,358.0
170340,"KFC, Coleslaw",SR Legacy,0.91,8.64,15.65,2.0,144.0
170341,"KFC, Crispy Chicken Strips",SR Legacy,20.25,15.42,13.66,1.4,274.0
170348,"KFC, Fried Chicken, EXTRA CRISPY, Breast, meat and skin with breading",SR Legacy,21.24,16.55,8.47,,268.0
170344,"KFC, Fried Chicken, EXTRA CRISPY, Breast, meat only, skin and breading removed",SR Legacy,27.25,4.82,0.25,,153.0
170349,"KFC, Fried Chicken, EXTRA CRISPY, Drumstick, meat and skin with breading",SR Legacy,20.62,17.73,7.96,,274.0
170345,"KFC, Fried Chicken, EXTRA CRISPY, Drumstick, meat only, skin and breading removed",SR Legacy,25.9,7.43,0.0,,170.0
170343,"KFC, Fried Chicken, EXTRA CRISPY, Skin and Breading",SR Legacy,10.96,36.61,22.54,1.5,464.0
170746,"KFC, Fried Chicken, EXTRA CRISPY, Thigh, meat and skin with breading",SR Legacy,17.17,22.14,10.3,,309.0
170742,"KFC, Fried Chicken, EXTRA CRISPY, Thigh, meat only, skin and breading removed",SR Legacy,22.41,9.96,0.0,,179.0
170747,"KFC, Fried Chicken, EXTRA CRISPY, Wing, meat and skin with breading",SR Legacy,20.8,23.0,11.66,,337.0
170743,"KFC, Fried Chicken, EXTRA CRISPY, Wing, meat only, skin and breading removed",SR Legacy,28.67,12.13,2.97,,236.0
170744,"KFC, Fried Chicken, ORIGINAL RECIPE, Breast, meat and skin with breading",SR Legacy,21.94,13.11,6.28,,231.0
170739,"KFC, Fried Chicken, ORIGINAL RECIPE, Breast, meat only, skin and breading removed",SR Legacy,26.89,4.56,0.0,,149.0
170745,"KFC, Fried Chicken, ORIGINAL RECIPE, Drumstick, meat and skin with breading",SR Legacy,22.3,14.22,5.39,,239.0
170740,"KFC, Fried Chicken, ORIGINAL RECIPE, Drumstick, meat only, skin and breading removed",SR Legacy,26.3,7.66,0.11,,175.0
170738,"KFC, Fried Chicken, ORIGINAL RECIPE, Skin and Breading",SR Legacy,14.17,28.01,18.79,0.0,384.0
170346,"KFC, Fried Chicken, ORIGINAL RECIPE, Thigh, meat and skin with breading",SR Legacy,18.9,17.73,8.46,0.0,269.0
170741,"KFC, Fried Chicken, ORIGINAL RECIPE, Thigh, meat only, skin and breading removed",SR Legacy,22.78,9.31,0.01,,175.0
170347,"KFC, Fried Chicken, ORIGINAL RECIPE, Wing, meat and skin with breading",SR Legacy,21.7,18.9,9.93,0.0,297.0
170342,"KFC, Fried Chicken, ORIGINAL RECIPE, Wing, meat only, skin and breading removed",SR Legacy,28.65,10.49,1.76,,216.0
170737,"KFC, Popcorn Chicken",SR Legacy,17.67,21.74,21.18,1.0,351.0
2710830,"Khorasan, grain, dry, raw",Foundation Foods,14.75573,2.8,71.79427,10.52,371.4
173877,"Kielbasa, fully cooked, grilled",SR Legacy,12.45,29.68,5.03,0.0,337.0
173878,"Kielbasa, fully cooked, pan-fried",SR Legacy,12.36,29.43,4.78,0.0,333.0
173879,"Kielbasa, fully cooked, unheated",SR Legacy,10.84,29.63,3.72,0.0,325.0
174607,"Kielbasa, Polish, turkey and beef, smoked",SR Legacy,13.1,17.6,3.9,0.0,226.0
2710831,"Kiwifruit (kiwi), green, peeled, raw",Foundation Foods,1.008125,0.64,13.818075,2.129,65.0648
327046,"Kiwifruit, green, raw",Foundation Foods,1.06,0.44,14.0,3.0,58.0
168211,"Kiwifruit, ZESPRI SunGold, raw",SR Legacy,1.02,0.28,15.79,1.4,63.0
173867,"Knackwurst, knockwurst, pork, beef",SR Legacy,11.1,27.7,3.2,0.0,307.0
169357,"Kohlrabi, cooked, boiled, drained, with salt",SR Legacy,1.8,0.11,6.69,1.1,29.0
168425,"Kohlrabi, cooked, boiled, drained, without salt",SR Legacy,1.8,0.11,6.69,1.1,29.0
168424,"Kohlrabi, raw",SR Legacy,1.7,0.1,6.2,3.6,27.0
172211,KRAFT BREAKSTONE'S FREE Fat Free Sour Cream,SR Legacy,4.7,1.3,15.1,0.0,91.0
172210,KRAFT BREAKSTONE'S Reduced Fat Sour Cream,SR Legacy,4.5,12.0,6.5,0.1,152.0
173446,KRAFT CHEEZ WHIZ LIGHT Pasteurized Process Cheese Product,SR Legacy,16.3,9.5,16.2,0.2,215.0
172209,KRAFT CHEEZ WHIZ Pasteurized Process Cheese Sauce,SR Legacy,12.0,21.0,9.2,0.3,276.0
167514,"Kraft Foods, Shake N Bake Original Recipe, Coating for Pork, dry",SR Legacy,6.1,3.7,79.8,,377.0
173447,KRAFT FREE Singles American Nonfat Pasteurized Process Cheese Product,SR Legacy,22.7,1.0,11.7,0.2,148.0
173449,KRAFT VELVEETA LIGHT Reduced Fat Pasteurized Process Cheese Product,SR Legacy,19.6,10.6,11.8,0.0,222.0
173448,KRAFT VELVEETA Pasteurized Process Cheese Spread,SR Legacy,16.3,22.0,9.8,0.0,303.0
175079,"Kraft, Stove Top Stuffing Mix Chicken Flavor",SR Legacy,12.6,4.1,73.1,2.5,381.0
168154,"Kumquats, raw",SR Legacy,1.88,0.86,15.9,6.5,71.0
172608,"Lamb, Australian, ground,  85% lean / 15% fat, raw",SR Legacy,17.14,20.71,0.0,,255.0
174398,"Lamb, Australian, imported, fresh, composite of trimmed retail cuts, separable lean and fat, trimmed to 1/8"" fat, cooked",SR Legacy,24.52,16.82,0.0,,256.0
174397,"Lamb, Australian, imported, fresh, composite of trimmed retail cuts, separable lean and fat, trimmed to 1/8"" fat, raw",SR Legacy,17.84,16.97,0.0,,229.0
174400,"Lamb, Australian, imported, fresh, composite of trimmed retail cuts, separable lean only, trimmed to 1/8"" fat, cooked",SR Legacy,26.71,9.63,0.0,,201.0
174399,"Lamb, Australian, imported, fresh, composite of trimmed retail cuts, separable lean only, trimmed to 1/8"" fat, raw",SR Legacy,20.25,6.18,0.0,,142.0
174891,"Lamb, Australian, imported, fresh, external fat, cooked",SR Legacy,16.9,52.3,0.0,0.0,538.0
174892,"Lamb, Australian, imported, fresh, external fat, raw",SR Legacy,12.59,48.5,0.0,0.0,487.0
172575,"Lamb, Australian, imported, fresh, foreshank, separable lean and fat, trimmed to 1/8"" fat, cooked, braised",SR Legacy,24.78,14.44,0.0,,236.0
172574,"Lamb, Australian, imported, fresh, foreshank, separable lean and fat, trimmed to 1/8"" fat, raw",SR Legacy,18.85,12.68,0.0,,195.0
174402,"Lamb, Australian, imported, fresh, foreshank, separable lean only, trimmed to 1/8"" fat, cooked, braised",SR Legacy,27.5,5.22,0.0,,165.0
174401,"Lamb, Australian, imported, fresh, foreshank, separable lean only, trimmed to 1/8"" fat, raw",SR Legacy,20.83,3.81,0.0,,123.0
172658,"Lamb, Australian, imported, fresh, leg, bottom, boneless, separable lean and fat, trimmed to 1/8"" fat, cooked, roasted",SR Legacy,27.54,12.04,0.0,0.0,219.0
172659,"Lamb, Australian, imported, fresh, leg, bottom, boneless, separable lean and fat, trimmed to 1/8"" fat, raw",SR Legacy,20.97,11.43,0.0,0.0,187.0
174885,"Lamb, Australian, imported, fresh, leg, bottom, boneless, separable lean only, trimmed to 1/8"" fat, cooked, roasted",SR Legacy,28.6,8.35,0.0,0.0,190.0
172653,"Lamb, Australian, imported, fresh, leg, bottom, boneless, separable lean only, trimmed to 1/8"" fat, raw",SR Legacy,22.28,5.24,0.0,0.0,136.0
174411,"Lamb, Australian, imported, fresh, leg, center slice, bone-in, separable lean and fat, trimmed to 1/8"" fat, cooked, broiled",SR Legacy,25.54,11.78,0.0,,215.0
174410,"Lamb, Australian, imported, fresh, leg, center slice, bone-in, separable lean and fat, trimmed to 1/8"" fat, raw",SR Legacy,19.17,12.56,0.0,,195.0
172585,"Lamb, Australian, imported, fresh, leg, center slice, bone-in, separable lean only, trimmed to 1/8"" fat, cooked, broiled",SR Legacy,26.75,7.68,0.0,,183.0
174412,"Lamb, Australian, imported, fresh, leg, center slice, bone-in, separable lean only, trimmed to 1/8"" fat, raw",SR Legacy,20.65,6.08,0.0,,143.0
174893,"Lamb, Australian, imported, fresh, leg, hindshank, heel on, bone-in, separable lean and fat, trimmed to 1/8"" fat, cooked, braised",SR Legacy,29.52,9.5,0.0,0.0,204.0
174894,"Lamb, Australian, imported, fresh, leg, hindshank, heel on, bone-in, separable lean and fat, trimmed to 1/8"" fat, raw",SR Legacy,20.58,12.68,0.0,0.0,196.0
174886,"Lamb, Australian, imported, fresh, leg, hindshank, heel on, bone-in, separable lean only, trimmed to 1/8"" fat, cooked, braised",SR Legacy,30.73,5.63,0.0,0.0,174.0
174887,"Lamb, Australian, imported, fresh, leg, hindshank, heel on, bone-in, separable lean only, trimmed to 1/8"" fat, raw",SR Legacy,22.49,3.53,0.0,0.0,122.0
172579,"Lamb, Australian, imported, fresh, leg, shank half, separable lean and fat, trimmed to 1/8"" fat, cooked, roasted",SR Legacy,25.25,13.69,0.0,,231.0
172578,"Lamb, Australian, imported, fresh, leg, shank half, separable lean and fat, trimmed to 1/8"" fat, raw",SR Legacy,18.59,13.48,0.0,,201.0
174405,"Lamb, Australian, imported, fresh, leg, shank half, separable lean only, trimmed to 1/8"" fat, cooked, roasted",SR Legacy,27.18,7.27,0.0,,182.0
172580,"Lamb, Australian, imported, fresh, leg, shank half, separable lean only, trimmed to 1/8"" fat, raw",SR Legacy,20.45,5.1,0.0,,133.0
172583,"Lamb, Australian, imported, fresh, leg, sirloin chops, boneless, separable lean and fat, trimmed to 1/8"" fat, cooked, broiled",SR Legacy,25.75,13.83,0.0,,235.0
172582,"Lamb, Australian, imported, fresh, leg, sirloin chops, boneless, separable lean and fat, trimmed to 1/8"" fat, raw",SR Legacy,18.33,14.38,0.0,,208.0
174409,"Lamb, Australian, imported, fresh, leg, sirloin chops, boneless, separable lean only, trimmed to 1/8"" fat, cooked, broiled",SR Legacy,27.63,7.8,0.0,,188.0
172584,"Lamb, Australian, imported, fresh, leg, sirloin chops, boneless, separable lean only, trimmed to 1/8"" fat, raw",SR Legacy,20.43,4.91,0.0,,132.0
174407,"Lamb, Australian, imported, fresh, leg, sirloin half, boneless, separable lean and fat, trimmed to 1/8"" fat, cooked, roasted",SR Legacy,24.88,19.38,0.0,,281.0
174406,"Lamb, Australian, imported, fresh, leg, sirloin half, boneless, separable lean and fat, trimmed to 1/8"" fat, raw",SR Legacy,17.25,20.0,0.0,,254.0
172581,"Lamb, Australian, imported, fresh, leg, sirloin half, boneless, separable lean only, trimmed to 1/8"" fat, cooked, roasted",SR Legacy,27.75,10.65,0.0,,215.0
174408,"Lamb, Australian, imported, fresh, leg, sirloin half, boneless, separable lean only, trimmed to 1/8"" fat, raw",SR Legacy,20.48,5.64,0.0,,138.0
174895,"Lamb, Australian, imported, fresh, leg, trotter off, bone-in, separable lean and fat, trimmed to 1/8"" fat, cooked, roasted",SR Legacy,30.15,11.64,0.08,0.0,226.0
174896,"Lamb, Australian, imported, fresh, leg, trotter off, bone-in, separable lean and fat, trimmed to 1/8"" fat, raw",SR Legacy,21.95,9.73,0.0,0.0,175.0
172654,"Lamb, Australian, imported, fresh, leg, trotter off, bone-in, separable lean only, trimmed to 1/8"" fat, cooked, roasted",SR Legacy,32.08,9.59,0.0,0.0,215.0
172655,"Lamb, Australian, imported, fresh, leg, trotter off, bone-in, separable lean only, trimmed to 1/8"" fat, raw",SR Legacy,23.11,4.33,0.0,0.0,131.0
174404,"Lamb, Australian, imported, fresh, leg, whole (shank and sirloin), separable lean and fat, trimmed to 1/8"" fat, cooked, roasted",SR Legacy,25.16,15.13,0.0,,244.0
174403,"Lamb, Australian, imported, fresh, leg, whole (shank and sirloin), separable lean and fat, trimmed to 1/8"" fat, raw",SR Legacy,18.24,15.19,0.0,,215.0
172577,"Lamb, Australian, imported, fresh, leg, whole (shank and sirloin), separable lean only, trimmed to 1/8"" fat, cooked, roasted",SR Legacy,27.31,8.1,0.0,,190.0
172576,"Lamb, Australian, imported, fresh, leg, whole (shank and sirloin), separable lean only, trimmed to 1/8"" fat, raw",SR Legacy,20.46,5.23,0.0,,135.0
172587,"Lamb, Australian, imported, fresh, loin, separable lean and fat, trimmed to 1/8"" fat, cooked, broiled",SR Legacy,25.49,12.25,0.0,,219.0
172586,"Lamb, Australian, imported, fresh, loin, separable lean and fat, trimmed to 1/8"" fat, raw",SR Legacy,19.32,13.38,0.0,,203.0
174413,"Lamb, Australian, imported, fresh, loin, separable lean only, trimmed to 1/8"" fat, cooked, broiled",SR Legacy,26.53,8.75,0.0,,192.0
172588,"Lamb, Australian, imported, fresh, loin, separable lean only, trimmed to 1/8"" fat, raw",SR Legacy,21.0,6.24,0.0,,146.0
172663,"Lamb, Australian, imported, fresh, rack, roast, frenched, bone-in, separable lean and fat, trimmed to 1/8"" fat, cooked, roasted",SR Legacy,25.96,20.77,0.0,0.0,291.0
174890,"Lamb, Australian, imported, fresh, rack, roast, frenched, bone-in, separable lean only, trimmed to 1/8"" fat, cooked, roasted",SR Legacy,28.01,14.64,0.0,0.0,244.0
172662,"Lamb, Australian, imported, fresh, rack, roast, frenched, denuded, bone-in, separable lean and fat, trimmed to 0"" fat, cooked, roasted",SR Legacy,25.95,9.91,0.0,0.0,193.0
174889,"Lamb, Australian, imported, fresh, rack, roast, frenched, denuded, bone-in, separable lean only, trimmed to 0"" fat, cooked, roasted",SR Legacy,26.52,7.63,0.0,0.0,175.0
174415,"Lamb, Australian, imported, fresh, rib chop, frenched, bone-in, separable lean and fat, trimmed to 1/8"" fat, cooked, grilled",SR Legacy,28.48,21.2,0.0,0.0,305.0
172589,"Lamb, Australian, imported, fresh, rib chop, frenched, bone-in, separable lean only, trimmed to 1/8"" fat, cooked, grilled",SR Legacy,32.16,11.68,0.0,0.0,234.0
174898,"Lamb, Australian, imported, fresh, rib chop, frenched, denuded, bone-in, separable lean and fat, trimmed to 0"" fat, cooked, grilled",SR Legacy,30.9,16.96,0.0,0.0,276.0
172661,"Lamb, Australian, imported, fresh, rib chop, frenched, denuded, bone-in, separable lean only, trimmed to 0"" fat, cooked, grilled",SR Legacy,33.17,11.5,0.0,0.0,236.0
174414,"Lamb, Australian, imported, fresh, rib chop/rack roast, frenched, bone-in, separable lean and fat, trimmed to 1/8"" fat, raw",SR Legacy,21.26,16.89,0.0,0.0,237.0
174416,"Lamb, Australian, imported, fresh, rib chop/rack roast, frenched, bone-in, separable lean only, trimmed to 1/8"" fat, raw",SR Legacy,24.07,5.59,0.0,0.0,147.0
172656,"Lamb, Australian, imported, fresh, seam fat, cooked",SR Legacy,13.81,54.72,1.55,0.0,554.0
172657,"Lamb, Australian, imported, fresh, seam fat, raw",SR Legacy,15.65,44.01,0.0,0.0,459.0
172573,"Lamb, Australian, imported, fresh, separable fat, cooked",SR Legacy,9.42,66.4,0.0,,639.0
172572,"Lamb, Australian, imported, fresh, separable fat, raw",SR Legacy,6.27,68.87,0.0,,648.0
172597,"Lamb, Australian, imported, fresh, shoulder ,blade, separable lean only, trimmed to 1/8"" fat, cooked, broiled",SR Legacy,23.83,14.38,0.0,,231.0
174418,"Lamb, Australian, imported, fresh, shoulder, arm, separable lean and fat, trimmed to 1/8"" fat, cooked, braised",SR Legacy,29.7,20.38,0.0,,311.0
174417,"Lamb, Australian, imported, fresh, shoulder, arm, separable lean and fat, trimmed to 1/8"" fat, raw",SR Legacy,17.06,18.89,0.0,,243.0
174420,"Lamb, Australian, imported, fresh, shoulder, arm, separable lean only,   trimmed to 1/8"" fat, cooked, braised",SR Legacy,34.17,10.23,0.0,,238.0
174419,"Lamb, Australian, imported, fresh, shoulder, arm, separable lean only, trimmed to 1/8"" fat, raw",SR Legacy,19.88,5.81,0.0,,137.0
172595,"Lamb, Australian, imported, fresh, shoulder, blade, separable lean and fat, trimmed to 1/8"" fat, cooked, broiled",SR Legacy,21.71,22.03,0.0,,291.0
172594,"Lamb, Australian, imported, fresh, shoulder, blade, separable lean and fat, trimmed to 1/8"" fat, raw",SR Legacy,16.48,21.28,0.0,,262.0
172596,"Lamb, Australian, imported, fresh, shoulder, blade, separable lean only, trimmed to 1/8"" fat, raw",SR Legacy,19.1,9.09,0.0,,164.0
172591,"Lamb, Australian, imported, fresh, shoulder, whole (arm and blade), separable lean and fat, trimmed to 1/8"" fat, cooked",SR Legacy,23.58,21.65,0.0,,296.0
172590,"Lamb, Australian, imported, fresh, shoulder, whole (arm and blade), separable lean and fat, trimmed to 1/8"" fat, raw",SR Legacy,16.68,20.47,0.0,,256.0
172592,"Lamb, Australian, imported, fresh, shoulder, whole (arm and blade), separable lean only,   trimmed to 1/8"" fat, raw",SR Legacy,19.36,8.01,0.0,,155.0
172593,"Lamb, Australian, imported, fresh, shoulder, whole (arm and blade), separable lean only, trimmed to 1/8"" fat, cooked",SR Legacy,26.18,13.44,0.0,,233.0
174897,"Lamb, Australian, imported, fresh, tenderloin, boneless, separable lean and fat, trimmed to 1/8"" fat, cooked, roasted",SR Legacy,30.87,7.02,0.0,0.0,187.0
172660,"Lamb, Australian, imported, fresh, tenderloin, boneless, separable lean and fat, trimmed to 1/8"" fat, raw",SR Legacy,23.23,5.52,0.0,0.0,143.0
174888,"Lamb, Australian, imported, fresh, tenderloin, boneless, separable lean only, trimmed to 1/8"" fat, cooked, roasted",SR Legacy,30.97,6.71,0.0,0.0,184.0
172652,"Lamb, Australian, imported, fresh, tenderloin, boneless, separable lean only, trimmed to 1/8"" fat, raw",SR Legacy,23.42,4.73,0.0,0.0,136.0
174310,"Lamb, composite of trimmed retail cuts, separable fat, trimmed to 1/4"" fat, choice, cooked",SR Legacy,12.16,59.18,0.0,0.0,586.0
174309,"Lamb, composite of trimmed retail cuts, separable fat, trimmed to 1/4"" fat, choice, raw",SR Legacy,6.65,70.61,0.0,0.0,665.0
172480,"Lamb, composite of trimmed retail cuts, separable lean and fat, trimmed to 1/4"" fat, choice, cooked",SR Legacy,24.52,20.94,0.0,0.0,294.0
172479,"Lamb, composite of trimmed retail cuts, separable lean and fat, trimmed to 1/4"" fat, choice, raw",SR Legacy,16.88,21.59,0.0,0.0,267.0
172546,"Lamb, composite of trimmed retail cuts, separable lean and fat, trimmed to 1/8"" fat, choice, cooked",SR Legacy,25.51,18.01,0.0,0.0,271.0
172545,"Lamb, composite of trimmed retail cuts, separable lean and fat, trimmed to 1/8"" fat, choice, raw",SR Legacy,17.54,18.66,0.0,0.0,243.0
174308,"Lamb, composite of trimmed retail cuts, separable lean only, trimmed to 1/4"" fat, choice, cooked",SR Legacy,28.22,9.52,0.0,0.0,206.0
174307,"Lamb, composite of trimmed retail cuts, separable lean only, trimmed to 1/4"" fat, choice, raw",SR Legacy,20.29,5.25,0.0,0.0,134.0
172509,"Lamb, cubed for stew or kabob (leg and shoulder), separable lean only, trimmed to 1/4"" fat, cooked, braised",SR Legacy,33.69,8.8,0.0,0.0,223.0
172510,"Lamb, cubed for stew or kabob (leg and shoulder), separable lean only, trimmed to 1/4"" fat, cooked, broiled",SR Legacy,28.08,7.33,0.0,0.0,186.0
172508,"Lamb, cubed for stew or kabob (leg and shoulder), separable lean only, trimmed to 1/4"" fat, raw",SR Legacy,20.21,5.28,0.0,0.0,134.0
172482,"Lamb, foreshank, separable lean and fat, trimmed to 1/4"" fat, choice, cooked, braised",SR Legacy,28.37,13.46,0.0,0.0,243.0
172481,"Lamb, foreshank, separable lean and fat, trimmed to 1/4"" fat, choice, raw",SR Legacy,18.91,13.38,0.0,0.0,201.0
172547,"Lamb, foreshank, separable lean and fat, trimmed to 1/8"" fat, choice, raw",SR Legacy,18.91,13.38,0.0,0.0,201.0
174371,"Lamb, foreshank, separable lean and fat, trimmed to 1/8"" fat, cooked, braised",SR Legacy,28.37,13.46,0.0,0.0,243.0
172484,"Lamb, foreshank, separable lean only, trimmed to 1/4"" fat, choice, cooked, braised",SR Legacy,31.01,6.02,0.0,0.0,187.0
172483,"Lamb, foreshank, separable lean only, trimmed to 1/4"" fat, choice, raw",SR Legacy,21.08,3.29,0.0,0.0,120.0
172544,"Lamb, ground, cooked, broiled",SR Legacy,24.75,19.65,0.0,0.0,283.0
174370,"Lamb, ground, raw",SR Legacy,16.56,23.41,0.0,0.0,282.0
172485,"Lamb, leg, shank half, separable lean and fat, trimmed to 1/4"" fat, choice, cooked, roasted",SR Legacy,26.41,12.45,0.0,0.0,225.0
174315,"Lamb, leg, shank half, separable lean and fat, trimmed to 1/4"" fat, choice, raw",SR Legacy,18.58,13.49,0.0,0.0,201.0
172548,"Lamb, leg, shank half, separable lean and fat, trimmed to 1/8"" fat, choice, cooked, roasted",SR Legacy,26.73,11.4,0.0,0.0,217.0
174374,"Lamb, leg, shank half, separable lean and fat, trimmed to 1/8"" fat, choice, raw",SR Legacy,18.99,11.5,0.0,0.0,185.0
172487,"Lamb, leg, shank half, separable lean only, trimmed to 1/4"" fat, choice, cooked, roasted",SR Legacy,28.17,6.67,0.0,0.0,180.0
172486,"Lamb, leg, shank half, separable lean only, trimmed to 1/4"" fat, choice, raw",SR Legacy,20.52,4.19,0.0,0.0,125.0
174316,"Lamb, leg, sirloin half, separable lean and fat, trimmed to 1/4"" fat, choice, cooked, roasted",SR Legacy,24.63,20.67,0.0,0.0,292.0
172488,"Lamb, leg, sirloin half, separable lean and fat, trimmed to 1/4"" fat, choice, raw",SR Legacy,16.94,22.11,0.0,0.0,272.0
172550,"Lamb, leg, sirloin half, separable lean and fat, trimmed to 1/8"" fat, choice, cooked, roasted",SR Legacy,24.95,19.67,0.0,0.0,284.0
172549,"Lamb, leg, sirloin half, separable lean and fat, trimmed to 1/8"" fat, choice, raw",SR Legacy,17.21,20.8,0.0,0.0,261.0
174318,"Lamb, leg, sirloin half, separable lean only, trimmed to 1/4"" fat, choice, cooked, roasted",SR Legacy,28.35,9.17,0.0,0.0,204.0
174317,"Lamb, leg, sirloin half, separable lean only, trimmed to 1/4"" fat, choice, raw",SR Legacy,20.55,5.08,0.0,0.0,134.0
174312,"Lamb, leg, whole (shank and sirloin), separable lean and fat, trimmed to 1/4"" fat, choice, cooked, roasted",SR Legacy,25.55,16.48,0.0,0.0,258.0
174311,"Lamb, leg, whole (shank and sirloin), separable lean and fat, trimmed to 1/4"" fat, choice, raw",SR Legacy,17.91,17.07,0.0,0.0,230.0
174373,"Lamb, leg, whole (shank and sirloin), separable lean and fat, trimmed to 1/8"" fat, choice, cooked, roasted",SR Legacy,26.2,14.42,0.0,0.0,242.0
174372,"Lamb, leg, whole (shank and sirloin), separable lean and fat, trimmed to 1/8"" fat, choice, raw",SR Legacy,18.47,14.42,0.0,0.0,209.0
174314,"Lamb, leg, whole (shank and sirloin), separable lean only, trimmed to 1/4"" fat, choice, cooked, roasted",SR Legacy,28.3,7.74,0.0,0.0,191.0
174313,"Lamb, leg, whole (shank and sirloin), separable lean only, trimmed to 1/4"" fat, choice, raw",SR Legacy,20.56,4.51,0.0,0.0,128.0
172489,"Lamb, loin, separable lean and fat, trimmed to 1/4"" fat, choice, cooked, broiled",SR Legacy,25.17,23.08,0.0,0.0,316.0
172490,"Lamb, loin, separable lean and fat, trimmed to 1/4"" fat, choice, cooked, roasted",SR Legacy,22.55,23.59,0.0,0.0,309.0
174319,"Lamb, loin, separable lean and fat, trimmed to 1/4"" fat, choice, raw",SR Legacy,16.32,26.63,0.0,0.0,310.0
174375,"Lamb, loin, separable lean and fat, trimmed to 1/8"" fat, choice, cooked, broiled",SR Legacy,26.06,20.61,0.0,0.0,297.0
174376,"Lamb, loin, separable lean and fat, trimmed to 1/8"" fat, choice, cooked, roasted",SR Legacy,23.27,21.12,0.0,0.0,290.0
172551,"Lamb, loin, separable lean and fat, trimmed to 1/8"" fat, choice, raw",SR Legacy,17.18,22.75,0.0,0.0,279.0
172492,"Lamb, loin, separable lean only, trimmed to 1/4"" fat, choice, cooked, broiled",SR Legacy,29.99,9.73,0.0,0.0,216.0
174320,"Lamb, loin, separable lean only, trimmed to 1/4"" fat, choice, cooked, roasted",SR Legacy,26.59,9.76,0.0,0.0,202.0
172491,"Lamb, loin, separable lean only, trimmed to 1/4"" fat, choice, raw",SR Legacy,20.88,5.94,0.0,0.0,143.0
174436,"Lamb, New Zealand, imported, brains, cooked, soaked and fried",SR Legacy,14.03,10.92,0.0,0.0,154.0
174437,"Lamb, New Zealand, imported, brains, raw",SR Legacy,11.33,8.03,0.0,0.0,118.0
172610,"Lamb, New Zealand, imported, breast, separable lean only, cooked, braised",SR Legacy,28.16,17.53,0.0,0.0,270.0
172611,"Lamb, New Zealand, imported, breast, separable lean only, raw",SR Legacy,18.31,7.98,1.02,0.0,149.0
172612,"Lamb, New Zealand, imported, chump, boneless, separable lean only, cooked, fast roasted",SR Legacy,23.69,5.27,0.0,0.0,142.0
174438,"Lamb, New Zealand, imported, chump, boneless, separable lean only, raw",SR Legacy,21.68,3.83,0.0,0.0,121.0
172630,"Lamb, New Zealand, imported, flap, boneless, separable lean and fat, cooked, braised",SR Legacy,20.48,32.63,0.14,0.0,376.0
172631,"Lamb, New Zealand, imported, flap, boneless, separable lean and fat, raw",SR Legacy,16.17,30.14,0.27,0.0,337.0
174440,"Lamb, New Zealand, imported, flap, boneless, separable lean only, cooked, braised",SR Legacy,27.88,13.6,0.0,0.0,234.0
174441,"Lamb, New Zealand, imported, flap, boneless, separable lean only, raw",SR Legacy,21.72,10.31,0.0,0.0,180.0
172514,"Lamb, New Zealand, imported, fore-shank, separable lean and fat, cooked, braised",SR Legacy,30.35,14.99,0.03,0.0,256.0
172513,"Lamb, New Zealand, imported, fore-shank, separable lean and fat, raw",SR Legacy,20.09,11.38,0.09,0.0,183.0
174341,"Lamb, New Zealand, imported, fore-shank, separable lean only, cooked, braised",SR Legacy,33.31,8.4,0.0,0.0,209.0
174340,"Lamb, New Zealand, imported, fore-shank, separable lean only, raw",SR Legacy,22.05,3.77,0.0,0.0,122.0
172512,"Lamb, New Zealand, imported, frozen, composite of trimmed retail cuts, separable fat, cooked",SR Legacy,9.72,60.39,0.0,0.0,586.0
172511,"Lamb, New Zealand, imported, frozen, composite of trimmed retail cuts, separable fat, raw",SR Legacy,6.92,67.63,0.0,0.0,640.0
174337,"Lamb, New Zealand, imported, frozen, composite of trimmed retail cuts, separable lean and fat, cooked",SR Legacy,24.42,22.26,0.0,0.0,305.0
174336,"Lamb, New Zealand, imported, frozen, composite of trimmed retail cuts, separable lean and fat, raw",SR Legacy,16.74,22.74,0.0,0.0,277.0
174385,"Lamb, New Zealand, imported, frozen, composite of trimmed retail cuts, separable lean and fat, trimmed to 1/8"" fat, cooked",SR Legacy,25.26,17.98,0.0,0.0,270.0
174384,"Lamb, New Zealand, imported, frozen, composite of trimmed retail cuts, separable lean and fat, trimmed to 1/8"" fat, raw",SR Legacy,17.95,17.2,0.0,0.0,232.0
174339,"Lamb, New Zealand, imported, frozen, composite of trimmed retail cuts, separable lean only, cooked",SR Legacy,29.59,8.86,0.0,0.0,206.0
174338,"Lamb, New Zealand, imported, frozen, composite of trimmed retail cuts, separable lean only, raw",SR Legacy,20.75,4.41,0.0,0.0,128.0
174387,"Lamb, New Zealand, imported, frozen, foreshank, separable lean and fat, trimmed to 1/8"" fat, cooked, braised",SR Legacy,26.97,15.83,0.0,0.0,258.0
174386,"Lamb, New Zealand, imported, frozen, foreshank, separable lean and fat, trimmed to 1/8"" fat, raw",SR Legacy,18.04,16.15,0.0,0.0,223.0
174343,"Lamb, New Zealand, imported, frozen, leg, whole (shank and sirloin), separable lean and fat, cooked, roasted",SR Legacy,24.81,15.56,0.0,0.0,246.0
172561,"Lamb, New Zealand, imported, frozen, leg, whole (shank and sirloin), separable lean and fat, trimmed to 1/8"" fat, cooked, roasted",SR Legacy,25.34,13.95,0.0,0.0,234.0
172560,"Lamb, New Zealand, imported, frozen, leg, whole (shank and sirloin), separable lean and fat, trimmed to 1/8"" fat, raw",SR Legacy,18.76,13.37,0.0,0.0,201.0
172516,"Lamb, New Zealand, imported, frozen, leg, whole (shank and sirloin), separable lean only, cooked, roasted",SR Legacy,27.68,7.01,0.0,0.0,181.0
175259,"Lamb, New Zealand, imported, frozen, loin, separable lean and fat, cooked, broiled",SR Legacy,23.43,23.88,0.0,0.0,315.0
172563,"Lamb, New Zealand, imported, frozen, loin, separable lean and fat, trimmed to 1/8"" fat, cooked, broiled",SR Legacy,24.41,21.28,0.0,0.0,296.0
172562,"Lamb, New Zealand, imported, frozen, loin, separable lean and fat, trimmed to 1/8"" fat, raw",SR Legacy,17.18,22.1,0.0,0.0,273.0
173811,"Lamb, New Zealand, imported, frozen, loin, separable lean only, cooked, broiled",SR Legacy,29.31,8.24,0.0,0.0,199.0
174389,"Lamb, New Zealand, imported, frozen, rib, separable lean and fat, trimmed to 1/8"" fat, cooked, roasted",SR Legacy,19.86,25.74,0.0,0.0,317.0
174388,"Lamb, new zealand, imported, frozen, rib, separable lean and fat, trimmed to 1/8"" fat, raw",SR Legacy,15.87,27.0,0.0,0.0,311.0
175263,"Lamb, New Zealand, imported, frozen, shoulder, whole (arm and blade), separable lean and fat, cooked, braised",SR Legacy,28.21,26.27,0.0,0.0,357.0
174391,"Lamb, New Zealand, imported, frozen, shoulder, whole (arm and blade), separable lean and fat, trimmed to 1/8"" fat, cooked, braised",SR Legacy,29.43,24.03,0.0,0.0,342.0
174390,"Lamb, New Zealand, imported, frozen, shoulder, whole (arm and blade), separable lean and fat, trimmed to 1/8"" fat, raw",SR Legacy,17.19,19.74,0.0,0.0,251.0
173814,"Lamb, New Zealand, imported, frozen, shoulder, whole (arm and blade), separable lean only, cooked, braised",SR Legacy,34.06,15.5,0.0,0.0,285.0
172616,"Lamb, New Zealand, imported, ground lamb, cooked, braised",SR Legacy,22.6,11.34,0.0,0.0,192.0
172617,"Lamb, New Zealand, imported, ground lamb, raw",SR Legacy,20.33,12.41,0.0,0.0,193.0
174443,"Lamb, New Zealand, imported, heart, cooked, soaked and simmered",SR Legacy,26.26,6.21,0.0,0.0,161.0
174444,"Lamb, New Zealand, imported, heart, raw",SR Legacy,18.09,3.68,0.0,0.0,105.0
172632,"Lamb, New Zealand, imported, hind-shank, separable lean and fat, cooked, braised",SR Legacy,29.59,14.22,0.04,0.0,247.0
172633,"Lamb, New Zealand, imported, hind-shank, separable lean and fat, raw",SR Legacy,18.39,12.12,0.73,0.0,186.0
174453,"Lamb, New Zealand, imported, hind-shank, separable lean only, cooked, braised",SR Legacy,32.5,7.37,0.0,0.0,196.0
174454,"Lamb, New Zealand, imported, hind-shank, separable lean only, raw",SR Legacy,20.4,3.35,0.73,0.0,115.0
172609,"Lamb, New Zealand, imported, Intermuscular fat, cooked",SR Legacy,8.53,62.44,0.0,0.0,596.0
174434,"Lamb, New Zealand, imported, Intermuscular fat, raw",SR Legacy,4.63,68.53,1.26,0.0,640.0
174439,"Lamb, New Zealand, imported, kidney, cooked, soaked and fried",SR Legacy,19.78,3.56,0.18,0.0,112.0
174442,"Lamb, New Zealand, imported, kidney, raw",SR Legacy,15.21,2.54,0.03,0.0,84.0
174460,"Lamb, New Zealand, imported, leg chop/steak, bone-in, separable lean and fat, cooked, fast fried",SR Legacy,24.26,12.76,0.04,0.0,212.0
174342,"Lamb, New Zealand, imported, leg chop/steak, bone-in, separable lean and fat, raw",SR Legacy,18.64,14.52,0.13,0.0,206.0
174459,"Lamb, New Zealand, imported, leg chop/steak, bone-in, separable lean only, cooked, fast fried",SR Legacy,26.31,6.35,0.0,0.0,162.0
172515,"Lamb, New Zealand, imported, leg chop/steak, bone-in, separable lean only, raw",SR Legacy,21.1,4.64,0.0,0.0,126.0
172614,"Lamb, New Zealand, imported, liver, cooked, soaked and fried",SR Legacy,25.8,6.56,1.48,0.0,168.0
172615,"Lamb, New Zealand, imported, liver, raw",SR Legacy,20.7,4.92,2.22,0.0,136.0
174461,"Lamb, New Zealand, imported, loin chop, separable lean and fat, cooked, fast fried",SR Legacy,21.5,27.11,0.41,0.0,332.0
172517,"Lamb, New Zealand, imported, loin chop, separable lean and fat, raw",SR Legacy,15.4,26.19,0.22,0.0,298.0
174457,"Lamb, New Zealand, imported, loin chop, separable lean only, cooked, fast fried",SR Legacy,27.43,10.7,0.41,0.0,208.0
173810,"Lamb, New Zealand, imported, loin chop, separable lean only, raw",SR Legacy,19.98,6.88,0.0,0.0,142.0
174462,"Lamb, New Zealand, imported, loin saddle, separable lean and fat, cooked, fast roasted",SR Legacy,21.13,20.98,0.1,0.0,274.0
174463,"Lamb, New Zealand, imported, loin saddle, separable lean and fat, raw",SR Legacy,16.56,22.9,0.2,0.0,273.0
172624,"Lamb, New Zealand, imported, loin saddle, separable lean only, cooked, fast roasted",SR Legacy,25.53,6.7,0.0,0.0,162.0
172625,"Lamb, New Zealand, imported, loin saddle, separable lean only, raw",SR Legacy,20.86,5.32,0.0,0.0,131.0
172634,"Lamb, New Zealand, imported, loin, boneless, separable lean and fat, cooked, fast roasted",SR Legacy,28.96,4.57,0.0,0.0,157.0
172635,"Lamb, New Zealand, imported, loin, boneless, separable lean and fat, raw",SR Legacy,21.44,3.99,0.0,0.0,122.0
174451,"Lamb, New Zealand, imported, loin, boneless, separable lean only, cooked, fast roasted",SR Legacy,28.99,4.49,0.0,0.0,156.0
174452,"Lamb, New Zealand, imported, loin, boneless, separable lean only, raw",SR Legacy,21.5,3.77,0.0,0.0,120.0
172636,"Lamb, New Zealand, imported, neck chops, separable lean and fat, cooked, braised",SR Legacy,28.53,21.43,0.03,0.0,307.0
172637,"Lamb, New Zealand, imported, neck chops, separable lean and fat, raw",SR Legacy,17.43,17.9,0.14,0.0,231.0
172626,"Lamb, New Zealand, imported, neck chops, separable lean only, cooked, braised",SR Legacy,31.4,15.36,0.0,0.0,264.0
174455,"Lamb, New Zealand, imported, neck chops, separable lean only, raw",SR Legacy,19.84,7.97,0.0,0.0,151.0
172638,"Lamb, New Zealand, imported, netted shoulder, rolled, boneless, separable lean and fat, cooked, slow roasted",SR Legacy,21.45,22.33,0.05,0.0,287.0
174464,"Lamb, New Zealand, imported, netted shoulder, rolled, boneless, separable lean and fat, raw",SR Legacy,16.9,20.36,0.2,0.0,252.0
172627,"Lamb, New Zealand, imported, netted shoulder, rolled, boneless, separable lean only, cooked, slow roasted",SR Legacy,25.14,10.91,0.0,0.0,199.0
172628,"Lamb, New Zealand, imported, netted shoulder, rolled, boneless, separable lean only, raw",SR Legacy,20.2,6.88,0.0,0.0,143.0
172640,"Lamb, New Zealand, imported, rack - fully frenched, separable lean and fat, cooked, fast roasted",SR Legacy,23.56,11.2,0.01,0.0,195.0
172641,"Lamb, New Zealand, imported, rack - fully frenched, separable lean and fat, raw",SR Legacy,19.88,9.96,0.05,0.0,169.0
172629,"Lamb, New Zealand, imported, rack - fully frenched, separable lean only, cooked, fast roasted",SR Legacy,24.39,8.38,0.0,0.0,173.0
174456,"Lamb, New Zealand, imported, rack - fully frenched, separable lean only, raw",SR Legacy,20.61,7.12,0.0,0.0,147.0
173813,"Lamb, New Zealand, imported, rack - partly frenched, separable lean and fat, cooked, fast roasted",SR Legacy,22.06,18.29,0.04,0.0,253.0
173812,"Lamb, New Zealand, imported, rack - partly frenched, separable lean and fat, raw",SR Legacy,18.12,18.52,0.13,0.0,240.0
175261,"Lamb, New Zealand, imported, rack - partly frenched, separable lean only, cooked, fast roasted",SR Legacy,24.43,10.63,0.0,0.0,193.0
175260,"Lamb, New Zealand, imported, rack - partly frenched, separable lean only, raw",SR Legacy,20.65,8.61,0.0,0.0,160.0
174874,"Lamb, New Zealand, imported, square-cut shoulder chops, separable lean and fat, cooked, braised",SR Legacy,26.79,23.86,0.05,0.0,322.0
174875,"Lamb, New Zealand, imported, square-cut shoulder chops, separable lean and fat, raw",SR Legacy,17.02,22.84,0.23,0.0,275.0
174449,"Lamb, New Zealand, imported, square-cut shoulder chops, separable lean only, cooked, braised",SR Legacy,31.06,14.56,0.0,0.0,255.0
174450,"Lamb, New Zealand, imported, square-cut shoulder chops, separable lean only, raw",SR Legacy,20.62,9.08,0.0,0.0,164.0
174876,"Lamb, New Zealand, imported, square-cut shoulder, separable lean and fat, cooked, slow roasted",SR Legacy,20.88,23.39,0.03,0.0,294.0
175262,"Lamb, New Zealand, imported, square-cut shoulder, separable lean and fat, raw",SR Legacy,16.16,22.89,0.24,0.0,272.0
174458,"Lamb, New Zealand, imported, square-cut shoulder, separable lean only, cooked, slow roasted",SR Legacy,25.08,10.13,0.0,0.0,192.0
175264,"Lamb, New Zealand, imported, square-cut shoulder, separable lean only, raw",SR Legacy,19.72,8.3,0.0,0.0,154.0
172613,"Lamb, New Zealand, imported, subcutaneous fat, cooked",SR Legacy,5.24,72.28,0.62,0.0,674.0
174435,"Lamb, New Zealand, imported, subcutaneous fat, raw",SR Legacy,3.87,76.16,0.55,0.0,703.0
174445,"Lamb, New Zealand, imported, sweetbread, cooked, soaked and simmered",SR Legacy,21.13,6.61,0.0,0.0,144.0
174446,"Lamb, New Zealand, imported, sweetbread, raw",SR Legacy,11.0,3.16,0.0,0.0,72.0
172639,"Lamb, New Zealand, imported, tenderloin, separable lean and fat, cooked, fast fried",SR Legacy,27.87,5.0,0.0,0.0,157.0
174878,"Lamb, New Zealand, imported, tenderloin, separable lean and fat, raw",SR Legacy,20.43,4.22,0.01,0.0,120.0
172622,"Lamb, New Zealand, imported, tenderloin, separable lean only, cooked, fast fried",SR Legacy,27.94,4.81,0.0,0.0,155.0
172623,"Lamb, New Zealand, imported, tenderloin, separable lean only, raw",SR Legacy,20.53,3.81,0.0,0.0,116.0
172618,"Lamb, New Zealand, imported, testes, cooked, soaked and fried",SR Legacy,21.01,4.56,0.0,0.0,125.0
172619,"Lamb, New Zealand, imported, testes, raw",SR Legacy,11.4,2.38,0.14,0.0,68.0
172620,"Lamb, New Zealand, imported, tongue - swiss cut, cooked, soaked and simmered",SR Legacy,17.51,22.04,0.86,0.0,272.0
172621,"Lamb, New Zealand, imported, tongue - swiss cut, raw",SR Legacy,14.27,18.61,0.0,0.0,225.0
172642,"Lamb, New Zealand, imported, tunnel-boned leg, chump off, shank off, separable lean and fat, cooked, slow roasted",SR Legacy,23.41,12.68,0.03,0.0,208.0
174877,"Lamb, New Zealand, imported, tunnel-boned leg, chump off, shank off, separable lean and fat, raw",SR Legacy,20.93,4.09,0.0,,121.0
174447,"Lamb, New Zealand, imported, tunnel-boned leg, chump off, shank off, separable lean only, cooked, slow roasted",SR Legacy,25.29,6.44,0.0,0.0,159.0
174448,"Lamb, New Zealand, imported, tunnel-boned leg, chump off, shank off, separable lean only, raw",SR Legacy,20.93,4.09,0.0,0.0,121.0
174322,"Lamb, rib, separable lean and fat, trimmed to 1/4"" fat, choice, cooked, broiled",SR Legacy,22.13,29.59,0.0,0.0,361.0
174323,"Lamb, rib, separable lean and fat, trimmed to 1/4"" fat, choice, cooked, roasted",SR Legacy,21.12,29.82,0.0,0.0,359.0
174321,"Lamb, rib, separable lean and fat, trimmed to 1/4"" fat, choice, raw",SR Legacy,14.52,34.39,0.0,0.0,372.0
174378,"Lamb, rib, separable lean and fat, trimmed to 1/8"" fat, choice, cooked, broiled",SR Legacy,23.06,26.82,0.0,0.0,340.0
172552,"Lamb, rib, separable lean and fat, trimmed to 1/8"" fat, choice, cooked, roasted",SR Legacy,21.82,27.53,0.0,0.0,341.0
174377,"Lamb, rib, separable lean and fat, trimmed to 1/8"" fat, choice, raw",SR Legacy,15.32,30.71,0.0,0.0,342.0
172494,"Lamb, rib, separable lean only, trimmed to 1/4"" fat, choice, cooked, broiled",SR Legacy,27.74,12.95,0.0,0.0,235.0
172495,"Lamb, rib, separable lean only, trimmed to 1/4"" fat, choice, cooked, roasted",SR Legacy,26.16,13.31,0.0,0.0,232.0
172493,"Lamb, rib, separable lean only, trimmed to 1/4"" fat, choice, raw",SR Legacy,19.98,9.23,0.0,0.0,169.0
172501,"Lamb, shoulder, arm, separable lean and fat, trimmed to 1/4"" fat, choice, cooked, braised",SR Legacy,30.39,24.0,0.0,0.0,346.0
174328,"Lamb, shoulder, arm, separable lean and fat, trimmed to 1/4"" fat, choice, cooked, broiled",SR Legacy,24.44,19.55,0.0,0.0,281.0
174329,"Lamb, shoulder, arm, separable lean and fat, trimmed to 1/4"" fat, choice, cooked, roasted",SR Legacy,22.53,20.24,0.0,0.0,279.0
172500,"Lamb, shoulder, arm, separable lean and fat, trimmed to 1/4"" fat, choice, raw",SR Legacy,16.79,20.9,0.0,0.0,260.0
174381,"Lamb, shoulder, arm, separable lean and fat, trimmed to 1/8"" fat, choice, cooked, braised",SR Legacy,31.1,22.65,0.0,0.0,337.0
174380,"Lamb, shoulder, arm, separable lean and fat, trimmed to 1/8"" fat, choice, raw",SR Legacy,17.19,18.94,0.0,0.0,244.0
174383,"Lamb, shoulder, arm, separable lean and fat, trimmed to 1/8"" fat, choice, roasted",SR Legacy,22.93,18.75,0.0,0.0,267.0
174382,"Lamb, shoulder, arm, separable lean and fat, trimmed to 1/8"" fat, cooked, broiled",SR Legacy,24.91,18.05,0.0,0.0,269.0
174331,"Lamb, shoulder, arm, separable lean only, trimmed to 1/4"" fat, choice, cooked, braised",SR Legacy,35.54,14.08,0.0,0.0,279.0
172502,"Lamb, shoulder, arm, separable lean only, trimmed to 1/4"" fat, choice, cooked, broiled",SR Legacy,27.71,9.02,0.0,0.0,200.0
172503,"Lamb, shoulder, arm, separable lean only, trimmed to 1/4"" fat, choice, cooked, roasted",SR Legacy,25.46,9.26,0.0,0.0,192.0
174330,"Lamb, shoulder, arm, separable lean only, trimmed to 1/4"" fat, choice, raw",SR Legacy,19.99,5.2,0.0,0.0,132.0
172505,"Lamb, shoulder, blade, separable lean and fat, trimmed to 1/4"" fat, choice, cooked, braised",SR Legacy,28.51,24.73,0.0,0.0,345.0
174332,"Lamb, shoulder, blade, separable lean and fat, trimmed to 1/4"" fat, choice, cooked, broiled",SR Legacy,23.08,19.94,0.0,0.0,278.0
174333,"Lamb, shoulder, blade, separable lean and fat, trimmed to 1/4"" fat, choice, cooked, roasted",SR Legacy,22.25,20.61,0.0,0.0,281.0
172504,"Lamb, shoulder, blade, separable lean and fat, trimmed to 1/4"" fat, choice, raw",SR Legacy,16.63,20.86,0.0,0.0,259.0
172557,"Lamb, shoulder, blade, separable lean and fat, trimmed to 1/8"" fat, choice, cooked, braised",SR Legacy,28.92,23.88,0.0,0.0,339.0
172558,"Lamb, shoulder, blade, separable lean and fat, trimmed to 1/8"" fat, choice, cooked, broiled",SR Legacy,23.48,18.5,0.0,0.0,267.0
172559,"Lamb, shoulder, blade, separable lean and fat, trimmed to 1/8"" fat, choice, cooked, roasted",SR Legacy,22.62,19.19,0.0,0.0,270.0
172556,"Lamb, shoulder, blade, separable lean and fat, trimmed to 1/8"" fat, choice, raw",SR Legacy,17.01,18.97,0.0,0.0,244.0
174335,"Lamb, shoulder, blade, separable lean only, trimmed to 1/4"" fat, choice, cooked, braised",SR Legacy,32.35,16.64,0.0,0.0,288.0
172506,"Lamb, shoulder, blade, separable lean only, trimmed to 1/4"" fat, choice, cooked, broiled",SR Legacy,25.48,11.32,0.0,0.0,211.0
172507,"Lamb, shoulder, blade, separable lean only, trimmed to 1/4"" fat, choice, cooked, roasted",SR Legacy,24.61,11.57,0.0,0.0,209.0
174334,"Lamb, shoulder, blade, separable lean only, trimmed to 1/4"" fat, choice, raw",SR Legacy,19.29,7.63,0.0,0.0,151.0
172497,"Lamb, shoulder, whole (arm and blade), separable lean and fat, trimmed to 1/4"" fat, choice, cooked, braised",SR Legacy,28.68,24.55,0.0,0.0,344.0
174324,"Lamb, shoulder, whole (arm and blade), separable lean and fat, trimmed to 1/4"" fat, choice, cooked, broiled",SR Legacy,24.42,19.26,0.0,0.0,278.0
174325,"Lamb, shoulder, whole (arm and blade), separable lean and fat, trimmed to 1/4"" fat, choice, cooked, roasted",SR Legacy,22.51,19.97,0.0,0.0,276.0
172496,"Lamb, shoulder, whole (arm and blade), separable lean and fat, trimmed to 1/4"" fat, choice, raw",SR Legacy,16.58,21.45,0.0,0.0,264.0
172554,"Lamb, shoulder, whole (arm and blade), separable lean and fat, trimmed to 1/8"" fat, choice, cooked, braised",SR Legacy,29.46,23.57,0.0,0.0,338.0
172555,"Lamb, shoulder, whole (arm and blade), separable lean and fat, trimmed to 1/8"" fat, choice, cooked, broiled",SR Legacy,23.84,18.39,0.0,0.0,268.0
174379,"Lamb, shoulder, whole (arm and blade), separable lean and fat, trimmed to 1/8"" fat, choice, cooked, roasted",SR Legacy,22.7,19.08,0.0,0.0,269.0
172553,"Lamb, shoulder, whole (arm and blade), separable lean and fat, trimmed to 1/8"" fat, choice, raw",SR Legacy,17.07,18.96,0.0,0.0,244.0
174327,"Lamb, shoulder, whole (arm and blade), separable lean only, trimmed to 1/4"" fat, choice, cooked, braised",SR Legacy,32.81,15.89,0.0,0.0,283.0
172498,"Lamb, shoulder, whole (arm and blade), separable lean only, trimmed to 1/4"" fat, choice, cooked, broiled",SR Legacy,27.12,10.5,0.0,0.0,210.0
172499,"Lamb, shoulder, whole (arm and blade), separable lean only, trimmed to 1/4"" fat, choice, cooked, roasted",SR Legacy,24.94,10.77,0.0,0.0,204.0
174326,"Lamb, shoulder, whole (arm and blade), separable lean only, trimmed to 1/4"" fat, choice, raw",SR Legacy,19.55,6.76,0.0,0.0,144.0
172526,"Lamb, variety meats and by-products, brain, cooked, braised",SR Legacy,12.55,10.17,0.0,0.0,145.0
174350,"Lamb, variety meats and by-products, brain, cooked, pan-fried",SR Legacy,16.97,22.19,0.0,0.0,273.0
172525,"Lamb, variety meats and by-products, brain, raw",SR Legacy,10.4,8.58,0.0,0.0,122.0
172528,"Lamb, variety meats and by-products, heart, cooked, braised",SR Legacy,24.97,7.91,1.93,0.0,185.0
172527,"Lamb, variety meats and by-products, heart, raw",SR Legacy,16.47,5.68,0.21,0.0,122.0
174355,"Lamb, variety meats and by-products, kidneys, cooked, braised",SR Legacy,23.65,3.62,0.99,0.0,137.0
174354,"Lamb, variety meats and by-products, kidneys, raw",SR Legacy,15.74,2.95,0.82,0.0,97.0
172532,"Lamb, variety meats and by-products, liver, cooked, braised",SR Legacy,30.57,8.81,2.53,0.0,220.0
172533,"Lamb, variety meats and by-products, liver, cooked, pan-fried",SR Legacy,25.53,12.65,3.78,0.0,238.0
172531,"Lamb, variety meats and by-products, liver, raw",SR Legacy,20.38,5.02,1.78,0.0,139.0
174360,"Lamb, variety meats and by-products, lungs, cooked, braised",SR Legacy,19.88,3.1,0.0,0.0,113.0
174359,"Lamb, variety meats and by-products, lungs, raw",SR Legacy,16.7,2.6,0.0,0.0,95.0
172537,"Lamb, variety meats and by-products, mechanically separated, raw",SR Legacy,14.97,23.54,0.0,0.0,276.0
172539,"Lamb, variety meats and by-products, pancreas, cooked, braised",SR Legacy,22.83,15.12,0.0,0.0,234.0
172538,"Lamb, variety meats and by-products, pancreas, raw",SR Legacy,14.84,9.82,0.0,0.0,152.0
174365,"Lamb, variety meats and by-products, spleen, cooked, braised",SR Legacy,26.46,4.77,0.0,0.0,156.0
174364,"Lamb, variety meats and by-products, spleen, raw",SR Legacy,17.2,3.1,0.0,0.0,101.0
174367,"Lamb, variety meats and by-products, tongue, cooked, braised",SR Legacy,21.57,20.28,0.0,0.0,275.0
174366,"Lamb, variety meats and by-products, tongue, raw",SR Legacy,15.7,17.17,0.0,0.0,222.0
168534,"Lambsquarters, cooked, boiled, drained, with salt",SR Legacy,3.2,0.7,5.0,2.1,32.0
169245,"Lambsquarters, cooked, boiled, drained, without salt",SR Legacy,3.2,0.7,5.0,2.1,32.0
169244,"Lambsquarters, raw",SR Legacy,4.2,0.8,7.3,4.0,43.0
168995,"Lambsquarters, raw (Northern Plains Indians)",SR Legacy,4.21,0.28,6.96,6.3,47.0
169815,"Lambsquarters, steamed (Northern Plains Indians)",SR Legacy,4.06,0.16,7.47,5.2,48.0
171401,Lard,SR Legacy,0.0,100.0,0.0,0.0,902.0
173334,"Lasagna with meat & sauce, frozen entree",SR Legacy,6.63,4.42,14.39,1.4,124.0
172101,"Lasagna with meat & sauce, low-fat, frozen entree",SR Legacy,6.81,2.23,13.5,1.3,101.0
172114,"Lasagna with meat sauce, frozen, prepared",SR Legacy,7.28,4.92,15.36,1.7,135.0
173333,"Lasagna, cheese, frozen, prepared",SR Legacy,6.54,5.33,13.84,1.7,130.0
168960,"Lasagna, cheese, frozen, unprepared",SR Legacy,5.06,4.22,21.61,1.7,145.0
172106,"Lasagna, Vegetable, frozen, baked",SR Legacy,6.87,6.04,14.18,1.9,139.0
172108,"LEAN POCKETS, Ham N Cheddar",SR Legacy,10.28,6.53,32.52,1.7,230.0
172109,"Lean Pockets, Meatballs & Mozzarella",SR Legacy,10.49,7.7,32.28,2.0,240.0
172803,"Leavening agents, baking powder, double-acting, sodium aluminum sulfate",SR Legacy,0.0,0.0,27.7,0.2,53.0
172804,"Leavening agents, baking powder, double-acting, straight phosphate",SR Legacy,0.1,0.0,24.1,0.2,51.0
172805,"Leavening agents, baking powder, low-sodium",SR Legacy,0.1,0.4,46.9,2.2,97.0
175040,"Leavening agents, baking soda",SR Legacy,0.0,0.0,0.0,0.0,0.0
175041,"Leavening agents, cream of tartar",SR Legacy,0.0,0.0,61.5,0.2,258.0
175043,"Leavening agents, yeast, baker's, active dry",SR Legacy,40.44,7.61,41.22,26.9,325.0
175042,"Leavening agents, yeast, baker's, compressed",SR Legacy,8.4,1.9,18.1,8.1,105.0
173868,"Lebanon bologna, beef",SR Legacy,19.03,10.44,0.44,0.0,172.0
168535,"Leeks, (bulb and lower leaf-portion), cooked, boiled, drained, with salt",SR Legacy,0.81,0.2,7.62,1.0,31.0
168426,"Leeks, (bulb and lower leaf-portion), cooked, boiled, drained, without salt",SR Legacy,0.81,0.2,7.62,1.0,31.0
169246,"Leeks, (bulb and lower leaf-portion), raw",SR Legacy,1.5,0.3,14.15,1.8,61.0
170485,"Leeks, (bulb and lower-leaf portion), freeze-dried",SR Legacy,15.2,2.1,74.65,10.4,321.0
168573,"Lemon grass (citronella), raw",SR Legacy,1.82,0.49,25.31,,99.0
167801,"Lemon juice from concentrate, bottled, CONCORD",SR Legacy,0.4,0.07,5.37,,24.0
167802,"Lemon juice from concentrate, bottled, REAL LEMON",SR Legacy,0.47,0.07,5.66,0.7,17.0
167748,"Lemon juice from concentrate, canned or bottled",SR Legacy,0.45,0.07,5.62,0.7,17.0
167747,"Lemon juice, raw",SR Legacy,0.35,0.24,6.9,0.3,22.0
167749,"Lemon peel, raw",SR Legacy,1.5,0.3,16.0,10.6,47.0
173666,"Lemonade, frozen concentrate, pink",SR Legacy,0.22,0.69,48.86,0.3,192.0
173216,"Lemonade, frozen concentrate, white",SR Legacy,0.22,0.7,49.89,0.3,196.0
173217,"Lemonade, frozen concentrate, white, prepared with water",SR Legacy,0.07,0.04,10.42,0.0,40.0
174859,"Lemonade, powder, prepared with water",SR Legacy,0.0,0.04,3.59,0.0,14.0
167746,"Lemons, raw, without peel",SR Legacy,1.1,0.3,9.32,2.8,29.0
2644283,"Lentils, dry",Foundation Foods,23.56875,1.925,62.17125,,360.285
175254,"Lentils, mature seeds, cooked, boiled, with salt",SR Legacy,9.02,0.38,19.54,7.9,114.0
172421,"Lentils, mature seeds, cooked, boiled, without salt",SR Legacy,9.02,0.38,20.13,7.9,116.0
174284,"Lentils, pink or red, raw",SR Legacy,23.91,2.17,63.1,10.8,358.0
172420,"Lentils, raw",SR Legacy,24.63,1.06,63.35,10.7,352.0
168551,"Lentils, sprouted, cooked, stir-fried, with salt",SR Legacy,8.8,0.45,21.25,,101.0
168428,"Lentils, sprouted, cooked, stir-fried, without salt",SR Legacy,8.8,0.45,21.25,,101.0
168427,"Lentils, sprouted, raw",SR Legacy,8.96,0.55,22.14,,106.0
168429,"Lettuce, butterhead (includes boston and bibb types), raw",SR Legacy,1.35,0.22,2.23,1.1,13.0
327923,"Lettuce, cos or romaine, raw",Foundation Foods,1.24,0.26,3.24,1.8,17.0
169249,"Lettuce, green leaf, raw",SR Legacy,1.36,0.15,2.87,1.3,15.0
169248,"Lettuce, iceberg (includes crisphead types), raw",SR Legacy,0.9,0.14,2.97,1.2,14.0
2346388,"Lettuce, iceberg, raw",Foundation Foods,0.7425,0.07375,3.36875,,17.10875
2346391,"Lettuce, leaf, green, raw",Foundation Foods,1.09375,0.1563,4.06615,,22.0463
2346390,"Lettuce, leaf, red, raw",Foundation Foods,0.883125,0.1063,3.260575,,17.5315
168431,"Lettuce, red leaf, raw",SR Legacy,1.33,0.22,2.26,0.9,13.0
2346389,"Lettuce, romaine, green, raw",Foundation Foods,0.976875,0.07125,4.055575,,20.77105
171307,"Light ice cream, Creamsicle",SR Legacy,1.54,3.08,32.75,0.0,165.0
172085,"Light Ice Cream, soft serve, blended with cookie pieces",SR Legacy,3.97,5.66,25.55,0.1,169.0
173324,"Light Ice Cream, soft serve, blended with milk chocolate candies",SR Legacy,4.02,6.46,26.82,0.2,182.0
169317,"Lima beans, immature seeds, canned, no salt added, solids and liquids",SR Legacy,4.07,0.29,13.33,3.6,71.0
169136,"Lima beans, immature seeds, canned, regular pack, solids and liquids",SR Legacy,4.07,0.29,13.33,3.6,71.0
169316,"Lima beans, immature seeds, cooked, boiled, drained, with salt",SR Legacy,6.81,0.32,23.64,5.3,123.0
169135,"Lima beans, immature seeds, cooked, boiled, drained, without salt",SR Legacy,6.81,0.32,23.64,5.4,123.0
169318,"Lima beans, immature seeds, frozen, baby, cooked, boiled, drained, with salt",SR Legacy,6.65,0.3,19.45,4.8,105.0
169956,"Lima beans, immature seeds, frozen, baby, cooked, boiled, drained, without salt",SR Legacy,6.65,0.3,19.45,4.8,105.0
169955,"Lima beans, immature seeds, frozen, baby, unprepared",SR Legacy,7.59,0.44,25.14,6.0,132.0
168498,"Lima beans, immature seeds, frozen, fordhook, cooked, boiled, drained, with salt",SR Legacy,6.07,0.34,19.32,5.3,103.0
169954,"Lima beans, immature seeds, frozen, fordhook, cooked, boiled, drained, without salt",SR Legacy,6.07,0.34,19.32,5.3,103.0
169953,"Lima beans, immature seeds, frozen, fordhook, unprepared",SR Legacy,6.4,0.35,19.83,5.5,106.0
168396,"Lima beans, immature seeds, raw",SR Legacy,6.84,0.86,20.17,4.9,113.0
174254,"Lima beans, large, mature seeds, canned",SR Legacy,4.93,0.17,14.91,4.8,79.0
173802,"Lima beans, large, mature seeds, cooked, boiled, with salt",SR Legacy,7.8,0.38,20.88,7.0,115.0
174253,"Lima beans, large, mature seeds, cooked, boiled, without salt",SR Legacy,7.8,0.38,20.88,7.0,115.0
174252,"Lima beans, large, mature seeds, raw",SR Legacy,21.46,0.69,63.38,19.0,338.0
173803,"Lima beans, thin seeded (baby), mature seeds, cooked, boiled, with salt",SR Legacy,8.04,0.38,23.31,7.7,126.0
172422,"Lima beans, thin seeded (baby), mature seeds, cooked, boiled, without salt",SR Legacy,8.04,0.38,23.31,7.7,126.0
174255,"Lima beans, thin seeded (baby), mature seeds, raw",SR Legacy,20.62,0.93,62.83,20.6,335.0
168157,"Lime juice, canned or bottled, unsweetened",SR Legacy,0.25,0.23,6.69,0.4,21.0
168156,"Lime juice, raw",SR Legacy,0.42,0.07,8.42,0.4,25.0
174862,"Limeade, frozen concentrate, prepared with water",SR Legacy,0.0,0.0,13.79,0.0,52.0
168155,"Limes, raw",SR Legacy,0.7,0.2,10.54,2.8,30.0
169087,"Litchis, dried",SR Legacy,3.8,1.2,70.7,4.6,277.0
169086,"Litchis, raw",SR Legacy,0.83,0.44,16.53,1.3,66.0
172050,"LITTLE CAESARS 14"" Cheese Pizza, Large Deep Dish Crust",SR Legacy,12.63,10.22,30.1,1.3,263.0
173289,"LITTLE CAESARS 14"" Cheese Pizza, Thin Crust",SR Legacy,16.23,16.99,22.85,1.6,309.0
172047,"LITTLE CAESARS 14"" Original Round Cheese Pizza, Regular Crust",SR Legacy,13.39,9.54,31.5,1.7,265.0
172049,"LITTLE CAESARS 14"" Original Round Meat and Vegetable Pizza, Regular Crust",SR Legacy,12.12,11.35,23.1,2.1,243.0
172048,"LITTLE CAESARS 14"" Original Round Pepperoni Pizza, Regular Crust",SR Legacy,13.59,10.5,31.01,1.7,273.0
173288,"LITTLE CAESARS 14"" Pepperoni Pizza, Large Deep Dish Crust",SR Legacy,12.93,10.81,29.03,1.5,265.0
173869,"Liver cheese, pork",SR Legacy,15.2,25.6,2.1,0.0,304.0
173870,"Liver sausage, liverwurst, pork",SR Legacy,14.1,28.5,2.2,0.0,326.0
174596,Liverwurst spread,SR Legacy,12.38,25.45,5.89,2.5,305.0
2747657,"Lobster, tail only, frozen, wild caught",Foundation Foods,12.99375,0.3667,0.88555,,58.8175
169088,"Loganberries, frozen",SR Legacy,1.52,0.31,13.02,5.3,55.0
169907,"Longans, dried",SR Legacy,4.9,0.4,74.0,,286.0
169089,"Longans, raw",SR Legacy,1.31,0.1,15.14,1.1,60.0
169908,"Loquats, raw",SR Legacy,0.43,0.2,12.14,1.7,47.0
168536,"Lotus root, cooked, boiled, drained, with salt",SR Legacy,1.58,0.07,16.02,3.1,66.0
168430,"Lotus root, cooked, boiled, drained, without salt",SR Legacy,1.58,0.07,16.02,3.1,66.0
169250,"Lotus root, raw",SR Legacy,2.6,0.1,17.23,4.9,74.0
174594,"Luncheon meat, pork and chicken, minced, canned, includes Spam Lite",SR Legacy,15.23,13.9,1.35,0.0,196.0
172951,"Luncheon meat, pork with ham, minced, canned, includes Spam (Hormel)",SR Legacy,13.4,26.6,4.6,0.0,315.0
174571,"Luncheon meat, pork, canned",SR Legacy,12.5,30.3,2.1,0.0,334.0
172950,"Luncheon meat, pork, ham, and chicken, minced, canned, reduced sodium, added ascorbic acid, includes SPAM, 25% less sodium",SR Legacy,12.5,25.1,3.4,0.0,293.0
174587,"Luncheon sausage, pork and beef",SR Legacy,15.38,20.9,1.58,0.0,260.0
169066,"Luncheon slices, meatless",SR Legacy,17.78,11.11,4.44,1.1,189.0
173804,"Lupins, mature seeds, cooked, boiled, with salt",SR Legacy,15.57,2.92,9.29,2.8,116.0
172424,"Lupins, mature seeds, cooked, boiled, without salt",SR Legacy,15.57,2.92,9.88,2.8,119.0
172423,"Lupins, mature seeds, raw",SR Legacy,36.17,9.74,40.37,18.9,371.0
172931,"Luxury loaf, pork",SR Legacy,18.4,4.8,4.9,0.0,141.0
173340,"Macaroni and cheese dinner with dry sauce mix, boxed, uncooked",SR Legacy,13.86,4.82,70.12,3.2,379.0
172965,"Macaroni and cheese loaf, chicken, pork and beef",SR Legacy,11.76,14.96,11.63,0.0,228.0
169770,"Macaroni and cheese, box mix with cheese sauce, prepared",SR Legacy,6.68,4.99,23.1,1.2,164.0
169769,"Macaroni and cheese, box mix with cheese sauce, unprepared",SR Legacy,12.73,10.67,46.66,1.8,334.0
173325,"Macaroni and Cheese, canned entree",SR Legacy,3.38,2.46,11.52,0.5,82.0
173337,"Macaroni and Cheese, canned, microwavable",SR Legacy,5.98,5.99,13.96,0.4,134.0
173341,"Macaroni and cheese, dry mix, prepared with 2% milk and 80% stick margarine from dry mix",SR Legacy,4.89,8.28,23.93,1.2,190.0
173342,"Macaroni and cheese, frozen entree",SR Legacy,5.6,6.41,17.28,1.1,149.0
169774,"Macaroni or noodles with cheese, made from reduced fat packaged mix, unprepared",SR Legacy,13.1,4.03,52.06,2.0,297.0
169776,"Macaroni or noodles with cheese, microwaveable, unprepared",SR Legacy,11.48,6.56,70.75,1.6,388.0
168904,"Macaroni, vegetable, enriched, cooked",SR Legacy,4.53,0.11,26.61,4.3,128.0
168903,"Macaroni, vegetable, enriched, dry",SR Legacy,13.14,1.04,74.88,4.3,367.0
2747658,"Mahi mahi, frozen, wild caught",Foundation Foods,19.79375,0.3767,0.28655,,83.7115
169400,"Malabar spinach, cooked",SR Legacy,2.98,0.78,2.71,2.1,23.0
174863,"Malt beverage, includes non-alcoholic beer",SR Legacy,0.21,0.12,8.05,0.0,37.0
169909,"Mammy-apple, (mamey), raw",SR Legacy,0.5,0.5,12.5,3.0,51.0
2710832,"Mandarin, seedless, peeled, raw",Foundation Foods,1.039375,0.4575,13.421825,1.328,61.9623
167785,"Mango nectar, canned",SR Legacy,0.11,0.06,13.12,0.3,51.0
2710834,"Mango, Ataulfo, peeled, raw",Foundation Foods,0.6875,0.6813,17.3962,1.289,78.4665
169091,"Mango, dried, sweetened",SR Legacy,2.45,1.18,78.58,2.4,319.0
2710833,"Mango, Tommy Atkins, peeled, raw",Foundation Foods,0.5625,0.5725,15.265,1.753,68.4625
169910,"Mangos, raw",SR Legacy,0.82,0.38,14.98,1.6,60.0
169090,"Mangosteen, canned, syrup pack",SR Legacy,0.41,0.58,17.91,1.8,73.0
167766,"Maraschino cherries, canned, drained",SR Legacy,0.22,0.21,41.97,3.2,165.0
173589,"Margarine Spread, 40-49% fat, tub",SR Legacy,0.27,44.46,0.0,0.0,401.0
173587,"Margarine, 80% fat, stick, includes regular and hydrogenated corn and soybean oils",SR Legacy,0.16,80.71,0.7,0.0,717.0
171432,"Margarine, 80% fat, tub, CANOLA HARVEST Soft Spread (canola, palm and palm kernel oils)",SR Legacy,0.41,80.32,1.39,,730.0
173605,"Margarine, industrial, non-dairy, cottonseed, soy oil (partially hydrogenated ), for flaky pastries",SR Legacy,1.9,80.2,0.0,0.0,714.0
172369,"Margarine, industrial, soy and partially hydrogenated soy oil, use for baking, sauces and candy",SR Legacy,0.18,80.0,0.71,0.0,714.0
171431,"Margarine, margarine-like vegetable oil spread, 67-70% fat, tub",SR Legacy,0.07,68.29,0.59,,606.0
173588,"Margarine, margarine-type vegetable oil spread, 70% fat, soybean and partially hydrogenated soybean, stick",SR Legacy,0.26,70.22,1.53,,628.0
172346,"Margarine, regular, 80% fat, composite, stick, with salt",SR Legacy,0.16,80.71,0.7,0.0,717.0
171435,"Margarine, regular, 80% fat, composite, stick, with salt, with added vitamin D",SR Legacy,0.16,80.71,0.7,0.0,717.0
173585,"Margarine, regular, 80% fat, composite, stick, without salt",SR Legacy,0.16,80.71,0.7,0.0,717.0
171040,"Margarine, regular, 80% fat, composite, stick, without salt, with added vitamin D",SR Legacy,0.16,80.71,0.7,0.0,717.0
172347,"Margarine, regular, 80% fat, composite, tub, with salt",SR Legacy,0.22,80.17,0.75,0.0,713.0
171436,"Margarine, regular, 80% fat, composite, tub, with salt, with added vitamin D",SR Legacy,0.22,80.17,0.75,0.0,713.0
172349,"Margarine, regular, 80% fat, composite, tub, without salt",SR Legacy,0.22,80.17,0.75,0.0,713.0
171018,"Margarine, regular, hard, soybean (hydrogenated)",SR Legacy,0.9,80.5,0.9,0.0,719.0
171415,"Margarine,spread, 35-39% fat, tub",SR Legacy,0.23,37.98,1.52,0.0,349.0
173599,"Margarine-like shortening, industrial, soy (partially hydrogenated), cottonseed, and soy, principal use flaky pastries",SR Legacy,0.0,71.0,0.0,0.0,628.0
172352,"Margarine-like spread with yogurt, 70% fat, stick, with salt",SR Legacy,0.3,70.0,0.5,0.0,630.0
173586,"Margarine-like spread with yogurt, approximately 40% fat, tub, with salt",SR Legacy,2.0,35.0,2.0,0.0,330.0
171035,"Margarine-like spread, BENECOL Light Spread",SR Legacy,0.0,38.71,5.71,,357.0
172372,"Margarine-like spread, SMART BALANCE Light Buttery Spread",SR Legacy,0.02,36.41,1.98,,337.0
173610,"Margarine-like spread, SMART BALANCE Omega Plus Spread (with plant sterols & fish oil)",SR Legacy,0.13,70.95,0.16,0.0,605.0
172371,"Margarine-like spread, SMART BALANCE Regular Buttery Spread with flax oil",SR Legacy,0.14,64.63,0.14,0.0,583.0
173609,"Margarine-like spread, SMART BEAT Smart Squeeze",SR Legacy,0.0,2.1,7.1,0.0,47.0
173608,"Margarine-like spread, SMART BEAT Super Light without saturated fat",SR Legacy,0.0,17.1,0.0,0.0,158.0
171039,"Margarine-like vegetable-oil spread, stick/tub/bottle, 60% fat, with added vitamin D",SR Legacy,0.6,59.17,0.0,0.0,535.0
169052,"Margarine-like, butter-margarine blend, 80% fat, stick, without salt",SR Legacy,0.9,80.7,0.6,0.0,718.0
172339,"Margarine-like, margarine-butter blend, soybean oil and butter",SR Legacy,0.31,80.32,0.77,0.0,727.0
172354,"Margarine-like, vegetable oil spread, 20% fat, with salt",SR Legacy,0.0,19.5,0.4,0.0,175.0
172355,"Margarine-like, vegetable oil spread, 20% fat, without salt",SR Legacy,0.0,19.5,0.4,0.0,175.0
172348,"Margarine-like, vegetable oil spread, 60% fat, stick, with salt",SR Legacy,0.12,60.39,0.69,0.0,537.0
171437,"Margarine-like, vegetable oil spread, 60% fat, stick, with salt, with added vitamin D",SR Legacy,0.12,60.39,0.69,0.0,537.0
173583,"Margarine-like, vegetable oil spread, 60% fat, stick/tub/bottle, with salt",SR Legacy,0.6,59.17,0.0,0.0,526.0
172350,"Margarine-like, vegetable oil spread, 60% fat, stick/tub/bottle, without salt",SR Legacy,0.17,59.81,0.86,0.0,533.0
171041,"Margarine-like, vegetable oil spread, 60% fat, stick/tub/bottle, without salt, with added vitamin D",SR Legacy,0.17,59.81,0.86,0.0,542.0
173582,"Margarine-like, vegetable oil spread, 60% fat, tub, with salt",SR Legacy,0.17,59.81,0.86,0.0,533.0
171038,"Margarine-like, vegetable oil spread, 60% fat, tub, with salt, with added vitamin D",SR Legacy,0.17,59.81,0.86,0.0,533.0
171434,"Margarine-like, vegetable oil spread, approximately 37% fat, unspecified oils, with salt, with added vitamin D",SR Legacy,0.51,37.77,0.66,0.0,339.0
172351,"Margarine-like, vegetable oil spread, fat free, liquid, with salt",SR Legacy,1.5,3.0,2.5,0.0,43.0
172353,"Margarine-like, vegetable oil spread, fat-free, tub",SR Legacy,0.1,3.04,4.34,0.0,44.0
169860,"Margarine-like, vegetable oil spread, stick or tub, sweetened",SR Legacy,0.0,52.0,16.7,0.0,534.0
169053,"Margarine-like, vegetable oil-butter spread, reduced calorie, tub, with salt",SR Legacy,1.0,50.0,1.0,0.0,450.0
173580,"Margarine-like, vegetable oil-butter spread, tub, with salt",SR Legacy,1.0,40.0,1.0,0.0,362.0
168819,"Marmalade, orange",SR Legacy,0.3,0.0,66.3,0.7,246.0
175081,"Martha White Foods, Martha White's Buttermilk Biscuit Mix, dry",SR Legacy,7.81,13.23,59.41,1.5,388.0
175080,"Martha White Foods, Martha White's Chewy Fudge Brownie Mix, dry",SR Legacy,4.42,6.16,83.58,2.9,407.0
168004,"Mary's Gone Crackers, Original Crackers, Organic Gluten Free",SR Legacy,12.06,15.63,64.29,16.2,446.0
167608,"Mashu roots, raw (Alaska Native)",SR Legacy,5.8,2.4,22.6,,135.0
167736,"Mayonnaise dressing, no cholesterol",SR Legacy,0.0,77.8,0.3,0.0,688.0
168115,"Mayonnaise, low sodium, low calorie or diet",SR Legacy,0.3,19.2,16.0,0.0,231.0
167695,"Mayonnaise, made with tofu",SR Legacy,5.95,31.79,3.06,1.1,322.0
171443,"Mayonnaise, reduced fat, with olive oil",SR Legacy,0.37,40.0,0.0,0.0,361.0
168094,"Mayonnaise, reduced-calorie or diet, cholesterol-free",SR Legacy,0.9,33.3,6.7,0.0,333.0
172072,McDONALD'S Bacon Ranch Salad with Crispy Chicken,SR Legacy,8.82,6.3,6.08,1.0,122.0
172069,"McDONALD'S, Bacon Egg & Cheese Biscuit",SR Legacy,13.45,18.77,22.26,0.9,304.0
173312,"McDONALD'S, Bacon Ranch Salad with Grilled Chicken",SR Legacy,10.28,3.14,3.64,1.0,81.0
172073,"McDONALD'S, Bacon Ranch Salad without chicken",SR Legacy,4.14,3.64,4.2,1.5,61.0
173300,"McDONALD'S, Bacon, Egg & Cheese McGRIDDLES",SR Legacy,12.03,13.19,26.19,0.8,272.0
172064,"McDONALD'S, BIG BREAKFAST",SR Legacy,10.16,19.37,17.5,1.1,285.0
170720,"McDONALD'S, BIG MAC",SR Legacy,11.82,14.96,20.08,1.6,257.0
172067,"McDONALD'S, BIG MAC (without Big Mac Sauce)",SR Legacy,12.79,11.57,21.01,1.7,234.0
170320,"McDONALD'S, Cheeseburger",SR Legacy,12.97,11.79,27.81,1.1,263.0
173297,"McDONALD'S, Chicken McNUGGETS",SR Legacy,15.79,19.81,15.09,,302.0
173309,"McDONALD'S, Deluxe Breakfast, with syrup and margarine",SR Legacy,7.56,15.23,29.48,1.0,285.0
172065,"McDONALD'S, Double Cheeseburger",SR Legacy,15.5,16.09,18.79,0.8,282.0
172066,"McDONALD'S, DOUBLE QUARTER POUNDER with Cheese",SR Legacy,16.96,16.22,14.43,1.0,262.0
173307,"McDONALD'S, Egg McMUFFIN",SR Legacy,13.64,9.66,21.67,1.1,228.0
170319,"McDONALD'S, FILET-O-FISH",SR Legacy,11.26,14.64,26.39,1.4,282.0
173314,"McDONALD'S, FILET-O-FISH (without tartar sauce)",SR Legacy,12.47,7.62,31.08,1.0,243.0
170721,"McDONALD'S, french fries",SR Legacy,3.41,15.47,42.58,3.9,323.0
172075,"McDONALD'S, Fruit 'n Yogurt Parfait",SR Legacy,2.73,1.3,20.72,1.0,105.0
173313,"McDONALD'S, Fruit 'n Yogurt Parfait (without granola)",SR Legacy,2.47,1.13,17.67,0.9,90.0
170717,"McDONALD'S, Hamburger",SR Legacy,12.92,10.09,30.28,1.3,264.0
173298,"McDONALD'S, Hash Brown",SR Legacy,2.48,16.3,28.56,2.8,271.0
173301,"McDONALD'S, Hot Caramel Sundae",SR Legacy,3.58,4.89,33.36,0.0,188.0
173302,"McDONALD'S, Hot Fudge Sundae",SR Legacy,4.14,5.91,30.05,0.4,186.0
173299,"McDONALD'S, Hotcakes (plain)",SR Legacy,6.0,5.84,38.27,1.4,228.0
173311,"McDONALD'S, Hotcakes (with 2 pats margarine & syrup)",SR Legacy,4.05,8.06,46.08,0.9,272.0
173310,"McDONALD'S, Hotcakes and Sausage",SR Legacy,7.81,12.5,37.55,1.6,294.0
173305,"McDONALD'S, McCHICKEN Sandwich",SR Legacy,10.43,13.21,27.97,1.3,273.0
173306,"McDONALD'S, McCHICKEN Sandwich (without mayonnaise)",SR Legacy,11.08,8.46,30.95,1.4,240.0
173303,"McDONALD'S, McFLURRY with M&M'S CANDIES",SR Legacy,4.02,6.46,26.82,0.2,177.0
173304,"McDONALD'S, McFLURRY with OREO cookies",SR Legacy,3.97,5.66,25.55,0.1,165.0
170321,"McDONALD'S, QUARTER POUNDER",SR Legacy,14.1,11.55,22.17,1.6,244.0
170719,"McDONALD'S, QUARTER POUNDER with Cheese",SR Legacy,14.59,14.22,19.95,1.4,258.0
170777,"McDONALD'S, RANCH SNACK WRAP, Crispy",SR Legacy,11.48,15.1,23.22,1.3,275.0
170778,"McDONALD'S, RANCH SNACK WRAP, Grilled",SR Legacy,13.77,10.31,18.43,0.9,222.0
172070,"McDONALD'S, Sausage Biscuit",SR Legacy,9.62,25.4,27.2,1.2,376.0
172071,"McDONALD'S, Sausage Biscuit with Egg",SR Legacy,11.27,22.26,19.28,0.8,311.0
172063,"McDONALD'S, Sausage Burrito",SR Legacy,11.1,15.63,22.97,1.2,277.0
172059,"McDONALD'S, Sausage McGRIDDLES",SR Legacy,8.41,17.76,31.25,1.0,312.0
173308,"McDONALD'S, Sausage McMUFFIN",SR Legacy,12.66,21.06,24.52,1.4,333.0
172068,"McDONALD'S, Sausage McMUFFIN with Egg",SR Legacy,12.59,17.83,17.28,0.9,274.0
172060,"McDONALD'S, Sausage, Egg & Cheese McGRIDDLES",SR Legacy,10.77,17.73,22.04,0.6,283.0
172074,"McDONALD'S, Side Salad",SR Legacy,1.03,0.19,4.3,1.6,20.0
170776,"McDONALD'S, Southern Style Chicken Biscuit",SR Legacy,11.93,14.93,30.56,1.4,304.0
172062,"McDONALD'S, Strawberry Sundae",SR Legacy,3.19,3.95,28.09,0.0,158.0
172061,"McDONALD'S, Vanilla Reduced Fat Ice Cream Cone",SR Legacy,4.24,4.86,26.36,0.1,162.0
173257,"Mckee Baking, Little Debbie Nutty Bars, Wafers with Peanut Butter, Chocolate Covered",SR Legacy,8.0,32.8,55.2,,548.0
174268,Meat extender,SR Legacy,41.71,2.97,34.71,17.5,311.0
171638,"Meatballs, frozen, Italian style",SR Legacy,14.4,22.21,8.06,2.3,286.0
169067,"Meatballs, meatless",SR Legacy,21.0,9.0,8.0,4.6,197.0
169912,"Melon balls, frozen",SR Legacy,0.84,0.25,7.94,0.7,33.0
167629,"Melon, banana (Navajo)",SR Legacy,0.84,0.2,4.06,0.3,21.0
327198,"Melons, cantaloupe, raw",Foundation Foods,0.82,0.18,8.16,0.8,34.0
169093,"Melons, casaba, raw",SR Legacy,1.11,0.1,6.58,0.9,28.0
169911,"Melons, honeydew, raw",SR Legacy,0.54,0.14,9.09,0.8,36.0
174650,Milk and cereal bar,SR Legacy,6.47,10.98,72.05,0.4,413.0
170890,"Milk dessert bar, frozen, made from lowfat milk",SR Legacy,4.41,1.47,32.0,6.6,147.0
167686,"Milk dessert, frozen, milk-fat free, chocolate",SR Legacy,4.3,1.0,37.7,0.0,167.0
170883,"Milk shakes, thick chocolate",SR Legacy,3.05,2.7,21.15,0.3,119.0
170884,"Milk shakes, thick vanilla",SR Legacy,3.86,3.03,17.75,0.0,112.0
171264,"Milk substitutes, fluid, with lauric acid oil",SR Legacy,1.75,3.41,6.16,0.0,61.0
171274,"Milk, buttermilk, dried",SR Legacy,34.3,5.78,49.0,0.0,387.0
170874,"Milk, buttermilk, fluid, cultured, lowfat",SR Legacy,3.31,1.07,4.79,0.0,40.0
167697,"Milk, buttermilk, fluid, cultured, reduced fat",SR Legacy,4.1,2.0,5.3,0.0,56.0
172225,"Milk, buttermilk, fluid, whole",SR Legacy,3.21,3.31,4.88,0.0,62.0
171275,"Milk, canned, condensed, sweetened",SR Legacy,7.91,8.7,54.4,0.0,321.0
170878,"Milk, canned, evaporated, nonfat, with added vitamin A and vitamin D",SR Legacy,7.55,0.2,11.35,0.0,78.0
172194,"Milk, canned, evaporated, with added vitamin A",SR Legacy,6.81,7.56,10.04,0.0,134.0
171276,"Milk, canned, evaporated, with added vitamin D and without added vitamin A",SR Legacy,6.81,7.56,10.04,0.0,134.0
171277,"Milk, chocolate beverage, hot cocoa, homemade",SR Legacy,3.52,2.34,10.74,1.0,77.0
171303,"Milk, chocolate, fat free, with added vitamin A and vitamin D",SR Legacy,3.39,0.0,13.46,0.0,67.0
173450,"Milk, chocolate, fluid, commercial, reduced fat, with added calcium",SR Legacy,2.99,1.9,12.13,0.7,78.0
170880,"Milk, chocolate, fluid, commercial, reduced fat, with added vitamin A and vitamin D",SR Legacy,2.99,1.9,12.13,0.7,76.0
170879,"Milk, chocolate, fluid, commercial, whole, with added vitamin A and vitamin D",SR Legacy,3.17,3.39,10.34,0.8,83.0
170910,"Milk, chocolate, lowfat, reduced sugar",SR Legacy,3.43,1.04,7.68,0.0,57.0
170881,"Milk, chocolate, lowfat, with added vitamin A and vitamin D",SR Legacy,3.46,1.11,10.15,0.1,64.0
171273,"Milk, dry, nonfat, calcium reduced",SR Legacy,35.5,0.2,51.8,0.0,354.0
171272,"Milk, dry, nonfat, instant, with added vitamin A and vitamin D",SR Legacy,35.1,0.72,52.19,0.0,358.0
172196,"Milk, dry, nonfat, instant, without added vitamin A and vitamin D",SR Legacy,35.1,0.72,52.19,0.0,358.0
172195,"Milk, dry, nonfat, regular, with added vitamin A and vitamin D",SR Legacy,36.16,0.77,51.98,0.0,362.0
170877,"Milk, dry, nonfat, regular, without added vitamin A and vitamin D",SR Legacy,36.16,0.77,51.98,0.0,362.0
170876,"Milk, dry, whole, with added vitamin D",SR Legacy,26.32,26.71,38.42,0.0,496.0
173454,"Milk, dry, whole, without added vitamin D",SR Legacy,26.32,26.71,38.42,0.0,496.0
171302,"Milk, evaporated, 2% fat, with added vitamin A and vitamin D",SR Legacy,6.67,2.0,15.74,0.0,107.0
170861,"Milk, filled, fluid, with blend of hydrogenated vegetable oils",SR Legacy,3.33,3.46,4.74,0.0,63.0
170862,"Milk, filled, fluid, with lauric acid oil",SR Legacy,3.33,3.4,4.74,0.0,63.0
173441,"Milk, fluid, 1% fat, without added vitamin A and vitamin D",SR Legacy,3.37,0.97,4.99,0.0,42.0
169868,"Milk, fluid, nonfat, calcium fortified (fat free or skim)",SR Legacy,3.4,0.18,4.85,0.0,35.0
171278,"Milk, goat, fluid, with added vitamin D",SR Legacy,3.56,4.14,4.45,0.0,69.0
171279,"Milk, human, mature, fluid",SR Legacy,1.03,4.38,6.89,0.0,70.0
167730,"Milk, imitation, non-soy",SR Legacy,1.6,2.0,5.3,0.0,46.0
171280,"Milk, indian buffalo, fluid",SR Legacy,3.75,6.89,5.18,0.0,97.0
170875,"Milk, low sodium, fluid",SR Legacy,3.1,3.46,4.46,0.0,61.0
171268,"Milk, lowfat, fluid, 1% milkfat, protein fortified, with added vitamin A and vitamin D",SR Legacy,3.93,1.17,5.52,0.0,48.0
170873,"Milk, lowfat, fluid, 1% milkfat, with added nonfat milk solids, vitamin A and vitamin D",SR Legacy,3.48,0.97,4.97,0.0,43.0
170872,"Milk, lowfat, fluid, 1% milkfat, with added vitamin A and vitamin D",SR Legacy,3.37,0.97,4.99,0.0,42.0
171271,"Milk, nonfat, fluid, protein fortified, with added vitamin A and vitamin D (fat free and skim)",SR Legacy,3.96,0.25,5.56,0.0,41.0
171270,"Milk, nonfat, fluid, with added nonfat milk solids, vitamin A and vitamin D (fat free or skim)",SR Legacy,3.57,0.25,5.02,0.0,37.0
171269,"Milk, nonfat, fluid, with added vitamin A and vitamin D (fat free or skim)",SR Legacy,3.37,0.08,4.96,0.0,34.0
173432,"Milk, nonfat, fluid, without added vitamin A and vitamin D (fat free or skim)",SR Legacy,3.37,0.18,4.86,0.0,35.0
171266,"Milk, producer, fluid, 3.7% milkfat",SR Legacy,3.28,3.66,4.65,0.0,64.0
170871,"Milk, reduced fat, fluid, 2% milkfat, protein fortified, with added vitamin A and vitamin D",SR Legacy,3.95,1.98,5.49,0.0,56.0
170870,"Milk, reduced fat, fluid, 2% milkfat, with added nonfat milk solids and vitamin A and vitamin D",SR Legacy,3.48,1.92,4.97,0.0,51.0
172193,"Milk, reduced fat, fluid, 2% milkfat, with added nonfat milk solids, without added vitamin A",SR Legacy,3.95,1.98,5.49,0.0,56.0
171267,"Milk, reduced fat, fluid, 2% milkfat, with added vitamin A and vitamin D",SR Legacy,3.3,1.98,4.8,0.0,50.0
172205,"Milk, reduced fat, fluid, 2% milkfat, without added vitamin A and vitamin D",SR Legacy,3.3,1.98,4.8,0.0,50.0
170882,"Milk, sheep, fluid",SR Legacy,5.98,7.0,5.36,0.0,108.0
171265,"Milk, whole, 3.25% milkfat, with added vitamin D",SR Legacy,3.15,3.25,4.8,0.0,61.0
172217,"Milk, whole, 3.25% milkfat, without added vitamin A and vitamin D",SR Legacy,3.15,3.27,4.78,0.0,61.0
172023,Millet flour,SR Legacy,10.75,4.25,75.12,3.5,382.0
168871,"Millet, cooked",SR Legacy,3.51,1.0,23.67,1.3,119.0
167724,"Millet, puffed",SR Legacy,13.0,3.4,80.0,2.7,354.0
169702,"Millet, raw",SR Legacy,11.02,4.22,72.85,8.5,378.0
2512379,"Millet, whole grain",Foundation Foods,10.02177,4.194,74.44623,2.619,375.618
172442,Miso,SR Legacy,12.79,6.01,25.37,5.4,198.0
175082,"Mission Foods, Mission Flour Tortillas, Soft Taco, 8 inch",SR Legacy,8.7,6.0,49.6,,287.0
168820,Molasses,SR Legacy,0.0,0.1,74.73,0.0,290.0
174213,"Mollusks, abalone, mixed species, cooked, fried",SR Legacy,19.63,6.78,11.05,0.0,189.0
174212,"Mollusks, abalone, mixed species, raw",SR Legacy,17.1,0.76,6.01,0.0,105.0
171976,"Mollusks, clam, mixed species, canned, drained solids",SR Legacy,24.25,1.59,5.9,0.0,142.0
171977,"Mollusks, clam, mixed species, canned, liquid",SR Legacy,0.4,0.02,0.1,0.0,2.0
171974,"Mollusks, clam, mixed species, cooked, breaded and fried",SR Legacy,14.24,11.15,10.33,,202.0
171975,"Mollusks, clam, mixed species, cooked, moist heat",SR Legacy,25.55,1.95,5.13,0.0,148.0
174214,"Mollusks, clam, mixed species, raw",SR Legacy,14.67,0.96,3.57,0.0,86.0
173720,"Mollusks, conch, baked or broiled",SR Legacy,26.3,1.2,1.7,0.0,130.0
172010,"Mollusks, cuttlefish, mixed species, cooked, moist heat",SR Legacy,32.48,1.4,1.64,0.0,158.0
174215,"Mollusks, cuttlefish, mixed species, raw",SR Legacy,16.24,0.7,0.82,0.0,79.0
174217,"Mollusks, mussel, blue, cooked, moist heat",SR Legacy,23.8,4.48,7.39,0.0,172.0
174216,"Mollusks, mussel, blue, raw",SR Legacy,11.9,2.24,3.69,0.0,86.0
174249,"Mollusks, octopus, common, cooked, moist heat",SR Legacy,29.82,2.08,4.4,0.0,164.0
174218,"Mollusks, octopus, common, raw",SR Legacy,14.91,1.04,2.2,0.0,82.0
171981,"Mollusks, oyster, eastern, canned",SR Legacy,7.06,2.47,3.91,0.0,68.0
171979,"Mollusks, oyster, eastern, cooked, breaded and fried",SR Legacy,8.77,12.58,11.62,,199.0
175173,"Mollusks, oyster, eastern, farmed, cooked, dry heat",SR Legacy,7.0,2.12,7.28,0.0,79.0
175172,"Mollusks, oyster, eastern, farmed, raw",SR Legacy,5.22,1.55,5.53,0.0,59.0
175171,"Mollusks, oyster, eastern, wild, cooked, dry heat",SR Legacy,8.87,2.65,4.23,0.0,79.0
171980,"Mollusks, oyster, eastern, wild, cooked, moist heat",SR Legacy,11.42,3.42,5.45,0.0,102.0
171978,"Mollusks, oyster, eastern, wild, raw",SR Legacy,5.71,1.71,2.72,0.0,51.0
174250,"Mollusks, oyster, Pacific, cooked, moist heat",SR Legacy,18.9,4.6,9.9,0.0,163.0
174219,"Mollusks, oyster, Pacific, raw",SR Legacy,9.45,2.3,4.95,0.0,81.0
167742,"Mollusks, scallop, (bay and sea), cooked, steamed",SR Legacy,20.54,0.84,5.41,0.0,111.0
174221,"Mollusks, scallop, mixed species, cooked, breaded and fried",SR Legacy,18.07,10.94,10.13,,216.0
174222,"Mollusks, scallop, mixed species, imitation, made from surimi",SR Legacy,12.77,0.41,10.62,0.0,99.0
174220,"Mollusks, scallop, mixed species, raw",SR Legacy,12.06,0.49,3.18,0.0,69.0
167744,"Mollusks, snail, raw",SR Legacy,16.1,1.4,2.0,0.0,90.0
171982,"Mollusks, squid, mixed species, cooked, fried",SR Legacy,17.94,7.48,7.79,0.0,175.0
174223,"Mollusks, squid, mixed species, raw",SR Legacy,15.58,1.38,3.08,0.0,92.0
171984,"Mollusks, whelk, unspecified, cooked, moist heat",SR Legacy,47.68,0.8,15.52,0.0,275.0
171983,"Mollusks, whelk, unspecified, raw",SR Legacy,23.84,0.4,7.76,0.0,137.0
167609,"Moose, liver, braised (Alaska Native)",SR Legacy,24.38,4.89,3.43,,155.0
167607,"Moose, meat, raw (Alaska Native)",SR Legacy,22.3,1.5,0.0,0.0,103.0
172462,"MORI-NU, Tofu, silken, extra firm",SR Legacy,7.4,1.9,2.0,0.1,55.0
172461,"MORI-NU, Tofu, silken, firm",SR Legacy,6.9,2.7,2.4,0.1,62.0
172464,"MORI-NU, Tofu, silken, lite extra firm",SR Legacy,7.0,0.7,1.0,0.0,38.0
172463,"MORI-NU, Tofu, silken, lite firm",SR Legacy,6.3,0.8,1.1,0.0,37.0
174292,"MORI-NU, Tofu, silken, soft",SR Legacy,4.8,2.7,2.9,0.1,55.0
174573,"Mortadella, beef, pork",SR Legacy,16.37,25.39,3.05,0.0,311.0
173805,"Mothbeans, mature seeds, cooked, boiled, with salt",SR Legacy,7.81,0.55,20.96,,117.0
172426,"Mothbeans, mature seeds, cooked, boiled, without salt",SR Legacy,7.81,0.55,20.96,,117.0
172425,"Mothbeans, mature seeds, raw",SR Legacy,22.94,1.61,61.52,,343.0
172932,"Mother's loaf, pork",SR Legacy,12.07,22.3,7.53,0.0,282.0
168552,"Mountain yam, hawaii, cooked, steamed, with salt",SR Legacy,1.73,0.08,19.99,,82.0
168433,"Mountain yam, hawaii, cooked, steamed, without salt",SR Legacy,1.73,0.08,20.0,,82.0
168432,"Mountain yam, hawaii, raw",SR Legacy,1.34,0.1,16.3,2.5,67.0
168017,"Mouse nuts, roots (Alaska Native)",SR Legacy,3.9,0.1,16.1,,81.0
168018,"Mouse nuts, seedlings (Alaska Native)",SR Legacy,7.3,1.1,16.3,,104.0
167929,"Muffin, blueberry, commercially prepared, low-fat",SR Legacy,4.23,4.22,50.05,4.2,255.0
172765,"Muffins, blueberry, commercially prepared (Includes mini-muffins)",SR Legacy,4.49,16.07,53.0,1.1,375.0
172766,"Muffins, blueberry, dry mix",SR Legacy,3.48,3.25,61.0,1.4,293.0
172768,"Muffins, blueberry, prepared from recipe, made with low fat (2%) milk",SR Legacy,6.5,10.8,40.7,,285.0
172767,"Muffins, blueberry, toaster-type",SR Legacy,4.6,9.5,53.3,1.8,313.0
175045,"Muffins, blueberry, toaster-type, toasted",SR Legacy,4.9,10.1,56.7,1.9,333.0
175002,"Muffins, corn, commercially prepared",SR Legacy,5.9,8.4,51.0,3.4,305.0
175003,"Muffins, corn, dry mix, prepared",SR Legacy,7.4,10.2,49.1,2.4,321.0
175005,"Muffins, corn, prepared from recipe, made with low fat (2%) milk",SR Legacy,7.1,12.3,44.2,,316.0
175004,"Muffins, corn, toaster-type",SR Legacy,5.3,11.3,57.9,1.6,346.0
174996,"Muffins, English, mixed-grain (includes granola)",SR Legacy,9.1,1.8,46.3,2.8,235.0
174994,"Muffins, English, plain, enriched, with ca prop (includes sourdough)",SR Legacy,8.87,1.69,44.17,3.5,227.0
174995,"Muffins, English, plain, toasted, enriched, with calcium propionate (includes sourdough)",SR Legacy,10.32,2.02,52.65,2.8,270.0
174997,"Muffins, English, raisin-cinnamon (includes apple-cinnamon)",SR Legacy,7.91,1.8,48.1,2.6,240.0
172760,"Muffins, English, raisin-cinnamon, toasted (includes apple-cinnamon)",SR Legacy,8.87,2.21,55.04,3.0,276.0
172761,"Muffins, English, wheat",SR Legacy,8.7,2.0,44.8,4.6,223.0
172762,"Muffins, English, whole-wheat",SR Legacy,8.8,2.1,40.4,6.7,203.0
172769,"Muffins, oat bran",SR Legacy,7.0,7.4,48.3,4.6,270.0
172764,"Muffins, plain, prepared from recipe, made with low fat (2%) milk",SR Legacy,6.9,11.4,41.4,2.7,296.0
172770,"Muffins, wheat bran, dry mix",SR Legacy,7.1,12.0,73.0,,396.0
175046,"Muffins, wheat bran, toaster-type with raisins, toasted",SR Legacy,5.5,9.4,55.5,8.2,313.0
169913,"Mulberries, raw",SR Legacy,1.44,0.39,9.8,1.7,43.0
175255,"Mung beans, mature seeds, cooked, boiled, with salt",SR Legacy,7.02,0.38,19.15,7.6,105.0
174257,"Mung beans, mature seeds, cooked, boiled, without salt",SR Legacy,7.02,0.38,19.15,7.6,105.0
174256,"Mung beans, mature seeds, raw",SR Legacy,23.86,1.15,62.62,16.3,347.0
168499,"Mung beans, mature seeds, sprouted, cooked, boiled, drained, with salt",SR Legacy,2.03,0.09,3.6,0.8,19.0
169137,"Mung beans, mature seeds, sprouted, cooked, boiled, drained, without salt",SR Legacy,2.03,0.09,4.19,0.8,21.0
169138,"Mung beans, mature seeds, sprouted, cooked, stir-fried",SR Legacy,4.3,0.21,10.59,1.9,50.0
169957,"Mung beans, mature seeds, sprouted, raw",SR Legacy,3.04,0.18,5.94,1.8,30.0
175256,"Mungo beans, mature seeds, cooked, boiled, with salt",SR Legacy,7.54,0.55,18.34,6.4,105.0
172427,"Mungo beans, mature seeds, cooked, boiled, without salt",SR Legacy,7.54,0.55,18.34,6.4,105.0
174259,"Mungo beans, mature seeds, raw",SR Legacy,25.21,1.64,58.99,18.3,341.0
167627,"Mush, blue corn with ash (Navajo)",SR Legacy,0.66,0.49,11.74,1.1,54.0
2003603,"Mushroom, beech",Foundation Foods,2.18,0.4494,6.7593,3.139,39.8018
2003601,"Mushroom, crimini",Foundation Foods,3.09375,0.1967,4.01455,1.781,30.2035
2003600,"Mushroom, enoki",Foundation Foods,2.416875,0.245,8.141425,2.945,44.4382
2003599,"Mushroom, king oyster",Foundation Foods,2.40625,0.3075,8.50065,3.009,46.3951
1999626,"Mushroom, lion's mane",Foundation Foods,2.5,0.2563,7.5897,4.376,42.6655
2003602,"Mushroom, maitake",Foundation Foods,2.203125,0.265,6.604375,3.071,37.615
1999627,"Mushroom, oyster",Foundation Foods,2.89875,0.1875,6.94125,2.85,41.0475
2003604,"Mushroom, pioppini",Foundation Foods,3.5,0.24,5.7637,2.753,39.2148
2003598,"Mushroom, portabella",Foundation Foods,2.75,0.3117,4.6583,1.879,32.4385
169376,"Mushroom, white, exposed to ultraviolet light, raw",SR Legacy,3.09,0.34,3.26,1.0,22.0
168557,"Mushrooms, brown, italian, or crimini, exposed to ultraviolet light, raw",SR Legacy,2.5,0.1,4.3,0.6,22.0
168434,"Mushrooms, brown, italian, or crimini, raw",SR Legacy,2.5,0.1,4.3,0.6,22.0
169254,"Mushrooms, canned, drained solids",SR Legacy,1.87,0.29,5.09,2.4,25.0
168422,"Mushrooms, Chanterelle, raw",SR Legacy,1.49,0.53,6.86,3.8,32.0
169382,"Mushrooms, enoki, raw",SR Legacy,2.66,0.29,7.81,2.7,37.0
169403,"Mushrooms, maitake, raw",SR Legacy,1.94,0.19,6.97,2.7,31.0
168423,"Mushrooms, morel, raw",SR Legacy,3.12,0.57,5.1,2.8,31.0
168580,"Mushrooms, oyster, raw",SR Legacy,3.31,0.41,6.09,2.3,33.0
169377,"Mushrooms, portabella, exposed to ultraviolet light, grilled",SR Legacy,3.28,0.58,4.44,2.2,29.0
170143,"Mushrooms, portabella, exposed to ultraviolet light, raw",SR Legacy,2.11,0.35,3.87,1.3,22.0
169243,"Mushrooms, portabella, grilled",SR Legacy,3.28,0.58,4.44,2.2,29.0
169255,"Mushrooms, portabella, raw",SR Legacy,2.11,0.35,3.87,1.3,22.0
1999628,"Mushrooms, shiitake",Foundation Foods,2.414375,0.195,8.170625,4.166,44.095
170097,"Mushrooms, shiitake, cooked, with salt",SR Legacy,1.56,0.22,14.39,2.1,56.0
168437,"Mushrooms, shiitake, cooked, without salt",SR Legacy,1.56,0.22,14.39,2.1,56.0
168436,"Mushrooms, shiitake, dried",SR Legacy,9.58,0.99,75.37,11.5,296.0
169242,"Mushrooms, shiitake, raw",SR Legacy,2.24,0.49,6.79,2.5,34.0
168435,"Mushrooms, shiitake, stir-fried",SR Legacy,3.45,0.35,7.68,3.6,39.0
168582,"Mushrooms, straw, canned, drained solids",SR Legacy,3.83,0.68,4.64,2.5,32.0
1999629,"Mushrooms, white button",Foundation Foods,2.890625,0.3708,4.079375,1.717,31.2172
168537,"Mushrooms, white, cooked, boiled, drained, with salt",SR Legacy,2.17,0.47,5.29,2.2,28.0
169252,"Mushrooms, white, cooked, boiled, drained, without salt",SR Legacy,2.17,0.47,5.29,2.2,28.0
169402,"Mushrooms, white, microwaved",SR Legacy,3.91,0.46,6.04,2.5,35.0
169251,"Mushrooms, white, raw",SR Legacy,3.09,0.34,3.26,1.0,22.0
169253,"Mushrooms, white, stir-fried",SR Legacy,3.58,0.33,4.04,1.8,26.0
170503,"Mustard greens, cooked, boiled, drained, with salt",SR Legacy,2.56,0.47,4.51,2.0,26.0
169257,"Mustard greens, cooked, boiled, drained, without salt",SR Legacy,2.56,0.47,4.51,2.0,26.0
170504,"Mustard greens, frozen, cooked, boiled, drained, with salt",SR Legacy,2.27,0.25,3.11,2.8,19.0
169259,"Mustard greens, frozen, cooked, boiled, drained, without salt",SR Legacy,2.27,0.25,3.11,2.8,19.0
169258,"Mustard greens, frozen, unprepared",SR Legacy,2.49,0.27,3.41,3.3,20.0
169256,"Mustard greens, raw",SR Legacy,2.86,0.42,4.67,3.2,27.0
170505,"Mustard spinach, (tendergreen), cooked, boiled, drained, with salt",SR Legacy,1.7,0.2,2.8,2.0,16.0
168439,"Mustard spinach, (tendergreen), cooked, boiled, drained, without salt",SR Legacy,1.7,0.2,2.8,2.0,16.0
168438,"Mustard spinach, (tendergreen), raw",SR Legacy,2.2,0.3,3.9,2.8,22.0
326698,"Mustard, prepared, yellow",Foundation Foods,4.25,3.38,5.3,4.3,61.0
167634,"Mutton, cooked, roasted (Navajo)",SR Legacy,33.43,11.09,0.08,,234.0
175083,"Nabisco, Nabisco Grahams Crackers",SR Legacy,6.99,10.0,76.2,3.4,424.0
175084,"Nabisco, Nabisco Oreo Crunchies, Cookie Crumb Topping",SR Legacy,4.78,21.5,70.23,3.2,476.0
173258,"Nabisco, Nabisco Ritz Crackers",SR Legacy,7.23,23.21,63.51,2.3,492.0
167924,"Nabisco, Nabisco Snackwell's Fat Free Devil's Food Cookie Cakes",SR Legacy,5.0,1.09,74.25,1.6,305.0
167788,"Nance, canned, syrup, drained",SR Legacy,0.56,1.28,22.79,7.0,95.0
167789,"Nance, frozen, unsweetened",SR Legacy,0.66,1.16,16.97,7.5,73.0
167790,"Naranjilla (lulo) pulp, frozen, unsweetened",SR Legacy,0.44,0.22,5.9,1.1,25.0
172443,Natto,SR Legacy,19.4,11.0,12.68,5.4,211.0
327357,"Nectarines, raw",Foundation Foods,1.06,0.28,9.18,1.5,39.0
170506,"New zealand spinach, cooked, boiled, drained, with salt",SR Legacy,1.3,0.17,2.13,1.4,12.0
168441,"New Zealand spinach, cooked, boiled, drained, without salt",SR Legacy,1.3,0.17,2.13,1.4,12.0
168440,"New Zealand spinach, raw",SR Legacy,1.5,0.2,2.5,1.5,14.0
174258,"Noodles, chinese, cellophane or long rice (mung beans), dehydrated",SR Legacy,0.16,0.06,86.09,0.5,351.0
168905,"Noodles, chinese, chow mein",SR Legacy,10.88,21.24,63.64,6.7,471.0
168919,"Noodles, egg, cooked, enriched, with added salt",SR Legacy,4.54,2.07,25.16,1.2,138.0
169762,"Noodles, egg, cooked, unenriched, with added salt",SR Legacy,4.54,2.07,25.16,1.2,138.0
169731,"Noodles, egg, dry, enriched",SR Legacy,14.16,4.44,71.27,3.3,384.0
169755,"Noodles, egg, dry, unenriched",SR Legacy,14.16,4.44,71.27,3.3,384.0
169732,"Noodles, egg, enriched, cooked",SR Legacy,4.54,2.07,25.16,1.2,138.0
169734,"Noodles, egg, spinach, enriched, cooked",SR Legacy,5.04,1.57,24.25,2.3,132.0
169733,"Noodles, egg, spinach, enriched, dry",SR Legacy,14.61,4.55,70.32,6.8,382.0
168926,"Noodles, egg, unenriched, cooked, without added salt",SR Legacy,4.54,2.07,25.16,1.2,138.0
169735,"Noodles, flat, crunchy, Chinese restaurant",SR Legacy,10.33,31.72,51.9,1.9,521.0
168907,"Noodles, japanese, soba, cooked",SR Legacy,5.06,0.1,21.44,,99.0
168906,"Noodles, japanese, soba, dry",SR Legacy,14.38,0.71,74.62,,336.0
168909,"Noodles, japanese, somen, cooked",SR Legacy,4.0,0.18,27.54,,131.0
168908,"Noodles, japanese, somen, dry",SR Legacy,11.35,0.81,74.1,4.3,356.0
169388,"Nopales, cooked, without salt",SR Legacy,1.35,0.05,3.28,2.0,15.0
168571,"Nopales, raw",SR Legacy,1.32,0.09,3.33,2.2,16.0
170892,"Nutritional supplement for people with diabetes, liquid",SR Legacy,4.4,3.08,11.88,2.2,88.0
170566,"Nuts, acorn flour, full fat",SR Legacy,7.49,30.17,54.65,,501.0
170565,"Nuts, acorns, dried",SR Legacy,8.1,31.41,53.66,,509.0
170157,"Nuts, acorns, raw",SR Legacy,6.15,23.86,40.75,,387.0
168603,"Nuts, almond butter, plain, with salt added",SR Legacy,20.96,55.5,18.82,10.3,614.0
168588,"Nuts, almond butter, plain, without salt added",SR Legacy,20.96,55.5,18.82,10.3,614.0
170160,"Nuts, almond paste",SR Legacy,9.0,27.74,47.81,4.8,458.0
170567,"Nuts, almonds",SR Legacy,21.15,49.93,21.55,12.5,579.0
170568,"Nuts, almonds, blanched",SR Legacy,21.4,52.52,18.67,9.9,590.0
323294,"Nuts, almonds, dry roasted, with salt added",Foundation Foods,20.4,57.8,16.2,11.0,620.0
170158,"Nuts, almonds, dry roasted, without salt added",SR Legacy,20.96,52.54,21.01,10.9,598.0
168592,"Nuts, almonds, honey roasted, unblanched",SR Legacy,18.17,49.9,27.9,13.7,594.0
168602,"Nuts, almonds, oil roasted, lightly salted",SR Legacy,21.23,55.17,17.68,10.5,607.0
169419,"Nuts, almonds, oil roasted, with salt added",SR Legacy,21.23,55.17,17.68,10.5,607.0
169420,"Nuts, almonds, oil roasted, with salt added, smoke flavor",SR Legacy,21.43,55.89,17.86,10.7,607.0
170159,"Nuts, almonds, oil roasted, without salt added",SR Legacy,21.23,55.17,17.68,10.5,607.0
2346393,"Nuts, almonds, whole, raw",Foundation Foods,21.45038,51.09,20.03462,10.78,625.75
170161,"Nuts, beechnuts, dried",SR Legacy,6.2,50.0,33.5,,576.0
170569,"Nuts, brazilnuts, dried, unblanched",SR Legacy,14.32,67.1,11.74,7.5,659.0
2515373,"Nuts, brazilnuts, raw",Foundation Foods,15.03684,57.43,21.64216,5.984,663.586
170570,"Nuts, butternuts, dried",SR Legacy,24.9,56.98,12.05,4.7,612.0
168597,"Nuts, cashew butter, plain, with salt added",SR Legacy,12.12,53.03,30.3,3.0,609.0
170163,"Nuts, cashew butter, plain, without salt added",SR Legacy,17.56,49.41,27.57,2.0,587.0
169421,"Nuts, cashew nuts, dry roasted, with salt added",SR Legacy,15.31,46.35,32.69,3.0,574.0
170571,"Nuts, cashew nuts, dry roasted, without salt added",SR Legacy,15.31,46.35,32.69,3.0,574.0
169422,"Nuts, cashew nuts, oil roasted, with salt added",SR Legacy,16.84,47.77,30.16,3.3,581.0
170572,"Nuts, cashew nuts, oil roasted, without salt added",SR Legacy,16.84,47.77,29.87,3.3,580.0
2515374,"Nuts, cashew nuts, raw",Foundation Foods,17.4423,38.86,36.2887,4.104,564.664
170166,"Nuts, chestnuts, chinese, boiled and steamed",SR Legacy,2.88,0.76,33.64,,153.0
170165,"Nuts, chestnuts, chinese, dried",SR Legacy,6.82,1.81,79.76,,363.0
170164,"Nuts, chestnuts, chinese, raw",SR Legacy,4.2,1.11,49.07,,224.0
170573,"Nuts, chestnuts, chinese, roasted",SR Legacy,4.48,1.19,52.36,,239.0
170168,"Nuts, chestnuts, european, boiled and steamed",SR Legacy,2.0,1.38,27.76,,131.0
170167,"Nuts, chestnuts, european, dried, peeled",SR Legacy,5.01,3.91,78.43,,369.0
170576,"Nuts, chestnuts, european, dried, unpeeled",SR Legacy,6.39,4.45,77.31,11.7,374.0
170575,"Nuts, chestnuts, european, raw, peeled",SR Legacy,1.63,1.25,44.17,,196.0
170574,"Nuts, chestnuts, european, raw, unpeeled",SR Legacy,2.42,2.26,45.54,8.1,213.0
170190,"Nuts, chestnuts, european, roasted",SR Legacy,3.17,2.2,52.96,5.1,245.0
168589,"Nuts, chestnuts, japanese, boiled and steamed",SR Legacy,0.82,0.19,12.64,,56.0
169408,"Nuts, chestnuts, japanese, dried",SR Legacy,5.25,1.24,81.43,,360.0
169413,"Nuts, chestnuts, japanese, raw",SR Legacy,2.25,0.53,34.91,,154.0
168590,"Nuts, chestnuts, japanese, roasted",SR Legacy,2.97,0.8,45.13,,201.0
170171,"Nuts, coconut cream, canned, sweetened",SR Legacy,1.17,16.31,53.21,0.2,357.0
170580,"Nuts, coconut cream, raw (liquid expressed from grated meat)",SR Legacy,3.63,34.68,6.65,2.2,330.0
168585,"Nuts, coconut meat, dried (desiccated), creamed",SR Legacy,5.3,69.08,21.52,,684.0
170170,"Nuts, coconut meat, dried (desiccated), not sweetened",SR Legacy,6.88,64.53,23.65,16.3,660.0
170578,"Nuts, coconut meat, dried (desiccated), sweetened, flaked, canned",SR Legacy,3.35,31.69,40.91,4.5,443.0
170577,"Nuts, coconut meat, dried (desiccated), sweetened, flaked, packaged",SR Legacy,3.13,27.99,51.85,9.9,456.0
168586,"Nuts, coconut meat, dried (desiccated), sweetened, shredded",SR Legacy,2.88,35.49,47.67,4.5,501.0
170579,"Nuts, coconut meat, dried (desiccated), toasted",SR Legacy,5.3,47.0,44.4,,592.0
170169,"Nuts, coconut meat, raw",SR Legacy,3.33,33.49,15.23,9.0,354.0
170173,"Nuts, coconut milk, canned (liquid expressed from grated meat and water)",SR Legacy,2.02,21.33,2.81,,197.0
169409,"Nuts, coconut milk, frozen (liquid expressed from grated meat and water)",SR Legacy,1.61,20.8,5.58,,202.0
170172,"Nuts, coconut milk, raw (liquid expressed from grated meat and water)",SR Legacy,2.29,23.84,5.54,2.2,230.0
170174,"Nuts, coconut water (liquid from coconuts)",SR Legacy,0.72,0.2,3.71,1.1,19.0
169411,"Nuts, formulated, wheat-based, all flavors except macadamia, without salt",SR Legacy,13.11,62.3,20.79,5.2,647.0
170180,"Nuts, formulated, wheat-based, unflavored, with salt added",SR Legacy,13.82,57.7,23.68,5.2,622.0
170176,"Nuts, ginkgo nuts, canned",SR Legacy,2.29,1.62,22.1,9.3,111.0
170175,"Nuts, ginkgo nuts, dried",SR Legacy,10.35,2.0,72.45,,348.0
170584,"Nuts, ginkgo nuts, raw",SR Legacy,4.32,1.68,37.6,,182.0
170581,"Nuts, hazelnuts or filberts",SR Legacy,14.95,60.75,16.7,9.7,628.0
170582,"Nuts, hazelnuts or filberts, blanched",SR Legacy,13.7,61.15,17.0,11.0,629.0
170583,"Nuts, hazelnuts or filberts, dry roasted, without salt added",SR Legacy,15.03,62.4,17.6,9.4,646.0
2515375,"Nuts, hazelnuts or filberts, raw",Foundation Foods,13.4938,53.49,26.5012,8.41,641.39
170177,"Nuts, hickorynuts, dried",SR Legacy,12.72,64.37,18.25,6.4,657.0
168598,"Nuts, macadamia nuts, dry roasted, with salt added",SR Legacy,7.79,76.08,12.83,8.0,716.0
170179,"Nuts, macadamia nuts, dry roasted, without salt added",SR Legacy,7.79,76.08,13.38,8.0,718.0
2515378,"Nuts, macadamia nuts, raw",Foundation Foods,7.7857,64.93,24.0943,7.563,711.89
170181,"Nuts, mixed nuts, dry roasted, with peanuts, salt added, CHOSEN ROASTER",SR Legacy,18.0,53.2,24.62,7.1,608.0
170586,"Nuts, mixed nuts, dry roasted, with peanuts, salt added, PLANTERS pistachio blend",SR Legacy,23.28,47.52,23.07,8.1,572.0
168599,"Nuts, mixed nuts, dry roasted, with peanuts, with salt added",SR Legacy,17.3,51.45,25.35,9.0,594.0
170585,"Nuts, mixed nuts, dry roasted, with peanuts, without salt added",SR Legacy,19.5,53.5,22.42,6.4,607.0
169427,"Nuts, mixed nuts, oil roasted, with peanuts, lightly salted",SR Legacy,20.04,53.95,21.05,7.0,607.0
168600,"Nuts, mixed nuts, oil roasted, with peanuts, with salt added",SR Legacy,20.04,53.95,21.05,7.0,607.0
170587,"Nuts, mixed nuts, oil roasted, with peanuts, without salt added",SR Legacy,20.04,53.95,21.05,7.0,607.0
169428,"Nuts, mixed nuts, oil roasted, without peanuts, lightly salted",SR Legacy,17.86,50.0,25.0,7.1,607.0
169423,"Nuts, mixed nuts, oil roasted, without peanuts, with salt added",SR Legacy,15.52,56.17,22.27,5.5,615.0
170588,"Nuts, mixed nuts, oil roasted, without peanuts, without salt added",SR Legacy,15.52,56.17,22.27,5.5,615.0
170182,"Nuts, pecans",SR Legacy,9.17,71.97,13.86,9.6,691.0
169424,"Nuts, pecans, dry roasted, with salt added",SR Legacy,9.5,74.27,13.55,9.4,710.0
170183,"Nuts, pecans, dry roasted, without salt added",SR Legacy,9.5,74.27,13.55,9.4,710.0
2346395,"Nuts, pecans, halves, raw",Foundation Foods,9.9587,73.28,12.6993,5.793,750.152
169425,"Nuts, pecans, oil roasted, with salt added",SR Legacy,9.2,75.23,13.01,9.5,715.0
170589,"Nuts, pecans, oil roasted, without salt added",SR Legacy,9.2,75.23,13.01,9.5,715.0
170590,"Nuts, pilinuts, dried",SR Legacy,10.8,79.55,3.98,,719.0
170591,"Nuts, pine nuts, dried",SR Legacy,13.69,68.37,13.08,3.7,673.0
170592,"Nuts, pine nuts, pinyon, dried",SR Legacy,11.57,60.98,19.3,10.7,629.0
2346392,"Nuts, pine nuts, raw",Foundation Foods,15.7039,61.27,18.5921,3.941,688.614
169426,"Nuts, pistachio nuts, dry roasted, with salt added",SR Legacy,21.05,45.82,27.55,10.3,569.0
170185,"Nuts, pistachio nuts, dry roasted, without salt added",SR Legacy,21.05,45.82,28.28,10.3,572.0
2515379,"Nuts, pistachio nuts, raw",Foundation Foods,20.5057,45.02,27.6943,6.969,597.98
170186,"Nuts, walnuts, black, dried",SR Legacy,24.06,59.33,9.58,6.8,619.0
170594,"Nuts, walnuts, dry roasted, with salt added",SR Legacy,14.29,60.71,17.86,7.1,643.0
170187,"Nuts, walnuts, english",SR Legacy,15.23,65.21,13.71,6.7,654.0
2346394,"Nuts, walnuts, English, halves, raw",Foundation Foods,14.5644,69.74,10.9096,5.21,729.556
170593,"Nuts, walnuts, glazed",SR Legacy,8.28,35.71,47.59,3.6,500.0
168873,"Oat bran, cooked",SR Legacy,3.21,0.86,11.44,2.6,40.0
168872,"Oat bran, raw",SR Legacy,17.3,7.03,66.22,15.4,246.0
169741,"Oat flour, partially debranned",SR Legacy,14.66,9.12,65.7,6.5,404.0
2257046,"Oat milk, unsweetened, plain, refrigerated",Foundation Foods,0.796875,2.749,5.100325,0.0,48.3298
169705,Oats (Includes foods for USDA's Food Distribution Program),SR Legacy,16.89,6.9,66.27,10.6,389.0
2346396,"Oats, whole grain, rolled, old fashioned",Foundation Foods,13.49645,5.89,68.65755,,381.626
2346397,"Oats, whole grain, steel cut",Foundation Foods,12.51118,5.8,69.75082,,381.248
168019,Octopus (Alaska Native),SR Legacy,12.3,0.8,0.0,,56.0
169915,"Oheloberries, raw",SR Legacy,0.38,0.22,6.84,,28.0
171031,"Oil, almond",SR Legacy,0.0,100.0,0.0,0.0,884.0
171032,"Oil, apricot kernel",SR Legacy,0.0,100.0,0.0,0.0,884.0
173573,"Oil, avocado",SR Legacy,0.0,100.0,0.0,0.0,884.0
171428,"Oil, babassu",SR Legacy,0.0,100.0,0.0,0.0,884.0
167611,"Oil, bearded seal (Oogruk) (Alaska Native)",SR Legacy,0.56,99.6,0.0,,899.0
168981,"Oil, beluga, whale (Alaska Native)",SR Legacy,0.0,100.0,0.0,0.0,900.0
172336,"Oil, canola",SR Legacy,0.0,100.0,0.0,0.0,884.0
171421,"Oil, cocoa butter",SR Legacy,0.0,100.0,0.0,0.0,884.0
171412,"Oil, coconut",SR Legacy,0.0,99.06,0.0,0.0,892.0
171433,"Oil, cooking and salad, ENOVA, 80% diglycerides",SR Legacy,0.0,100.0,0.0,,884.0
169867,"Oil, corn and canola",SR Legacy,0.0,100.0,0.0,0.0,884.0
171029,"Oil, corn, industrial and retail, all purpose salad or cooking",SR Legacy,0.0,100.0,0.0,0.0,900.0
167737,"Oil, corn, peanut, and olive",SR Legacy,0.0,100.0,0.0,0.0,884.0
171024,"Oil, cottonseed, salad or cooking",SR Legacy,0.0,100.0,0.0,0.0,884.0
173563,"Oil, cupu assu",SR Legacy,0.0,100.0,0.0,0.0,884.0
167702,"Oil, flaxseed, cold pressed",SR Legacy,0.11,99.98,0.0,0.0,884.0
171442,"Oil, flaxseed, contains added sliced flaxseed",SR Legacy,0.37,99.01,0.39,,878.0
171028,"Oil, grapeseed",SR Legacy,0.0,100.0,0.0,0.0,884.0
171427,"Oil, hazelnut",SR Legacy,0.0,100.0,0.0,0.0,884.0
172360,"Oil, industrial, canola (partially hydrogenated) oil for deep fat frying",SR Legacy,0.0,100.0,0.0,0.0,884.0
172359,"Oil, industrial, canola for salads, woks and light frying",SR Legacy,0.0,100.0,0.0,0.0,884.0
172358,"Oil, industrial, canola with antifoaming agent, principal uses salads, woks and light frying",SR Legacy,0.0,100.0,0.0,0.0,884.0
171042,"Oil, industrial, canola, high oleic",SR Legacy,0.0,100.0,0.0,0.0,900.0
172367,"Oil, industrial, coconut (hydrogenated), used for whipped toppings and coffee whiteners",SR Legacy,0.0,99.5,0.0,0.0,880.0
172365,"Oil, industrial, coconut, confection fat, typical basis for ice cream coatings",SR Legacy,0.0,100.0,0.0,0.0,884.0
173595,"Oil, industrial, coconut, principal uses candy coatings, oil sprays, roasting nuts",SR Legacy,0.0,100.0,0.0,0.0,884.0
171441,"Oil, industrial, cottonseed, fully hydrogenated",SR Legacy,0.0,100.0,0.0,0.0,884.0
172357,"Oil, industrial, mid-oleic, sunflower",SR Legacy,0.0,100.0,0.0,0.0,884.0
172368,"Oil, industrial, palm and palm kernel, filling fat (non-hydrogenated)",SR Legacy,0.0,99.5,0.0,0.0,880.0
172366,"Oil, industrial, palm kernel (hydrogenated) , used for whipped toppings, non-dairy",SR Legacy,0.0,100.0,0.0,0.0,884.0
173602,"Oil, industrial, palm kernel (hydrogenated), confection fat, intermediate grade product",SR Legacy,0.0,100.0,0.0,0.0,884.0
173601,"Oil, industrial, palm kernel (hydrogenated), confection fat, uses similar to 95 degree hard butter",SR Legacy,0.0,100.0,0.0,0.0,884.0
173603,"Oil, industrial, palm kernel (hydrogenated), filling fat",SR Legacy,0.0,100.0,0.0,0.0,884.0
173600,"Oil, industrial, palm kernel, confection fat, uses similar to high quality cocoa butter",SR Legacy,0.0,100.0,0.0,0.0,884.0
172362,"Oil, industrial, soy ( partially hydrogenated), all purpose",SR Legacy,0.0,100.0,0.0,0.0,884.0
172363,"Oil, industrial, soy (partially hydrogenated ) and soy (winterized), pourable clear fry",SR Legacy,0.0,100.0,0.0,0.0,884.0
173604,"Oil, industrial, soy (partially hydrogenated ), palm, principal uses icings and fillings",SR Legacy,0.0,100.0,0.0,0.0,884.0
172364,"Oil, industrial, soy (partially hydrogenated)  and cottonseed, principal use as a tortilla shortening",SR Legacy,0.0,100.0,0.0,0.0,884.0
172361,"Oil, industrial, soy (partially hydrogenated), multiuse for non-dairy butter flavor",SR Legacy,0.0,100.0,0.0,0.0,884.0
173596,"Oil, industrial, soy (partially hydrogenated), principal uses popcorn and flavoring vegetables",SR Legacy,0.0,100.0,0.0,0.0,884.0
171440,"Oil, industrial, soy, fully hydrogenated",SR Legacy,0.0,100.0,0.0,0.0,884.0
171438,"Oil, industrial, soy, low linolenic",SR Legacy,0.0,100.0,0.0,0.0,900.0
173598,"Oil, industrial, soy, refined, for woks and light frying",SR Legacy,0.0,100.0,0.0,0.0,884.0
171439,"Oil, industrial, soy, ultra low linolenic",SR Legacy,0.0,100.0,0.0,0.0,884.0
172337,"Oil, mustard",SR Legacy,0.0,100.0,0.0,0.0,884.0
172335,"Oil, nutmeg butter",SR Legacy,0.0,100.0,0.0,0.0,884.0
173576,"Oil, oat",SR Legacy,0.0,100.0,0.0,0.0,884.0
171413,"Oil, olive, salad or cooking",SR Legacy,0.0,100.0,0.0,0.0,884.0
171015,"Oil, palm",SR Legacy,0.0,100.0,0.0,0.0,884.0
171430,"Oil, PAM cooking spray, original",SR Legacy,0.26,78.69,20.69,0.0,792.0
171410,"Oil, peanut, salad or cooking",SR Legacy,0.0,100.0,0.0,0.0,884.0
171423,"Oil, poppyseed",SR Legacy,0.0,100.0,0.0,0.0,884.0
171013,"Oil, rice bran",SR Legacy,0.0,100.0,0.0,0.0,884.0
171027,"Oil, safflower, salad or cooking, high oleic (primary safflower oil of commerce)",SR Legacy,0.0,100.0,0.0,0.0,884.0
171026,"Oil, safflower, salad or cooking, linoleic, (over 70%)",SR Legacy,0.0,100.0,0.0,0.0,884.0
171016,"Oil, sesame, salad or cooking",SR Legacy,0.0,100.0,0.0,0.0,884.0
171429,"Oil, sheanut",SR Legacy,0.0,100.0,0.0,0.0,884.0
171426,"Oil, soybean lecithin",SR Legacy,0.0,100.0,0.0,0.0,763.0
171411,"Oil, soybean, salad or cooking",SR Legacy,0.0,100.0,0.0,0.0,884.0
171012,"Oil, soybean, salad or cooking, (partially hydrogenated)",SR Legacy,0.0,100.0,0.0,0.0,884.0
173565,"Oil, soybean, salad or cooking, (partially hydrogenated) and cottonseed",SR Legacy,0.0,100.0,0.0,0.0,884.0
167641,"Oil, spotted seal (Alaska Native)",SR Legacy,0.0,99.32,0.0,0.0,894.0
172338,"Oil, sunflower, high oleic (70% and over)",SR Legacy,0.0,100.0,0.0,0.0,884.0
171017,"Oil, sunflower, linoleic (less than 60%)",SR Legacy,0.0,100.0,0.0,0.0,884.0
171025,"Oil, sunflower, linoleic, (approx. 65%)",SR Legacy,0.0,100.0,0.0,0.0,884.0
172328,"Oil, sunflower, linoleic, (partially hydrogenated)",SR Legacy,0.0,100.0,0.0,0.0,884.0
171425,"Oil, teaseed",SR Legacy,0.0,100.0,0.0,0.0,884.0
171424,"Oil, tomatoseed",SR Legacy,0.0,100.0,0.0,0.0,884.0
173570,"Oil, ucuhuba butter",SR Legacy,0.0,100.0,0.0,0.0,884.0
171033,"Oil, vegetable, Natreon canola, high stability, non trans, high oleic (70%)",SR Legacy,0.0,100.0,0.0,0.0,884.0
172370,"Oil, vegetable, soybean, refined",SR Legacy,0.0,100.0,0.0,0.0,884.0
171030,"Oil, walnut",SR Legacy,0.0,100.0,0.0,0.0,884.0
168032,"Oil, walrus (Alaska Native)",SR Legacy,0.0,100.0,0.0,,900.0
167625,"Oil, whale, bowhead (Alaska Native)",SR Legacy,0.0,100.0,0.0,,900.0
171014,"Oil, wheat germ",SR Legacy,0.0,100.0,0.0,0.0,884.0
172452,Okara,SR Legacy,3.52,1.73,12.23,,76.0
170098,"Okra, cooked, boiled, drained, with salt",SR Legacy,1.87,0.21,4.51,2.5,22.0
169261,"Okra, cooked, boiled, drained, without salt",SR Legacy,1.87,0.21,4.51,2.5,22.0
170099,"Okra, frozen, cooked, boiled, drained, with salt",SR Legacy,1.63,0.24,6.41,2.1,29.0
169263,"Okra, frozen, cooked, boiled, drained, without salt",SR Legacy,1.63,0.24,6.41,2.1,29.0
169262,"Okra, frozen, unprepared",SR Legacy,1.69,0.25,6.63,2.2,30.0
169260,"Okra, raw",SR Legacy,1.93,0.19,7.45,3.2,33.0
169037,"OLIVE GARDEN, cheese ravioli with marinara sauce",SR Legacy,7.44,5.61,19.64,1.1,159.0
169858,"OLIVE GARDEN, chicken parmigiana without pasta",SR Legacy,15.33,11.23,12.28,0.9,211.0
169851,"OLIVE GARDEN, lasagna classico",SR Legacy,11.28,10.84,10.33,1.6,184.0
168085,"OLIVE GARDEN, spaghetti with meat sauce",SR Legacy,5.8,3.28,17.19,1.7,121.0
169852,"OLIVE GARDEN, spaghetti with pomodoro sauce",SR Legacy,4.26,1.85,17.14,1.7,102.0
172926,"Olive loaf, pork",SR Legacy,11.8,16.5,9.2,0.0,235.0
332791,"Olives, green, Manzanilla, stuffed with pimiento",Foundation Foods,1.15,12.9,4.96,4.0,130.0
169096,"Olives, pickled, canned or bottled, green",SR Legacy,1.03,15.32,3.84,3.3,145.0
169095,"Olives, ripe, canned (jumbo-super colossal)",SR Legacy,0.97,6.87,5.61,2.5,81.0
169094,"Olives, ripe, canned (small-extra large)",SR Legacy,0.84,10.9,6.04,1.6,116.0
169854,"ON THE BORDER, cheese enchilada",SR Legacy,11.67,17.74,16.2,1.8,271.0
169034,"ON THE BORDER, cheese quesadilla",SR Legacy,16.87,25.5,24.25,2.2,394.0
169031,"ON THE BORDER, Mexican rice",SR Legacy,3.56,4.86,34.15,1.1,195.0
169032,"ON THE BORDER, refried beans",SR Legacy,7.3,5.0,17.52,8.2,144.0
167657,"ON THE BORDER, soft taco with ground beef, cheese and lettuce",SR Legacy,13.19,11.05,19.28,1.8,229.0
324317,"Onion rings, breaded, par fried, frozen, prepared, heated in oven",Foundation Foods,4.52,14.4,36.3,2.4,288.0
170414,"Onion rings, breaded, par fried, frozen, unprepared",SR Legacy,3.15,14.1,30.53,1.8,258.0
170003,"Onions, canned, solids and liquids",SR Legacy,0.85,0.09,4.02,1.2,19.0
170100,"Onions, cooked, boiled, drained, with salt",SR Legacy,1.36,0.19,9.56,1.4,42.0
170001,"Onions, cooked, boiled, drained, without salt",SR Legacy,1.36,0.19,10.15,1.4,44.0
170002,"Onions, dehydrated flakes",SR Legacy,8.95,0.46,83.28,9.2,349.0
170101,"Onions, frozen, chopped, cooked, boiled, drained, with salt",SR Legacy,0.77,0.1,6.0,1.7,26.0
170411,"Onions, frozen, chopped, cooked, boiled, drained, without salt",SR Legacy,0.77,0.1,6.59,1.8,28.0
170410,"Onions, frozen, chopped, unprepared",SR Legacy,0.79,0.1,6.82,1.8,29.0
170507,"Onions, frozen, whole, cooked, boiled, drained, with salt",SR Legacy,0.71,0.05,6.11,1.4,26.0
170413,"Onions, frozen, whole, cooked, boiled, drained, without salt",SR Legacy,0.71,0.05,6.7,1.4,28.0
170412,"Onions, frozen, whole, unprepared",SR Legacy,0.89,0.06,8.45,1.7,35.0
170000,"Onions, raw",SR Legacy,1.1,0.1,9.34,1.7,40.0
790577,"Onions, red, raw",Foundation Foods,0.94,0.1,9.93,2.2,44.0
170005,"Onions, spring or scallions (includes tops and bulb), raw",SR Legacy,1.83,0.19,7.34,2.6,32.0
170008,"Onions, sweet, raw",SR Legacy,0.8,0.08,7.55,0.9,32.0
170007,"Onions, welsh, raw",SR Legacy,1.9,0.4,6.5,2.4,34.0
1104962,"Onions, white, raw",Foundation Foods,0.89,0.13,7.68,1.2,35.0
790646,"Onions, yellow, raw",Foundation Foods,0.83,0.05,8.61,1.9,38.0
170004,"Onions, yellow, sauteed",SR Legacy,0.95,10.8,7.86,1.7,123.0
170006,"Onions, young green, tops only",SR Legacy,0.97,0.47,5.74,1.8,27.0
167612,"Oopah (tunicate), whole animal (Alaska Native)",SR Legacy,11.7,2.2,0.0,,67.0
169099,"Orange juice, canned, unsweetened",SR Legacy,0.68,0.15,11.01,0.3,47.0
169100,"Orange juice, chilled, includes from concentrate",SR Legacy,0.68,0.12,11.54,0.3,49.0
169920,"Orange juice, chilled, includes from concentrate, with added calcium",SR Legacy,0.68,0.12,11.27,0.3,47.0
169101,"Orange juice, chilled, includes from concentrate, with added calcium and vitamin D",SR Legacy,0.68,0.12,11.27,0.3,47.0
167794,"Orange juice, chilled, includes from concentrate, with added calcium and vitamins A, D, E",SR Legacy,0.68,0.12,11.54,0.3,49.0
169102,"Orange juice, frozen concentrate, unsweetened, diluted with 3 volume water",SR Legacy,0.6,0.06,8.8,0.2,37.0
169921,"Orange juice, frozen concentrate, unsweetened, diluted with 3 volume water, with added calcium",SR Legacy,0.6,0.06,8.47,0.2,37.0
169923,"Orange juice, frozen concentrate, unsweetened, undiluted",SR Legacy,2.4,0.25,35.19,1.0,148.0
169922,"Orange juice, frozen concentrate, unsweetened, undiluted, with added calcium",SR Legacy,2.4,0.25,33.86,1.0,147.0
2003591,"Orange juice, no pulp, not fortified, from concentrate, refrigerated",Foundation Foods,0.734375,0.325,10.340625,,47.225
2003597,"Orange juice, no pulp, not fortified, not from concentrate, refrigerated",Foundation Foods,0.8125,0.3563,10.0124,,46.5063
169098,"Orange juice, raw (Includes foods for USDA's Food Distribution Program)",SR Legacy,0.7,0.2,10.4,0.2,45.0
169103,"Orange peel, raw",SR Legacy,1.5,0.2,25.0,10.6,97.0
167792,Orange Pineapple Juice Blend,SR Legacy,0.41,0.08,12.2,0.2,51.0
169104,"Orange-grapefruit juice, canned or bottled, unsweetened",SR Legacy,0.6,0.1,10.28,0.1,43.0
169097,"Oranges, raw, all commercial varieties",SR Legacy,0.94,0.12,11.75,2.4,47.0
169916,"Oranges, raw, California, valencias",SR Legacy,1.04,0.3,11.89,2.5,49.0
169918,"Oranges, raw, Florida",SR Legacy,0.7,0.21,11.54,2.4,46.0
746771,"Oranges, raw, navels",Foundation Foods,0.91,0.15,11.8,2.0,47.0
327501,"Oranges, raw, navels (Includes foods for USDA's Food Distribution Program)",Foundation Foods,0.91,0.15,11.8,2.0,47.0
169919,"Oranges, raw, with peel",SR Legacy,1.3,0.3,15.5,4.5,63.0
174589,"Oscar Mayer, Bologna (beef)",SR Legacy,11.05,29.1,2.45,0.0,316.0
172944,"Oscar Mayer, Braunschweiger Liver Sausage (sliced)",SR Legacy,14.25,29.35,2.6,0.2,331.0
172945,"Oscar Mayer, Chicken Breast (honey glazed)",SR Legacy,19.85,1.5,4.3,0.0,109.0
172946,"Oscar Mayer, Ham (chopped with natural juice)",SR Legacy,16.3,11.15,3.65,0.0,180.0
172947,"Oscar Mayer, Salami (hard)",SR Legacy,25.9,28.7,1.6,0.0,368.0
174590,"Oscar Mayer, Smokies Sausage Little Cheese (pork, turkey)",SR Legacy,13.5,28.2,1.7,0.0,315.0
174591,"Oscar Mayer, Wieners (beef franks)",SR Legacy,11.35,30.26,2.78,0.0,329.0
174483,"Ostrich, fan, raw",SR Legacy,21.81,2.65,0.0,0.0,117.0
174482,"Ostrich, ground, cooked, pan-broiled",SR Legacy,26.15,7.07,0.0,0.0,175.0
174481,"Ostrich, ground, raw",SR Legacy,20.22,8.7,0.0,0.0,165.0
172840,"Ostrich, inside leg, cooked",SR Legacy,29.01,1.94,0.0,0.0,141.0
172839,"Ostrich, inside leg, raw",SR Legacy,22.39,1.72,0.0,0.0,111.0
172842,"Ostrich, inside strip, cooked",SR Legacy,29.37,4.26,0.0,0.0,164.0
172841,"Ostrich, inside strip, raw",SR Legacy,23.69,2.87,0.0,0.0,127.0
174484,"Ostrich, outside leg, raw",SR Legacy,22.86,1.96,0.0,0.0,115.0
174486,"Ostrich, outside strip, cooked",SR Legacy,28.55,3.83,0.0,0.0,156.0
174485,"Ostrich, outside strip, raw",SR Legacy,23.36,2.21,0.0,0.0,120.0
172843,"Ostrich, oyster, cooked",SR Legacy,28.81,3.97,0.0,0.0,159.0
174487,"Ostrich, oyster, raw",SR Legacy,21.55,3.67,0.0,0.0,125.0
172844,"Ostrich, round, raw",SR Legacy,21.99,2.4,0.0,0.0,116.0
172845,"Ostrich, tenderloin, raw",SR Legacy,22.07,3.19,0.0,0.0,123.0
174488,"Ostrich, tip trimmed, cooked",SR Legacy,28.49,2.57,0.0,0.0,145.0
172846,"Ostrich, tip trimmed, raw",SR Legacy,21.85,2.3,0.0,0.0,114.0
174490,"Ostrich, top loin, cooked",SR Legacy,28.12,3.87,0.0,0.0,155.0
174489,"Ostrich, top loin, raw",SR Legacy,21.67,2.95,0.0,0.0,119.0
167613,"Owl, horned, flesh, raw (Alaska Native)",SR Legacy,22.7,5.0,0.0,,136.0
167938,"Pan Dulce, La Ricura, Salpora de Arroz con Azucar, cookie-like, contains wheat flour and rice flour",SR Legacy,8.81,16.11,66.28,1.2,445.0
172771,"Pancakes plain, frozen, ready-to-heat (includes buttermilk)",SR Legacy,5.23,6.83,37.75,1.0,233.0
172773,"Pancakes, blueberry, prepared from recipe",SR Legacy,6.1,9.2,29.0,,222.0
172774,"Pancakes, buckwheat, dry mix, incomplete",SR Legacy,10.9,2.7,71.3,8.5,340.0
175047,"Pancakes, buttermilk, prepared from recipe",SR Legacy,6.8,9.3,28.7,,227.0
174106,"Pancakes, gluten-free, frozen, ready-to-heat",SR Legacy,3.31,4.55,40.32,1.5,215.0
172772,"Pancakes, plain, dry mix, complete (includes buttermilk)",SR Legacy,9.77,3.1,73.65,2.9,368.0
175006,"Pancakes, plain, dry mix, complete, prepared",SR Legacy,5.2,2.5,36.7,1.3,194.0
175007,"Pancakes, plain, dry mix, incomplete (includes buttermilk)",SR Legacy,10.0,1.7,73.6,5.4,355.0
175008,"Pancakes, plain, dry mix, incomplete, prepared",SR Legacy,7.8,7.7,28.9,1.9,218.0
167926,"Pancakes, plain, frozen, ready-to-heat, microwave (includes buttermilk)",SR Legacy,5.88,4.73,43.33,2.5,239.0
175009,"Pancakes, plain, prepared from recipe",SR Legacy,6.4,9.7,28.3,,227.0
174086,"Pancakes, plain, reduced fat",SR Legacy,5.71,1.9,57.32,1.0,269.0
172775,"Pancakes, special dietary, dry mix",SR Legacy,8.9,1.4,73.9,,349.0
171853,"Pancakes, whole wheat, dry mix, incomplete",SR Legacy,10.53,1.32,74.11,7.9,350.0
172776,"Pancakes, whole-wheat, dry mix, incomplete",SR Legacy,12.8,1.5,71.0,,344.0
175010,"Pancakes, whole-wheat, dry mix, incomplete, prepared",SR Legacy,8.5,6.5,29.4,2.8,208.0
173284,"PAPA JOHN'S 14"" Cheese Pizza, Original Crust",SR Legacy,11.53,9.25,32.74,1.9,260.0
173287,"PAPA JOHN'S 14"" Cheese Pizza, Thin Crust",SR Legacy,12.29,15.66,26.26,2.3,295.0
173285,"PAPA JOHN'S 14"" Pepperoni Pizza, Original Crust",SR Legacy,11.97,11.86,30.04,1.2,275.0
173286,"PAPA JOHN'S 14"" The Works Pizza, Original Crust",SR Legacy,10.27,10.21,26.69,2.5,240.0
168106,Papad,SR Legacy,25.56,3.25,59.87,18.6,371.0
169107,"Papaya nectar, canned",SR Legacy,0.17,0.15,14.51,0.6,57.0
169927,"Papaya, canned, heavy syrup, drained",SR Legacy,0.14,0.55,55.83,1.5,206.0
169926,"Papayas, raw",SR Legacy,0.47,0.26,10.82,1.7,43.0
172206,"Parmesan cheese topping, fat free",SR Legacy,40.0,5.0,40.0,0.0,370.0
170486,"Parsley, freeze-dried",SR Legacy,31.3,5.2,42.38,32.7,271.0
170416,"Parsley, fresh",SR Legacy,2.97,0.79,6.33,3.3,36.0
170508,"Parsnips, cooked, boiled, drained, with salt",SR Legacy,1.32,0.3,17.01,4.0,71.0
170009,"Parsnips, cooked, boiled, drained, without salt",SR Legacy,1.32,0.3,17.01,3.6,71.0
2747659,"Parsnips, raw",Foundation Foods,1.265625,0.5381,19.292275,5.351,87.0745
169109,"Passion-fruit juice, purple, raw",SR Legacy,0.39,0.05,13.6,0.2,51.0
169110,"Passion-fruit juice, yellow, raw",SR Legacy,0.67,0.18,14.45,0.2,60.0
169108,"Passion-fruit, (granadilla), purple, raw",SR Legacy,2.2,0.7,23.38,10.4,97.0
168954,"Pasta mix, classic beef, unprepared",SR Legacy,12.32,1.78,72.2,2.0,354.0
168953,"Pasta mix, classic cheeseburger macaroni, unprepared",SR Legacy,11.6,1.88,71.51,2.7,349.0
168958,"Pasta mix, Italian four cheese lasagna, unprepared",SR Legacy,12.53,2.7,70.26,2.6,355.0
168955,"Pasta mix, Italian lasagna, unprepared",SR Legacy,10.9,1.97,73.77,2.8,356.0
172091,"Pasta with Sliced Franks in Tomato Sauce, canned entree",SR Legacy,4.37,2.38,12.7,1.6,90.0
172100,"Pasta with tomato sauce, no meat, canned",SR Legacy,2.22,0.71,13.94,0.9,71.0
169751,"Pasta, cooked, enriched, with added salt",SR Legacy,5.8,0.93,30.59,1.8,157.0
169737,"Pasta, cooked, enriched, without added salt",SR Legacy,5.8,0.93,30.86,1.8,158.0
172014,"Pasta, cooked, unenriched, with added salt",SR Legacy,5.8,0.93,30.59,1.8,157.0
168928,"Pasta, cooked, unenriched, without added salt",SR Legacy,5.8,0.93,30.86,1.8,158.0
169736,"Pasta, dry, enriched",SR Legacy,13.04,1.51,74.67,3.2,371.0
168927,"Pasta, dry, unenriched",SR Legacy,13.04,1.51,74.67,3.2,371.0
169727,"Pasta, fresh-refrigerated, plain, as purchased",SR Legacy,11.31,2.3,54.73,,288.0
169728,"Pasta, fresh-refrigerated, plain, cooked",SR Legacy,5.15,1.05,24.93,,131.0
169729,"Pasta, fresh-refrigerated, spinach, as purchased",SR Legacy,11.26,2.1,55.72,,289.0
169730,"Pasta, fresh-refrigerated, spinach, cooked",SR Legacy,5.06,0.94,25.04,,130.0
172026,"Pasta, gluten-free, brown rice flour, cooked, TINKYADA",SR Legacy,3.46,1.67,32.2,1.7,138.0
173265,"Pasta, gluten-free, corn and rice flour, cooked",SR Legacy,3.2,1.0,38.05,1.4,179.0
172027,"Pasta, gluten-free, corn flour and quinoa flour, cooked, ANCIENT HARVEST",SR Legacy,3.23,2.07,31.11,3.3,152.0
168900,"Pasta, gluten-free, corn, cooked",SR Legacy,2.63,0.73,27.91,4.8,126.0
168899,"Pasta, gluten-free, corn, dry",SR Legacy,7.46,2.08,79.26,11.0,357.0
173264,"Pasta, gluten-free, rice flour and rice bran extract, cooked, DE BOLES",SR Legacy,4.21,1.7,40.75,1.9,200.0
168901,"Pasta, homemade, made with egg, cooked",SR Legacy,5.28,1.74,23.54,,130.0
168902,"Pasta, homemade, made without egg, cooked",SR Legacy,4.37,0.98,25.12,,124.0
172024,"Pasta, whole grain, 51% whole wheat, remaining enriched semolina, cooked (Includes foods for USDA's Food Distribution Program)",SR Legacy,5.67,1.48,30.87,4.5,156.0
172025,"Pasta, whole grain, 51% whole wheat, remaining enriched semolina, dry (Includes foods for USDA's Food Distribution Program)",SR Legacy,13.2,2.55,73.3,11.3,361.0
168916,"Pasta, whole grain, 51% whole wheat, remaining unenriched semolina, cooked",SR Legacy,5.82,1.5,31.51,4.6,159.0
168915,"Pasta, whole grain, 51% whole wheat, remaining unenriched semolina, dry",SR Legacy,13.51,2.68,73.1,10.1,362.0
168910,"Pasta, whole-wheat, cooked (Includes foods for USDA's Food Distribution Program)",SR Legacy,5.99,1.71,30.07,3.9,149.0
169738,"Pasta, whole-wheat, dry (Includes foods for USDA's Food Distribution Program)",SR Legacy,13.87,2.93,73.37,9.2,352.0
172959,"Pastrami, beef, 98% fat-free",SR Legacy,19.6,1.16,1.54,0.0,95.0
172927,"Pastrami, turkey",SR Legacy,16.3,6.21,3.34,0.1,139.0
167528,"Pastry, Pastelitos de Guava (guava pastries)",SR Legacy,5.48,18.5,47.76,2.2,379.0
171100,"Pate de foie gras, canned (goose liver pate), smoked",SR Legacy,11.4,43.84,4.67,0.0,462.0
172928,"Pate, chicken liver, canned",SR Legacy,13.45,13.1,6.55,0.0,201.0
172929,"Pate, goose liver, smoked, canned",SR Legacy,11.4,43.84,4.67,0.0,462.0
172930,"Pate, liver, not specified, canned",SR Legacy,14.2,28.0,1.5,0.0,319.0
172967,"Pate, truffle flavor",SR Legacy,11.2,28.5,6.3,,327.0
168185,"Peach nectar, canned, with added ascorbic acid",SR Legacy,0.21,0.51,11.93,0.1,50.0
169117,"Peach nectar, canned, with sucralose, without added ascorbic acid",SR Legacy,0.1,0.57,11.61,0.1,49.0
169113,"Peaches, canned, extra heavy syrup pack, solids and liquids",SR Legacy,0.47,0.03,26.06,1.0,96.0
169931,"Peaches, canned, extra light syrup, solids and liquids (Includes foods for USDA's Food Distribution Program)",SR Legacy,0.4,0.1,11.1,1.0,42.0
169112,"Peaches, canned, heavy syrup pack, solids and liquids",SR Legacy,0.45,0.1,19.94,1.3,74.0
168181,"Peaches, canned, heavy syrup, drained",SR Legacy,0.52,0.18,18.43,1.2,72.0
169930,"Peaches, canned, juice pack, solids and liquids",SR Legacy,0.63,0.03,11.57,1.3,44.0
169111,"Peaches, canned, light syrup pack, solids and liquids",SR Legacy,0.45,0.03,14.55,1.3,54.0
169929,"Peaches, canned, water pack, solids and liquids",SR Legacy,0.44,0.06,6.11,1.3,24.0
169933,"Peaches, dehydrated (low-moisture), sulfured, stewed",SR Legacy,2.01,0.42,34.14,,133.0
169932,"Peaches, dehydrated (low-moisture), sulfured, uncooked",SR Legacy,4.89,1.03,83.18,,325.0
169115,"Peaches, dried, sulfured, stewed, with added sugar",SR Legacy,1.06,0.22,26.6,2.4,103.0
169935,"Peaches, dried, sulfured, stewed, without added sugar",SR Legacy,1.16,0.25,19.69,2.7,77.0
169934,"Peaches, dried, sulfured, uncooked",SR Legacy,3.61,0.76,61.33,8.2,239.0
169116,"Peaches, frozen, sliced, sweetened",SR Legacy,0.63,0.13,23.98,1.8,94.0
169114,"Peaches, spiced, canned, heavy syrup pack, solids and liquids",SR Legacy,0.41,0.1,20.08,1.3,75.0
325430,"Peaches, yellow, raw",Foundation Foods,0.91,0.27,10.1,1.5,42.0
172471,"Peanut butter with omega-3, creamy",SR Legacy,24.47,54.17,17.0,6.1,608.0
174265,"Peanut butter, chunk style, with salt",SR Legacy,24.06,49.94,21.57,8.0,589.0
172469,"Peanut butter, chunk style, without salt",SR Legacy,24.06,49.94,21.57,8.0,589.0
172460,"Peanut butter, chunky, vitamin and mineral fortified",SR Legacy,26.06,51.47,17.69,5.7,593.0
2262072,"Peanut butter, creamy",Foundation Foods,23.99124,49.43,22.70376,6.323,631.65
169869,"Peanut butter, reduced sodium",SR Legacy,24.0,49.9,21.83,6.6,590.0
174294,"Peanut Butter, smooth (Includes foods for USDA's Food Distribution Program)",SR Legacy,21.93,49.54,23.98,5.7,588.0
324860,"Peanut butter, smooth style, with salt",Foundation Foods,22.5,51.1,22.3,4.8,597.0
174266,"Peanut butter, smooth style, with salt (Includes foods for USDA's Food Distribution Program)",SR Legacy,22.21,51.36,22.31,5.0,598.0
172470,"Peanut butter, smooth style, without salt",SR Legacy,22.21,51.36,22.31,5.0,598.0
172458,"Peanut butter, smooth, reduced fat",SR Legacy,25.9,34.0,35.65,5.2,520.0
172459,"Peanut butter, smooth, vitamin and mineral fortified",SR Legacy,25.72,50.81,18.75,5.6,591.0
174267,"Peanut flour, defatted",SR Legacy,52.2,0.55,34.7,15.8,327.0
172435,"Peanut flour, low fat",SR Legacy,33.8,21.9,31.27,15.8,428.0
172457,"Peanut spread, reduced sugar",SR Legacy,24.8,54.89,14.23,7.8,650.0
174260,"Peanuts, all types, cooked, boiled, with salt",SR Legacy,13.5,22.01,21.26,8.8,318.0
174262,"Peanuts, all types, dry-roasted, with salt",SR Legacy,24.35,49.66,21.26,8.4,587.0
173806,"Peanuts, all types, dry-roasted, without salt",SR Legacy,24.35,49.66,21.26,8.4,587.0
174261,"Peanuts, all types, oil-roasted, with salt",SR Legacy,28.03,52.5,15.26,9.4,599.0
175258,"Peanuts, all types, oil-roasted, without salt",SR Legacy,28.03,52.5,15.26,9.4,599.0
172430,"Peanuts, all types, raw",SR Legacy,25.8,49.24,16.13,8.5,567.0
2515376,"Peanuts, raw",Foundation Foods,23.205,43.28,26.498,8.014,588.332
172431,"Peanuts, spanish, oil-roasted, with salt",SR Legacy,28.01,49.04,17.45,8.9,579.0
173807,"Peanuts, spanish, oil-roasted, without salt",SR Legacy,28.01,49.04,17.45,8.9,579.0
174263,"Peanuts, spanish, raw",SR Legacy,26.15,49.6,15.83,9.5,570.0
172433,"Peanuts, valencia, oil-roasted, with salt",SR Legacy,27.04,51.24,16.3,8.9,589.0
173808,"Peanuts, valencia, oil-roasted, without salt",SR Legacy,27.04,51.24,16.3,8.9,589.0
172432,"Peanuts, valencia, raw",SR Legacy,25.09,47.58,20.91,8.7,570.0
174264,"Peanuts, virginia, oil-roasted, with salt",SR Legacy,25.87,48.62,19.86,8.9,578.0
173809,"Peanuts, virginia, oil-roasted, without salt",SR Legacy,25.87,48.62,19.86,8.9,578.0
172434,"Peanuts, virginia, raw",SR Legacy,25.19,48.75,16.54,8.5,563.0
168186,"Pear nectar, canned, with added ascorbic acid",SR Legacy,0.11,0.01,15.76,0.6,60.0
169940,"Pear nectar, canned, without added ascorbic acid",SR Legacy,0.11,0.01,15.76,0.6,60.0
2710836,"Pear, Anjou, green, with skin, raw",Foundation Foods,0.3125,0.3713,14.7674,2.636,63.6613
168177,"Pears, asian, raw",SR Legacy,0.5,0.23,10.65,3.6,42.0
169120,"Pears, canned, extra heavy syrup pack, solids and liquids",SR Legacy,0.19,0.13,25.25,1.6,97.0
169937,"Pears, canned, extra light syrup pack, solids and liquids (Includes foods for USDA's Food Distribution Program)",SR Legacy,0.3,0.1,12.2,1.6,47.0
169939,"Pears, canned, heavy syrup pack, solids and liquids",SR Legacy,0.2,0.13,19.17,1.6,74.0
168182,"Pears, canned, heavy syrup, drained",SR Legacy,0.24,0.18,19.08,2.7,74.0
169936,"Pears, canned, juice pack, solids and liquids",SR Legacy,0.34,0.07,12.94,1.6,50.0
169938,"Pears, canned, light syrup pack, solids and liquids",SR Legacy,0.19,0.03,15.17,1.6,57.0
169119,"Pears, canned, water pack, solids and liquids",SR Legacy,0.19,0.03,7.81,1.6,29.0
169123,"Pears, dried, sulfured, stewed, with added sugar",SR Legacy,0.86,0.29,37.14,5.8,140.0
169122,"Pears, dried, sulfured, stewed, without added sugar",SR Legacy,0.91,0.31,33.81,6.4,127.0
169121,"Pears, dried, sulfured, uncooked",SR Legacy,1.87,0.63,69.7,7.5,262.0
169118,"Pears, raw",SR Legacy,0.36,0.14,15.23,3.1,57.0
746773,"Pears, raw, bartlett",Foundation Foods,0.38,0.16,15.1,3.1,57.0
332597,"Pears, raw, bartlett (Includes foods for USDA's Food Distribution Program)",Foundation Foods,0.38,0.16,15.1,3.1,57.0
167778,"Pears, raw, bosc (Includes foods for USDA's Food Distribution Program)",SR Legacy,0.36,0.09,16.1,3.1,67.0
167779,"Pears, raw, green anjou (Includes foods for USDA's Food Distribution Program)",SR Legacy,0.44,0.1,15.79,3.1,66.0
167777,"Pears, raw, red anjou",SR Legacy,0.33,0.14,14.94,3.0,62.0
170512,"Peas and carrots, canned, no salt added, solids and liquids",SR Legacy,2.17,0.27,8.48,3.3,38.0
170424,"Peas and carrots, canned, regular pack, solids and liquids",SR Legacy,2.17,0.27,8.48,2.0,38.0
170513,"Peas and carrots, frozen, cooked, boiled, drained, with salt",SR Legacy,3.09,0.42,10.12,3.1,48.0
170018,"Peas and carrots, frozen, cooked, boiled, drained, without salt",SR Legacy,3.09,0.42,10.12,3.1,48.0
170425,"Peas and carrots, frozen, unprepared",SR Legacy,3.4,0.47,11.15,3.4,53.0
170019,"Peas and onions, canned, solids and liquids",SR Legacy,3.28,0.38,8.57,2.3,51.0
170514,"Peas and onions, frozen, cooked, boiled, drained, with salt",SR Legacy,2.54,0.2,8.63,2.2,45.0
170021,"Peas and onions, frozen, cooked, boiled, drained, without salt",SR Legacy,2.54,0.2,8.63,2.2,45.0
170020,"Peas and onions, frozen, unprepared",SR Legacy,3.98,0.32,13.51,3.5,70.0
170011,"Peas, edible-podded, boiled, drained, without salt",SR Legacy,3.27,0.23,7.05,2.8,42.0
170509,"Peas, edible-podded, cooked, boiled, drained, with salt",SR Legacy,3.27,0.23,6.46,2.8,40.0
170510,"Peas, edible-podded, frozen, cooked, boiled, drained, with salt",SR Legacy,3.5,0.38,8.43,3.1,50.0
170418,"Peas, edible-podded, frozen, cooked, boiled, drained, without salt",SR Legacy,3.5,0.38,9.02,3.1,52.0
170012,"Peas, edible-podded, frozen, unprepared",SR Legacy,2.8,0.3,7.2,3.1,42.0
170010,"Peas, edible-podded, raw",SR Legacy,2.8,0.2,7.55,2.6,42.0
170013,"Peas, green (includes baby and lesuer types), canned, drained solids, unprepared",SR Legacy,4.47,0.8,11.36,4.9,68.0
170015,"Peas, green, canned, drained solids, rinsed in tap water",SR Legacy,4.33,0.95,11.82,,71.0
170104,"Peas, green, canned, no salt added, drained solids",SR Legacy,4.42,0.35,12.58,4.1,69.0
170103,"Peas, green, canned, no salt added, solids and liquids",SR Legacy,3.19,0.3,9.75,3.3,53.0
170421,"Peas, green, canned, regular pack, solids and liquids",SR Legacy,3.01,0.48,10.6,3.3,58.0
170014,"Peas, green, canned, seasoned, solids and liquids",SR Legacy,3.09,0.27,9.25,2.0,50.0
170102,"Peas, green, cooked, boiled, drained, with salt",SR Legacy,5.36,0.22,15.63,5.5,84.0
170420,"Peas, green, cooked, boiled, drained, without salt",SR Legacy,5.36,0.22,15.63,5.5,84.0
170105,"Peas, green, frozen, cooked, boiled, drained, with salt",SR Legacy,5.15,0.27,14.26,4.5,78.0
170017,"Peas, green, frozen, cooked, boiled, drained, without salt",SR Legacy,5.15,0.27,14.26,4.5,78.0
170016,"Peas, green, frozen, unprepared (Includes foods for USDA's Food Distribution Program)",SR Legacy,5.22,0.4,13.62,4.5,77.0
170419,"Peas, green, raw",SR Legacy,5.42,0.4,14.45,5.7,81.0
172428,"Peas, green, split, mature seeds, raw",SR Legacy,23.12,3.89,61.63,22.2,364.0
2644291,"Peas, green, sweet, canned, sodium added, sugar added, drained and rinsed",Foundation Foods,4.734375,1.153,12.707625,,80.145
170511,"Peas, mature seeds, sprouted, cooked, boiled, drained, with salt",SR Legacy,7.05,0.51,17.08,,98.0
170423,"Peas, mature seeds, sprouted, cooked, boiled, drained, without salt",SR Legacy,7.05,0.51,17.08,,98.0
170422,"Peas, mature seeds, sprouted, raw",SR Legacy,8.8,0.68,27.11,,124.0
175257,"Peas, split, mature seeds, cooked, boiled, with salt",SR Legacy,8.34,0.39,20.51,8.3,116.0
172429,"Peas, split, mature seeds, cooked, boiled, without salt",SR Legacy,8.34,0.39,21.1,8.3,118.0
167682,"Pectin, liquid",SR Legacy,0.0,0.0,2.1,2.1,11.0
168821,"Pectin, unsweetened, dry mix",SR Legacy,0.3,0.3,90.4,8.6,325.0
168418,"Pepeao, dried",SR Legacy,4.82,0.44,81.03,,298.0
169394,"Pepper, banana, raw",SR Legacy,1.66,0.45,5.35,3.4,27.0
174574,"Peppered loaf, pork, beef",SR Legacy,17.3,6.37,4.53,0.0,149.0
168005,"Pepperidge Farm, Goldfish, Baked Snack Crackers, Cheddar",SR Legacy,11.71,16.11,66.2,,457.0
168006,"Pepperidge Farm, Goldfish, Baked Snack Crackers, Explosive Pizza",SR Legacy,9.56,16.82,67.2,,458.0
167594,"Pepperidge Farm, Goldfish, Baked Snack Crackers, Original",SR Legacy,9.42,18.42,65.81,2.4,467.0
167595,"Pepperidge Farm, Goldfish, Baked Snack Crackers, Parmesan",SR Legacy,11.16,17.29,64.7,3.5,459.0
167596,"Pepperidge Farm, Goldfish, Baked Snack Crackers, Pizza",SR Legacy,9.67,18.93,65.11,3.5,469.0
173474,"Peppermint, fresh",SR Legacy,3.75,0.94,14.89,8.0,70.0
174575,"Pepperoni, beef and pork, sliced",SR Legacy,19.25,46.28,1.18,0.0,504.0
169396,"Peppers, ancho, dried",SR Legacy,11.86,8.2,51.42,21.6,281.0
2747660,"Peppers, banana or Hungarian wax, seeded, raw",Foundation Foods,0.723125,0.1314,4.966175,1.79,23.9398
2258588,"Peppers, bell, green, raw",Foundation Foods,0.715,0.1063,4.7781,0.9419,22.9291
2258591,"Peppers, bell, orange, raw",Foundation Foods,0.881875,0.1556,6.703125,0.9674,31.7404
2258590,"Peppers, bell, red, raw",Foundation Foods,0.895625,0.1256,6.653175,1.158,31.3256
2258589,"Peppers, bell, yellow, raw",Foundation Foods,0.819375,0.1211,6.601725,1.071,30.7743
168577,"Peppers, chili, green, canned",SR Legacy,0.72,0.27,4.6,1.7,21.0
168570,"Peppers, hot chile, sun-dried",SR Legacy,10.58,5.81,69.86,28.7,324.0
170426,"Peppers, hot chili, green, canned, pods, excluding seeds, solids and liquids",SR Legacy,0.9,0.1,5.1,1.3,21.0
170497,"Peppers, hot chili, green, raw",SR Legacy,2.0,0.2,9.46,1.5,40.0
170107,"Peppers, hot chili, red, canned, excluding seeds, solids and liquids",SR Legacy,0.9,0.1,5.1,1.3,21.0
170106,"Peppers, hot chili, red, raw",SR Legacy,1.87,0.44,8.81,1.5,40.0
169766,"Peppers, hot pickled, canned",SR Legacy,0.8,0.4,4.56,2.6,22.0
168578,"Peppers, hungarian, raw",SR Legacy,0.8,0.41,6.7,1.0,29.0
170080,"Peppers, jalapeno, canned, solids and liquids",SR Legacy,0.92,0.94,4.74,2.6,27.0
168576,"Peppers, jalapeno, raw",SR Legacy,0.91,0.37,6.5,2.8,29.0
2747661,"Peppers, jalapeno, seeded, raw",Foundation Foods,0.621125,0.1488,5.075675,1.725,24.1264
168579,"Peppers, pasilla, dried",SR Legacy,12.35,15.85,51.13,26.8,345.0
2747662,"Peppers, poblano, seeded, raw",Foundation Foods,1.425625,0.1906,5.143175,2.07,27.9906
169395,"Peppers, serrano, raw",SR Legacy,1.74,0.44,6.7,3.7,32.0
2747663,"Peppers, serrano, seeded, raw",Foundation Foods,0.855625,0.1406,6.136275,2.521,29.233
170429,"Peppers, sweet, green, canned, solids and liquids",SR Legacy,0.8,0.3,3.9,1.2,18.0
170109,"Peppers, sweet, green, cooked, boiled, drained, with salt",SR Legacy,0.92,0.2,6.11,1.2,26.0
170428,"Peppers, sweet, green, cooked, boiled, drained, without salt",SR Legacy,0.92,0.2,6.7,1.2,28.0
170023,"Peppers, sweet, green, frozen, chopped, boiled, drained, without salt",SR Legacy,0.95,0.18,3.9,0.9,18.0
170516,"Peppers, sweet, green, frozen, chopped, cooked, boiled, drained, with salt",SR Legacy,0.95,0.18,3.31,0.9,16.0
170022,"Peppers, sweet, green, frozen, chopped, unprepared",SR Legacy,1.08,0.21,4.45,1.6,20.0
170427,"Peppers, sweet, green, raw",SR Legacy,0.86,0.17,4.64,1.7,20.0
170024,"Peppers, sweet, green, sauteed",SR Legacy,0.78,11.85,4.22,1.8,116.0
168546,"Peppers, sweet, red, canned, solids and liquids",SR Legacy,0.8,0.3,3.9,1.2,18.0
170515,"Peppers, sweet, red, cooked, boiled, drained, with salt",SR Legacy,0.92,0.2,6.11,1.2,26.0
170110,"Peppers, sweet, red, cooked, boiled, drained, without salt",SR Legacy,0.92,0.2,6.7,1.2,28.0
169373,"Peppers, sweet, red, freeze-dried",SR Legacy,17.9,3.0,68.7,21.3,314.0
168549,"Peppers, sweet, red, frozen, chopped, boiled, drained, with salt",SR Legacy,0.95,0.18,3.31,0.8,16.0
168548,"Peppers, sweet, red, frozen, chopped, boiled, drained, without salt",SR Legacy,0.95,0.18,3.31,0.8,16.0
168547,"Peppers, sweet, red, frozen, chopped, unprepared",SR Legacy,1.08,0.21,4.45,1.6,20.0
170108,"Peppers, sweet, red, raw",SR Legacy,0.99,0.3,6.03,2.1,26.0
168550,"Peppers, sweet, red, sauteed",SR Legacy,1.04,12.75,6.57,1.8,133.0
169383,"Peppers, sweet, yellow, raw",SR Legacy,1.0,0.21,6.32,0.9,27.0
169942,"Persimmons, japanese, dried",SR Legacy,1.38,0.59,73.43,14.5,274.0
169941,"Persimmons, japanese, raw",SR Legacy,0.58,0.19,18.59,3.6,70.0
169943,"Persimmons, native, raw",SR Legacy,0.8,0.4,33.5,,127.0
174474,"Pheasant, breast, meat only, raw",SR Legacy,24.37,3.25,0.0,0.0,133.0
169903,"Pheasant, cooked, total edible",SR Legacy,32.4,12.1,0.0,0.0,239.0
172417,"Pheasant, leg, meat only, raw",SR Legacy,22.2,4.3,0.0,0.0,134.0
174472,"Pheasant, raw, meat and skin",SR Legacy,22.7,9.29,0.0,0.0,181.0
174473,"Pheasant, raw, meat only",SR Legacy,23.57,3.64,0.0,0.0,133.0
172791,Phyllo dough,SR Legacy,7.1,6.0,52.6,1.9,299.0
174576,"Pickle and pimiento loaf, pork",SR Legacy,11.23,15.95,8.46,1.5,225.0
169386,"Pickle relish, hamburger",SR Legacy,0.63,0.54,34.48,3.2,129.0
168560,"Pickle relish, hot dog",SR Legacy,1.5,0.46,23.35,1.5,91.0
168561,"Pickle relish, sweet",SR Legacy,0.37,0.47,35.06,1.1,130.0
169397,"Pickles, chowchow, with cauliflower onion mustard, sweet",SR Legacy,1.5,0.9,26.64,1.5,121.0
324653,"Pickles, cucumber, dill or kosher dill",Foundation Foods,0.48,0.43,1.99,1.0,12.0
168563,"Pickles, cucumber, dill, reduced sodium",SR Legacy,0.5,0.3,2.41,1.0,12.0
169379,"Pickles, cucumber, sour",SR Legacy,0.33,0.2,2.26,1.2,11.0
168562,"Pickles, cucumber, sour, low sodium",SR Legacy,0.33,0.2,2.26,1.2,11.0
169378,"Pickles, cucumber, sweet (includes bread and butter pickles)",SR Legacy,0.58,0.41,21.15,1.0,91.0
169380,"Pickles, cucumber, sweet, low sodium (includes bread and butter pickles)",SR Legacy,0.37,0.26,33.73,1.1,122.0
172933,"Picnic loaf, pork, beef",SR Legacy,14.92,16.64,4.76,0.0,232.0
167521,"Pie Crust, Cookie-type, Chocolate, Ready Crust",SR Legacy,6.08,22.42,64.48,2.7,484.0
167520,"Pie Crust, Cookie-type, Graham Cracker, Ready Crust",SR Legacy,5.1,24.83,64.3,1.9,501.0
172811,"Pie crust, cookie-type, prepared from recipe, graham cracker, chilled",SR Legacy,4.1,24.4,63.9,1.5,484.0
172813,"Pie crust, cookie-type, prepared from recipe, vanilla wafer, chilled",SR Legacy,3.7,36.2,50.2,0.1,531.0
167931,"Pie crust, deep dish, frozen, baked, made with enriched flour",SR Legacy,6.1,31.84,52.47,2.3,521.0
167523,"Pie crust, deep dish, frozen, unbaked, made with enriched flour",SR Legacy,5.52,28.74,46.79,1.4,468.0
167930,"Pie crust, refrigerated, regular, baked",SR Legacy,3.41,28.69,58.52,1.4,506.0
167932,"Pie crust, refrigerated, regular, unbaked",SR Legacy,2.97,25.46,51.11,1.8,445.0
175022,"Pie crust, standard-type, dry mix",SR Legacy,6.9,31.4,52.1,,518.0
175023,"Pie crust, standard-type, dry mix, prepared, baked",SR Legacy,6.7,30.4,50.4,1.8,501.0
175024,"Pie crust, standard-type, frozen, ready-to-bake, enriched",SR Legacy,6.16,26.07,48.62,2.5,457.0
175025,"Pie crust, standard-type, frozen, ready-to-bake, enriched, baked",SR Legacy,6.5,28.59,56.24,3.3,508.0
175065,"Pie crust, standard-type, frozen, ready-to-bake, unenriched",SR Legacy,3.9,29.2,44.1,0.9,457.0
175026,"Pie crust, standard-type, prepared from recipe, baked",SR Legacy,6.4,34.6,47.5,1.7,527.0
172814,"Pie crust, standard-type, prepared from recipe, unbaked",SR Legacy,5.7,30.8,42.3,3.4,469.0
168822,"Pie fillings, apple, canned",SR Legacy,0.1,0.1,26.1,1.0,100.0
167738,"Pie fillings, blueberry, canned",SR Legacy,0.41,0.2,44.38,2.6,181.0
168824,"Pie fillings, canned, cherry",SR Legacy,0.37,0.07,28.0,0.6,115.0
169062,"Pie fillings, cherry, low calorie",SR Legacy,0.82,0.16,11.98,1.2,53.0
175011,"Pie, apple, commercially prepared, enriched flour",SR Legacy,1.9,11.0,34.0,1.6,237.0
173239,"Pie, apple, commercially prepared, unenriched flour",SR Legacy,1.9,11.0,34.0,1.6,237.0
175012,"Pie, apple, prepared from recipe",SR Legacy,2.4,12.5,37.1,,265.0
175013,"Pie, banana cream, prepared from mix, no-bake type",SR Legacy,3.4,12.9,31.6,0.6,251.0
172777,"Pie, banana cream, prepared from recipe",SR Legacy,4.4,13.6,32.9,0.7,269.0
172778,"Pie, blueberry, commercially prepared",SR Legacy,1.8,10.0,34.9,1.0,232.0
172779,"Pie, blueberry, prepared from recipe",SR Legacy,2.7,11.9,33.5,,245.0
172780,"Pie, cherry, commercially prepared",SR Legacy,2.0,11.0,39.8,0.8,260.0
172781,"Pie, cherry, prepared from recipe",SR Legacy,2.8,12.2,38.5,,270.0
175014,"Pie, chocolate creme, commercially prepared",SR Legacy,4.15,22.41,38.44,0.8,353.0
175015,"Pie, chocolate mousse, prepared from mix, no-bake type",SR Legacy,3.5,15.4,29.6,,260.0
175017,"Pie, coconut cream, prepared from mix, no-bake type",SR Legacy,2.8,17.6,28.5,0.5,276.0
175016,"Pie, coconut creme, commercially prepared",SR Legacy,2.1,16.6,37.3,1.3,298.0
172782,"Pie, coconut custard, commercially prepared",SR Legacy,5.9,13.2,30.2,1.8,260.0
167522,"Pie, Dutch Apple, Commercially Prepared",SR Legacy,2.17,11.5,44.54,1.6,290.0
172783,"Pie, egg custard, commercially prepared",SR Legacy,5.5,11.6,20.8,1.6,210.0
173240,"Pie, fried pies, cherry",SR Legacy,3.0,16.1,42.6,2.6,316.0
172784,"Pie, fried pies, fruit",SR Legacy,3.0,16.1,42.6,2.6,316.0
175064,"Pie, fried pies, lemon",SR Legacy,3.0,16.1,42.6,2.6,316.0
172785,"Pie, lemon meringue, commercially prepared",SR Legacy,1.5,8.7,47.2,1.2,268.0
175018,"Pie, lemon meringue, prepared from recipe",SR Legacy,3.8,12.9,39.1,,285.0
175019,"Pie, mince, prepared from recipe",SR Legacy,2.6,10.8,48.0,2.6,289.0
175020,"Pie, peach",SR Legacy,1.9,10.0,32.9,0.8,224.0
175021,"Pie, pecan, commercially prepared",SR Legacy,4.5,16.69,59.61,2.1,407.0
172786,"Pie, pecan, prepared from recipe",SR Legacy,4.9,22.2,52.2,,412.0
172787,"Pie, pumpkin, commercially prepared",SR Legacy,3.9,9.75,34.83,1.8,243.0
172788,"Pie, pumpkin, prepared from recipe",SR Legacy,4.5,9.3,26.4,,204.0
172789,"Pie, vanilla cream, prepared from recipe",SR Legacy,4.8,14.4,32.6,0.6,278.0
172472,"Pigeon peas (red gram), mature seeds, cooked, boiled, with salt",SR Legacy,6.76,0.38,23.25,6.7,121.0
172437,"Pigeon peas (red gram), mature seeds, cooked, boiled, without salt",SR Legacy,6.76,0.38,23.25,6.7,121.0
172436,"Pigeon peas (red gram), mature seeds, raw",SR Legacy,21.7,1.49,62.78,15.0,343.0
170517,"Pigeonpeas, immature seeds, cooked, boiled, drained, with salt",SR Legacy,5.96,1.36,19.49,4.2,111.0
170430,"Pigeonpeas, immature seeds, cooked, boiled, drained, without salt",SR Legacy,5.96,1.36,19.49,4.2,111.0
170025,"Pigeonpeas, immature seeds, raw",SR Legacy,7.2,1.64,23.88,5.1,136.0
169004,"Piki bread, made from blue cornmeal (Hopi)",SR Legacy,9.06,7.16,72.22,9.2,390.0
167512,"Pillsbury Golden Layer Buttermilk Biscuits, Artificial Flavor, refrigerated dough",SR Legacy,5.88,13.24,41.18,1.2,307.0
167921,"Pillsbury Grands, Buttermilk Biscuits, refrigerated dough",SR Legacy,6.16,11.34,42.41,1.5,293.0
173259,"Pillsbury, Buttermilk Biscuits, Artificial Flavor, refrigerated dough",SR Legacy,6.4,2.79,47.07,1.6,236.0
173260,"Pillsbury, Chocolate Chip Cookies, refrigerated dough",SR Legacy,3.82,21.26,60.75,1.7,450.0
167513,"Pillsbury, Cinnamon Rolls with Icing, refrigerated dough",SR Legacy,4.34,11.27,53.42,1.4,330.0
173261,"Pillsbury, Crusty French Loaf, refrigerated dough",SR Legacy,8.59,2.88,46.35,2.6,243.0
168559,"Pimento, canned",SR Legacy,1.1,0.3,5.1,1.9,23.0
168187,"Pineapple juice, canned or bottled, unsweetened, with added ascorbic acid",SR Legacy,0.36,0.12,12.87,0.2,53.0
169947,"Pineapple juice, canned or bottled, unsweetened, without added ascorbic acid",SR Legacy,0.36,0.12,12.87,0.2,53.0
168205,"Pineapple juice, canned, not from concentrate, unsweetened, with added vitamins A, C and E",SR Legacy,0.36,0.14,12.18,0.2,50.0
169128,"Pineapple juice, frozen concentrate, unsweetened, diluted with 3 volume water",SR Legacy,0.4,0.03,12.67,0.2,51.0
169948,"Pineapple juice, frozen concentrate, unsweetened, undiluted",SR Legacy,1.3,0.1,44.3,0.7,179.0
169945,"Pineapple, canned, extra heavy syrup pack, solids and liquids",SR Legacy,0.34,0.11,21.5,0.8,83.0
169944,"Pineapple, canned, heavy syrup pack, solids and liquids",SR Legacy,0.35,0.11,20.2,0.8,78.0
167767,"Pineapple, canned, juice pack, drained",SR Legacy,0.51,0.11,15.56,1.3,60.0
169126,"Pineapple, canned, juice pack, solids and liquids",SR Legacy,0.42,0.08,15.7,0.8,60.0
169127,"Pineapple, canned, light syrup pack, solids and liquids",SR Legacy,0.36,0.12,13.45,0.8,52.0
169125,"Pineapple, canned, water pack, solids and liquids",SR Legacy,0.43,0.09,8.3,0.8,32.0
169946,"Pineapple, frozen, chunks, sweetened",SR Legacy,0.4,0.1,22.2,1.1,86.0
2346398,"Pineapple, raw",Foundation Foods,0.4609375,0.2113,14.0914625,0.9346,60.1113
169124,"Pineapple, raw, all varieties",SR Legacy,0.54,0.12,13.12,1.4,50.0
168194,"Pineapple, raw, extra sweet variety",SR Legacy,0.53,0.11,13.5,1.4,51.0
168193,"Pineapple, raw, traditional varieties",SR Legacy,0.55,0.13,11.82,,45.0
169821,"Pinon Nuts, roasted (Navajo)",SR Legacy,7.41,34.08,51.06,43.4,541.0
169129,"Pitanga, (surinam-cherry), raw",SR Legacy,0.8,0.4,7.49,,33.0
172040,"PIZZA HUT 12"" Cheese Pizza, Hand-Tossed Crust",SR Legacy,11.93,10.89,31.22,1.8,271.0
172041,"PIZZA HUT 12"" Cheese Pizza, Pan Crust",SR Legacy,11.73,12.56,29.93,1.7,280.0
172042,"PIZZA HUT 12"" Cheese Pizza, THIN 'N CRISPY Crust",SR Legacy,15.29,14.1,28.64,1.6,303.0
173279,"PIZZA HUT 12"" Pepperoni Pizza, Hand-Tossed Crust",SR Legacy,12.86,11.38,31.55,1.7,280.0
173280,"PIZZA HUT 12"" Pepperoni Pizza, Pan Crust",SR Legacy,11.97,14.21,30.49,1.8,298.0
173281,"PIZZA HUT 12"" Super Supreme Pizza, Hand-Tossed Crust",SR Legacy,10.9,10.72,25.62,2.0,243.0
173290,"PIZZA HUT 14"" Cheese Pizza, Hand-Tossed Crust",SR Legacy,11.98,10.42,33.42,2.4,275.0
173291,"PIZZA HUT 14"" Cheese Pizza, Pan Crust",SR Legacy,10.85,11.25,32.85,2.1,276.0
170774,"PIZZA HUT 14"" Cheese Pizza, Stuffed Crust",SR Legacy,12.23,11.63,30.0,1.7,274.0
172051,"PIZZA HUT 14"" Cheese Pizza, THIN 'N CRISPY Crust",SR Legacy,13.37,12.8,34.22,2.4,306.0
172052,"PIZZA HUT 14"" Pepperoni Pizza, Hand-Tossed Crust",SR Legacy,12.23,12.63,32.11,2.6,291.0
172053,"PIZZA HUT 14"" Pepperoni Pizza, Pan Crust",SR Legacy,11.47,13.07,31.79,2.0,291.0
170369,"PIZZA HUT 14"" Pepperoni Pizza, THIN 'N CRISPY Crust",SR Legacy,14.13,16.17,32.66,2.1,333.0
170769,"PIZZA HUT 14"" Sausage Pizza, Hand-Tossed Crust",SR Legacy,11.92,13.5,29.39,2.3,287.0
170372,"PIZZA HUT 14"" Sausage Pizza, Pan Crust",SR Legacy,11.08,13.85,29.56,2.0,287.0
170768,"PIZZA HUT 14"" Sausage Pizza, THIN 'N CRISPY Crust",SR Legacy,13.95,16.9,28.7,2.4,323.0
172054,"PIZZA HUT 14"" Super Supreme Pizza, Hand-Tossed Crust",SR Legacy,11.34,10.95,26.01,2.3,248.0
170789,"PIZZA HUT, breadstick, parmesan garlic",SR Legacy,12.2,12.88,44.48,2.4,343.0
168957,"Pizza rolls, frozen, unprepared",SR Legacy,8.73,9.98,50.72,1.2,328.0
170317,"Pizza, cheese topping, regular crust, frozen, cooked",SR Legacy,10.36,12.28,29.02,2.2,268.0
170714,"Pizza, cheese topping, rising crust, frozen, cooked",SR Legacy,12.37,8.78,32.91,2.5,260.0
170373,"Pizza, cheese topping, thin crust, frozen, cooked",SR Legacy,11.91,11.07,28.8,3.0,263.0
170715,"Pizza, meat and vegetable topping, regular crust, frozen, cooked",SR Legacy,11.28,14.43,25.14,2.2,276.0
170716,"Pizza, meat and vegetable topping, rising crust, frozen, cooked",SR Legacy,12.63,11.75,28.78,2.3,271.0
172095,"Pizza, meat topping, thick crust, frozen, cooked",SR Legacy,11.76,11.52,30.76,2.3,274.0
172096,"Pizza, pepperoni topping, regular crust, frozen, cooked",SR Legacy,14.38,13.13,24.69,2.0,274.0
168216,"Plantains, green, boiled",SR Legacy,1.09,0.08,29.15,2.6,121.0
168199,"Plantains, green, fried",SR Legacy,1.5,11.81,49.17,3.5,309.0
168215,"Plantains, green, raw",SR Legacy,1.25,0.07,36.66,2.2,152.0
2710843,"Plantains, overripe, raw",Foundation Foods,1.166875,0.99,29.191425,1.792,130.3432
2710817,"Plantains, ripe, raw",Foundation Foods,1.15625,0.8933,30.95215,2.125,136.4733
2710818,"Plantains, underripe, raw",Foundation Foods,1.229375,0.685,33.587325,2.53,145.4318
169131,"Plantains, yellow, baked",SR Legacy,1.52,0.16,41.37,2.2,155.0
168200,"Plantains, yellow, fried, Latino restaurant",SR Legacy,1.42,7.51,40.77,3.2,236.0
169130,"Plantains, yellow, raw",SR Legacy,1.3,0.35,31.89,1.7,122.0
2710837,"Plum, black, with skin, raw",Foundation Foods,0.578125,0.2825,13.455575,1.346,58.6773
168183,"Plums, canned, heavy syrup, drained",SR Legacy,0.44,0.14,23.12,1.5,89.0
169133,"Plums, canned, purple, extra heavy syrup pack, solids and liquids",SR Legacy,0.36,0.1,26.31,1.0,101.0
169132,"Plums, canned, purple, heavy syrup pack, solids and liquids",SR Legacy,0.36,0.1,23.24,0.9,89.0
169951,"Plums, canned, purple, juice pack, solids and liquids",SR Legacy,0.51,0.02,15.15,0.9,58.0
169952,"Plums, canned, purple, light syrup pack, solids and liquids",SR Legacy,0.37,0.1,16.28,0.9,63.0
169950,"Plums, canned, purple, water pack, solids and liquids",SR Legacy,0.39,0.01,11.03,0.9,41.0
167752,"Plums, dried (prunes), stewed, with added sugar",SR Legacy,1.09,0.22,32.88,3.8,124.0
167751,"Plums, dried (prunes), stewed, without added sugar",SR Legacy,0.96,0.16,28.08,3.1,107.0
168162,"Plums, dried (prunes), uncooked",SR Legacy,2.18,0.38,63.88,7.1,240.0
169949,"Plums, raw",SR Legacy,0.7,0.28,11.42,1.4,46.0
169820,"Plums, wild (Northern Plains Indians)",SR Legacy,0.43,0.17,21.95,6.0,91.0
170431,Poi,SR Legacy,0.38,0.14,27.23,0.4,112.0
170518,"Pokeberry shoots, (poke), cooked, boiled, drained, with salt",SR Legacy,2.3,0.4,3.1,1.5,20.0
170433,"Pokeberry shoots, (poke), cooked, boiled, drained, without salt",SR Legacy,2.3,0.4,3.1,1.5,20.0
170432,"Pokeberry shoots, (poke), raw",SR Legacy,2.6,0.4,3.7,1.7,23.0
174577,"Polish sausage, pork",SR Legacy,14.1,28.72,1.63,0.0,326.0
167787,"Pomegranate juice, bottled",SR Legacy,0.15,0.29,13.13,0.1,54.0
169134,"Pomegranates, raw",SR Legacy,1.67,1.17,18.7,4.0,83.0
168139,"Popcorn, microwave, low fat and sodium",SR Legacy,12.6,9.5,73.39,14.2,429.0
173141,"Popcorn, microwave, regular (butter) flavor, made with palm oil",SR Legacy,8.38,30.22,57.26,10.0,535.0
169685,"Popcorn, sugar syrup/caramel, fat-free",SR Legacy,2.0,1.4,90.06,2.5,381.0
172086,"POPEYES, biscuit",SR Legacy,6.0,23.71,40.95,3.8,401.0
172087,"POPEYES, Coleslaw",SR Legacy,0.98,11.18,14.12,1.7,161.0
170353,"POPEYES, Fried Chicken, Mild, Breast, meat and skin with breading",SR Legacy,21.67,16.47,9.83,0.4,274.0
170748,"POPEYES, Fried Chicken, Mild, Breast, meat only, skin and breading removed",SR Legacy,28.98,4.52,0.0,,157.0
170354,"POPEYES, Fried Chicken, Mild, Drumstick, meat and skin with breading",SR Legacy,20.44,19.14,9.84,,293.0
170749,"POPEYES, Fried Chicken, Mild, Drumstick, meat only, skin and breading removed",SR Legacy,26.51,7.14,0.04,,170.0
170350,"POPEYES, Fried Chicken, Mild, Skin and Breading",SR Legacy,13.96,32.32,21.54,1.0,433.0
170750,"POPEYES, Fried Chicken, Mild, Thigh, meat and skin with breading",SR Legacy,19.14,20.99,11.2,0.5,310.0
170351,"POPEYES, Fried Chicken, Mild, Thigh, meat only, skin and breading removed",SR Legacy,24.31,9.66,0.85,,188.0
170751,"POPEYES, Fried Chicken, Mild, Wing, meat and skin with breading",SR Legacy,20.4,22.48,13.52,0.6,338.0
170352,"POPEYES, Fried Chicken, Mild, Wing, meat only, skin and breading removed",SR Legacy,28.94,9.42,2.9,,212.0
172088,"POPEYES, Mild Chicken Strips, analyzed 2006",SR Legacy,19.2,13.01,19.31,0.8,271.0
170338,"POPEYES, Spicy Chicken Strips, analyzed 2006",SR Legacy,19.61,11.2,18.52,1.2,253.0
172792,"Popovers, dry mix, enriched",SR Legacy,10.4,4.3,71.0,,371.0
175066,"Popovers, dry mix, unenriched",SR Legacy,10.4,4.3,71.0,,371.0
168377,"Pork loin, fresh, backribs, bone-in, cooked-roasted, lean only",SR Legacy,24.15,17.65,0.0,0.0,255.0
168376,"Pork loin, fresh, backribs, bone-in, raw, lean only",SR Legacy,20.85,9.84,0.0,0.0,172.0
167698,"Pork sausage rice links, brown and serve, cooked",SR Legacy,13.7,37.63,2.36,0.0,407.0
174578,"Pork sausage, link/patty, cooked, pan-fried",SR Legacy,18.53,27.25,1.42,0.0,325.0
172971,"Pork sausage, link/patty, fully cooked, microwaved",SR Legacy,15.12,41.66,0.62,0.0,438.0
173876,"Pork sausage, link/patty, fully cooked, unheated",SR Legacy,13.46,37.25,0.69,0.0,392.0
171636,"Pork sausage, link/patty, reduced fat, cooked, pan-fried",SR Legacy,20.94,20.32,0.15,0.0,267.0
171635,"Pork sausage, link/patty, reduced fat, unprepared",SR Legacy,16.75,16.55,0.2,0.0,217.0
172934,"Pork sausage, link/patty, unprepared",SR Legacy,15.39,24.8,0.93,0.0,288.0
173882,"Pork sausage, reduced sodium, cooked",SR Legacy,9.41,22.35,8.13,0.0,271.0
168324,"Pork, bacon, rendered fat, cooked",SR Legacy,0.07,99.5,0.0,0.0,898.0
167914,"Pork, cured, bacon, cooked, baked",SR Legacy,35.73,43.27,1.35,0.0,548.0
167712,"Pork, cured, bacon, cooked, broiled, pan-fried or roasted, reduced sodium",SR Legacy,37.04,41.78,1.43,0.0,541.0
168321,"Pork, cured, bacon, cooked, microwaved",SR Legacy,39.01,34.12,0.48,0.0,476.0
749420,"Pork, cured, bacon, cooked, restaurant",Foundation Foods,40.9,36.5,2.1,,500.0
168322,"Pork, cured, bacon, pre-sliced, cooked, pan-fried",SR Legacy,33.92,35.09,1.7,0.0,468.0
168277,"Pork, cured, bacon, unprepared",SR Legacy,13.66,37.13,0.0,0.0,393.0
168278,"Pork, cured, breakfast strips, raw or unheated",SR Legacy,11.74,37.16,0.7,0.0,388.0
167870,"Pork, cured, feet, pickled",SR Legacy,11.63,10.02,0.01,0.0,140.0
169164,"Pork, cured, ham -- water added, rump, bone-in, separable lean and fat, heated, roasted",SR Legacy,20.1,8.56,0.99,0.0,161.0
168348,"Pork, cured, ham -- water added, rump, bone-in, separable lean and fat, unheated",SR Legacy,13.99,12.5,0.8,0.0,172.0
167915,"Pork, cured, ham -- water added, rump, bone-in, separable lean only, heated, roasted",SR Legacy,21.41,3.56,0.87,0.0,121.0
167916,"Pork, cured, ham -- water added, rump, bone-in, separable lean only, unheated",SR Legacy,15.43,3.48,0.67,0.0,95.0
169165,"Pork, cured, ham -- water added, shank, bone-in, separable lean and fat, heated, roasted",SR Legacy,18.62,13.37,1.35,0.0,200.0
168347,"Pork, cured, ham -- water added, shank, bone-in, separable lean and fat, unheated",SR Legacy,16.65,11.02,0.66,0.0,167.0
167917,"Pork, cured, ham -- water added, shank, bone-in, separable lean only, heated, roasted",SR Legacy,20.92,4.43,1.2,0.0,128.0
168336,"Pork, cured, ham -- water added, shank, bone-in, separable lean only, unheated",SR Legacy,18.65,1.87,0.71,0.0,91.0
169166,"Pork, cured, ham -- water added, slice, bone-in, separable lean and fat, heated, pan-broil",SR Legacy,20.8,8.73,1.54,0.0,166.0
168346,"Pork, cured, ham -- water added, slice, bone-in, separable lean and fat, unheated",SR Legacy,15.73,10.77,1.1,0.0,164.0
167918,"Pork, cured, ham -- water added, slice, bone-in, separable lean only, heated, pan-broil",SR Legacy,22.04,4.3,1.48,0.0,131.0
169151,"Pork, cured, ham -- water added, slice, bone-in, separable lean only, unheated",SR Legacy,17.38,2.29,1.23,0.0,95.0
169167,"Pork, cured, ham -- water added, slice, boneless, separable lean and fat, heated, pan-broil",SR Legacy,18.62,5.05,1.72,0.0,125.0
168329,"Pork, cured, ham -- water added, slice, boneless, separable lean only, heated, pan-broil",SR Legacy,18.82,4.09,1.75,0.0,119.0
168349,"Pork, cured, ham -- water added, whole, boneless, separable lean and fat, heated, roasted",SR Legacy,17.77,5.48,1.54,0.0,126.0
168345,"Pork, cured, ham -- water added, whole, boneless, separable lean and fat, unheated",SR Legacy,17.06,5.38,1.42,0.0,121.0
169148,"Pork, cured, ham -- water added, whole, boneless, separable lean only, heated, roasted",SR Legacy,17.99,4.39,1.57,0.0,117.0
169149,"Pork, cured, ham -- water added, whole, boneless, separable lean only, unheated",SR Legacy,17.34,3.97,1.45,0.0,110.0
168350,"Pork, cured, ham and water product, rump, bone-in, separable lean and fat, heated, roasted",SR Legacy,19.46,11.48,1.15,0.0,186.0
169163,"Pork, cured, ham and water product, rump, bone-in, separable lean and fat, unheated",SR Legacy,16.09,12.13,1.35,0.0,179.0
168332,"Pork, cured, ham and water product, rump, bone-in, separable lean only, heated, roasted",SR Legacy,21.28,4.7,1.15,0.0,131.0
169152,"Pork, cured, ham and water product, rump, bone-in, separable lean only, unheated",SR Legacy,17.93,3.38,1.24,0.0,107.0
168351,"Pork, cured, ham and water product, shank, bone-in, separable lean and fat, heated, roasted",SR Legacy,18.17,17.29,1.42,0.0,234.0
169162,"Pork, cured, ham and water product, shank, bone-in, separable lean and fat, unheated",SR Legacy,14.28,20.0,1.42,0.0,243.0
169150,"Pork, cured, ham and water product, shank, bone-in, separable lean only, heated, roasted",SR Legacy,21.69,4.45,1.26,0.0,132.0
169154,"Pork, cured, ham and water product, shank, bone-in, unheated, separable lean only",SR Legacy,17.53,4.18,1.2,0.0,113.0
168352,"Pork, cured, ham and water product, slice, bone-in, separable lean and fat, heated, pan-broil",SR Legacy,19.85,7.78,1.41,0.0,155.0
169161,"Pork, cured, ham and water product, slice, bone-in, separable lean and fat, unheated",SR Legacy,13.69,9.29,2.72,0.0,149.0
168325,"Pork, cured, ham and water product, slice, bone-in, separable lean only, heated, pan-broil",SR Legacy,20.9,3.63,1.35,0.0,122.0
169153,"Pork, cured, ham and water product, slice, bone-in, separable lean only, unheated",SR Legacy,14.47,3.78,2.82,0.0,103.0
169168,"Pork, cured, ham and water product, slice, boneless, separable lean and fat, heated, pan-broil",SR Legacy,15.08,5.13,4.69,0.0,124.0
168326,"Pork, cured, ham and water product, slice, boneless, separable lean only, heated, pan-broil",SR Legacy,15.09,5.06,4.69,0.0,123.0
169169,"Pork, cured, ham and water product, whole, boneless, separable lean and fat, heated, roasted",SR Legacy,13.88,5.46,4.61,0.0,123.0
169160,"Pork, cured, ham and water product, whole, boneless, separable lean and fat, unheated",SR Legacy,14.05,4.99,4.21,0.0,117.0
168327,"Pork, cured, ham and water product, whole, boneless, separable lean only, heated, roasted",SR Legacy,13.88,5.46,4.61,0.0,123.0
168328,"Pork, cured, ham and water product, whole, boneless, separable lean only, unheated",SR Legacy,14.07,4.86,4.22,0.0,116.0
169170,"Pork, cured, ham with natural juices, rump, bone-in, separable lean and fat, heated, roasted",SR Legacy,22.47,9.39,0.6,0.0,177.0
168344,"Pork, cured, ham with natural juices, rump, bone-in, separable lean and fat, unheated",SR Legacy,19.7,13.26,0.43,0.0,200.0
167919,"Pork, cured, ham with natural juices, rump, bone-in, separable lean only, heated, roasted",SR Legacy,24.14,4.25,0.48,0.0,137.0
168337,"Pork, cured, ham with natural juices, rump, bone-in, separable lean only, unheated",SR Legacy,22.71,3.47,0.43,0.0,122.0
169171,"Pork, cured, ham with natural juices, shank, bone-in, separable lean and fat, heated, roasted",SR Legacy,22.88,10.93,0.33,0.0,191.0
168343,"Pork, cured, ham with natural juices, shank, bone-in, separable lean and fat, unheated",SR Legacy,22.35,11.11,0.32,0.0,191.0
167920,"Pork, cured, ham with natural juices, shank, bone-in, separable lean only, heated, roasted",SR Legacy,24.95,4.97,0.34,0.0,145.0
168338,"Pork, cured, ham with natural juices, shank, bone-in, separable lean only, unheated",SR Legacy,25.11,3.33,0.3,0.0,130.0
169172,"Pork, cured, ham with natural juices, slice, bone-in, separable lean and fat, heated, pan-broil",SR Legacy,26.18,8.28,0.17,0.0,180.0
168342,"Pork, cured, ham with natural juices, slice, bone-in, separable lean and fat, unheated",SR Legacy,22.82,7.4,0.17,0.0,159.0
168330,"Pork, cured, ham with natural juices, slice, bone-in, separable lean only, heated, pan-broil",SR Legacy,27.75,4.38,0.0,0.0,150.0
168339,"Pork, cured, ham with natural juices, slice, bone-in, separable lean only, unheated",SR Legacy,24.34,2.87,0.0,0.0,123.0
168353,"Pork, cured, ham with natural juices, slice, boneless, separable lean and fat, heated, pan-broil",SR Legacy,20.89,3.4,1.04,0.0,118.0
168333,"Pork, cured, ham with natural juices, slice, boneless, separable lean only, heated, pan-broil",SR Legacy,20.95,3.16,1.05,0.0,116.0
168354,"Pork, cured, ham with natural juices, spiral slice, boneless, separable lean and fat, heated, roasted",SR Legacy,22.18,5.1,1.06,0.0,139.0
168341,"Pork, cured, ham with natural juices, spiral slice, boneless, separable lean and fat, unheated",SR Legacy,18.66,5.75,1.18,0.0,129.0
168340,"Pork, cured, ham with natural juices, spiral slice, boneless, separable lean only, unheated",SR Legacy,19.25,3.26,1.22,0.0,109.0
168331,"Pork, cured, ham with natural juices, spiral slice, meat only, boneless, separable lean only, heated, roasted",SR Legacy,22.56,3.78,1.08,0.0,126.0
168355,"Pork, cured, ham with natural juices, whole, boneless, separable lean and fat, heated, roasted",SR Legacy,20.54,3.13,0.84,0.0,114.0
169159,"Pork, cured, ham with natural juices, whole, boneless, separable lean and fat, unheated",SR Legacy,19.38,3.43,1.02,0.0,112.0
168334,"Pork, cured, ham with natural juices, whole, boneless, separable lean only, heated, roasted",SR Legacy,20.57,3.01,0.84,0.0,113.0
168335,"Pork, cured, ham with natural juices, whole, boneless, separable lean only, unheated",SR Legacy,19.44,3.21,1.03,0.0,111.0
167871,"Pork, cured, ham, boneless, extra lean (approximately 5% fat), roasted",SR Legacy,20.93,5.53,1.5,0.0,145.0
168296,"Pork, cured, ham, boneless, extra lean and regular, roasted",SR Legacy,21.97,7.66,0.5,0.0,165.0
168295,"Pork, cured, ham, boneless, extra lean and regular, unheated",SR Legacy,18.26,8.39,2.28,0.0,162.0
168111,"Pork, cured, ham, boneless, low sodium, extra lean (approximately 5% fat), roasted",SR Legacy,20.9,5.5,1.5,0.0,145.0
169906,"Pork, cured, ham, boneless, low sodium, extra lean and regular, roasted",SR Legacy,22.0,7.7,0.5,0.0,165.0
167872,"Pork, cured, ham, boneless, regular (approximately 11% fat), roasted",SR Legacy,22.62,9.02,0.0,0.0,178.0
168282,"Pork, cured, ham, center slice, country-style, separable lean only, raw",SR Legacy,27.8,8.32,0.3,0.0,195.0
168283,"Pork, cured, ham, center slice, separable lean and fat, unheated",SR Legacy,20.17,12.9,0.05,0.0,203.0
168280,"Pork, cured, ham, extra lean (approximately 4% fat), canned, roasted",SR Legacy,21.16,4.88,0.52,0.0,136.0
168279,"Pork, cured, ham, extra lean (approximately 4% fat), canned, unheated",SR Legacy,18.49,4.56,0.0,0.0,120.0
167886,"Pork, cured, ham, extra lean and regular, canned, roasted",SR Legacy,20.94,8.43,0.49,0.0,167.0
167885,"Pork, cured, ham, extra lean and regular, canned, unheated",SR Legacy,17.97,7.46,0.0,0.0,144.0
168110,"Pork, cured, ham, low sodium, lean and fat, cooked",SR Legacy,22.3,8.3,0.3,0.0,172.0
167873,"Pork, cured, ham, patties, unheated",SR Legacy,12.78,28.19,1.69,0.0,315.0
168281,"Pork, cured, ham, regular (approximately 13% fat), canned, roasted",SR Legacy,20.53,15.2,0.42,0.0,226.0
168356,"Pork, cured, ham, rump, bone-in, separable lean and fat, heated, roasted",SR Legacy,23.95,8.88,0.64,0.0,177.0
168367,"Pork, cured, ham, rump, bone-in, separable lean and fat, unheated",SR Legacy,22.27,9.38,0.52,0.0,176.0
169173,"Pork, cured, ham, rump, bone-in, separable lean only, heated, roasted",SR Legacy,26.02,3.07,0.68,0.0,132.0
169174,"Pork, cured, ham, rump, bone-in, separable lean only, unheated",SR Legacy,24.46,2.92,0.32,0.0,125.0
169155,"Pork, cured, ham, separable fat, boneless, heated",SR Legacy,8.77,51.57,2.0,0.0,507.0
169156,"Pork, cured, ham, separable fat, boneless, unheated",SR Legacy,7.5,53.0,1.87,0.0,515.0
168357,"Pork, cured, ham, shank, bone-in, separable lean and fat, heated, roasted",SR Legacy,24.39,9.35,0.64,0.0,191.0
168358,"Pork, cured, ham, shank, bone-in, separable lean and fat, unheated",SR Legacy,21.61,9.85,0.41,0.0,177.0
169175,"Pork, cured, ham, shank, bone-in, separable lean only, heated, roasted",SR Legacy,26.49,3.68,0.68,0.0,139.0
169176,"Pork, cured, ham, shank, bone-in, separable lean only, unheated",SR Legacy,23.79,3.19,0.18,0.0,125.0
168359,"Pork, cured, ham, slice, bone-in, separable lean and fat, heated, pan-broil",SR Legacy,25.48,8.48,0.7,0.0,181.0
169177,"Pork, cured, ham, slice, bone-in, separable lean and fat, unheated",SR Legacy,22.45,9.17,0.21,0.0,173.0
169158,"Pork, cured, ham, slice, bone-in, separable lean only, heated, pan-broil",SR Legacy,27.18,4.09,0.74,0.0,148.0
168360,"Pork, cured, ham, slice, bone-in, separable lean only, unheated",SR Legacy,24.36,3.59,0.0,0.0,130.0
167874,"Pork, cured, ham, steak, boneless, extra lean, unheated",SR Legacy,19.56,4.25,0.0,0.0,122.0
167875,"Pork, cured, ham, whole, separable lean and fat, unheated",SR Legacy,18.49,18.52,0.06,0.0,246.0
168284,"Pork, cured, ham, whole, separable lean only, roasted",SR Legacy,25.05,5.5,0.0,0.0,157.0
167876,"Pork, cured, ham, whole, separable lean only, unheated",SR Legacy,22.32,5.71,0.05,0.0,147.0
168287,"Pork, cured, salt pork, raw",SR Legacy,5.05,80.5,0.0,0.0,748.0
167878,"Pork, cured, separable fat (from ham and arm picnic), roasted",SR Legacy,7.64,61.86,0.0,0.0,591.0
167877,"Pork, cured, separable fat (from ham and arm picnic), unheated",SR Legacy,5.68,61.41,0.09,0.0,579.0
167879,"Pork, cured, shoulder, arm picnic, separable lean and fat, roasted",SR Legacy,20.43,21.35,0.0,0.0,280.0
167880,"Pork, cured, shoulder, arm picnic, separable lean only, roasted",SR Legacy,24.94,7.04,0.0,0.0,170.0
168289,"Pork, cured, shoulder, blade roll, separable lean and fat, roasted",SR Legacy,17.28,23.48,0.37,0.0,287.0
168288,"Pork, cured, shoulder, blade roll, separable lean and fat, unheated",SR Legacy,16.47,21.98,0.0,0.0,269.0
167811,"Pork, fresh, backfat, raw",SR Legacy,2.92,88.69,0.0,0.0,812.0
168300,"Pork, fresh, backribs, separable lean and fat, cooked, roasted",SR Legacy,23.01,21.51,0.0,0.0,292.0
168299,"Pork, fresh, backribs, separable lean and fat, raw",SR Legacy,19.07,16.33,0.0,0.0,224.0
167812,"Pork, fresh, belly, raw",SR Legacy,9.34,53.01,0.0,0.0,518.0
168380,"Pork, fresh, blade, (chops), boneless, separable lean and fat, cooked, broiled",SR Legacy,24.73,11.13,0.83,0.0,202.0
168219,"Pork, fresh, carcass, separable lean and fat, raw",SR Legacy,13.91,35.07,0.0,0.0,376.0
168218,"Pork, fresh, composite of separable fat, with added solution, cooked",SR Legacy,10.06,60.42,0.32,0.0,585.0
169179,"Pork, fresh, composite of separable fat, with added solution, raw",SR Legacy,9.27,52.33,0.0,0.0,508.0
167810,"Pork, fresh, composite of trimmed leg, loin, shoulder, and spareribs, (includes cuts to be cured), separable lean and fat, raw",SR Legacy,18.22,14.79,0.0,0.0,211.0
167855,"Pork, fresh, composite of trimmed retail cuts (leg, loin, and shoulder), separable lean only, cooked",SR Legacy,27.51,9.21,0.0,0.0,201.0
168220,"Pork, fresh, composite of trimmed retail cuts (leg, loin, shoulder), separable lean only, raw",SR Legacy,21.2,4.86,0.0,0.0,134.0
168297,"Pork, fresh, composite of trimmed retail cuts (leg, loin, shoulder, and spareribs), separable lean and fat, cooked",SR Legacy,26.36,13.89,0.0,0.0,238.0
167888,"Pork, fresh, composite of trimmed retail cuts (leg, loin, shoulder, and spareribs), separable lean and fat, raw",SR Legacy,18.95,14.95,0.0,0.0,216.0
167906,"Pork, fresh, composite of trimmed retail cuts (loin and shoulder blade), separable lean and fat, cooked",SR Legacy,26.07,13.66,0.0,0.0,235.0
168316,"Pork, fresh, composite of trimmed retail cuts (loin and shoulder blade), separable lean and fat, raw",SR Legacy,20.08,10.14,0.0,0.0,177.0
167908,"Pork, fresh, composite of trimmed retail cuts (loin and shoulder blade), separable lean only, cooked",SR Legacy,29.47,9.44,0.0,0.0,211.0
167907,"Pork, fresh, composite of trimmed retail cuts (loin and shoulder blade), separable lean only, raw",SR Legacy,21.23,5.88,0.0,0.0,144.0
168361,"Pork, fresh, enhanced, loin, tenderloin, separable lean only, raw",SR Legacy,20.39,2.09,0.0,0.0,106.0
167903,"Pork, fresh, ground, cooked",SR Legacy,25.69,20.77,0.0,0.0,297.0
167902,"Pork, fresh, ground, raw",SR Legacy,16.88,21.19,0.0,0.0,263.0
167815,"Pork, fresh, leg (ham), rump half, separable lean and fat, cooked, roasted",SR Legacy,27.03,10.32,0.0,0.0,209.0
167814,"Pork, fresh, leg (ham), rump half, separable lean and fat, raw",SR Legacy,20.27,10.63,0.0,0.0,182.0
167817,"Pork, fresh, leg (ham), rump half, separable lean only, cooked, roasted",SR Legacy,28.86,4.62,0.0,0.0,165.0
167816,"Pork, fresh, leg (ham), rump half, separable lean only, raw (Includes foods for USDA's Food Distribution Program)",SR Legacy,21.81,2.93,0.0,0.0,120.0
168227,"Pork, fresh, leg (ham), shank half, separable lean and fat, cooked, roasted",SR Legacy,25.96,13.42,0.0,0.0,232.0
168226,"Pork, fresh, leg (ham), shank half, separable lean and fat, raw",SR Legacy,19.87,11.96,0.0,0.0,193.0
168229,"Pork, fresh, leg (ham), shank half, separable lean only, cooked, roasted",SR Legacy,28.69,5.83,0.0,0.0,175.0
168228,"Pork, fresh, leg (ham), shank half, separable lean only, raw",SR Legacy,21.66,2.95,0.0,0.0,119.0
168223,"Pork, fresh, leg (ham), whole, separable lean and fat, cooked, roasted",SR Legacy,26.83,17.61,0.0,0.0,273.0
168222,"Pork, fresh, leg (ham), whole, separable lean and fat, raw",SR Legacy,17.43,18.87,0.0,0.0,245.0
168225,"Pork, fresh, leg (ham), whole, separable lean only, cooked, roasted",SR Legacy,29.41,9.44,0.0,0.0,211.0
168224,"Pork, fresh, leg (ham), whole, separable lean only, raw",SR Legacy,20.48,5.41,0.0,0.0,136.0
167822,"Pork, fresh, loin, blade (chops or roasts), bone-in, separable lean and fat, raw",SR Legacy,19.56,12.27,0.0,0.0,194.0
168234,"Pork, fresh, loin, blade (chops or roasts), bone-in, separable lean only, raw",SR Legacy,21.22,5.84,0.0,0.0,143.0
168381,"Pork, fresh, loin, blade (chops or roasts), boneless, separable lean and fat only, raw",SR Legacy,20.54,7.94,0.76,0.0,157.0
169194,"Pork, fresh, loin, blade (chops or roasts), boneless, separable lean only, raw",SR Legacy,21.35,3.78,0.82,0.0,123.0
167823,"Pork, fresh, loin, blade (chops), bone-in, separable lean and fat, cooked, braised",SR Legacy,26.54,15.71,0.0,0.0,255.0
167824,"Pork, fresh, loin, blade (chops), bone-in, separable lean and fat, cooked, broiled",SR Legacy,23.72,14.35,0.0,0.0,231.0
167884,"Pork, fresh, loin, blade (chops), bone-in, separable lean and fat, cooked, pan-fried",SR Legacy,25.02,16.56,0.0,0.0,256.0
168235,"Pork, fresh, loin, blade (chops), bone-in, separable lean only, cooked, braised",SR Legacy,28.02,11.29,0.0,0.0,222.0
168236,"Pork, fresh, loin, blade (chops), bone-in, separable lean only, cooked, broiled",SR Legacy,24.99,9.56,0.0,0.0,193.0
167868,"Pork, fresh, loin, blade (chops), bone-in, separable lean only, cooked, pan-fried",SR Legacy,26.38,12.14,0.0,0.0,222.0
169196,"Pork, fresh, loin, blade (chops), boneless, separable lean only, boneless, cooked, broiled",SR Legacy,26.14,6.74,0.89,0.0,169.0
167825,"Pork, fresh, loin, blade (roasts), bone-in, separable lean and fat, cooked, roasted",SR Legacy,24.29,16.71,0.0,0.0,254.0
168237,"Pork, fresh, loin, blade (roasts), bone-in, separable lean only, cooked, roasted",SR Legacy,25.7,11.89,0.0,0.0,217.0
169198,"Pork, fresh, loin, blade (roasts), boneless, separable lean and fat, cooked, roasted",SR Legacy,26.48,10.32,0.0,0.0,199.0
169195,"Pork, fresh, loin, blade (roasts), boneless, separable lean only, cooked, roasted",SR Legacy,27.58,7.14,0.0,0.0,175.0
167826,"Pork, fresh, loin, center loin (chops), bone-in, separable lean and fat, cooked, braised",SR Legacy,28.21,13.51,0.0,0.0,242.0
167827,"Pork, fresh, loin, center loin (chops), bone-in, separable lean and fat, cooked, broiled",SR Legacy,25.61,11.06,0.0,0.0,209.0
168292,"Pork, fresh, loin, center loin (chops), bone-in, separable lean and fat, cooked, pan-fried",SR Legacy,27.63,13.32,0.0,0.0,238.0
168238,"Pork, fresh, loin, center loin (chops), bone-in, separable lean and fat, raw",SR Legacy,20.71,9.03,0.0,0.0,170.0
168239,"Pork, fresh, loin, center loin (chops), bone-in, separable lean only, cooked, braised",SR Legacy,30.2,7.86,0.0,0.0,200.0
168240,"Pork, fresh, loin, center loin (chops), bone-in, separable lean only, cooked, broiled",SR Legacy,26.76,7.29,0.0,0.0,180.0
167882,"Pork, fresh, loin, center loin (chops), bone-in, separable lean only, cooked, pan-fried",SR Legacy,29.56,7.66,0.0,0.0,195.0
167829,"Pork, fresh, loin, center loin (chops), bone-in, separable lean only, raw",SR Legacy,21.99,3.71,0.0,0.0,127.0
168298,"Pork, fresh, loin, center loin (chops), boneless, separable lean and fat, cooked, pan-broiled",SR Legacy,26.68,13.6,0.0,0.0,229.0
168286,"Pork, fresh, loin, center loin (chops), boneless, separable lean and fat, raw",SR Legacy,21.14,12.96,0.0,0.0,201.0
168285,"Pork, fresh, loin, center loin (chops), boneless, separable lean only, cooked, pan-broiled",SR Legacy,30.02,4.65,0.0,0.0,162.0
168263,"Pork, fresh, loin, center loin (chops), boneless, separable lean only, raw",SR Legacy,23.75,3.09,0.0,0.0,123.0
167828,"Pork, fresh, loin, center loin (roasts), bone-in, separable lean and fat, cooked, roasted",SR Legacy,27.01,12.8,0.0,0.0,231.0
168241,"Pork, fresh, loin, center loin (roasts), bone-in, separable lean only, cooked, roasted",SR Legacy,28.58,7.95,0.0,0.0,194.0
168242,"Pork, fresh, loin, center rib (chops or roasts), bone-in, separable lean and fat, raw",SR Legacy,20.28,11.04,0.0,0.0,186.0
167833,"Pork, fresh, loin, center rib (chops or roasts), bone-in, separable lean only, raw",SR Legacy,21.79,4.8,0.0,0.0,136.0
167889,"Pork, fresh, loin, center rib (chops or roasts), boneless, separable lean and fat, raw",SR Legacy,19.9,14.01,0.0,0.0,211.0
168302,"Pork, fresh, loin, center rib (chops or roasts), boneless, separable lean only, raw",SR Legacy,21.8,6.48,0.0,0.0,152.0
167830,"Pork, fresh, loin, center rib (chops), bone-in, separable lean and fat, cooked, braised",SR Legacy,26.66,16.28,0.0,0.0,261.0
167831,"Pork, fresh, loin, center rib (chops), bone-in, separable lean and fat, cooked, broiled",SR Legacy,24.42,13.04,0.0,0.0,222.0
168293,"Pork, fresh, loin, center rib (chops), bone-in, separable lean and fat, cooked, pan-fried",SR Legacy,26.81,15.71,0.0,0.0,256.0
168243,"Pork, fresh, loin, center rib (chops), bone-in, separable lean only, cooked, braised",SR Legacy,29.03,9.32,0.0,0.0,208.0
168244,"Pork, fresh, loin, center rib (chops), bone-in, separable lean only, cooked, broiled",SR Legacy,25.79,8.36,0.0,0.0,186.0
167883,"Pork, fresh, loin, center rib (chops), bone-in, separable lean only, cooked, pan-fried",SR Legacy,28.84,9.73,0.0,0.0,211.0
167890,"Pork, fresh, loin, center rib (chops), boneless, separable lean and fat, cooked, braised",SR Legacy,26.29,15.79,0.0,0.0,255.0
167891,"Pork, fresh, loin, center rib (chops), boneless, separable lean and fat, cooked, broiled",SR Legacy,27.63,15.76,0.0,0.0,260.0
167892,"Pork, fresh, loin, center rib (chops), boneless, separable lean and fat, cooked, pan-fried",SR Legacy,25.82,18.05,0.0,0.0,273.0
168303,"Pork, fresh, loin, center rib (chops), boneless, separable lean only, cooked, braised",SR Legacy,27.95,10.14,0.0,0.0,211.0
168304,"Pork, fresh, loin, center rib (chops), boneless, separable lean only, cooked, broiled",SR Legacy,29.46,10.05,0.0,0.0,216.0
167893,"Pork, fresh, loin, center rib (chops), boneless, separable lean only, cooked, pan-fried",SR Legacy,27.68,11.8,0.0,0.0,224.0
167832,"Pork, fresh, loin, center rib (roasts), bone-in, separable lean and fat, cooked, roasted",SR Legacy,26.99,14.68,0.0,0.0,248.0
168245,"Pork, fresh, loin, center rib (roasts), bone-in, separable lean only, cooked, roasted",SR Legacy,28.82,9.21,0.0,0.0,206.0
168301,"Pork, fresh, loin, center rib (roasts), boneless, separable lean and fat, cooked, roasted",SR Legacy,26.99,15.15,0.0,0.0,252.0
167894,"Pork, fresh, loin, center rib (roasts), boneless, separable lean only, cooked, roasted",SR Legacy,28.81,10.13,0.0,0.0,214.0
169200,"Pork, fresh, loin, country-style ribs, separable lean and fat, bone-in, cooked, broiled",SR Legacy,25.58,17.56,0.0,0.0,260.0
167897,"Pork, fresh, loin, country-style ribs, separable lean and fat, bone-in, cooked, roasted",SR Legacy,21.75,29.46,0.0,0.0,359.0
169199,"Pork, fresh, loin, country-style ribs, separable lean and fat, boneless, cooked, broiled",SR Legacy,26.28,15.73,0.0,0.0,247.0
169201,"Pork, fresh, loin, country-style ribs, separable lean and fat, boneless, cooked, roasted",SR Legacy,26.4,18.31,0.0,0.0,270.0
167896,"Pork, fresh, loin, country-style ribs, separable lean and fat, cooked, braised",SR Legacy,26.49,17.71,0.0,0.0,273.0
167895,"Pork, fresh, loin, country-style ribs, separable lean and fat, raw",SR Legacy,19.34,11.82,0.0,0.0,189.0
168378,"Pork, fresh, loin, country-style ribs, separable lean only, bone-in, cooked, broiled",SR Legacy,27.83,11.65,0.0,0.0,216.0
168307,"Pork, fresh, loin, country-style ribs, separable lean only, bone-in, cooked, roasted",SR Legacy,29.2,11.38,0.0,0.0,227.0
169197,"Pork, fresh, loin, country-style ribs, separable lean only, boneless, cooked, broiled",SR Legacy,27.83,11.65,0.0,0.0,216.0
168379,"Pork, fresh, loin, country-style ribs, separable lean only, boneless, cooked, roasted",SR Legacy,29.2,11.38,0.0,0.0,219.0
168306,"Pork, fresh, loin, country-style ribs, separable lean only, cooked, braised",SR Legacy,27.74,14.26,0.0,0.0,247.0
168305,"Pork, fresh, loin, country-style ribs, separable lean only, raw",SR Legacy,20.76,5.64,0.0,0.0,140.0
168246,"Pork, fresh, loin, sirloin (chops or roasts), bone-in, separable lean and fat, raw",SR Legacy,20.48,8.96,0.0,0.0,168.0
167837,"Pork, fresh, loin, sirloin (chops or roasts), bone-in, separable lean only, raw",SR Legacy,21.65,4.02,0.0,0.0,129.0
168308,"Pork, fresh, loin, sirloin (chops or roasts), boneless, separable lean and fat, raw",SR Legacy,22.49,4.05,0.0,0.0,133.0
167901,"Pork, fresh, loin, sirloin (chops or roasts), boneless, separable lean only, raw",SR Legacy,22.81,2.59,0.0,0.0,121.0
167834,"Pork, fresh, loin, sirloin (chops), bone-in, separable lean and fat, cooked, braised",SR Legacy,28.81,12.31,0.0,0.0,234.0
167835,"Pork, fresh, loin, sirloin (chops), bone-in, separable lean and fat, cooked, broiled",SR Legacy,26.96,11.82,0.0,0.0,222.0
167838,"Pork, fresh, loin, sirloin (chops), bone-in, separable lean only, cooked, braised",SR Legacy,31.0,6.9,0.0,0.0,195.0
168247,"Pork, fresh, loin, sirloin (chops), bone-in, separable lean only, cooked, broiled",SR Legacy,29.29,5.45,0.0,0.0,174.0
167898,"Pork, fresh, loin, sirloin (chops), boneless, separable lean and fat, cooked, braised",SR Legacy,28.41,5.47,0.0,0.0,171.0
167899,"Pork, fresh, loin, sirloin (chops), boneless, separable lean and fat, cooked, broiled",SR Legacy,28.19,5.53,0.0,0.0,170.0
168309,"Pork, fresh, loin, sirloin (chops), boneless, separable lean only, cooked, braised",SR Legacy,28.75,4.5,0.0,0.0,163.0
168310,"Pork, fresh, loin, sirloin (chops), boneless, separable lean only, cooked, broiled",SR Legacy,28.6,4.36,0.0,0.0,161.0
167836,"Pork, fresh, loin, sirloin (roasts), bone-in, separable lean and fat, cooked, roasted",SR Legacy,26.64,12.87,0.0,0.0,230.0
168248,"Pork, fresh, loin, sirloin (roasts), bone-in, separable lean only, cooked, roasted",SR Legacy,27.78,9.44,0.0,0.0,204.0
167900,"Pork, fresh, loin, sirloin (roasts), boneless, separable lean and fat, cooked, roasted",SR Legacy,29.62,7.32,0.0,0.0,192.0
168311,"Pork, fresh, loin, sirloin (roasts), boneless, separable lean only, cooked, roasted",SR Legacy,30.39,5.31,0.0,0.0,178.0
167904,"Pork, fresh, loin, tenderloin, separable lean and fat, cooked, broiled",SR Legacy,29.86,8.11,0.0,0.0,201.0
167905,"Pork, fresh, loin, tenderloin, separable lean and fat, cooked, roasted",SR Legacy,26.04,3.96,0.0,0.0,147.0
168312,"Pork, fresh, loin, tenderloin, separable lean and fat, raw",SR Legacy,20.65,3.53,0.0,0.0,120.0
169185,"Pork, fresh, loin, tenderloin, separable lean and fat, with added solution, cooked, roasted",SR Legacy,21.5,3.7,0.31,0.0,121.0
169184,"Pork, fresh, loin, tenderloin, separable lean and fat, with added solution, raw",SR Legacy,20.16,3.14,0.0,0.0,114.0
168313,"Pork, fresh, loin, tenderloin, separable lean only, cooked, broiled",SR Legacy,30.42,6.33,0.0,0.0,187.0
168250,"Pork, fresh, loin, tenderloin, separable lean only, cooked, roasted",SR Legacy,26.17,3.51,0.0,0.0,143.0
168249,"Pork, fresh, loin, tenderloin, separable lean only, raw",SR Legacy,20.95,2.17,0.0,0.0,109.0
169180,"Pork, fresh, loin, tenderloin, separable lean only, with added solution, cooked, roasted",SR Legacy,21.61,3.15,0.31,0.0,116.0
167840,"Pork, fresh, loin, top loin (chops), boneless, separable lean and fat, cooked, braised",SR Legacy,29.2,8.31,0.0,0.0,200.0
167841,"Pork, fresh, loin, top loin (chops), boneless, separable lean and fat, cooked, broiled",SR Legacy,26.62,9.14,0.0,0.0,196.0
167887,"Pork, fresh, loin, top loin (chops), boneless, separable lean and fat, cooked, pan-fried",SR Legacy,29.36,7.86,0.0,0.0,196.0
167839,"Pork, fresh, loin, top loin (chops), boneless, separable lean and fat, raw",SR Legacy,21.55,6.94,0.0,0.0,155.0
169183,"Pork, fresh, loin, top loin (chops), boneless, separable lean and fat, with added solution, cooked, broiled",SR Legacy,28.33,9.42,0.02,0.0,198.0
167913,"Pork, fresh, loin, top loin (chops), boneless, separable lean and fat, with added solution, cooked, pan-broiled",SR Legacy,28.35,7.66,0.0,0.0,190.0
169182,"Pork, fresh, loin, top loin (chops), boneless, separable lean and fat, with added solution, raw",SR Legacy,19.45,10.26,0.0,0.0,171.0
168252,"Pork, fresh, loin, top loin (chops), boneless, separable lean only, cooked, braised",SR Legacy,30.54,4.34,0.0,0.0,170.0
168253,"Pork, fresh, loin, top loin (chops), boneless, separable lean only, cooked, broiled",SR Legacy,27.58,6.08,0.0,0.0,173.0
168294,"Pork, fresh, loin, top loin (chops), boneless, separable lean only, cooked, pan-fried",SR Legacy,30.46,4.62,0.0,0.0,172.0
168251,"Pork, fresh, loin, top loin (chops), boneless, separable lean only, raw",SR Legacy,22.41,3.42,0.0,0.0,127.0
168364,"Pork, fresh, loin, top loin (chops), boneless, separable lean only, with added solution, cooked, broiled",SR Legacy,29.65,5.73,0.0,0.0,170.0
167912,"Pork, fresh, loin, top loin (chops), boneless, separable lean only, with added solution, cooked, pan-broiled",SR Legacy,28.95,5.0,0.0,0.0,169.0
169181,"Pork, fresh, loin, top loin (chops), boneless, separable lean only, with added solution, raw",SR Legacy,21.09,3.48,0.22,0.0,117.0
167842,"Pork, fresh, loin, top loin (roasts), boneless, separable lean and fat, cooked, roasted",SR Legacy,26.45,8.82,0.0,0.0,192.0
168314,"Pork, fresh, loin, top loin (roasts), boneless, separable lean and fat, raw",SR Legacy,21.34,8.33,0.0,0.0,166.0
168254,"Pork, fresh, loin, top loin (roasts), boneless, separable lean only, cooked, roasted",SR Legacy,27.23,6.28,0.0,0.0,173.0
168315,"Pork, fresh, loin, top loin (roasts), boneless, separable lean only, raw",SR Legacy,22.39,4.06,0.0,0.0,132.0
167819,"Pork, fresh, loin, whole, separable lean and fat, cooked, braised",SR Legacy,27.23,13.62,0.0,0.0,239.0
167820,"Pork, fresh, loin, whole, separable lean and fat, cooked, broiled",SR Legacy,27.32,13.92,0.0,0.0,242.0
167821,"Pork, fresh, loin, whole, separable lean and fat, cooked, roasted",SR Legacy,27.09,14.65,0.0,0.0,248.0
167818,"Pork, fresh, loin, whole, separable lean and fat, raw",SR Legacy,19.74,12.58,0.0,0.0,198.0
168231,"Pork, fresh, loin, whole, separable lean only, cooked, braised",SR Legacy,28.57,9.12,0.0,0.0,204.0
168232,"Pork, fresh, loin, whole, separable lean only, cooked, broiled",SR Legacy,28.57,9.8,0.0,0.0,210.0
168233,"Pork, fresh, loin, whole, separable lean only, cooked, roasted",SR Legacy,28.62,9.63,0.0,0.0,209.0
168230,"Pork, fresh, loin, whole, separable lean only, raw",SR Legacy,21.43,5.66,0.0,0.0,143.0
168221,"Pork, fresh, separable fat, cooked",SR Legacy,7.06,66.1,0.0,0.0,626.0
167813,"Pork, fresh, separable fat, raw",SR Legacy,9.25,65.7,0.0,0.0,632.0
167850,"Pork, fresh, shoulder, (Boston butt), blade (steaks), separable lean and fat, cooked, braised",SR Legacy,25.07,17.69,0.0,0.0,267.0
167849,"Pork, fresh, shoulder, (Boston butt), blade (steaks), separable lean and fat, raw",SR Legacy,17.42,12.36,0.0,0.0,186.0
168366,"Pork, fresh, shoulder, (Boston butt), blade (steaks), separable lean and fat, with added solution, cooked, braised",SR Legacy,25.84,16.94,0.03,0.0,263.0
168365,"Pork, fresh, shoulder, (Boston butt), blade (steaks), separable lean and fat,with added solution, raw",SR Legacy,17.19,11.12,0.16,0.0,169.0
168261,"Pork, fresh, shoulder, (Boston butt), blade (steaks), separable lean only, cooked, braised",SR Legacy,26.57,13.2,0.0,0.0,233.0
168260,"Pork, fresh, shoulder, (Boston butt), blade (steaks), separable lean only, raw",SR Legacy,18.73,5.71,0.0,0.0,132.0
168362,"Pork, fresh, shoulder, (Boston butt), blade (steaks), separable lean only, with added solution cooked, braised",SR Legacy,27.58,12.14,0.0,0.0,227.0
168363,"Pork, fresh, shoulder, (Boston butt), blade (steaks), separable lean only, with added solution, raw",SR Legacy,18.29,5.36,0.18,0.0,122.0
168256,"Pork, fresh, shoulder, arm picnic, separable lean and fat, cooked, braised",SR Legacy,24.88,14.33,0.0,0.0,235.0
168257,"Pork, fresh, shoulder, arm picnic, separable lean and fat, cooked, roasted",SR Legacy,23.47,24.01,0.0,0.0,317.0
168255,"Pork, fresh, shoulder, arm picnic, separable lean and fat, raw",SR Legacy,18.71,12.51,0.0,0.0,193.0
167847,"Pork, fresh, shoulder, arm picnic, separable lean only, cooked, braised",SR Legacy,26.76,8.87,0.0,0.0,194.0
167848,"Pork, fresh, shoulder, arm picnic, separable lean only, cooked, roasted",SR Legacy,26.68,12.62,0.0,0.0,228.0
168258,"Pork, fresh, shoulder, arm picnic, separable lean only, raw",SR Legacy,20.26,3.77,0.0,0.0,120.0
168259,"Pork, fresh, shoulder, blade, boston (roasts), separable lean and fat, cooked, roasted",SR Legacy,23.11,18.86,0.0,0.0,269.0
167852,"Pork, fresh, shoulder, blade, boston (roasts), separable lean only, cooked, roasted",SR Legacy,24.21,14.3,0.0,0.0,232.0
167851,"Pork, fresh, shoulder, blade, boston (steaks), separable lean and fat, cooked, broiled",SR Legacy,25.58,16.61,0.0,0.0,259.0
168262,"Pork, fresh, shoulder, blade, boston (steaks), separable lean only, cooked, broiled",SR Legacy,26.74,12.54,0.0,0.0,227.0
167844,"Pork, fresh, shoulder, whole, separable lean and fat, cooked, roasted",SR Legacy,23.28,21.39,0.0,0.0,292.0
167843,"Pork, fresh, shoulder, whole, separable lean and fat, raw",SR Legacy,17.18,17.99,0.0,0.0,236.0
167846,"Pork, fresh, shoulder, whole, separable lean only, cooked, roasted",SR Legacy,25.33,13.54,0.0,0.0,230.0
167845,"Pork, fresh, shoulder, whole, separable lean only, raw",SR Legacy,19.55,7.14,0.0,0.0,148.0
167854,"Pork, fresh, spareribs, separable lean and fat, cooked, braised",SR Legacy,29.06,30.3,0.0,0.0,397.0
169178,"Pork, fresh, spareribs, separable lean and fat, cooked, roasted",SR Legacy,20.89,30.86,0.0,0.0,361.0
167853,"Pork, fresh, spareribs, separable lean and fat, raw",SR Legacy,15.47,23.4,0.0,0.0,277.0
168265,"Pork, fresh, variety meats and by-products, brain, cooked, braised",SR Legacy,12.14,9.51,0.0,0.0,138.0
168264,"Pork, fresh, variety meats and by-products, brain, raw",SR Legacy,10.28,9.21,0.0,0.0,127.0
167856,"Pork, fresh, variety meats and by-products, chitterlings, cooked, simmered",SR Legacy,12.49,20.32,0.0,0.0,233.0
168266,"Pork, fresh, variety meats and by-products, chitterlings, raw",SR Legacy,7.64,16.61,0.0,0.0,182.0
167858,"Pork, fresh, variety meats and by-products, ears, frozen, cooked, simmered",SR Legacy,15.95,10.8,0.2,0.0,166.0
167857,"Pork, fresh, variety meats and by-products, ears, frozen, raw",SR Legacy,22.45,15.1,0.6,0.0,234.0
168290,"Pork, fresh, variety meats and by-products, feet, cooked, simmered",SR Legacy,21.94,16.05,0.0,0.0,238.0
167859,"Pork, fresh, variety meats and by-products, feet, raw",SR Legacy,23.16,12.59,0.0,0.0,212.0
168268,"Pork, fresh, variety meats and by-products, heart, cooked, braised",SR Legacy,23.6,5.05,0.4,0.0,148.0
168267,"Pork, fresh, variety meats and by-products, heart, raw",SR Legacy,17.27,4.36,1.33,0.0,118.0
168269,"Pork, fresh, variety meats and by-products, jowl, raw",SR Legacy,6.38,69.61,0.0,0.0,655.0
167860,"Pork, fresh, variety meats and by-products, kidneys, cooked, braised",SR Legacy,25.4,4.7,0.0,0.0,151.0
168270,"Pork, fresh, variety meats and by-products, kidneys, raw",SR Legacy,16.46,3.25,0.0,0.0,100.0
167861,"Pork, fresh, variety meats and by-products, leaf fat, raw",SR Legacy,1.76,94.16,0.0,0.0,857.0
167863,"Pork, fresh, variety meats and by-products, liver, cooked, braised",SR Legacy,26.02,4.4,3.76,0.0,165.0
167862,"Pork, fresh, variety meats and by-products, liver, raw",SR Legacy,21.39,3.65,2.47,0.0,134.0
168271,"Pork, fresh, variety meats and by-products, lungs, cooked, braised",SR Legacy,16.6,3.1,0.0,0.0,99.0
167864,"Pork, fresh, variety meats and by-products, lungs, raw",SR Legacy,14.08,2.72,0.0,0.0,85.0
168272,"Pork, fresh, variety meats and by-products, mechanically separated, raw",SR Legacy,15.03,26.54,0.0,0.0,304.0
168274,"Pork, fresh, variety meats and by-products, pancreas, cooked, braised",SR Legacy,28.5,10.8,0.0,0.0,219.0
168273,"Pork, fresh, variety meats and by-products, pancreas, raw",SR Legacy,18.56,13.24,0.0,0.0,199.0
167866,"Pork, fresh, variety meats and by-products, spleen, cooked, braised",SR Legacy,28.2,3.2,0.0,0.0,149.0
167865,"Pork, fresh, variety meats and by-products, spleen, raw",SR Legacy,17.86,2.59,0.0,0.0,100.0
168323,"Pork, fresh, variety meats and by-products, stomach, cooked, simmered",SR Legacy,21.4,7.26,0.09,0.0,157.0
167867,"Pork, fresh, variety meats and by-products, stomach, raw",SR Legacy,16.85,10.14,0.0,0.0,159.0
167881,"Pork, fresh, variety meats and by-products, tail, cooked, simmered",SR Legacy,17.0,35.8,0.0,0.0,396.0
168291,"Pork, fresh, variety meats and by-products, tail, raw",SR Legacy,17.75,33.5,0.0,0.0,378.0
168276,"Pork, fresh, variety meats and by-products, tongue, cooked, braised",SR Legacy,24.1,18.6,0.0,0.0,271.0
168275,"Pork, fresh, variety meats and by-products, tongue, raw",SR Legacy,16.3,17.2,0.0,0.0,225.0
169191,"Pork, ground, 72% lean / 28% fat, cooked, crumbles",SR Legacy,22.83,32.93,1.39,0.0,393.0
168373,"Pork, ground, 72% lean / 28% fat, cooked, pan-broiled",SR Legacy,22.59,31.42,1.08,0.0,377.0
169192,"Pork, ground, 84% lean / 16% fat, cooked, crumbles",SR Legacy,26.69,20.04,0.58,0.0,289.0
168374,"Pork, ground, 84% lean / 16% fat, cooked, pan-broiled",SR Legacy,27.14,21.39,0.0,0.0,301.0
168372,"Pork, ground, 84% lean / 16% fat, raw",SR Legacy,17.99,16.0,0.44,0.0,218.0
169193,"Pork, ground, 96% lean / 4% fat, cooked, crumbles",SR Legacy,30.55,7.15,0.0,0.0,187.0
168375,"Pork, ground, 96% lean / 4% fat, cooked, pan-broiled",SR Legacy,31.69,6.2,0.57,0.0,185.0
169190,"Pork, ground, 96% lean / 4% fat, raw",SR Legacy,21.1,4.0,0.21,0.0,121.0
2514745,"Pork, ground, raw",Foundation Foods,17.80625,17.49,0.0,,228.2728
169186,"Pork, Leg Cap Steak, boneless, separable lean and fat, raw",SR Legacy,21.64,3.39,0.0,0.0,123.0
168370,"Pork, Leg sirloin tip roast, boneless, separable lean and fat, cooked, braised",SR Legacy,31.11,2.56,0.0,0.0,156.0
168371,"Pork, Leg sirloin tip roast, boneless, separable lean and fat, raw",SR Legacy,22.88,1.71,0.0,0.0,113.0
2646168,"Pork, loin, boneless, raw",Foundation Foods,21.11875,9.469,0.0,,167.769
168368,"Pork, loin, leg cap steak, boneless, separable lean and fat, cooked, broiled",SR Legacy,27.57,4.41,0.0,0.0,158.0
2646169,"Pork, loin, tenderloin, boneless, raw",Foundation Foods,21.58125,3.899,0.0,,119.039
169082,"Pork, oriental style, dehydrated",SR Legacy,11.8,62.4,1.4,0.0,615.0
169157,"Pork, pickled pork hocks",SR Legacy,19.11,10.54,0.0,0.0,171.0
169188,"Pork, Shoulder breast, boneless, separable lean and fat, cooked, broiled",SR Legacy,28.47,4.49,0.0,0.0,162.0
169187,"Pork, Shoulder breast, boneless, separable lean and fat, raw",SR Legacy,22.54,3.4,0.0,0.0,127.0
168369,"Pork, Shoulder petite tender, boneless, separable lean and fat, raw",SR Legacy,21.65,3.91,0.0,0.0,128.0
169189,"Pork, shoulder, petite tender, boneless, separable lean and fat, cooked, broiled",SR Legacy,27.47,4.23,0.0,0.0,155.0
170253,"Potato chips, without salt, reduced fat",SR Legacy,7.1,20.8,67.8,6.1,487.0
168446,Potato flour,SR Legacy,6.9,0.34,83.1,5.9,357.0
170092,Potato pancakes,SR Legacy,6.08,14.76,27.81,3.3,268.0
170048,"Potato puffs, frozen, oven-heated",SR Legacy,2.13,9.05,27.29,2.0,192.0
170047,"Potato puffs, frozen, unprepared",SR Legacy,1.93,8.71,24.8,2.3,178.0
173343,Potato salad with egg,SR Legacy,1.96,9.4,16.18,1.3,157.0
169269,"Potato salad, home-prepared",SR Legacy,2.68,8.2,11.17,1.3,143.0
171608,"Potato soup, instant, dry mix",SR Legacy,9.2,3.1,76.14,7.6,343.0
168443,"Potato wedges, frozen (Includes foods for USDA's Food Distribution Program)",SR Legacy,2.7,2.2,25.46,2.0,129.0
170448,"Potatoes, au gratin, dry mix, prepared with water, whole milk and butter",SR Legacy,2.3,4.12,12.84,0.9,93.0
170447,"Potatoes, au gratin, dry mix, unprepared",SR Legacy,8.9,3.7,74.31,4.1,314.0
170442,"Potatoes, au gratin, home-prepared from recipe using butter",SR Legacy,5.06,7.59,11.26,1.8,134.0
170524,"Potatoes, au gratin, home-prepared from recipe using margarine",SR Legacy,5.06,7.59,11.27,1.8,132.0
170111,"Potatoes, baked, flesh and skin, with salt",SR Legacy,2.5,0.13,21.15,2.2,93.0
170093,"Potatoes, baked, flesh and skin, without salt",SR Legacy,2.5,0.13,21.15,2.2,93.0
170112,"Potatoes, baked, flesh, with salt",SR Legacy,1.96,0.1,21.55,1.5,93.0
170033,"Potatoes, baked, flesh, without salt",SR Legacy,1.96,0.1,21.55,1.5,93.0
170113,"Potatoes, baked, skin only, with salt",SR Legacy,4.29,0.1,46.06,7.9,198.0
170034,"Potatoes, baked, skin, without salt",SR Legacy,4.29,0.1,46.06,7.9,198.0
170114,"Potatoes, boiled, cooked in skin, flesh, with salt",SR Legacy,1.87,0.1,20.13,2.0,87.0
170438,"Potatoes, boiled, cooked in skin, flesh, without salt",SR Legacy,1.87,0.1,20.13,1.8,87.0
170519,"Potatoes, boiled, cooked in skin, skin, with salt",SR Legacy,2.86,0.1,17.2,3.3,78.0
170439,"Potatoes, boiled, cooked in skin, skin, without salt",SR Legacy,2.86,0.1,17.21,3.3,78.0
170520,"Potatoes, boiled, cooked without skin, flesh, with salt",SR Legacy,1.71,0.1,20.01,2.0,86.0
170440,"Potatoes, boiled, cooked without skin, flesh, without salt",SR Legacy,1.71,0.1,20.01,1.8,86.0
170444,"Potatoes, canned, drained solids",SR Legacy,1.41,0.21,13.61,2.3,60.0
169084,"Potatoes, canned, drained solids, no salt added",SR Legacy,1.4,0.2,13.6,2.4,60.0
170443,"Potatoes, canned, solids and liquids",SR Legacy,1.2,0.11,9.89,1.4,44.0
170026,"Potatoes, flesh and skin, raw",SR Legacy,2.05,0.09,17.49,2.1,77.0
169264,"Potatoes, french fried, all types, salt added in processing, frozen, home-prepared, oven heated",SR Legacy,2.75,5.48,25.55,2.0,158.0
168442,"Potatoes, french fried, all types, salt added in processing, frozen, unprepared",SR Legacy,2.24,4.66,24.81,1.9,147.0
170523,"Potatoes, french fried, all types, salt not added in processing, frozen, as purchased",SR Legacy,2.24,4.66,24.81,1.9,147.0
170118,"Potatoes, french fried, all types, salt not added in processing, frozen, oven-heated",SR Legacy,2.66,5.22,28.71,2.6,168.0
169265,"Potatoes, french fried, cottage-cut, salt not added in processing, frozen, as purchased",SR Legacy,2.42,5.78,23.98,3.0,153.0
169266,"Potatoes, french fried, cottage-cut, salt not added in processing, frozen, oven-heated",SR Legacy,3.44,8.2,34.03,3.2,218.0
170436,"Potatoes, french fried, crinkle or regular cut, salt added in processing, frozen, as purchased",SR Legacy,2.34,4.99,23.96,2.0,146.0
170437,"Potatoes, french fried, crinkle or regular cut, salt added in processing, frozen, oven-heated",SR Legacy,2.51,5.13,27.5,2.3,161.0
168948,"Potatoes, french fried, cross cut, frozen, unprepared",SR Legacy,2.7,10.0,22.95,2.3,187.0
170451,"Potatoes, french fried, shoestring, salt added in processing, frozen, as purchased",SR Legacy,2.16,6.24,25.59,2.3,163.0
170452,"Potatoes, french fried, shoestring, salt added in processing, frozen, oven-heated",SR Legacy,2.9,6.76,31.66,2.8,194.0
168947,"Potatoes, french fried, steak cut, salt not added in processing, frozen, unprepared",SR Legacy,2.4,3.42,24.31,2.4,134.0
168444,"Potatoes, french fried, steak fries, salt added in processing, frozen, as purchased",SR Legacy,2.19,3.39,23.51,1.9,130.0
168445,"Potatoes, french fried, steak fries, salt added in processing, frozen, oven-heated",SR Legacy,2.57,3.76,26.98,2.6,148.0
168946,"Potatoes, french fried, wedge cut, frozen, unprepared",SR Legacy,2.56,7.47,22.22,2.4,162.0
170117,"Potatoes, frozen, french fried, par fried, cottage-cut, prepared, heated in oven, with salt",SR Legacy,3.44,8.2,34.03,3.2,218.0
169268,"Potatoes, frozen, french fried, par fried, extruded, prepared, heated in oven, without salt",SR Legacy,3.55,18.71,39.68,3.2,333.0
169267,"Potatoes, frozen, french fried, par fried, extruded, unprepared",SR Legacy,2.83,14.95,30.15,2.9,260.0
170116,"Potatoes, frozen, whole, cooked, boiled, drained, with salt",SR Legacy,1.98,0.13,13.93,1.4,63.0
170049,"Potatoes, frozen, whole, cooked, boiled, drained, without salt",SR Legacy,1.98,0.13,14.52,1.4,65.0
2346403,"Potatoes, gold, without skin, raw",Foundation Foods,1.8125,0.2638,15.9624,,73.4738
170044,"Potatoes, hash brown, frozen, plain, prepared, pan fried in canola oil",SR Legacy,2.65,11.59,28.51,3.2,219.0
170043,"Potatoes, hash brown, frozen, plain, unprepared",SR Legacy,2.06,0.62,17.72,1.4,82.0
170046,"Potatoes, hash brown, frozen, with butter sauce, prepared",SR Legacy,2.46,8.79,24.13,3.8,178.0
170045,"Potatoes, hash brown, frozen, with butter sauce, unprepared",SR Legacy,1.87,6.66,18.28,2.9,135.0
170036,"Potatoes, hash brown, home-prepared",SR Legacy,3.0,12.52,35.11,3.2,265.0
167605,"Potatoes, hash brown, refrigerated, prepared, pan-fried in canola oil",SR Legacy,3.24,10.3,33.99,3.6,242.0
167604,"Potatoes, hash brown, refrigerated, unprepared",SR Legacy,1.75,0.08,19.16,1.8,84.0
170445,"Potatoes, mashed, dehydrated, flakes without milk, dry form",SR Legacy,8.34,0.41,81.17,6.6,354.0
170041,"Potatoes, mashed, dehydrated, granules with milk, dry form",SR Legacy,10.9,1.1,77.7,6.6,357.0
170039,"Potatoes, mashed, dehydrated, granules without milk, dry form",SR Legacy,8.22,0.54,85.51,7.1,372.0
170446,"Potatoes, mashed, dehydrated, prepared from flakes without milk, whole milk and butter added",SR Legacy,1.77,5.13,10.87,0.8,97.0
169372,"Potatoes, mashed, dehydrated, prepared from flakes without milk, whole milk and margarine added",SR Legacy,1.9,5.6,15.02,2.3,113.0
170042,"Potatoes, mashed, dehydrated, prepared from granules with milk, water and margarine added",SR Legacy,2.13,4.8,16.13,1.3,116.0
170040,"Potatoes, mashed, dehydrated, prepared from granules without milk, whole milk and butter added",SR Legacy,2.05,4.96,14.36,2.2,108.0
170493,"Potatoes, mashed, home-prepared, whole milk added",SR Legacy,1.91,0.57,17.57,1.5,83.0
168555,"Potatoes, mashed, home-prepared, whole milk and butter added",SR Legacy,1.86,4.22,16.81,1.5,113.0
170037,"Potatoes, mashed, home-prepared, whole milk and margarine added",SR Legacy,1.96,4.2,16.94,1.5,113.0
168554,"Potatoes, mashed, prepared from granules, without milk, whole milk and margarine",SR Legacy,2.05,4.93,14.4,2.2,108.0
169768,"Potatoes, mashed, ready-to-eat",SR Legacy,1.97,5.01,13.29,1.9,106.0
170094,"Potatoes, microwaved, cooked in skin, flesh and skin, without salt",SR Legacy,2.44,0.1,24.24,2.3,105.0
170522,"Potatoes, microwaved, cooked in skin, flesh, with salt",SR Legacy,2.1,0.1,23.28,1.6,100.0
170441,"Potatoes, microwaved, cooked in skin, flesh, without salt",SR Legacy,2.1,0.1,23.28,1.6,100.0
170035,"Potatoes, microwaved, cooked in skin, skin, without salt",SR Legacy,4.39,0.1,29.63,5.5,132.0
170521,"Potatoes, microwaved, cooked, in skin, flesh and skin, with salt",SR Legacy,2.44,0.1,24.24,2.3,105.0
170115,"Potatoes, microwaved, cooked, in skin, skin with salt",SR Legacy,4.39,0.1,29.63,5.5,132.0
170454,"Potatoes, o'brien, frozen, prepared",SR Legacy,2.22,13.21,21.86,1.7,204.0
170453,"Potatoes, o'brien, frozen, unprepared",SR Legacy,1.83,0.14,17.47,1.9,76.0
170498,"Potatoes, o'brien, home-prepared",SR Legacy,2.35,1.28,15.47,,81.0
170032,"Potatoes, raw, skin",SR Legacy,2.57,0.1,12.44,2.5,58.0
170435,"Potatoes, red, flesh and skin, baked",SR Legacy,2.3,0.15,19.59,1.8,87.0
170029,"Potatoes, red, flesh and skin, raw",SR Legacy,1.89,0.14,15.9,1.7,70.0
2346402,"Potatoes, red, without skin, raw",Foundation Foods,2.0625,0.2475,16.27,,75.5575
170031,"Potatoes, roasted, salt added in processing, frozen, unprepared",SR Legacy,2.22,1.81,26.15,2.6,127.0
170030,"Potatoes, Russet, flesh and skin, baked",SR Legacy,2.63,0.13,21.44,2.3,95.0
170027,"Potatoes, russet, flesh and skin, raw (Includes foods for USDA's Food Distribution Program)",SR Legacy,2.14,0.08,18.07,1.3,79.0
2346401,"Potatoes, russet, without skin, raw",Foundation Foods,2.27375,0.36,17.77125,,83.42
170450,"Potatoes, scalloped, dry mix, prepared with water, whole milk and butter",SR Legacy,2.12,4.3,12.77,1.1,93.0
170449,"Potatoes, scalloped, dry mix, unprepared",SR Legacy,7.77,4.59,73.93,8.6,358.0
170038,"Potatoes, scalloped, home-prepared with butter",SR Legacy,2.87,3.68,10.78,1.9,88.0
170525,"Potatoes, scalloped, home-prepared with margarine",SR Legacy,2.87,3.68,10.78,1.9,88.0
170434,"Potatoes, white, flesh and skin, baked",SR Legacy,2.1,0.15,21.08,2.1,92.0
170028,"Potatoes, white, flesh and skin, raw",SR Legacy,1.68,0.1,15.71,2.4,69.0
169764,"Potatoes, yellow fleshed, french fried, frozen, unprepared",SR Legacy,2.47,5.84,25.01,2.2,162.0
168945,"Potatoes, yellow fleshed, hash brown, shredded, salt added in processing, frozen, unprepared",SR Legacy,2.04,0.07,17.98,2.0,81.0
169763,"Potatoes, yellow fleshed, roasted, salt added in processing, frozen, unprepared",SR Legacy,1.99,1.85,23.44,2.6,119.0
169773,"Potsticker or wonton, pork and vegetable, frozen, unprepared",SR Legacy,8.28,5.52,13.28,1.4,136.0
174581,Poultry salad sandwich spread,SR Legacy,11.64,13.52,7.41,0.0,200.0
171104,"Poultry, mechanically deboned, from backs and necks with skin, raw",SR Legacy,11.39,24.73,0.0,0.0,272.0
171105,"Poultry, mechanically deboned, from backs and necks without skin, raw",SR Legacy,13.79,15.48,0.0,0.0,199.0
171106,"Poultry, mechanically deboned, from mature hens, raw",SR Legacy,14.72,19.98,0.0,0.0,243.0
168996,"Prairie Turnips, boiled (Northern Plains Indians)",SR Legacy,1.64,0.32,29.99,7.2,129.0
169818,"Prairie Turnips, raw (Northern Plains Indians)",SR Legacy,2.62,0.36,35.67,8.0,156.0
169064,"Pretzels, soft",SR Legacy,8.2,3.1,69.39,1.7,338.0
174790,"Pretzels, soft, unsalted",SR Legacy,8.2,3.1,71.04,1.7,345.0
169817,"Prickly pears, broiled (Northern Plains Indians)",SR Legacy,0.39,0.31,21.57,,91.0
167750,"Prickly pears, raw",SR Legacy,0.73,0.51,9.57,3.6,41.0
169816,"Prickly pears, raw (Northern Plains Indians)",SR Legacy,0.12,0.11,10.17,5.3,42.0
173460,"Protein supplement, milk based, Muscle Milk Light, powder",SR Legacy,50.0,12.0,22.0,2.0,396.0
173459,"Protein supplement, milk based, Muscle Milk, powder",SR Legacy,45.71,17.14,18.5,7.1,411.0
167753,"Prune juice, canned",SR Legacy,0.61,0.03,17.45,1.0,71.0
167780,Prune puree,SR Legacy,2.1,0.2,65.1,3.3,257.0
168159,"Prunes, canned, heavy syrup pack, solids and liquids",SR Legacy,0.87,0.2,27.8,3.8,105.0
168161,"Prunes, dehydrated (low-moisture), stewed",SR Legacy,1.23,0.24,29.7,,113.0
168160,"Prunes, dehydrated (low-moisture), uncooked",SR Legacy,3.7,0.73,89.07,,339.0
168832,"Pudding, lemon, dry mix, regular, prepared with sugar, egg yolk and water",SR Legacy,0.65,1.12,24.2,0.0,109.0
168146,"Puddings, all flavors except chocolate, low calorie, instant, dry mix",SR Legacy,0.81,0.9,84.66,0.8,350.0
167741,"Puddings, all flavors except chocolate, low calorie, regular, dry mix",SR Legacy,1.6,0.1,86.04,0.9,351.0
169648,"Puddings, banana, dry mix, instant",SR Legacy,0.0,0.6,92.7,0.0,367.0
167588,"Puddings, banana, dry mix, instant, prepared with 2% milk",SR Legacy,2.76,1.7,19.74,0.0,105.0
169649,"Puddings, banana, dry mix, instant, prepared with whole milk",SR Legacy,2.62,2.8,19.76,0.0,115.0
168866,"Puddings, banana, dry mix, instant, with added oil",SR Legacy,0.0,4.4,89.0,0.0,386.0
169650,"Puddings, banana, dry mix, regular",SR Legacy,0.0,0.4,93.0,0.3,366.0
167589,"Puddings, banana, dry mix, regular, prepared with 2% milk",SR Legacy,2.9,1.73,18.43,0.0,101.0
168825,"Puddings, banana, dry mix, regular, prepared with whole milk",SR Legacy,2.74,2.89,18.44,0.0,111.0
170241,"Puddings, banana, dry mix, regular, with added oil",SR Legacy,0.0,5.0,88.4,0.3,387.0
168143,"Puddings, chocolate flavor, low calorie, instant, dry mix",SR Legacy,5.3,2.4,78.2,6.1,356.0
167740,"Puddings, chocolate flavor, low calorie, regular, dry mix",SR Legacy,10.08,3.0,74.42,10.1,365.0
168779,"Puddings, chocolate, dry mix, instant",SR Legacy,2.3,1.9,87.9,3.6,378.0
167998,"Puddings, chocolate, dry mix, instant, prepared with 2% milk",SR Legacy,3.15,1.92,18.89,0.4,105.0
169600,"Puddings, chocolate, dry mix, instant, prepared with whole milk",SR Legacy,3.1,3.1,18.8,1.0,111.0
169603,"Puddings, chocolate, dry mix, regular",SR Legacy,2.6,2.1,89.3,4.5,362.0
168780,"Puddings, chocolate, dry mix, regular, prepared with 2% milk",SR Legacy,3.28,2.06,19.76,0.8,111.0
169604,"Puddings, chocolate, dry mix, regular, prepared with whole milk",SR Legacy,3.16,3.15,19.64,0.8,120.0
168778,"Puddings, chocolate, ready-to-eat",SR Legacy,2.09,4.6,23.01,0.0,142.0
168799,"Puddings, chocolate, ready-to-eat, fat free",SR Legacy,1.93,0.3,20.87,0.3,93.0
168826,"Puddings, coconut cream, dry mix, instant",SR Legacy,0.9,10.0,83.5,4.0,415.0
168781,"Puddings, coconut cream, dry mix, instant, prepared with 2% milk",SR Legacy,2.9,2.3,19.2,0.1,107.0
168827,"Puddings, coconut cream, dry mix, instant, prepared with whole milk",SR Legacy,2.9,3.5,19.1,0.1,117.0
168828,"Puddings, coconut cream, dry mix, regular",SR Legacy,1.0,11.36,81.84,1.6,434.0
169615,"Puddings, coconut cream, dry mix, regular, prepared with 2% milk",SR Legacy,3.1,2.5,17.8,0.2,104.0
168829,"Puddings, coconut cream, dry mix, regular, prepared with whole milk",SR Legacy,3.0,3.8,17.7,0.2,114.0
169654,"Puddings, lemon, dry mix, instant",SR Legacy,0.0,0.7,95.4,0.0,378.0
168786,"Puddings, lemon, dry mix, instant, prepared with 2% milk",SR Legacy,2.76,1.71,20.2,0.0,107.0
168830,"Puddings, lemon, dry mix, instant, prepared with whole milk",SR Legacy,2.7,2.9,20.1,0.0,115.0
168831,"Puddings, lemon, dry mix, regular",SR Legacy,0.1,0.5,91.8,0.1,363.0
170242,"Puddings, lemon, dry mix, regular, with added oil, potassium, sodium",SR Legacy,0.1,1.5,90.3,0.1,366.0
168783,"Puddings, rice, dry mix",SR Legacy,2.7,0.1,91.2,0.7,376.0
169611,"Puddings, rice, dry mix, prepared with 2% milk",SR Legacy,3.29,1.63,20.81,0.1,111.0
169605,"Puddings, rice, dry mix, prepared with whole milk",SR Legacy,3.25,2.82,20.68,0.1,121.0
168782,"Puddings, rice, ready-to-eat",SR Legacy,3.23,2.15,18.39,0.3,108.0
169606,"Puddings, tapioca, dry mix",SR Legacy,0.1,0.1,94.3,0.2,369.0
169612,"Puddings, tapioca, dry mix, prepared with 2% milk",SR Legacy,2.88,1.67,19.56,0.0,105.0
169607,"Puddings, tapioca, dry mix, prepared with whole milk",SR Legacy,2.84,2.89,19.43,0.0,115.0
170243,"Puddings, tapioca, dry mix, with no added salt",SR Legacy,0.1,0.1,94.3,0.2,369.0
169614,"Puddings, tapioca, ready-to-eat",SR Legacy,1.95,3.88,21.69,0.0,130.0
168798,"Puddings, tapioca, ready-to-eat, fat free",SR Legacy,1.44,0.35,21.31,0.0,94.0
168784,"Puddings, vanilla, dry mix, instant",SR Legacy,0.0,0.6,92.9,0.0,377.0
168785,"Puddings, vanilla, dry mix, instant, prepared with whole milk",SR Legacy,2.7,2.9,19.7,0.0,114.0
169609,"Puddings, vanilla, dry mix, regular",SR Legacy,0.3,0.4,93.5,0.6,379.0
168788,"Puddings, vanilla, dry mix, regular, prepared with 2% milk",SR Legacy,2.94,1.73,18.53,0.0,101.0
169610,"Puddings, vanilla, dry mix, regular, prepared with whole milk",SR Legacy,2.8,2.9,18.92,0.1,113.0
170644,"Puddings, vanilla, dry mix, regular, with added oil",SR Legacy,0.3,1.1,92.4,0.0,369.0
169608,"Puddings, vanilla, ready-to-eat",SR Legacy,1.45,3.78,22.6,0.0,130.0
168797,"Puddings, vanilla, ready-to-eat, fat free",SR Legacy,2.02,0.0,20.16,0.0,89.0
172790,"Puff pastry, frozen, ready-to-bake",SR Legacy,7.3,38.1,45.1,1.5,551.0
172738,"Puff pastry, frozen, ready-to-bake, baked",SR Legacy,7.4,38.5,45.7,1.5,558.0
173344,Pulled pork in barbecue sauce,SR Legacy,13.19,4.42,18.74,1.2,168.0
167754,"Pummelo, raw",SR Legacy,0.76,0.04,9.62,1.0,38.0
169271,"Pumpkin flowers, cooked, boiled, drained, without salt",SR Legacy,1.09,0.08,3.3,0.9,15.0
169270,"Pumpkin flowers, raw",SR Legacy,1.03,0.07,3.28,,15.0
170120,"Pumpkin leaves, cooked, boiled, drained, with salt",SR Legacy,2.72,0.22,3.39,2.7,21.0
168447,"Pumpkin leaves, cooked, boiled, drained, without salt",SR Legacy,2.72,0.22,3.39,2.7,21.0
169272,"Pumpkin leaves, raw",SR Legacy,3.15,0.4,2.33,,19.0
169273,"Pumpkin pie mix, canned",SR Legacy,1.09,0.13,26.39,8.3,104.0
170527,"Pumpkin, canned, with salt",SR Legacy,1.1,0.28,8.09,2.9,34.0
168450,"Pumpkin, canned, without salt",SR Legacy,1.1,0.28,8.09,2.9,34.0
170526,"Pumpkin, cooked, boiled, drained, with salt",SR Legacy,0.72,0.07,4.31,1.1,18.0
168449,"Pumpkin, cooked, boiled, drained, without salt",SR Legacy,0.72,0.07,4.9,1.1,20.0
170119,"Pumpkin, flowers, cooked, boiled, drained, with salt",SR Legacy,1.09,0.08,3.18,0.9,15.0
168448,"Pumpkin, raw",SR Legacy,1.0,0.1,6.5,0.5,26.0
170121,"Purslane, cooked, boiled, drained, with salt",SR Legacy,1.49,0.19,3.55,,18.0
169275,"Purslane, cooked, boiled, drained, without salt",SR Legacy,1.49,0.19,3.55,,18.0
169274,"Purslane, raw",SR Legacy,2.03,0.36,3.39,,20.0
172829,"Quail, breast, meat only, raw",SR Legacy,22.59,2.99,0.0,0.0,123.0
169902,"Quail, cooked, total edible",SR Legacy,25.1,14.1,0.0,0.0,227.0
172418,"Quail, meat and skin, raw",SR Legacy,19.63,12.05,0.0,0.0,192.0
172419,"Quail, meat only, raw",SR Legacy,21.76,4.53,0.0,0.0,134.0
168163,"Quinces, raw",SR Legacy,0.4,0.1,15.3,1.9,57.0
168917,"Quinoa, cooked",SR Legacy,4.4,1.92,21.3,2.8,120.0
168874,"Quinoa, uncooked",SR Legacy,14.12,6.07,64.16,7.0,368.0
2747664,"Radicchio, raw",Foundation Foods,1.30875,0.1431,4.96125,2.114,26.3679
170095,"Radish seeds, sprouted, raw",SR Legacy,3.81,2.53,3.6,,43.0
169889,"Radishes, hawaiian style, pickled",SR Legacy,1.1,0.3,5.2,2.2,28.0
170122,"Radishes, oriental, cooked, boiled, drained, with salt",SR Legacy,0.67,0.24,3.43,1.6,17.0
168452,"Radishes, oriental, cooked, boiled, drained, without salt",SR Legacy,0.67,0.24,3.43,1.6,17.0
168453,"Radishes, oriental, dried",SR Legacy,7.9,0.72,63.37,23.9,271.0
168451,"Radishes, oriental, raw",SR Legacy,0.6,0.1,4.1,1.6,18.0
169276,"Radishes, raw",SR Legacy,0.68,0.1,3.4,1.6,16.0
2747665,"Radishes, red, raw",Foundation Foods,0.65625,0.08313,4.05682,1.314,19.60045
170081,"Radishes, white icicle, raw",SR Legacy,1.1,0.1,2.63,1.4,14.0
168165,"Raisins, dark, seedless (Includes foods for USDA's Food Distribution Program)",SR Legacy,3.3,0.25,79.32,4.5,299.0
168164,"Raisins, golden, seedless",SR Legacy,3.28,0.2,80.02,3.3,301.0
168166,"Raisins, seeded",SR Legacy,2.52,0.54,78.47,6.8,296.0
168167,"Rambutan, canned, syrup pack",SR Legacy,0.65,0.21,20.87,0.9,82.0
167756,"Raspberries, canned, red, heavy syrup pack, solids and liquids",SR Legacy,0.83,0.12,23.36,3.3,91.0
167757,"Raspberries, frozen, red, sweetened",SR Legacy,0.7,0.16,26.16,4.4,103.0
168209,"Raspberries, frozen, red, unsweetened",SR Legacy,1.15,0.81,12.55,4.3,56.0
167808,"Raspberries, puree, seedless",SR Legacy,1.02,0.87,7.99,0.9,41.0
167809,"Raspberries, puree, with seeds",SR Legacy,1.1,0.97,11.51,4.3,55.0
167755,"Raspberries, raw",SR Legacy,1.2,0.65,11.94,6.5,52.0
168997,"Raspberries, wild (Northern Plains Indians)",SR Legacy,1.12,0.28,13.85,7.5,62.0
168217,Raspberry juice concentrate,SR Legacy,3.04,1.34,53.19,1.1,221.0
172113,"Ravioli, cheese with tomato sauce, frozen, not prepared, includes regular and light entrees",SR Legacy,4.52,2.61,17.31,1.4,111.0
173328,"Ravioli, cheese-filled, canned",SR Legacy,2.48,1.45,13.64,1.3,77.0
173329,"Ravioli, meat-filled, with tomato sauce or meat sauce, canned",SR Legacy,3.24,3.41,13.26,1.5,97.0
172213,Reddi Wip Fat Free Whipped Topping,SR Legacy,3.0,5.0,25.0,0.4,149.0
172465,"Refried beans, canned, fat-free",SR Legacy,5.34,0.45,13.5,4.7,79.0
172438,"Refried beans, canned, traditional style",SR Legacy,4.98,2.01,13.55,3.7,90.0
174298,"Refried beans, canned, traditional, reduced sodium",SR Legacy,4.98,2.01,13.55,3.7,89.0
174296,"Refried beans, canned, vegetarian",SR Legacy,5.28,0.87,13.5,4.7,83.0
168789,"Rennin, chocolate, dry mix, prepared with 2% milk",SR Legacy,3.24,2.06,13.47,0.5,85.0
169617,"Rennin, chocolate, dry mix, prepared with whole milk",SR Legacy,3.2,3.34,13.34,0.5,96.0
168790,"Rennin, vanilla, dry mix, prepared with 2% milk",SR Legacy,3.06,1.77,12.34,0.0,77.0
168793,"Rennin, vanilla, dry mix, prepared with whole milk",SR Legacy,3.03,3.07,12.21,0.0,89.0
168072,"Restaurant, Chinese, beef and vegetables",SR Legacy,7.08,5.3,7.29,1.5,105.0
167678,"Restaurant, Chinese, chicken and vegetables",SR Legacy,8.18,4.56,5.38,0.9,95.0
168083,"Restaurant, Chinese, chicken chow mein",SR Legacy,6.76,2.8,8.29,1.0,85.0
167667,"Restaurant, Chinese, egg rolls, assorted",SR Legacy,8.28,11.94,27.29,2.6,250.0
167668,"Restaurant, Chinese, fried rice, without meat",SR Legacy,4.05,2.96,32.79,1.1,174.0
167675,"Restaurant, Chinese, general tso's chicken",SR Legacy,12.9,16.36,23.99,0.9,295.0
167676,"Restaurant, Chinese, kung pao chicken",SR Legacy,9.76,6.98,6.87,1.5,129.0
167674,"Restaurant, Chinese, lemon chicken",SR Legacy,11.87,13.55,20.61,1.0,252.0
167679,"Restaurant, Chinese, orange chicken",SR Legacy,14.46,12.68,22.46,0.8,262.0
168087,"Restaurant, Chinese, sesame chicken",SR Legacy,14.33,14.25,26.88,0.7,293.0
168080,"Restaurant, Chinese, shrimp and vegetables",SR Legacy,5.9,4.05,4.52,1.4,78.0
168081,"Restaurant, Chinese, sweet and sour chicken",SR Legacy,10.1,12.65,23.86,1.0,250.0
334462,"Restaurant, Chinese, sweet and sour pork",Foundation Foods,8.88,13.6,25.5,1.0,260.0
168084,"Restaurant, Chinese, vegetable chow mein, without meat or noodles",SR Legacy,1.34,1.68,5.74,1.2,43.0
167677,"Restaurant, Chinese, vegetable lo mein, without meat",SR Legacy,4.77,2.35,20.16,1.3,121.0
169837,"Restaurant, family style, chicken fingers, from kid's menu",SR Legacy,18.68,17.45,18.77,1.1,307.0
169847,"Restaurant, family style, chicken tenders",SR Legacy,18.88,16.63,19.29,0.9,302.0
169028,"Restaurant, family style, chili with meat and beans",SR Legacy,12.56,9.79,4.57,1.4,157.0
169026,"Restaurant, family style, coleslaw",SR Legacy,0.88,11.78,12.35,1.9,159.0
169846,"Restaurant, family style, fish fillet, battered or breaded, fried",SR Legacy,13.49,10.79,16.89,0.9,219.0
169836,"Restaurant, family style, french fries",SR Legacy,3.49,14.04,37.2,3.9,289.0
169015,"Restaurant, family style, fried mozzarella sticks",SR Legacy,14.75,18.33,25.14,2.0,325.0
169848,"Restaurant, family style, hash browns",SR Legacy,2.49,8.99,26.59,2.7,197.0
169839,"Restaurant, family style, macaroni & cheese, from kids' menu",SR Legacy,5.42,6.06,18.8,1.1,151.0
169027,"Restaurant, family style, onion rings",SR Legacy,4.89,19.28,40.72,2.6,356.0
169838,"Restaurant, family style, shrimp, breaded and fried",SR Legacy,12.67,18.67,22.29,1.5,308.0
169016,"Restaurant, family style, sirloin steak",SR Legacy,29.8,8.48,0.0,,195.0
169029,"Restaurant, family style, spaghetti and meatballs",SR Legacy,7.84,8.52,15.51,1.5,170.0
169038,"Restaurant, Italian, cheese ravioli with marinara sauce",SR Legacy,7.07,5.7,18.5,1.2,154.0
168062,"Restaurant, Italian, chicken parmesan without pasta",SR Legacy,16.17,10.64,10.92,0.9,204.0
169850,"Restaurant, Italian, lasagna with meat",SR Legacy,10.83,10.69,11.36,1.5,185.0
167680,"Restaurant, Italian, spaghetti with meat sauce",SR Legacy,5.79,3.59,16.4,1.6,121.0
169033,"Restaurant, Italian, spaghetti with pomodoro sauce (no meat)",SR Legacy,3.9,1.89,17.77,1.7,104.0
168070,"Restaurant, Latino, arepa (unleavened cornmeal bread)",SR Legacy,5.48,5.38,37.14,2.6,219.0
168064,"Restaurant, Latino, Arroz con frijoles negros (rice and black beans)",SR Legacy,4.64,3.85,24.4,3.4,151.0
168066,"Restaurant, Latino, Arroz con grandules (rice and pigeonpeas)",SR Legacy,3.5,4.98,30.75,1.4,182.0
168065,"Restaurant, Latino, Arroz con habichuelas colorados (Rice And Red Beans)",SR Legacy,3.96,3.46,23.74,2.6,142.0
168063,"Restaurant, Latino, arroz con leche (rice pudding)",SR Legacy,3.2,3.69,24.92,0.5,146.0
168068,"Restaurant, Latino, black bean soup",SR Legacy,5.1,2.57,14.79,4.9,103.0
168071,"Restaurant, Latino, bunuelos (fried yeast bread)",SR Legacy,8.02,26.24,48.57,1.5,462.0
167659,"Restaurant, Latino, chicken and rice, entree, prepared",SR Legacy,12.02,5.06,20.03,1.2,174.0
167660,"Restaurant, Latino, empanadas, beef, prepared",SR Legacy,11.31,18.37,31.19,2.0,335.0
334720,"Restaurant, Latino, pupusas con frijoles (pupusas, bean)",Foundation Foods,5.59,9.01,31.5,5.8,229.0
167662,"Restaurant, Latino, pupusas con queso (pupusas, cheese)",SR Legacy,11.72,13.25,22.39,2.9,256.0
167663,"Restaurant, Latino, pupusas del cerdo (pupusas, pork)",SR Legacy,11.51,10.43,23.02,2.6,232.0
167664,"Restaurant, Latino, tamale, corn",SR Legacy,3.48,7.21,26.68,3.2,186.0
334628,"Restaurant, Latino, tamale, pork",Foundation Foods,7.38,9.04,15.8,2.4,174.0
168069,"Restaurant, Latino, tripe soup",SR Legacy,8.61,2.58,4.07,,74.0
169855,"Restaurant, Mexican, cheese enchilada",SR Legacy,11.24,18.47,15.45,1.9,273.0
169035,"Restaurant, Mexican, cheese quesadilla",SR Legacy,15.93,23.08,24.11,1.7,368.0
169856,"Restaurant, Mexican, cheese tamales",SR Legacy,8.99,11.99,17.97,2.2,216.0
167666,"Restaurant, Mexican, refried beans",SR Legacy,6.91,6.77,16.79,8.0,156.0
167658,"Restaurant, Mexican, soft taco with ground beef, cheese and lettuce",SR Legacy,12.56,10.81,17.92,1.5,219.0
167665,"Restaurant, Mexican, spanish rice",SR Legacy,3.28,5.29,31.16,1.2,185.0
168169,"Rhubarb, frozen, cooked, with sugar",SR Legacy,0.39,0.05,31.2,2.0,116.0
168168,"Rhubarb, frozen, uncooked",SR Legacy,0.55,0.11,5.1,1.8,21.0
167758,"Rhubarb, raw",SR Legacy,0.9,0.2,4.54,1.8,21.0
168022,"Rhubarb, wild, leaves (Alaska Native)",SR Legacy,4.2,0.5,9.9,,61.0
168950,"Rice and vermicelli mix, beef flavor, prepared with 80% margarine",SR Legacy,2.82,3.2,22.03,0.6,129.0
168949,"Rice and vermicelli mix, beef flavor, unprepared",SR Legacy,10.84,1.27,76.02,1.6,359.0
173348,"Rice and vermicelli mix, chicken flavor, prepared with 80% margarine",SR Legacy,2.65,3.45,23.54,0.7,136.0
168952,"Rice and vermicelli mix, rice pilaf flavor, prepared with 80% margarine",SR Legacy,2.94,3.7,25.67,0.6,148.0
168951,"Rice and vermicelli mix, rice pilaf flavor, unprepared",SR Legacy,10.42,1.37,76.31,1.2,359.0
173006,Rice and Wheat cereal bar,SR Legacy,9.09,9.09,72.73,1.8,409.0
173339,"Rice bowl with chicken, frozen entree, prepared (includes fried, teriyaki, and sweet and sour varieties)",SR Legacy,5.65,1.56,22.46,0.7,126.0
169713,"Rice bran, crude",SR Legacy,13.35,20.85,49.69,21.0,316.0
168107,"Rice cake, cracker (include hain mini rice cakes)",SR Legacy,7.1,4.3,81.1,4.2,392.0
173161,Rice crackers,SR Legacy,10.0,5.0,82.64,0.0,416.0
168898,"Rice flour, brown",SR Legacy,7.23,2.78,76.48,4.6,363.0
169714,"Rice flour, white, unenriched",SR Legacy,5.95,1.42,80.13,2.4,366.0
169778,"Rice mix, cheese flavor, dry mix, unprepared",SR Legacy,8.77,3.51,73.88,1.8,362.0
168964,"Rice mix, white and wild, flavored, unprepared",SR Legacy,3.49,2.57,26.28,0.8,142.0
168914,"Rice noodles, cooked",SR Legacy,1.79,0.2,24.01,1.0,108.0
169742,"Rice noodles, dry",SR Legacy,5.95,0.56,80.18,1.6,364.0
2710825,"Rice, black, unenriched, raw",Foundation Foods,7.56875,3.438,77.18825,4.179,369.97
2512380,"Rice, brown, long grain, unenriched, raw",Foundation Foods,7.25305,3.306,76.68795,3.021,365.518
169704,"Rice, brown, long-grain, cooked (Includes foods for USDA's Food Distribution Program)",SR Legacy,2.74,0.97,25.58,1.6,123.0
169703,"Rice, brown, long-grain, raw (Includes foods for USDA's Food Distribution Program)",SR Legacy,7.54,3.2,76.25,3.6,367.0
168875,"Rice, brown, medium-grain, cooked (Includes foods for USDA's Food Distribution Program)",SR Legacy,2.32,0.83,23.51,1.8,112.0
169706,"Rice, brown, medium-grain, raw (Includes foods for USDA's Food Distribution Program)",SR Legacy,7.5,2.68,76.17,3.4,362.0
173263,"Rice, brown, parboiled, cooked, UNCLE BENS",SR Legacy,3.09,0.85,31.33,1.7,147.0
168876,"Rice, brown, parboiled, dry, UNCLE BEN'S",SR Legacy,7.6,2.75,78.68,3.5,370.0
2710838,"Rice, red, unenriched, dry, raw",Foundation Foods,8.5625,3.44,76.1545,4.198,369.828
169711,"Rice, white, glutinous, unenriched, cooked",SR Legacy,2.02,0.19,21.09,1.0,97.0
168883,"Rice, white, glutinous, unenriched, uncooked",SR Legacy,6.81,0.55,81.68,2.8,370.0
2512381,"Rice, white, long grain, unenriched, raw",Foundation Foods,7.03885,1.033,80.31315,0.1488,358.705
169708,"Rice, white, long-grain, parboiled, enriched, cooked",SR Legacy,2.91,0.37,26.05,0.9,123.0
169707,"Rice, white, long-grain, parboiled, enriched, dry",SR Legacy,7.51,1.03,80.89,1.8,374.0
169759,"Rice, white, long-grain, parboiled, unenriched, cooked",SR Legacy,2.91,0.37,26.05,0.9,123.0
169758,"Rice, white, long-grain, parboiled, unenriched, dry",SR Legacy,7.51,1.03,80.89,1.8,374.0
169709,"Rice, white, long-grain, precooked or instant, enriched, dry",SR Legacy,7.82,0.94,82.32,1.9,380.0
169710,"Rice, white, long-grain, precooked or instant, enriched, prepared",SR Legacy,2.18,0.5,26.76,0.6,124.0
169753,"Rice, white, long-grain, regular, cooked, enriched, with salt",SR Legacy,2.69,0.28,28.17,0.4,130.0
168935,"Rice, white, long-grain, regular, cooked, unenriched, with salt",SR Legacy,2.69,0.28,28.17,0.4,130.0
168878,"Rice, white, long-grain, regular, enriched, cooked",SR Legacy,2.69,0.28,28.17,0.4,130.0
168877,"Rice, white, long-grain, regular, raw, enriched",SR Legacy,7.13,0.66,79.95,1.3,365.0
169756,"Rice, white, long-grain, regular, raw, unenriched",SR Legacy,7.13,0.66,79.95,1.3,365.0
169757,"Rice, white, long-grain, regular, unenriched, cooked without salt",SR Legacy,2.69,0.28,28.17,0.4,130.0
168930,"Rice, white, medium-grain, cooked, unenriched",SR Legacy,2.38,0.21,28.59,,130.0
168880,"Rice, white, medium-grain, enriched, cooked",SR Legacy,2.38,0.21,28.59,0.3,130.0
168879,"Rice, white, medium-grain, raw, enriched",SR Legacy,6.61,0.58,79.34,1.4,360.0
169760,"Rice, white, medium-grain, raw, unenriched",SR Legacy,6.61,0.58,79.34,,360.0
168932,"Rice, white, short-grain, cooked, unenriched",SR Legacy,2.36,0.19,28.73,,130.0
168882,"Rice, white, short-grain, enriched, cooked",SR Legacy,2.36,0.19,28.73,,130.0
168881,"Rice, white, short-grain, enriched, uncooked",SR Legacy,6.5,0.52,79.15,2.8,358.0
168931,"Rice, white, short-grain, raw, unenriched",SR Legacy,6.5,0.52,79.15,,358.0
169712,"Rice, white, steamed, Chinese restaurant",SR Legacy,3.2,0.27,33.88,0.9,151.0
173347,"RICE-A-RONI, chicken flavor, unprepared",SR Legacy,10.64,1.04,76.08,1.2,356.0
174597,Roast beef spread,SR Legacy,15.27,16.28,3.73,0.2,223.0
174570,"Roast beef, deli style, prepackaged, sliced",SR Legacy,18.62,3.69,0.64,0.0,115.0
175027,"Rolls, dinner, egg",SR Legacy,9.5,6.4,52.0,3.7,307.0
175028,"Rolls, dinner, oat bran",SR Legacy,9.5,4.6,40.2,4.1,236.0
172793,"Rolls, dinner, plain, commercially prepared (includes brown-and-serve)",SR Legacy,10.86,6.47,52.04,2.0,310.0
172810,"Rolls, dinner, plain, prepared from recipe, made with low fat (2%) milk",SR Legacy,8.5,7.3,53.4,1.9,316.0
175029,"Rolls, dinner, rye",SR Legacy,10.3,3.4,53.1,4.9,286.0
174107,"Rolls, dinner, sweet",SR Legacy,10.04,7.37,53.58,3.1,321.0
175030,"Rolls, dinner, wheat",SR Legacy,8.6,6.3,46.0,3.8,273.0
172794,"Rolls, dinner, whole-wheat",SR Legacy,8.7,4.7,51.1,7.5,266.0
172795,"Rolls, french",SR Legacy,8.6,4.3,50.2,3.2,277.0
171861,"Rolls, gluten-free, white, made with brown rice flour, tapioca starch, and potato starch",SR Legacy,7.99,6.4,55.1,3.6,310.0
171863,"Rolls, gluten-free, white, made with brown rice flour, tapioca starch, and sorghum flour",SR Legacy,5.65,8.2,40.24,2.9,257.0
171862,"Rolls, gluten-free, white, made with rice flour, rice starch, and corn starch",SR Legacy,3.34,2.65,50.47,5.1,239.0
171864,"Rolls, gluten-free, whole grain, made with tapioca starch and brown rice flour",SR Legacy,11.8,11.6,44.29,11.2,329.0
174089,"Rolls, hamburger or hot dog, wheat/cracked wheat",SR Legacy,11.69,3.61,47.31,4.2,269.0
174090,"Rolls, hamburger or hot dog, whole wheat",SR Legacy,12.38,4.38,44.93,6.1,269.0
172797,"Rolls, hamburger or hotdog, mixed-grain",SR Legacy,9.6,6.0,44.6,3.8,263.0
172796,"Rolls, hamburger or hotdog, plain",SR Legacy,9.77,3.91,50.12,1.8,279.0
174094,"Rolls, hamburger, whole grain white, calcium-fortified",SR Legacy,9.3,3.49,46.5,2.3,255.0
175031,"Rolls, hard (includes kaiser)",SR Legacy,9.9,4.3,52.7,2.3,293.0
168126,"Rolls, pumpernickel",SR Legacy,10.8,2.8,51.87,5.4,276.0
168998,"Rose Hips, wild (Northern Plains Indians)",SR Legacy,1.6,0.34,38.22,24.1,162.0
168171,"Rose-apples, raw",SR Legacy,0.6,0.3,5.7,,25.0
168170,"Roselle, raw",SR Legacy,0.96,0.64,11.31,,49.0
173473,"Rosemary, fresh",SR Legacy,3.31,5.86,20.7,14.1,131.0
167783,"Rowal, raw",SR Legacy,2.3,2.0,23.9,6.2,111.0
167805,"Ruby Red grapefruit juice blend (grapefruit, grape, apple), OCEAN SPRAY, bottled, with added vitamin C",SR Legacy,0.5,0.1,10.53,0.2,44.0
167597,"Rudi's, Gluten-Free Bakery, Original Sandwich Bread",SR Legacy,3.13,10.7,52.83,3.5,320.0
172831,"Ruffed Grouse, breast meat, skinless, raw",SR Legacy,25.94,0.88,0.0,0.0,112.0
170528,"Rutabagas, cooked, boiled, drained, with salt",SR Legacy,0.93,0.18,6.84,1.8,30.0
168455,"Rutabagas, cooked, boiled, drained, without salt",SR Legacy,0.93,0.18,6.84,1.8,30.0
168454,"Rutabagas, raw",SR Legacy,1.08,0.16,8.62,2.3,37.0
168885,"Rye flour, dark",SR Legacy,15.91,2.22,68.63,23.8,325.0
168887,"Rye flour, light",SR Legacy,9.82,1.33,76.68,8.0,357.0
168886,"Rye flour, medium",SR Legacy,10.88,1.52,75.43,11.8,349.0
168884,Rye grain,SR Legacy,10.34,1.63,75.86,15.1,338.0
168007,"Sage Valley, Gluten Free Vanilla Sandwich Cookies",SR Legacy,3.13,22.15,71.88,1.0,499.0
167704,"Salad dressing, bacon and tomato",SR Legacy,1.8,35.0,2.0,0.2,326.0
173562,"Salad dressing, blue or roquefort cheese dressing, commercial, regular",SR Legacy,1.37,51.1,4.77,0.4,484.0
167699,"Salad dressing, blue or roquefort cheese dressing, fat-free",SR Legacy,1.52,1.01,25.6,1.8,115.0
167692,"Salad dressing, blue or roquefort cheese dressing, light",SR Legacy,2.1,2.7,13.2,0.0,86.0
169876,"Salad dressing, blue or roquefort cheese, low calorie",SR Legacy,5.1,7.2,2.9,0.0,99.0
169895,"Salad dressing, buttermilk, lite",SR Legacy,1.25,12.42,21.33,1.1,202.0
169055,"Salad dressing, caesar dressing, regular",SR Legacy,2.17,57.85,3.3,0.5,542.0
171045,"Salad dressing, caesar, fat-free",SR Legacy,1.47,0.23,30.73,0.2,131.0
169877,"Salad dressing, caesar, low calorie",SR Legacy,0.3,4.4,18.6,0.1,110.0
169056,"Salad dressing, coleslaw",SR Legacy,0.85,34.53,22.4,0.0,404.0
168109,"Salad Dressing, coleslaw, reduced fat",SR Legacy,0.0,20.0,40.0,0.4,329.0
171414,"Salad dressing, french dressing, commercial, regular",SR Legacy,0.87,39.07,18.79,2.4,419.0
171020,"Salad dressing, french dressing, commercial, regular, without salt",SR Legacy,0.77,44.81,15.58,0.0,459.0
171420,"Salad dressing, french dressing, fat-free",SR Legacy,0.2,0.27,32.14,2.2,132.0
167693,"Salad dressing, french dressing, reduced calorie",SR Legacy,0.4,13.0,27.0,0.0,227.0
171404,"Salad dressing, french dressing, reduced fat",SR Legacy,0.58,11.52,31.22,1.5,222.0
171021,"Salad dressing, french dressing, reduced fat, without salt",SR Legacy,0.58,13.46,29.28,1.1,233.0
171419,"Salad dressing, french, cottonseed, oil, home recipe",SR Legacy,0.1,70.2,3.4,0.0,631.0
171416,"Salad dressing, french, home recipe",SR Legacy,0.1,70.2,3.4,0.0,631.0
169057,"Salad dressing, green goddess, regular",SR Legacy,1.9,43.33,7.36,0.1,427.0
171417,"Salad dressing, home recipe, vinegar and oil",SR Legacy,0.0,50.1,2.5,0.0,449.0
171034,"Salad dressing, honey mustard dressing, reduced calorie",SR Legacy,0.98,10.0,28.26,0.8,207.0
171043,"Salad dressing, honey mustard, regular",SR Legacy,0.87,40.83,23.33,0.4,464.0
171405,"Salad dressing, italian dressing, commercial, reduced fat",SR Legacy,0.39,6.68,9.99,0.0,102.0
171019,"Salad dressing, italian dressing, commercial, regular",SR Legacy,0.41,21.12,12.12,0.0,240.0
171022,"Salad dressing, italian dressing, commercial, regular, without salt",SR Legacy,0.38,28.37,10.43,0.0,292.0
173590,"Salad dressing, italian dressing, fat-free",SR Legacy,0.97,0.87,8.75,0.6,47.0
168096,"Salad dressing, italian dressing, reduced calorie",SR Legacy,0.3,20.0,6.7,0.2,200.0
171023,"Salad dressing, italian dressing, reduced fat, without salt",SR Legacy,0.47,6.38,4.57,0.0,76.0
171003,"Salad dressing, KRAFT Mayo Fat Free Mayonnaise Dressing",SR Legacy,0.2,0.0,15.8,2.0,64.0
171002,"Salad dressing, KRAFT Mayo Light Mayonnaise",SR Legacy,0.6,32.9,8.5,0.1,334.0
171004,"Salad dressing, KRAFT MIRACLE WHIP FREE Nonfat Dressing",SR Legacy,0.2,2.7,15.5,1.9,84.0
168112,"Salad dressing, mayonnaise and mayonnaise-type, low calorie",SR Legacy,0.9,19.0,23.9,0.0,263.0
171403,"Salad dressing, mayonnaise type, regular, with salt",SR Legacy,0.65,21.6,14.78,0.0,250.0
171407,"Salad dressing, mayonnaise, imitation, milk cream",SR Legacy,2.1,5.1,11.1,0.0,97.0
171406,"Salad dressing, mayonnaise, imitation, soybean",SR Legacy,0.3,19.2,16.0,0.0,232.0
171408,"Salad dressing, mayonnaise, imitation, soybean without cholesterol",SR Legacy,0.1,47.7,15.8,0.0,482.0
173594,"Salad dressing, mayonnaise, light",SR Legacy,0.37,22.22,9.23,0.0,238.0
171037,"Salad Dressing, mayonnaise, light, SMART BALANCE, Omega Plus light",SR Legacy,1.53,34.18,9.39,0.2,333.0
171009,"Salad dressing, mayonnaise, regular",SR Legacy,0.96,74.85,0.57,0.0,680.0
171010,"Salad dressing, mayonnaise, soybean and safflower oil, with salt",SR Legacy,1.1,79.4,2.7,0.0,717.0
171418,"Salad dressing, mayonnaise, soybean oil, without salt",SR Legacy,1.1,79.4,2.7,0.0,717.0
167700,"Salad Dressing, mayonnaise-like, fat-free",SR Legacy,0.2,2.7,15.5,1.9,84.0
171444,"Salad dressing, mayonnaise-type, light",SR Legacy,0.65,10.0,16.4,0.0,158.0
168093,"Salad dressing, peppercorn dressing, commercial, regular",SR Legacy,1.2,61.4,3.5,0.0,564.0
171044,"Salad dressing, poppyseed, creamy",SR Legacy,0.92,33.33,23.73,0.3,399.0
173591,"Salad dressing, ranch dressing, fat-free",SR Legacy,0.25,1.92,26.51,0.1,119.0
173593,"Salad dressing, ranch dressing, reduced fat",SR Legacy,1.25,12.42,21.33,1.1,196.0
173592,"Salad dressing, ranch dressing, regular",SR Legacy,1.32,44.54,5.9,0.0,430.0
171005,"Salad dressing, russian dressing",SR Legacy,0.69,26.18,31.9,0.7,355.0
171007,"Salad dressing, russian dressing, low calorie",SR Legacy,0.5,4.0,27.6,0.3,141.0
171006,"Salad dressing, sesame seed dressing, regular",SR Legacy,3.1,45.2,8.6,1.0,443.0
171036,"Salad dressing, spray-style dressing, assorted flavors",SR Legacy,0.16,10.75,16.6,0.3,165.0
169875,"Salad dressing, sweet and sour",SR Legacy,0.1,0.0,3.7,0.0,15.0
172356,"Salad dressing, thousand island dressing, fat-free",SR Legacy,0.55,1.45,29.27,3.3,132.0
171008,"Salad dressing, thousand island dressing, reduced fat",SR Legacy,0.83,11.32,24.06,1.2,195.0
171402,"Salad dressing, thousand island, commercial, regular",SR Legacy,1.09,35.06,14.64,0.8,379.0
172935,"Salami, cooked, beef",SR Legacy,12.6,22.2,1.9,0.0,261.0
172936,"Salami, cooked, beef and pork",SR Legacy,21.85,25.9,2.4,0.0,336.0
172937,"Salami, cooked, turkey",SR Legacy,19.2,9.21,1.55,0.1,172.0
172938,"Salami, dry or hard, pork",SR Legacy,22.58,33.72,1.6,0.0,407.0
174582,"Salami, dry or hard, pork, beef",SR Legacy,21.07,31.65,0.72,0.0,378.0
174603,"Salami, Italian, pork",SR Legacy,21.7,37.0,1.2,0.0,425.0
172966,"Salami, Italian, pork and beef, dry, sliced, 50% less sodium",SR Legacy,21.8,26.4,6.4,0.0,350.0
174598,"Salami, pork, beef, less sodium",SR Legacy,15.01,30.5,15.38,0.2,396.0
168965,"Salisbury steak with gravy, frozen",SR Legacy,6.98,10.47,6.78,1.0,149.0
173721,"Salmon nuggets, breaded, frozen, heated",SR Legacy,12.69,11.72,13.96,0.0,212.0
173722,"Salmon nuggets, cooked as purchased, unheated",SR Legacy,11.97,10.43,11.85,0.0,189.0
169813,"Salmon, red (sockeye), filets with skin, smoked (Alaska Native)",SR Legacy,60.62,11.43,0.0,0.0,345.0
173723,"Salmon, sockeye, canned, drained solids, without skin and bones",SR Legacy,26.33,5.87,0.0,0.0,158.0
175174,"Salmon, sockeye, canned, total can contents",SR Legacy,20.63,7.17,0.0,0.0,153.0
168048,"Salmonberries, raw (Alaska Native)",SR Legacy,0.85,0.33,10.05,1.9,47.0
169277,"Salsify, (vegetable oyster), raw",SR Legacy,3.3,0.2,18.6,3.3,82.0
170529,"Salsify, cooked, boiled, drained, with salt",SR Legacy,2.73,0.17,15.36,3.1,68.0
169278,"Salsify, cooked, boiled, drained, without salt",SR Legacy,2.73,0.17,15.36,3.1,68.0
173468,"Salt, table",SR Legacy,0.0,0.0,0.0,0.0,0.0
746775,"Salt, table, iodized",Foundation Foods,,,,,0.0
169069,"Sandwich spread, meatless",SR Legacy,8.0,9.0,9.0,3.3,149.0
174583,"Sandwich spread, pork, beef",SR Legacy,7.66,17.34,11.94,0.2,235.0
171409,"Sandwich spread, with chopped pickle, regular, unspecified oils",SR Legacy,0.9,34.0,22.4,0.4,389.0
167759,"Sapodilla, raw",SR Legacy,0.44,1.1,19.96,5.3,83.0
167760,"Sapote, mamey, raw",SR Legacy,1.45,0.46,32.1,5.4,124.0
171603,"Sauce, alfredo mix, dry",SR Legacy,15.32,36.35,36.52,2.0,535.0
174523,"Sauce, barbecue",SR Legacy,0.82,0.63,40.77,0.9,172.0
171828,"Sauce, barbecue, BULL'S-EYE, original",SR Legacy,0.91,0.67,39.95,1.0,170.0
171829,"Sauce, barbecue, KC MASTERPIECE, original",SR Legacy,1.0,0.52,37.92,1.4,160.0
174544,"Sauce, barbecue, KRAFT, original",SR Legacy,0.74,0.62,40.77,0.4,172.0
171830,"Sauce, barbecue, OPEN PIT, original",SR Legacy,0.44,1.41,29.45,0.5,132.0
171827,"Sauce, barbecue, SWEET BABY RAY'S, original",SR Legacy,0.95,0.43,46.08,1.3,192.0
171584,"Sauce, cheese sauce mix, dry",SR Legacy,7.68,18.33,60.52,1.0,438.0
171191,"Sauce, cheese, ready-to-serve",SR Legacy,6.71,13.29,6.83,0.5,174.0
171605,"Sauce, chili, peppers, hot, immature green, canned",SR Legacy,0.7,0.1,5.0,1.9,20.0
174067,"Sauce, cocktail, ready-to-serve",SR Legacy,1.36,1.05,28.22,1.8,128.0
171823,"Sauce, duck, ready-to-serve",SR Legacy,0.36,0.13,60.66,0.6,245.0
174074,"Sauce, enchilada, red, mild, ready to serve",SR Legacy,0.62,0.91,4.87,0.5,30.0
174531,"Sauce, fish, ready-to-serve",SR Legacy,5.06,0.01,3.64,0.0,35.0
172886,"Sauce, hoisin, ready-to-serve",SR Legacy,3.31,3.39,44.08,2.8,220.0
174525,"Sauce, homemade, white, medium",SR Legacy,3.84,10.63,9.17,0.2,147.0
174526,"Sauce, homemade, white, thick",SR Legacy,3.99,13.83,11.61,0.3,186.0
171833,"Sauce, horseradish",SR Legacy,1.09,50.89,10.05,1.0,503.0
171186,"Sauce, hot chile, sriracha",SR Legacy,1.93,0.93,19.16,2.2,93.0
171187,"Sauce, hot chile, sriracha, CHA! BY TEXAS PETE",SR Legacy,2.02,0.98,22.73,2.1,108.0
171188,"Sauce, hot chile, sriracha, TUONG OT SRIRACHA",SR Legacy,1.86,0.9,15.87,2.2,79.0
174529,"Sauce, oyster, ready-to-serve",SR Legacy,1.35,0.25,10.92,0.3,51.0
332282,"Sauce, pasta, spaghetti/marinara, ready-to-serve",Foundation Foods,1.41,1.48,8.05,1.8,45.0
171597,"Sauce, pasta, spaghetti/marinara, ready-to-serve, low sodium",SR Legacy,1.41,1.48,8.06,1.8,51.0
171575,"Sauce, peanut, made from coconut, water, sugar, peanuts",SR Legacy,2.02,6.34,28.46,1.1,179.0
174070,"Sauce, peanut, made from peanut butter, water, soy sauce",SR Legacy,6.31,16.02,22.02,1.8,257.0
171604,"Sauce, peppers, hot, chili, mature red, canned",SR Legacy,0.9,0.6,3.9,0.7,21.0
171581,"Sauce, pesto, BUITONI, pesto with basil, ready-to-serve, refrigerated",SR Legacy,9.83,37.6,10.09,1.8,418.0
171582,"Sauce, pesto, CLASSICO, basil pesto, ready-to-serve",SR Legacy,4.16,36.38,6.93,2.1,372.0
171185,"Sauce, pesto, MEZZETTA, NAPA VALLEY BISTRO, basil pesto, ready-to-serve",SR Legacy,6.69,49.88,5.12,1.3,496.0
171579,"Sauce, pesto, ready-to-serve, refrigerated",SR Legacy,9.83,37.6,10.09,1.8,418.0
171580,"Sauce, pesto, ready-to-serve, shelf stable",SR Legacy,5.0,42.42,6.14,1.7,426.0
172880,"Sauce, pizza, canned, ready-to-serve",SR Legacy,2.18,1.15,8.66,2.0,54.0
172879,"Sauce, plum, ready-to-serve",SR Legacy,0.89,1.04,42.81,0.7,184.0
174527,"Sauce, ready-to-serve, pepper or hot",SR Legacy,0.51,0.37,1.75,0.3,11.0
174528,"Sauce, ready-to-serve, pepper, TABASCO",SR Legacy,1.29,0.76,0.8,0.6,12.0
324038,"Sauce, salsa, ready-to-serve",Foundation Foods,1.44,0.19,6.74,1.8,29.0
171824,"Sauce, salsa, verde, ready-to-serve",SR Legacy,1.13,0.89,6.36,1.9,38.0
171174,"Sauce, sofrito, prepared from recipe",SR Legacy,12.8,18.2,5.46,1.7,237.0
171825,"Sauce, steak, tomato based",SR Legacy,1.25,0.23,22.04,1.5,95.0
174543,"Sauce, sweet and sour, prepared-from-recipe",SR Legacy,1.84,0.58,16.72,0.4,79.0
174066,"Sauce, sweet and sour, ready-to-serve",SR Legacy,0.27,0.02,38.22,0.1,154.0
171826,"Sauce, tartar, ready-to-serve",SR Legacy,1.0,16.7,13.3,0.5,211.0
171167,"Sauce, teriyaki, ready-to-serve",SR Legacy,5.93,0.02,15.56,0.1,89.0
172890,"Sauce, teriyaki, ready-to-serve, reduced sodium",SR Legacy,5.93,0.02,15.58,0.1,89.0
171595,"Sauce, tomato chili sauce, bottled, with salt",SR Legacy,2.5,0.3,19.79,2.4,92.0
174542,"Sauce, white, thin, prepared-from-recipe, with butter",SR Legacy,3.95,2.56,8.29,0.1,72.0
171610,"Sauce, worcestershire",SR Legacy,0.0,0.0,19.17,0.0,77.0
169279,"Sauerkraut, canned, solids and liquids",SR Legacy,0.91,0.14,4.28,2.9,19.0
170606,"Sausage, beef, cured, cooked, smoked",SR Legacy,14.11,26.91,2.42,0.0,312.0
174618,"Sausage, beef, fresh, cooked",SR Legacy,18.21,27.98,0.35,0.0,332.0
171617,"Sausage, Berliner, pork, beef",SR Legacy,15.27,17.2,2.59,0.0,230.0
174616,"Sausage, breakfast sausage, beef, pre-cooked, unprepared",SR Legacy,12.9,28.22,4.61,0.0,327.0
173880,"Sausage, chicken or turkey, Italian style,  lower sodium",SR Legacy,21.43,4.46,14.25,0.0,183.0
174605,"Sausage, chicken, beef, pork, skinless, smoked",SR Legacy,13.6,14.3,8.1,0.0,216.0
169781,"Sausage, egg and cheese breakfast biscuit",SR Legacy,9.54,22.13,21.57,2.0,324.0
174586,"Sausage, Italian, pork, mild, cooked, pan-fried",SR Legacy,18.4,26.4,1.86,0.0,324.0
171631,"Sausage, Italian, pork, mild, raw",SR Legacy,13.9,24.26,2.97,0.0,290.0
172952,"Sausage, Italian, sweet, links",SR Legacy,16.13,8.42,2.1,0.0,149.0
174604,"Sausage, Italian, turkey, smoked",SR Legacy,15.05,8.75,4.65,0.9,158.0
174269,"Sausage, meatless",SR Legacy,20.28,18.16,8.09,2.8,255.0
174588,"Sausage, New england brand, pork, beef",SR Legacy,17.27,7.58,4.83,0.0,161.0
172953,"Sausage, Polish, beef with chicken, hot",SR Legacy,17.6,19.4,3.6,0.0,259.0
172954,"Sausage, Polish, pork and beef, smoked",SR Legacy,12.07,26.56,1.98,0.0,301.0
174579,"Sausage, pork and beef, fresh, cooked",SR Legacy,13.8,36.25,2.7,0.0,396.0
172955,"Sausage, pork and beef, with cheddar cheese, smoked",SR Legacy,12.89,25.84,2.13,0.0,296.0
171632,"Sausage, pork and turkey, pre-cooked",SR Legacy,12.05,30.64,3.63,0.0,342.0
332864,"Sausage, pork, chorizo, link or ground, cooked, pan-fried",Foundation Foods,19.3,28.1,2.63,,346.0
173859,"Sausage, pork, chorizo, link or ground, raw",SR Legacy,13.63,25.1,3.78,0.0,296.0
173883,"Sausage, pork, turkey, and beef, reduced sodium",SR Legacy,10.71,26.79,0.11,0.1,284.0
174584,"Sausage, smoked link sausage, pork",SR Legacy,11.98,28.23,0.94,0.0,309.0
174585,"Sausage, smoked link sausage, pork and beef",SR Legacy,12.0,28.73,2.42,0.0,320.0
172939,"Sausage, smoked link sausage, pork and beef (nonfat dry milk added)",SR Legacy,13.28,27.61,1.92,0.0,313.0
174599,"Sausage, summer, pork and beef, sticks, with cheddar cheese",SR Legacy,19.43,37.91,1.82,0.2,426.0
167694,"Sausage, turkey and pork, fresh, bulk, patty or link, cooked",SR Legacy,22.7,23.0,0.7,0.0,307.0
174600,"Sausage, turkey, breakfast links, mild, raw",SR Legacy,15.91,10.39,3.18,0.0,174.0
173871,"Sausage, turkey, fresh, cooked",SR Legacy,23.89,10.44,0.0,0.0,196.0
174617,"Sausage, turkey, fresh, raw",SR Legacy,18.79,8.08,0.47,0.0,155.0
174606,"Sausage, turkey, hot, smoked",SR Legacy,15.05,8.75,4.65,0.3,158.0
172948,"Sausage, turkey, pork, and beef, low fat, smoked",SR Legacy,8.0,2.5,11.54,0.6,101.0
174580,"Sausage, turkey, reduced fat, brown and serve, cooked",SR Legacy,17.0,10.3,10.92,0.3,204.0
172942,"Sausage, Vienna, canned, chicken, beef, pork",SR Legacy,10.5,19.4,2.6,0.0,230.0
2747666,"Scallops, bay, Patagonian, frozen, wild caught",Foundation Foods,16.3875,0.4192,2.2833,,78.456
2747667,"Scallops, sea, frozen, wild caught",Foundation Foods,13.5125,0.4933,1.9662,,66.3545
168008,"Schar, Gluten-Free, Classic White Rolls",SR Legacy,3.34,2.65,50.47,5.1,239.0
168009,"Schar, Gluten-Free, Wheat-Free, Classic White Bread",SR Legacy,3.81,4.47,46.13,5.1,240.0
167946,"SCHIFF,TIGER'S MILK BAR",SR Legacy,16.8,14.29,56.46,2.3,387.0
170795,"School Lunch, chicken nuggets, whole grain breaded",SR Legacy,15.67,12.9,22.86,2.2,270.0
170794,"School Lunch, chicken patty, whole grain breaded",SR Legacy,17.64,13.93,12.5,2.3,246.0
170305,"School Lunch, pizza, BIG DADDY'S LS 16"" 51% Whole Grain Rolled Edge Cheese Pizza, frozen",SR Legacy,13.89,8.81,27.1,2.7,243.0
170701,"School Lunch, pizza, BIG DADDY'S LS 16"" 51% Whole Grain Rolled Edge Turkey Pepperoni Pizza, frozen",SR Legacy,13.63,9.33,27.35,4.1,248.0
170779,"School Lunch, pizza, cheese topping, thick crust, whole grain, frozen, cooked",SR Legacy,14.62,9.27,28.08,2.9,254.0
170792,"School Lunch, pizza, cheese topping, thin crust, whole grain, frozen, cooked",SR Legacy,12.72,7.91,31.31,4.0,247.0
170781,"School Lunch, pizza, pepperoni topping, thick crust, whole grain, frozen, cooked",SR Legacy,14.35,9.82,28.3,4.3,259.0
170780,"School Lunch, pizza, pepperoni topping, thin crust, whole grain, frozen, cooked",SR Legacy,12.78,8.62,31.24,4.3,254.0
170793,"School Lunch, pizza, sausage topping, thick crust, whole grain, frozen, cooked",SR Legacy,13.26,9.07,30.58,4.0,257.0
170782,"School Lunch, pizza, sausage topping, thin crust, whole grain, frozen, cooked",SR Legacy,12.63,7.83,32.24,3.9,250.0
170704,"School Lunch, pizza, TONY'S Breakfast Pizza Sausage, frozen",SR Legacy,10.39,10.04,26.99,2.0,240.0
170702,"School Lunch, pizza, TONY'S SMARTPIZZA Whole Grain 4x6 Cheese Pizza 50/50 Cheese, frozen",SR Legacy,12.08,7.51,29.27,3.8,233.0
170703,"School Lunch, pizza, TONY'S SMARTPIZZA Whole Grain 4x6 Pepperoni Pizza 50/50 Cheese, frozen",SR Legacy,12.14,8.19,28.84,4.1,238.0
172969,"Scrapple, pork",SR Legacy,8.06,13.87,14.06,0.3,213.0
2747668,"Sea bass, Chilean, frozen, wild caught",Foundation Foods,14.925,16.57,0.1392,,209.3868
167618,"Sea cucumber, yane (Alaska Native)",SR Legacy,13.0,0.4,0.0,,56.0
169825,"Sea lion, Steller, fat (Alaska Native)",SR Legacy,0.9,94.0,0.0,,850.0
169002,"Sea lion, Steller, heart (Alaska Native)",SR Legacy,17.0,3.3,1.0,,102.0
169001,"Sea lion, Steller, kidney (Alaska Native)",SR Legacy,18.1,1.7,1.4,,93.0
169000,"Sea lion, Steller, liver (Alaska Native)",SR Legacy,22.9,5.0,0.0,,137.0
169003,"Sea lion, Steller, meat (Alaska Native)",SR Legacy,25.85,1.88,0.0,,120.0
169824,"Sea lion, Steller, meat with fat (Alaska Native)",SR Legacy,22.1,14.65,5.55,,242.0
168020,"Seal, bearded (Oogruk), meat, dried (Alaska Native)",SR Legacy,82.6,2.3,0.0,0.0,351.0
168051,"Seal, bearded (Oogruk), meat, dried, in oil (Alaska Native)",SR Legacy,35.31,25.08,0.0,0.0,367.0
168053,"Seal, bearded (Oogruk), meat, low quadrant, raw (Alaska Native)",SR Legacy,23.63,10.17,0.0,0.0,186.0
167650,"Seal, bearded (Oogruk), meat, partially dried (Alaska Native)",SR Legacy,62.38,2.31,0.0,,270.0
167610,"Seal, bearded (Oogruk), meat, raw (Alaska Native)",SR Legacy,26.7,0.4,0.0,,110.0
168026,"Seal, ringed, liver (Alaska Native)",SR Legacy,18.6,3.3,2.9,,116.0
168025,"Seal, ringed, meat (Alaska Native)",SR Legacy,28.4,3.2,0.0,,142.0
173476,"Seasoning mix, dry, chili, original",SR Legacy,10.82,7.3,56.56,10.8,335.0
172242,"Seasoning mix, dry, sazon, coriander & annatto",SR Legacy,0.0,0.0,0.0,0.0,0.0
172243,"Seasoning mix, dry, taco, original",SR Legacy,4.5,0.0,58.0,13.3,322.0
170090,"Seaweed, agar, dried",SR Legacy,6.21,0.3,80.88,7.7,306.0
169280,"Seaweed, agar, raw",SR Legacy,0.54,0.03,6.75,0.5,26.0
167602,"Seaweed, Canadian Cultivated EMI-TSUNOMATA, dry",SR Legacy,15.34,1.39,46.24,36.7,259.0
167603,"Seaweed, Canadian Cultivated EMI-TSUNOMATA, rehydrated",SR Legacy,1.86,0.17,5.62,4.5,31.0
168456,"Seaweed, irishmoss, raw",SR Legacy,1.51,0.16,12.29,1.3,49.0
168457,"Seaweed, kelp, raw",SR Legacy,1.68,0.56,9.57,1.3,43.0
168458,"Seaweed, laver, raw",SR Legacy,5.81,0.28,5.11,0.3,35.0
170495,"Seaweed, spirulina, dried",SR Legacy,57.47,7.72,23.9,3.6,290.0
170091,"Seaweed, spirulina, raw",SR Legacy,5.92,0.39,2.42,0.4,26.0
170496,"Seaweed, wakame, raw",SR Legacy,3.03,0.64,9.14,0.5,45.0
170145,"Seeds, breadfruit seeds, boiled",SR Legacy,5.3,2.3,32.0,4.8,168.0
170144,"Seeds, breadfruit seeds, raw",SR Legacy,7.4,5.59,29.24,5.2,191.0
170595,"Seeds, breadfruit seeds, roasted",SR Legacy,6.2,2.7,40.1,6.0,207.0
170553,"Seeds, breadnut tree seeds, dried",SR Legacy,8.62,1.68,79.39,14.9,367.0
170552,"Seeds, breadnut tree seeds, raw",SR Legacy,5.97,0.99,46.28,,217.0
170554,"Seeds, chia seeds, dried",SR Legacy,16.54,30.74,42.12,34.4,486.0
170146,"Seeds, cottonseed flour, low fat (glandless)",SR Legacy,49.83,1.41,36.1,,332.0
170555,"Seeds, cottonseed flour, partially defatted (glandless)",SR Legacy,40.96,6.2,40.54,3.0,359.0
170596,"Seeds, cottonseed kernels, roasted (glandless)",SR Legacy,32.59,36.29,21.9,5.5,506.0
170147,"Seeds, cottonseed meal, partially defatted (glandless)",SR Legacy,49.1,4.77,38.43,,367.0
169414,"Seeds, flaxseed",SR Legacy,18.29,42.16,28.88,27.3,534.0
170148,"Seeds, hemp seed, hulled",SR Legacy,31.56,48.75,8.67,4.0,553.0
170149,"Seeds, lotus seeds, dried",SR Legacy,15.41,1.97,64.47,,332.0
168591,"Seeds, lotus seeds, raw",SR Legacy,4.13,0.53,17.28,,89.0
170556,"Seeds, pumpkin and squash seed kernels, dried",SR Legacy,30.23,49.05,10.71,6.0,559.0
169415,"Seeds, pumpkin and squash seed kernels, roasted, with salt added",SR Legacy,29.84,49.05,14.71,6.5,574.0
170557,"Seeds, pumpkin and squash seed kernels, roasted, without salt",SR Legacy,29.84,49.05,14.71,6.5,574.0
168601,"Seeds, pumpkin and squash seeds, whole, roasted, with salt added",SR Legacy,18.55,19.4,53.75,18.4,446.0
170188,"Seeds, pumpkin and squash seeds, whole, roasted, without salt",SR Legacy,18.55,19.4,53.75,18.4,446.0
2515380,"Seeds, pumpkin seeds (pepitas), raw",Foundation Foods,29.9079,40.03,18.6751,5.079,554.602
170558,"Seeds, safflower seed kernels, dried",SR Legacy,16.18,38.45,34.29,,517.0
170559,"Seeds, safflower seed meal, partially defatted",SR Legacy,35.62,2.39,48.73,,342.0
170191,"Seeds, sesame butter, paste",SR Legacy,18.08,50.87,24.05,5.5,586.0
169410,"Seeds, sesame butter, tahini, from raw and stone ground kernels",SR Legacy,17.81,48.0,26.19,9.3,570.0
170189,"Seeds, sesame butter, tahini, from roasted and toasted kernels (most common type)",SR Legacy,17.0,53.76,21.19,9.3,595.0
169406,"Seeds, sesame butter, tahini, from unroasted kernels (non-chemically removed seed coat)",SR Legacy,17.95,56.44,17.89,9.3,607.0
168604,"Seeds, sesame butter, tahini, type of kernels unspecified",SR Legacy,17.4,53.01,21.5,4.7,592.0
170192,"Seeds, sesame flour, high-fat",SR Legacy,30.78,37.1,26.62,,526.0
170560,"Seeds, sesame flour, low-fat",SR Legacy,50.14,1.75,35.51,,333.0
170153,"Seeds, sesame flour, partially defatted",SR Legacy,40.32,11.89,35.14,,382.0
170561,"Seeds, sesame meal, partially defatted",SR Legacy,16.96,48.0,26.04,,567.0
169412,"Seeds, sesame seed kernels, dried (decorticated)",SR Legacy,20.45,61.21,11.73,11.6,631.0
169416,"Seeds, sesame seed kernels, toasted, with salt added (decorticated)",SR Legacy,16.96,48.0,26.04,16.9,567.0
170152,"Seeds, sesame seed kernels, toasted, without salt added (decorticated)",SR Legacy,16.96,48.0,26.04,16.9,567.0
170150,"Seeds, sesame seeds, whole, dried",SR Legacy,17.73,49.67,23.45,11.8,573.0
170151,"Seeds, sesame seeds, whole, roasted and toasted",SR Legacy,16.96,48.0,25.74,14.0,565.0
168587,"Seeds, sisymbrium sp. seeds, whole, dried",SR Legacy,12.14,4.6,58.26,,318.0
168595,"Seeds, sunflower seed butter, with salt added (Includes foods for USDA's Food Distribution Program)",SR Legacy,17.28,55.2,23.32,5.7,617.0
170155,"Seeds, sunflower seed butter, without salt",SR Legacy,17.28,55.2,23.32,5.7,617.0
170156,"Seeds, sunflower seed flour, partially defatted",SR Legacy,48.06,1.61,35.83,5.2,326.0
169417,"Seeds, sunflower seed kernels from shell, dry roasted, with salt added",SR Legacy,19.33,49.8,15.31,9.0,546.0
170562,"Seeds, sunflower seed kernels, dried",SR Legacy,20.78,51.46,20.0,8.6,584.0
325524,"Seeds, sunflower seed kernels, dry roasted, with salt added",Foundation Foods,21.0,56.1,17.1,10.3,612.0
170563,"Seeds, sunflower seed kernels, dry roasted, without salt",SR Legacy,19.33,49.8,24.07,11.1,582.0
168593,"Seeds, sunflower seed kernels, oil roasted, with salt added",SR Legacy,20.06,51.3,22.89,10.6,592.0
170564,"Seeds, sunflower seed kernels, oil roasted, without salt",SR Legacy,20.06,51.3,22.89,10.6,592.0
168594,"Seeds, sunflower seed kernels, toasted, with salt added",SR Legacy,17.21,56.8,20.59,11.5,619.0
170154,"Seeds, sunflower seed kernels, toasted, without salt",SR Legacy,17.21,56.8,20.59,11.5,619.0
2515381,"Seeds, sunflower seed, kernel, raw",Foundation Foods,18.8733,48.44,24.5007,7.215,609.456
169407,"Seeds, watermelon seed kernels, dried",SR Legacy,28.33,47.37,15.31,,557.0
169715,"Semolina, enriched",SR Legacy,12.68,1.05,72.83,3.9,360.0
168933,"Semolina, unenriched",SR Legacy,12.68,1.05,72.83,3.9,360.0
2262073,"Sesame butter, creamy",Foundation Foods,19.7054,62.4,14.179,8.372,697.1376
169368,"Sesbania flower, cooked, steamed, with salt",SR Legacy,1.14,0.05,5.1,,21.0
169281,"Sesbania flower, cooked, steamed, without salt",SR Legacy,1.14,0.05,5.23,,22.0
168459,"Sesbania flower, raw",SR Legacy,1.28,0.04,6.73,,27.0
173226,"Shake, fast food, vanilla",SR Legacy,3.37,6.52,19.59,0.9,148.0
170082,"Shallots, freeze-dried",SR Legacy,12.3,0.5,80.7,15.7,348.0
170499,"Shallots, raw",SR Legacy,2.5,0.1,16.8,3.2,72.0
167577,"Sherbet, orange",SR Legacy,1.1,2.0,30.4,1.3,144.0
172329,"Shortening bread, soybean (hydrogenated) and cottonseed",SR Legacy,0.0,100.0,0.0,0.0,884.0
172330,"Shortening cake mix, soybean (hydrogenated) and cottonseed (hydrogenated)",SR Legacy,0.0,100.0,0.0,0.0,884.0
173568,"Shortening confectionery, coconut (hydrogenated) and or palm kernel (hydrogenated)",SR Legacy,0.0,100.0,0.0,0.0,884.0
173567,"Shortening frying (heavy duty), beef tallow and cottonseed",SR Legacy,0.0,100.0,0.0,0.0,900.0
172331,"Shortening frying (heavy duty), palm (hydrogenated)",SR Legacy,0.0,100.0,0.0,0.0,884.0
172333,"Shortening frying (heavy duty), soybean (hydrogenated), linoleic (less than 1%)",SR Legacy,0.0,100.0,0.0,0.0,884.0
172332,Shortening household soybean (hydrogenated) and palm,SR Legacy,0.0,100.0,0.0,0.0,884.0
173566,"Shortening industrial, lard and vegetable oil",SR Legacy,0.0,100.0,0.0,0.0,900.0
173569,"Shortening industrial, soybean (hydrogenated) and cottonseed",SR Legacy,0.0,100.0,0.0,0.0,884.0
172334,"Shortening, confectionery, fractionated palm",SR Legacy,0.0,100.0,0.0,0.0,884.0
172327,"Shortening, household, lard and vegetable oil",SR Legacy,0.0,100.0,0.0,0.0,900.0
171011,"Shortening, household, soybean (partially hydrogenated)-cottonseed (partially hydrogenated)",SR Legacy,0.0,100.0,0.0,0.0,884.0
173606,"Shortening, industrial, soy (partially hydrogenated ) and corn for frying",SR Legacy,0.0,100.0,0.0,0.0,884.0
173607,"Shortening, industrial, soy (partially hydrogenated ) for baking and confections",SR Legacy,0.0,100.0,0.0,0.0,884.0
173597,"Shortening, industrial, soy (partially hydrogenated), pourable liquid fry shortening",SR Legacy,0.0,100.0,0.0,0.0,884.0
173579,"Shortening, multipurpose, soybean (hydrogenated) and palm (hydrogenated)",SR Legacy,0.0,100.0,0.0,0.0,884.0
173575,"Shortening, special purpose for baking, soybean (hydrogenated) palm and cottonseed",SR Legacy,0.0,100.0,0.0,0.0,884.0
173574,"Shortening, special purpose for cakes and frostings, soybean (hydrogenated)",SR Legacy,0.0,100.0,0.0,0.0,884.0
173584,"Shortening, vegetable, household, composite",SR Legacy,0.0,99.97,0.0,0.0,884.0
175230,SILK Banana-Strawberry soy yogurt,SR Legacy,2.35,1.18,17.06,0.6,88.0
173780,SILK Black Cherry soy yogurt,SR Legacy,2.35,1.18,17.06,0.6,88.0
173781,SILK Blueberry soy yogurt,SR Legacy,2.35,1.18,17.06,0.6,88.0
173776,"SILK Chai, soymilk",SR Legacy,2.47,1.44,7.82,0.0,53.0
173770,"SILK Chocolate, soymilk",SR Legacy,2.06,1.44,9.47,0.8,58.0
175224,"SILK Coffee, soymilk",SR Legacy,2.06,1.44,10.29,0.0,62.0
175232,SILK French Vanilla Creamer,SR Legacy,0.0,6.67,20.0,0.0,133.0
173782,SILK Hazelnut Creamer,SR Legacy,0.0,6.67,20.0,0.0,133.0
175229,SILK Key Lime soy yogurt,SR Legacy,2.35,1.18,17.65,0.6,88.0
173773,"SILK Light Chocolate, soymilk",SR Legacy,2.06,0.62,9.05,0.8,49.0
173771,"SILK Light Plain, soymilk",SR Legacy,2.47,0.82,3.29,0.4,29.0
173772,"SILK Light Vanilla, soymilk",SR Legacy,2.47,0.82,4.12,0.4,33.0
173777,"SILK Mocha, soymilk",SR Legacy,2.06,1.44,9.05,0.0,58.0
173775,"SILK Nog, soymilk",SR Legacy,2.46,1.64,12.3,0.0,74.0
175231,SILK Original Creamer,SR Legacy,0.0,6.67,6.67,0.0,100.0
173779,SILK Peach soy yogurt,SR Legacy,2.35,1.18,18.82,0.6,94.0
175227,SILK Plain soy yogurt,SR Legacy,2.64,1.76,9.69,0.4,66.0
175218,"SILK Plain, soymilk",SR Legacy,2.88,1.65,3.29,0.4,41.0
175222,"SILK Plus Fiber, soymilk",SR Legacy,2.47,1.44,5.76,2.1,41.0
175221,"SILK Plus for Bone Health, soymilk",SR Legacy,2.47,1.44,4.53,0.8,41.0
175220,"SILK Plus Omega-3 DHA, soymilk",SR Legacy,2.88,2.06,3.29,0.4,45.0
173778,SILK Raspberry soy yogurt,SR Legacy,2.35,1.18,17.65,0.6,88.0
175228,SILK Strawberry soy yogurt,SR Legacy,2.35,1.18,18.24,0.6,94.0
175223,"SILK Unsweetened, soymilk",SR Legacy,2.88,1.65,1.65,0.4,33.0
175225,SILK Vanilla soy yogurt (family size),SR Legacy,2.64,1.76,13.66,0.4,79.0
175226,SILK Vanilla soy yogurt (single serving size),SR Legacy,2.94,1.76,14.71,0.6,88.0
175219,"SILK Vanilla, soymilk",SR Legacy,2.47,1.44,4.12,0.4,41.0
173774,"SILK Very Vanilla, soymilk",SR Legacy,2.47,1.65,7.82,0.4,53.0
171577,"SMART SOUP, French Lentil",SR Legacy,2.9,1.06,9.5,2.9,53.0
171578,"SMART SOUP, Greek Minestrone",SR Legacy,1.7,0.53,8.4,2.7,40.0
171181,"SMART SOUP, Indian Bean Masala",SR Legacy,3.3,0.88,10.5,2.6,57.0
171182,"SMART SOUP, Moroccan Chick Pea",SR Legacy,2.0,1.06,9.7,3.1,51.0
171576,"SMART SOUP, Santa Fe Corn Chowder",SR Legacy,2.0,0.71,11.2,2.0,55.0
171183,"SMART SOUP, Thai Coconut Curry",SR Legacy,0.8,1.06,6.5,1.0,36.0
171184,"SMART SOUP, Vietnamese Carrot Lemongrass",SR Legacy,1.3,1.06,8.2,1.5,44.0
167654,"Smelt, dried (Alaska Native)",SR Legacy,56.19,17.9,0.0,0.0,386.0
173159,"Snack, BALANCE, original bar",SR Legacy,28.0,12.0,48.73,3.1,415.0
174803,"Snack, Mixed Berry Bar",SR Legacy,13.16,10.53,58.84,7.9,383.0
168853,"Snack, potato chips, made from dried potatoes, plain",SR Legacy,4.62,35.28,55.38,2.9,545.0
173156,"Snack, Pretzel, hard chocolate coated",SR Legacy,7.05,17.64,70.07,3.5,467.0
173150,"Snacks, bagel chips, plain",SR Legacy,12.34,15.14,66.36,4.1,451.0
168849,"Snacks, banana chips",SR Legacy,2.3,33.6,58.4,7.7,519.0
167536,"Snacks, beef jerky, chopped and formed",SR Legacy,33.2,25.6,11.0,1.8,410.0
168850,"Snacks, beef sticks, smoked",SR Legacy,21.5,49.6,5.4,,550.0
173155,"Snacks, brown rice chips",SR Legacy,8.2,2.8,81.5,4.2,384.0
174798,"Snacks, candy bits, yogurt covered with vitamin C",SR Legacy,0.0,7.5,86.9,0.2,415.0
174779,"Snacks, candy rolls, yogurt-covered, fruit flavored with high vitamin C",SR Legacy,0.46,6.53,74.64,3.3,359.0
174799,"Snacks, CLIF BAR, mixed flavors",SR Legacy,14.71,5.88,65.44,7.4,346.0
168857,"Snacks, corn cakes",SR Legacy,8.1,2.4,83.4,1.9,387.0
170647,"Snacks, corn cakes, very low sodium",SR Legacy,8.1,2.4,83.4,,387.0
167538,"Snacks, corn-based, extruded, chips, barbecue-flavor",SR Legacy,7.0,32.7,56.2,5.2,523.0
170245,"Snacks, corn-based, extruded, chips, barbecue-flavor, made with enriched masa flour",SR Legacy,7.0,32.7,56.2,,523.0
167537,"Snacks, corn-based, extruded, chips, plain",SR Legacy,6.17,33.36,57.27,4.0,539.0
168127,"Snacks, corn-based, extruded, chips, unsalted",SR Legacy,6.6,33.4,57.4,4.4,557.0
167539,"Snacks, corn-based, extruded, cones, plain",SR Legacy,5.8,26.9,62.9,1.1,510.0
167948,"Snacks, corn-based, extruded, onion-flavor",SR Legacy,7.7,22.6,65.1,3.9,499.0
167949,"Snacks, corn-based, extruded, puffs or twists, cheese-flavor",SR Legacy,5.46,36.54,54.54,0.8,567.0
170244,"Snacks, corn-based, extruded, puffs or twists, cheese-flavor, unenriched",SR Legacy,5.76,35.76,54.1,2.2,558.0
169672,"Snacks, cornnuts, barbecue-flavor",SR Legacy,9.0,14.3,71.7,8.4,436.0
169673,"Snacks, crisped rice bar, almond",SR Legacy,7.0,20.4,64.6,3.6,458.0
167951,"Snacks, crisped rice bar, chocolate chip",SR Legacy,5.1,13.5,73.0,2.2,404.0
168811,"Snacks, FARLEY CANDY, FARLEY Fruit Snacks, with vitamins A, C, and E",SR Legacy,4.4,0.0,80.9,,341.0
174789,"Snacks, FRITOLAY, SUNCHIPS, Multigrain Snack, Harvest Cheddar flavor",SR Legacy,8.08,22.22,64.7,8.1,491.0
174784,"Snacks, FRITOLAY, SUNCHIPS, Multigrain Snack, original flavor",SR Legacy,7.95,21.11,67.26,8.8,491.0
174788,"Snacks, FRITOLAY, SUNCHIPS, multigrain, French onion flavor",SR Legacy,8.68,22.15,65.49,7.8,496.0
167540,"Snacks, fruit leather, pieces",SR Legacy,1.0,2.68,82.82,0.0,359.0
169636,"Snacks, fruit leather, pieces, with vitamin C",SR Legacy,0.1,3.5,85.2,3.5,373.0
167541,"Snacks, fruit leather, rolls",SR Legacy,0.1,3.0,85.8,0.0,371.0
168808,"Snacks, GENERAL MILLS, BETTY CROCKER Fruit Roll Ups, berry flavored, with vitamin C",SR Legacy,0.1,3.5,85.2,,373.0
173145,"Snacks, granola bar, chewy, reduced sugar, all flavors",SR Legacy,5.55,12.5,69.4,3.1,412.0
168861,"Snacks, granola bar, fruit-filled, nonfat",SR Legacy,5.9,0.9,77.6,7.4,342.0
174801,"Snacks, granola bar, GENERAL MILLS NATURE VALLEY, SWEET&SALTY NUT, peanut",SR Legacy,9.14,22.86,61.14,2.9,487.0
173153,"Snacks, granola bar, GENERAL MILLS, NATURE VALLEY, CHEWY TRAIL MIX",SR Legacy,5.71,11.43,72.27,3.8,415.0
174802,"Snacks, granola bar, GENERAL MILLS, NATURE VALLEY, with yogurt coating",SR Legacy,5.71,11.43,74.29,4.4,423.0
174793,"Snacks, granola bar, KASHI GOLEAN, chewy, mixed flavors",SR Legacy,16.67,7.69,63.42,7.7,390.0
173144,"Snacks, granola bar, KASHI GOLEAN, crunchy, mixed flavors",SR Legacy,17.88,9.23,59.58,5.9,393.0
174794,"Snacks, granola bar, KASHI TLC Bar, chewy, mixed flavors",SR Legacy,18.57,15.71,53.26,11.4,429.0
174797,"Snacks, granola bar, KASHI TLC Bar, crunchy, mixed flavors",SR Legacy,15.0,15.0,62.78,10.0,446.0
174800,"Snacks, granola bar, QUAKER, chewy, 90 Calorie Bar",SR Legacy,4.17,8.33,79.17,4.2,408.0
173154,"Snacks, granola bar, QUAKER, DIPPS, all flavors",SR Legacy,7.52,20.42,64.96,3.2,480.0
169863,"Snacks, granola bar, with coconut, chocolate coated",SR Legacy,5.2,32.2,55.2,6.2,531.0
167543,"Snacks, granola bars, hard, almond",SR Legacy,7.7,25.5,62.0,4.8,495.0
167952,"Snacks, granola bars, hard, chocolate chip",SR Legacy,7.3,16.3,72.1,4.4,438.0
169681,"Snacks, granola bars, hard, peanut butter",SR Legacy,9.8,23.8,62.3,2.9,483.0
167542,"Snacks, granola bars, hard, plain",SR Legacy,10.1,19.8,64.4,5.3,471.0
174795,"Snacks, granola bars, QUAKER OATMEAL TO GO, all flavors",SR Legacy,6.67,6.67,75.47,4.6,389.0
173148,"Snacks, granola bars, soft, almond, confectioners coating",SR Legacy,8.6,20.0,60.13,4.3,455.0
167545,"Snacks, granola bars, soft, coated, milk chocolate coating, chocolate chip",SR Legacy,5.8,24.9,63.8,3.4,466.0
167547,"Snacks, granola bars, soft, coated, milk chocolate coating, peanut butter",SR Legacy,10.2,31.1,53.4,2.8,508.0
169674,"Snacks, granola bars, soft, uncoated, chocolate chip",SR Legacy,5.65,16.57,70.2,3.8,418.0
169675,"Snacks, granola bars, soft, uncoated, chocolate chip, graham and marshmallow",SR Legacy,6.1,15.5,70.8,4.0,427.0
169676,"Snacks, granola bars, soft, uncoated, nut and raisin",SR Legacy,8.0,20.4,63.6,5.6,454.0
167955,"Snacks, granola bars, soft, uncoated, peanut butter",SR Legacy,10.5,15.8,64.4,4.3,426.0
167548,"Snacks, granola bars, soft, uncoated, peanut butter and chocolate chip",SR Legacy,9.8,20.0,62.2,4.2,432.0
167954,"Snacks, granola bars, soft, uncoated, plain",SR Legacy,7.4,17.2,67.3,4.6,443.0
167544,"Snacks, granola bars, soft, uncoated, raisin",SR Legacy,7.6,17.8,66.4,4.2,448.0
173146,"Snacks, granola bites, mixed flavors",SR Legacy,7.17,17.5,66.27,5.7,451.0
169688,"Snacks, KELLOGG, KELLOGG'S Low Fat Granola Bar, Crunchy Almond/Brown Sugar",SR Legacy,8.0,7.4,78.0,6.2,390.0
169687,"Snacks, KELLOGG, KELLOGG'S RICE KRISPIES TREATS Squares",SR Legacy,3.4,9.0,80.5,0.0,417.0
168862,"Snacks, KELLOGG, KELLOGG'S, NUTRI-GRAIN Cereal Bars, fruit",SR Legacy,4.22,8.67,67.61,3.0,365.0
167950,"Snacks, KRAFT, CORNNUTS, plain",SR Legacy,8.5,15.64,71.86,6.9,446.0
167964,"Snacks, M&M MARS, COMBOS Snacks Cheddar Cheese Pretzel",SR Legacy,9.85,16.92,66.5,3.6,463.0
169689,"Snacks, M&M MARS, KUDOS Whole Grain Bar, chocolate chip",SR Legacy,4.47,13.02,72.31,2.6,420.0
173135,"Snacks, M&M MARS, KUDOS Whole Grain Bar, M&M's milk chocolate",SR Legacy,3.78,11.95,73.01,2.4,415.0
173133,"Snacks, M&M MARS, KUDOS Whole Grain Bars, peanut butter",SR Legacy,5.88,20.78,64.69,2.6,463.0
173151,"Snacks, NUTRI-GRAIN FRUIT AND NUT BAR",SR Legacy,9.38,10.93,66.72,7.5,403.0
167958,"Snacks, oriental mix, rice-based",SR Legacy,17.31,25.58,51.62,13.2,506.0
173157,"Snacks, peas, roasted, wasabi-flavored",SR Legacy,14.11,14.11,62.2,3.8,432.0
173147,"Snacks, pita chips, salted",SR Legacy,11.79,15.2,68.26,3.8,457.0
173142,"Snacks, plantain chips, salted",SR Legacy,2.28,29.59,63.84,3.5,531.0
167959,"Snacks, popcorn, air-popped",SR Legacy,12.94,4.54,77.78,14.5,387.0
170246,"Snacks, popcorn, air-popped (Unsalted)",SR Legacy,12.0,4.2,77.9,15.1,382.0
167550,"Snacks, popcorn, cakes",SR Legacy,9.7,3.1,80.1,2.9,384.0
167551,"Snacks, popcorn, caramel-coated, with peanuts",SR Legacy,6.4,7.8,80.7,3.8,400.0
167552,"Snacks, popcorn, caramel-coated, without peanuts",SR Legacy,3.8,12.8,79.1,5.2,431.0
167960,"Snacks, popcorn, cheese-flavor",SR Legacy,9.3,33.2,51.6,9.9,526.0
169861,"Snacks, popcorn, home-prepared, oil-popped, unsalted",SR Legacy,9.0,28.1,58.1,10.0,500.0
173131,"Snacks, popcorn, microwave, 94% fat free",SR Legacy,10.72,6.1,76.04,13.6,402.0
174778,"Snacks, popcorn, microwave, low fat",SR Legacy,12.6,9.5,72.0,14.2,424.0
174785,"Snacks, popcorn, microwave, regular (butter) flavor, made with partially hydrogenated oil",SR Legacy,7.5,34.02,55.16,10.0,557.0
167549,"Snacks, popcorn, oil-popped, microwave, regular flavor, no trans fat",SR Legacy,7.29,43.55,45.06,8.1,583.0
170247,"Snacks, popcorn, oil-popped, white popcorn, salt added",SR Legacy,9.0,28.1,57.2,10.0,500.0
168851,"Snacks, pork skins, barbecue-flavor",SR Legacy,57.9,31.8,1.6,,538.0
167961,"Snacks, pork skins, plain",SR Legacy,61.3,31.3,0.0,0.0,544.0
167962,"Snacks, potato chips, barbecue-flavor",SR Legacy,6.51,31.06,55.92,3.8,487.0
169682,"Snacks, potato chips, cheese-flavor",SR Legacy,8.5,27.2,57.7,5.2,496.0
169686,"Snacks, potato chips, fat free, salted",SR Legacy,9.64,0.6,83.76,7.5,379.0
169684,"Snacks, potato chips, fat-free, made with olestra",SR Legacy,7.74,0.7,65.0,6.8,274.0
174805,"Snacks, potato chips, lightly salted",SR Legacy,6.72,35.39,53.54,4.2,560.0
174804,"Snacks, potato chips, made from dried potatoes (preformed), multigrain",SR Legacy,5.3,24.74,65.34,2.7,505.0
169678,"Snacks, potato chips, made from dried potatoes, cheese-flavor",SR Legacy,7.0,37.0,50.6,3.4,551.0
168864,"Snacks, potato chips, made from dried potatoes, fat-free, made with olestra",SR Legacy,5.06,0.93,56.0,7.3,253.0
167553,"Snacks, potato chips, made from dried potatoes, reduced fat",SR Legacy,4.56,26.14,64.76,3.2,502.0
167554,"Snacks, potato chips, made from dried potatoes, sour-cream and onion-flavor",SR Legacy,6.6,37.0,51.3,1.2,547.0
170248,"Snacks, potato chips, plain, made with partially hydrogenated soybean oil, salted",SR Legacy,7.0,34.6,52.9,4.8,536.0
170648,"Snacks, potato chips, plain, made with partially hydrogenated soybean oil, unsalted",SR Legacy,7.0,34.6,52.9,4.8,536.0
169677,"Snacks, potato chips, plain, salted",SR Legacy,6.39,33.98,53.83,3.1,532.0
170649,"Snacks, potato chips, plain, unsalted",SR Legacy,7.0,34.6,52.9,4.8,536.0
169683,"Snacks, potato chips, reduced fat",SR Legacy,7.1,20.8,66.9,5.9,471.0
167963,"Snacks, potato chips, sour-cream-and-onion-flavor",SR Legacy,8.1,33.9,51.5,5.2,531.0
169046,"Snacks, potato chips, white, restructured, baked",SR Legacy,5.0,18.2,71.4,4.8,469.0
168854,"Snacks, potato sticks",SR Legacy,6.7,34.4,53.3,3.4,522.0
174806,"Snacks, Pretzels, gluten- free made with cornstarch and potato flour",SR Legacy,3.52,6.67,78.62,3.3,389.0
167556,"Snacks, pretzels, hard, confectioner's coating, chocolate-flavor",SR Legacy,7.5,16.7,70.9,2.4,457.0
170249,"Snacks, pretzels, hard, plain, made with enriched flour, unsalted",SR Legacy,9.1,3.5,79.2,2.8,381.0
170650,"Snacks, pretzels, hard, plain, made with unenriched flour, salted",SR Legacy,9.1,3.5,79.2,2.8,381.0
170651,"Snacks, pretzels, hard, plain, made with unenriched flour, unsalted",SR Legacy,9.1,3.5,79.2,2.8,381.0
167555,"Snacks, pretzels, hard, plain, salted",SR Legacy,10.04,2.93,80.39,3.4,384.0
167965,"Snacks, pretzels, hard, whole-wheat including both salted and unsalted",SR Legacy,11.1,2.6,81.3,7.7,362.0
167967,"Snacks, rice cakes, brown rice, buckwheat",SR Legacy,9.0,3.5,80.1,3.8,380.0
170251,"Snacks, rice cakes, brown rice, buckwheat, unsalted",SR Legacy,9.0,3.5,80.1,,380.0
169679,"Snacks, rice cakes, brown rice, corn",SR Legacy,8.4,3.2,81.2,2.9,385.0
169680,"Snacks, rice cakes, brown rice, multigrain",SR Legacy,8.5,3.5,80.1,3.0,387.0
170252,"Snacks, rice cakes, brown rice, multigrain, unsalted",SR Legacy,8.5,3.5,80.1,,387.0
170250,"Snacks, rice cakes, brown rice, plain, unsalted",SR Legacy,8.2,2.8,81.5,4.2,387.0
168855,"Snacks, rice cakes, brown rice, rye",SR Legacy,8.1,3.8,79.9,4.0,386.0
167557,"Snacks, rice cakes, brown rice, sesame seed",SR Legacy,7.6,3.8,81.5,5.4,392.0
170652,"Snacks, rice cakes, brown rice, sesame seed, unsalted",SR Legacy,7.6,3.8,81.5,,392.0
167966,"Snacks, rice cracker brown rice, plain",SR Legacy,8.2,2.8,81.5,4.2,387.0
168856,"Snacks, sesame sticks, wheat-based, salted",SR Legacy,10.9,36.7,46.5,2.8,541.0
170653,"Snacks, sesame sticks, wheat-based, unsalted",SR Legacy,10.9,36.7,46.5,,541.0
173160,"Snacks, shrimp cracker",SR Legacy,7.14,17.86,59.09,5.6,426.0
173140,"Snacks, soy chips or crisps, salted",SR Legacy,26.5,7.35,53.15,3.5,385.0
169635,"Snacks, SUNKIST, SUNKIST Fruit Roll, strawberry, with vitamins A, C, and E",SR Legacy,0.6,1.0,82.7,7.7,342.0
174783,"Snacks, sweet potato chips, unsalted",SR Legacy,2.94,32.35,56.82,8.8,532.0
168865,"Snacks, taro chips",SR Legacy,2.3,24.9,68.1,7.2,498.0
168137,"Snacks, tortilla chips, light (baked with less oil)",SR Legacy,8.7,15.2,73.4,5.7,465.0
168863,"Snacks, tortilla chips, low fat, made with olestra, nacho cheese",SR Legacy,8.44,3.53,65.22,6.4,318.0
170254,"Snacks, tortilla chips, low fat, unsalted",SR Legacy,11.0,5.7,80.1,5.3,416.0
167559,"Snacks, tortilla chips, nacho cheese",SR Legacy,7.36,27.42,60.81,5.1,519.0
170256,"Snacks, tortilla chips, nacho-flavor, made with enriched masa flour",SR Legacy,7.8,25.6,62.3,5.3,511.0
168858,"Snacks, tortilla chips, nacho-flavor, reduced fat",SR Legacy,8.7,15.2,71.6,4.8,445.0
167558,"Snacks, tortilla chips, plain, white corn, salted",SR Legacy,7.1,20.68,67.78,5.4,472.0
167560,"Snacks, tortilla chips, ranch-flavor",SR Legacy,7.19,24.63,62.74,4.0,501.0
167970,"Snacks, tortilla chips, taco-flavor",SR Legacy,7.9,24.2,63.1,5.3,480.0
168116,"Snacks, tortilla chips, unsalted, white corn",SR Legacy,7.79,23.36,65.32,5.3,503.0
167561,"Snacks, trail mix, regular",SR Legacy,13.8,29.4,44.9,,462.0
170654,"Snacks, trail mix, regular, unsalted",SR Legacy,13.8,29.4,44.9,,462.0
167969,"Snacks, trail mix, regular, with chocolate chips, salted nuts and seeds",SR Legacy,14.2,31.9,44.9,5.0,484.0
170655,"Snacks, trail mix, regular, with chocolate chips, unsalted nuts and seeds",SR Legacy,14.2,31.9,44.9,,484.0
167968,"Snacks, trail mix, tropical",SR Legacy,6.3,17.1,65.6,,442.0
174791,"Snacks, vegetable chips, HAIN CELESTIAL GROUP, TERRA CHIPS",SR Legacy,4.13,29.81,57.97,10.9,517.0
174796,"Snacks, vegetable chips, made from garden vegetables",SR Legacy,5.32,23.3,60.43,4.7,473.0
173152,"Snacks, yucca (cassava) chips, salted",SR Legacy,1.34,25.91,69.23,3.7,515.0
2747669,"Snapper, frozen, wild caught",Foundation Foods,20.6625,0.5692,0.4413,,89.538
2747670,"Snow crab, legs only, frozen  ",Foundation Foods,15.5375,0.2942,1.1063,,69.223
2710839,"Sorghum bran, white, unenriched, dry, raw",Foundation Foods,11.16875,9.259,68.69525,34.95,402.787
173262,"Sorghum flour, refined, unenriched",SR Legacy,9.53,1.24,76.85,1.9,357.0
2710840,"Sorghum flour, white, pearled, unenriched, dry, raw",Foundation Foods,10.2125,3.238,73.5065,3.299,364.018
168943,"Sorghum flour, whole-grain",SR Legacy,8.43,3.34,76.64,6.6,359.0
169716,Sorghum grain,SR Legacy,10.62,3.46,72.09,6.7,329.0
2710841,"Sorghum grain, white, pearled, unenriched, dry, raw",Foundation Foods,10.25,3.265,74.872,3.916,369.873
2710842,"Sorghum, whole grain, white, dry, raw",Foundation Foods,10.08125,4.219,73.57375,8.274,372.591
174533,"Soup, bean & ham, canned, reduced sodium, prepared with water or ready-to-serve",SR Legacy,4.19,1.03,13.66,4.0,81.0
171586,"Soup, bean with bacon, condensed, single brand",SR Legacy,6.5,2.1,18.0,4.6,117.0
171143,"Soup, bean with frankfurters, canned, condensed",SR Legacy,7.6,5.31,16.75,4.6,142.0
172905,"Soup, bean with frankfurters, canned, prepared with equal volume water",SR Legacy,3.99,2.79,8.8,,75.0
171144,"Soup, bean with ham, canned, chunky, ready-to-serve",SR Legacy,5.19,3.5,11.16,4.6,95.0
171142,"Soup, bean with pork, canned, condensed",SR Legacy,5.88,4.42,16.97,5.9,129.0
172904,"Soup, bean with pork, canned, prepared with equal volume water",SR Legacy,2.88,2.16,8.31,2.9,63.0
171611,"Soup, beef and mushroom, low sodium, chunk style",SR Legacy,4.3,2.3,9.58,0.2,69.0
171190,"Soup, beef and vegetables, canned, ready-to-serve",SR Legacy,3.18,1.16,6.16,1.2,48.0
174065,"Soup, beef and vegetables, reduced sodium, canned, ready-to-serve",SR Legacy,3.26,0.95,4.99,0.8,42.0
174073,"Soup, beef barley, ready to serve",SR Legacy,2.81,0.96,7.94,0.9,52.0
171548,"Soup, beef broth bouillon and consomme, canned, condensed",SR Legacy,2.52,0.0,0.32,0.0,11.0
171538,"Soup, beef broth or bouillon canned, ready-to-serve",SR Legacy,1.14,0.22,0.04,0.0,7.0
171560,"Soup, beef broth or bouillon, powder, dry",SR Legacy,15.97,8.89,17.4,0.0,213.0
172922,"Soup, beef broth or bouillon, powder, prepared with water",SR Legacy,0.21,0.08,0.25,0.0,3.0
174557,"Soup, beef broth, bouillon, consomme, prepared with equal volume water",SR Legacy,2.22,0.0,0.73,0.0,12.0
171561,"Soup, beef broth, cubed, dry",SR Legacy,17.3,4.0,16.1,0.0,170.0
172923,"Soup, beef broth, cubed, prepared with water",SR Legacy,0.21,0.08,0.25,0.0,3.0
172889,"Soup, beef broth, less/reduced sodium, ready to serve",SR Legacy,1.14,0.07,0.2,0.0,6.0
171175,"Soup, beef mushroom, canned, condensed",SR Legacy,4.6,2.4,5.2,0.2,61.0
171572,"Soup, beef mushroom, canned, prepared with equal volume water",SR Legacy,2.37,1.23,2.6,0.1,30.0
171539,"Soup, beef noodle, canned, condensed",SR Legacy,3.85,2.46,7.16,0.6,67.0
172906,"Soup, beef noodle, canned, prepared with equal volume water",SR Legacy,1.93,1.23,3.58,0.3,34.0
171612,"Soup, beef stroganoff, canned, chunky style, ready-to-serve",SR Legacy,5.1,4.6,9.0,0.6,98.0
171141,"Soup, black bean, canned, condensed",SR Legacy,4.83,1.32,15.42,6.8,91.0
172903,"Soup, black bean, canned, prepared with equal volume water",SR Legacy,2.42,0.66,7.71,3.4,46.0
171613,"Soup, bouillon cubes and granules, low sodium, dry",SR Legacy,16.7,13.89,64.88,0.2,438.0
171178,"Soup, broccoli cheese, canned, condensed, commercial",SR Legacy,2.1,5.3,7.7,1.8,87.0
171541,"Soup, cheese, canned, condensed",SR Legacy,0.8,3.92,11.3,2.2,82.0
172894,"Soup, cheese, canned, prepared with equal volume milk",SR Legacy,3.77,5.8,6.47,0.4,92.0
174550,"Soup, cheese, canned, prepared with equal volume water",SR Legacy,2.19,4.24,4.26,0.4,63.0
171546,"Soup, chicken and vegetable, canned, ready-to-serve",SR Legacy,1.97,0.73,4.68,0.9,33.0
171563,"Soup, chicken broth cubes, dry",SR Legacy,14.6,4.7,23.5,0.0,198.0
174566,"Soup, chicken broth cubes, dry, prepared with water",SR Legacy,0.39,0.12,0.62,,5.0
171562,"Soup, chicken broth or bouillon, dry",SR Legacy,16.66,13.88,18.01,0.0,267.0
172924,"Soup, chicken broth or bouillon, dry, prepared with water",SR Legacy,0.28,0.23,0.3,0.0,4.0
171542,"Soup, chicken broth, canned, condensed",SR Legacy,4.42,1.04,0.75,0.0,31.0
174551,"Soup, chicken broth, canned, prepared with equal volume water",SR Legacy,2.02,0.57,0.38,0.0,16.0
172888,"Soup, chicken broth, less/reduced sodium, ready to serve",SR Legacy,1.36,0.0,0.38,0.0,7.0
171609,"Soup, chicken broth, low sodium, canned",SR Legacy,2.0,0.6,1.2,0.0,16.0
174536,"Soup, chicken broth, ready-to-serve",SR Legacy,0.64,0.21,0.44,0.0,6.0
171585,"Soup, chicken corn chowder, chunky, ready-to-serve, single brand",SR Legacy,3.1,6.3,7.5,0.9,99.0
171147,"Soup, chicken gumbo, canned, condensed",SR Legacy,2.1,1.14,6.67,1.6,45.0
172908,"Soup, chicken gumbo, canned, prepared with equal volume water",SR Legacy,1.08,0.59,3.43,0.8,23.0
174522,"Soup, chicken mushroom, canned, condensed",SR Legacy,1.61,4.84,11.95,3.2,100.0
171573,"Soup, chicken mushroom, canned, prepared with equal volume water",SR Legacy,1.8,3.75,3.8,0.1,54.0
171543,"Soup, chicken noodle, canned, condensed",SR Legacy,2.37,1.55,6.07,0.9,48.0
172909,"Soup, chicken noodle, canned, prepared with equal volume water",SR Legacy,1.16,0.76,2.97,0.5,24.0
171571,"Soup, chicken noodle, dry, mix",SR Legacy,15.42,6.51,62.32,3.2,377.0
172925,"Soup, chicken noodle, dry, mix, prepared with water",SR Legacy,0.84,0.55,3.67,0.1,23.0
171593,"Soup, chicken noodle, low sodium, canned, prepared with equal volume water",SR Legacy,1.27,0.95,2.95,0.2,25.0
174064,"Soup, chicken noodle, reduced sodium, canned, ready-to-serve",SR Legacy,3.29,1.34,3.84,0.8,41.0
171544,"Soup, chicken rice, canned, chunky, ready-to-serve",SR Legacy,5.11,1.33,5.41,0.4,53.0
172892,"Soup, chicken vegetable with potato and cheese, chunky, ready-to-serve",SR Legacy,1.16,4.46,5.2,0.3,65.0
171149,"Soup, chicken vegetable, canned, condensed",SR Legacy,2.94,2.32,7.01,0.7,61.0
171545,"Soup, chicken with rice, canned, condensed",SR Legacy,1.84,1.56,11.57,0.9,68.0
172910,"Soup, chicken with rice, canned, prepared with equal volume water",SR Legacy,1.45,0.78,2.92,0.3,24.0
171145,"Soup, chicken, canned, chunky, ready-to-serve",SR Legacy,5.06,2.64,6.88,0.6,71.0
171150,"Soup, chili beef, canned, condensed",SR Legacy,5.09,2.53,18.86,2.5,117.0
172911,"Soup, chili beef, canned, prepared with equal volume water",SR Legacy,2.49,1.24,9.23,1.2,57.0
171162,"Soup, chunky beef, canned, ready-to-serve",SR Legacy,3.97,1.11,10.08,0.6,66.0
171148,"Soup, chunky chicken noodle, canned, ready-to-serve",SR Legacy,3.09,1.16,4.46,0.8,41.0
171559,"Soup, chunky vegetable, canned, ready-to-serve",SR Legacy,1.14,0.36,7.9,1.1,39.0
174071,"Soup, chunky vegetable, reduced sodium, canned, ready-to-serve",SR Legacy,1.16,0.51,10.28,1.1,50.0
171151,"Soup, clam chowder, manhattan style, canned, chunky, ready-to-serve",SR Legacy,3.02,1.41,7.84,1.2,56.0
171152,"Soup, clam chowder, manhattan, canned, condensed",SR Legacy,1.74,1.76,9.74,1.2,61.0
174554,"Soup, clam chowder, manhattan, canned, prepared with equal volume water",SR Legacy,0.85,0.86,4.77,0.6,30.0
171547,"Soup, clam chowder, new england, canned, condensed",SR Legacy,3.17,2.06,10.32,0.7,72.0
174539,"Soup, clam chowder, new england, canned, prepared with equal volume low fat (2%) milk",SR Legacy,3.24,2.02,7.46,0.3,61.0
174555,"Soup, clam chowder, new england, canned, prepared with equal volume water",SR Legacy,1.55,1.01,5.05,0.3,35.0
174062,"Soup, clam chowder, new england, canned, ready-to-serve",SR Legacy,2.61,3.94,8.28,1.0,79.0
174063,"Soup, clam chowder, new england, reduced sodium, canned, ready-to-serve",SR Legacy,2.33,4.23,5.68,0.8,70.0
171537,"Soup, cream of asparagus, canned, condensed",SR Legacy,1.82,3.26,8.52,0.4,69.0
172891,"Soup, cream of asparagus, canned, prepared with equal volume milk",SR Legacy,2.55,3.3,6.61,0.3,65.0
174549,"Soup, cream of asparagus, canned, prepared with equal volume water",SR Legacy,0.94,1.68,4.38,0.2,35.0
171540,"Soup, cream of celery, canned, condensed",SR Legacy,1.32,4.46,7.03,0.6,72.0
172893,"Soup, cream of celery, canned, prepared with equal volume milk",SR Legacy,2.29,3.91,5.86,0.3,66.0
172907,"Soup, cream of celery, canned, prepared with equal volume water",SR Legacy,0.68,2.29,3.62,0.3,37.0
171146,"Soup, cream of chicken, canned, condensed",SR Legacy,2.38,5.77,7.16,0.0,90.0
171602,"Soup, cream of chicken, canned, condensed, reduced sodium",SR Legacy,1.8,1.3,9.5,0.4,58.0
174537,"Soup, cream of chicken, canned, prepared with equal volume milk",SR Legacy,3.01,4.62,6.04,0.1,77.0
174553,"Soup, cream of chicken, canned, prepared with equal volume water",SR Legacy,1.41,3.02,3.8,0.1,48.0
174567,"Soup, cream of chicken, dry, mix, prepared with water",SR Legacy,0.68,2.04,5.11,0.1,41.0
171155,"Soup, cream of mushroom, canned, condensed",SR Legacy,1.35,5.3,6.8,0.7,79.0
172887,"Soup, cream of mushroom, canned, condensed, reduced sodium",SR Legacy,1.21,1.69,8.1,0.6,52.0
174540,"Soup, cream of mushroom, canned, prepared with equal volume low fat (2%) milk",SR Legacy,2.36,3.58,5.76,0.3,65.0
172915,"Soup, cream of mushroom, canned, prepared with equal volume water",SR Legacy,0.66,2.59,3.33,0.3,39.0
171607,"Soup, cream of mushroom, low sodium, ready-to-serve, canned",SR Legacy,1.0,3.7,4.53,0.2,53.0
171552,"Soup, cream of onion, canned, condensed",SR Legacy,2.2,4.2,10.4,0.4,88.0
174541,"Soup, cream of onion, canned, prepared with equal volume milk",SR Legacy,2.74,3.78,7.4,0.3,75.0
174559,"Soup, cream of onion, canned, prepared with equal volume water",SR Legacy,1.13,2.16,5.2,0.4,44.0
171158,"Soup, cream of potato, canned, condensed",SR Legacy,1.51,1.88,12.79,1.3,74.0
172897,"Soup, cream of potato, canned, prepared with equal volume milk",SR Legacy,2.33,2.6,6.92,0.2,60.0
172917,"Soup, cream of potato, canned, prepared with equal volume water",SR Legacy,0.72,0.97,4.7,0.2,30.0
171159,"Soup, cream of shrimp, canned, condensed",SR Legacy,2.22,4.14,6.53,0.2,72.0
172898,"Soup, cream of shrimp, canned, prepared with equal volume low fat (2%) milk",SR Legacy,2.78,3.23,5.64,0.1,61.0
172918,"Soup, cream of shrimp, canned, prepared with equal volume water",SR Legacy,1.11,2.07,3.27,0.1,36.0
171166,"Soup, cream of vegetable, dry, powder",SR Legacy,8.0,24.1,52.1,3.0,446.0
174807,"Soup, egg drop, Chinese restaurant",SR Legacy,1.16,0.61,4.29,0.4,27.0
168027,"Soup, fish, homemade (Alaska Native)",SR Legacy,7.4,2.2,5.6,,72.0
172899,"Soup, HEALTHY CHOICE Chicken and Rice Soup, canned",SR Legacy,2.53,0.55,5.71,0.8,37.0
174545,"Soup, HEALTHY CHOICE Chicken Noodle Soup, canned",SR Legacy,3.69,0.63,5.2,0.8,41.0
172900,"Soup, HEALTHY CHOICE Garden Vegetable Soup, canned",SR Legacy,2.13,0.21,10.04,1.9,51.0
174808,"Soup, hot and sour, Chinese restaurant",SR Legacy,2.58,1.21,4.35,0.5,39.0
171549,"Soup, lentil with ham, canned, ready-to-serve",SR Legacy,3.74,1.12,8.16,,56.0
171550,"Soup, minestrone, canned, chunky, ready-to-serve",SR Legacy,2.13,1.17,8.64,2.4,53.0
171153,"Soup, minestrone, canned, condensed",SR Legacy,3.48,2.05,9.17,0.8,68.0
172913,"Soup, minestrone, canned, prepared with equal volume water",SR Legacy,1.77,1.04,4.66,0.4,34.0
174530,"Soup, minestrone, canned, reduced sodium, ready-to-serve",SR Legacy,2.0,0.8,9.0,2.4,50.0
171154,"Soup, mushroom barley, canned, condensed",SR Legacy,1.5,1.8,9.6,,61.0
172914,"Soup, mushroom barley, canned, prepared with equal volume water",SR Legacy,0.77,0.93,4.8,0.3,30.0
171156,"Soup, mushroom with beef stock, canned, condensed",SR Legacy,2.51,3.21,7.41,0.1,68.0
174558,"Soup, mushroom with beef stock, canned, prepared with equal volume water",SR Legacy,1.29,1.65,3.81,0.3,35.0
171551,"Soup, onion, canned, condensed",SR Legacy,3.06,1.42,6.68,0.7,46.0
171165,"Soup, onion, dry, mix",SR Legacy,7.48,0.34,65.07,6.6,293.0
174568,"Soup, onion, dry, mix, prepared with water",SR Legacy,0.32,0.01,2.77,0.3,12.0
171553,"Soup, oyster stew, canned, condensed",SR Legacy,1.72,3.13,3.32,0.0,48.0
172895,"Soup, oyster stew, canned, prepared with equal volume milk",SR Legacy,2.51,3.24,3.99,0.0,55.0
174560,"Soup, oyster stew, canned, prepared with equal volume water",SR Legacy,0.87,1.59,1.69,,24.0
171554,"Soup, pea, green, canned, condensed",SR Legacy,6.54,2.23,20.18,3.9,125.0
172896,"Soup, pea, green, canned, prepared with equal volume milk",SR Legacy,4.97,2.77,12.69,1.1,94.0
174561,"Soup, pea, green, canned, prepared with equal volume water",SR Legacy,3.2,1.09,9.88,1.9,61.0
171592,"Soup, pea, low sodium, prepared with equal volume water",SR Legacy,3.2,1.09,9.88,1.9,62.0
171555,"Soup, pea, split with ham, canned, chunky, ready-to-serve",SR Legacy,4.62,1.66,11.17,1.7,77.0
171157,"Soup, pea, split with ham, canned, condensed",SR Legacy,7.68,3.28,20.81,1.7,141.0
172916,"Soup, pea, split with ham, canned, prepared with equal volume water",SR Legacy,4.08,1.74,11.05,0.9,75.0
171177,"Soup, ramen noodle, any flavor, dry",SR Legacy,10.17,17.59,60.26,2.9,440.0
171614,"Soup, ramen noodle, beef flavor, dry",SR Legacy,10.06,17.73,60.34,3.0,441.0
171615,"Soup, ramen noodle, chicken flavor, dry",SR Legacy,10.22,17.52,60.23,2.9,439.0
171822,"Soup, ramen noodle, dry, any flavor, reduced fat, reduced sodium",SR Legacy,10.89,2.5,70.95,2.7,350.0
174532,"Soup, shark fin, restaurant-prepared",SR Legacy,3.2,2.0,3.8,0.0,46.0
172883,"Soup, stock, beef, home-prepared",SR Legacy,1.97,0.09,1.2,0.0,13.0
172884,"Soup, stock, chicken, home-prepared",SR Legacy,2.52,1.2,3.53,0.0,36.0
172885,"Soup, stock, fish, home-prepared",SR Legacy,2.26,0.81,0.0,0.0,16.0
171179,"Soup, SWANSON, beef broth, lower sodium",SR Legacy,1.2,0.08,0.21,,6.0
171180,"Soup, SWANSON, vegetable broth",SR Legacy,0.23,0.07,1.02,0.0,6.0
171160,"Soup, tomato beef with noodle, canned, condensed",SR Legacy,3.55,3.42,16.87,1.2,112.0
172919,"Soup, tomato beef with noodle, canned, prepared with equal volume water",SR Legacy,1.78,1.71,8.44,0.6,56.0
172881,"Soup, tomato bisque, canned, condensed",SR Legacy,1.76,1.95,18.47,0.8,96.0
172902,"Soup, tomato bisque, canned, prepared with equal volume milk",SR Legacy,2.51,2.63,11.73,0.2,79.0
171574,"Soup, tomato bisque, canned, prepared with equal volume water",SR Legacy,0.92,1.02,9.6,0.2,50.0
171557,"Soup, tomato rice, canned, condensed",SR Legacy,1.64,2.12,17.08,1.3,93.0
172920,"Soup, tomato rice, canned, prepared with equal volume water",SR Legacy,0.82,1.06,8.54,0.7,47.0
172882,"Soup, tomato, canned, condensed",SR Legacy,1.46,0.44,15.22,1.1,66.0
171587,"Soup, tomato, canned, condensed, reduced sodium",SR Legacy,1.61,0.56,13.41,1.2,65.0
174546,"Soup, tomato, canned, prepared with equal volume low fat (2%) milk",SR Legacy,2.42,1.24,9.82,0.5,55.0
171176,"Soup, tomato, canned, prepared with equal volume water, commercial",SR Legacy,0.71,0.21,7.45,0.5,32.0
174569,"Soup, tomato, dry, mix, prepared with water",SR Legacy,0.93,0.61,7.17,0.4,38.0
171591,"Soup, tomato, low sodium, with water",SR Legacy,0.79,0.28,6.57,0.6,30.0
174562,"Soup, turkey noodle, canned, prepared with equal volume water",SR Legacy,1.6,0.82,3.54,0.3,28.0
174563,"Soup, turkey vegetable, canned, prepared with equal volume water",SR Legacy,1.28,1.26,3.58,0.2,30.0
171558,"Soup, turkey, chunky, canned, ready-to-serve",SR Legacy,4.33,1.87,5.96,,57.0
171163,"Soup, vegetable beef, canned, condensed",SR Legacy,4.45,1.51,8.11,1.6,63.0
174565,"Soup, vegetable beef, canned, prepared with equal volume water",SR Legacy,2.23,0.76,4.06,0.8,31.0
171189,"Soup, vegetable beef, microwavable, ready-to-serve, single brand",SR Legacy,6.2,0.7,3.3,1.5,44.0
171583,"Soup, vegetable broth, ready to serve",SR Legacy,0.24,0.07,0.93,0.0,5.0
171596,"Soup, vegetable chicken, canned, prepared with water, low sodium",SR Legacy,5.1,2.0,8.76,0.4,69.0
171594,"Soup, vegetable soup, condensed, low sodium, prepared with equal volume water",SR Legacy,1.1,0.45,6.06,1.1,33.0
171164,"Soup, vegetable with beef broth, canned, condensed",SR Legacy,2.42,1.56,10.7,1.3,66.0
172921,"Soup, vegetable with beef broth, canned, prepared with equal volume water",SR Legacy,1.21,0.78,5.35,0.7,33.0
174538,"Soup, vegetable, canned, low sodium, condensed",SR Legacy,2.2,0.9,12.11,2.1,65.0
171161,"Soup, vegetarian vegetable, canned, condensed",SR Legacy,1.72,1.58,9.78,0.5,59.0
174564,"Soup, vegetarian vegetable, canned, prepared with equal volume water",SR Legacy,0.86,0.79,4.89,0.3,28.0
171821,"Soup, wonton, Chinese restaurant",SR Legacy,2.08,0.26,5.25,0.2,32.0
173444,"Sour cream, fat free",SR Legacy,3.1,0.0,15.6,0.0,74.0
170869,"Sour cream, imitation, cultured",SR Legacy,2.4,19.52,6.63,0.0,208.0
173443,"Sour cream, light",SR Legacy,3.5,10.6,7.1,0.0,136.0
173442,"Sour cream, reduced fat",SR Legacy,7.0,14.1,7.0,0.0,181.0
171259,"Sour dressing, non-butterfat, cultured, filled cream-type",SR Legacy,3.25,16.57,4.68,0.0,178.0
168028,"Sourdock, young leaves (Alaska Native)",SR Legacy,2.3,0.7,6.5,,42.0
167761,"Soursop, raw",SR Legacy,1.0,0.3,16.84,3.3,66.0
174275,"Soy flour, defatted",SR Legacy,51.46,1.22,33.92,17.5,327.0
174273,"Soy flour, full-fat, raw",SR Legacy,37.81,20.65,31.92,9.6,434.0
174274,"Soy flour, full-fat, roasted",SR Legacy,38.09,21.86,30.38,9.7,439.0
172444,"Soy flour, low-fat",SR Legacy,49.81,8.9,30.63,16.0,372.0
172445,"Soy meal, defatted, raw",SR Legacy,49.2,2.39,35.89,,337.0
2257044,"Soy milk, sweetened, plain, refrigerated",Foundation Foods,2.776875,1.957,2.996125,0.0,40.705
1750337,"Soy milk, unsweetened, plain, shelf stable",Foundation Foods,3.546875,2.125,1.293125,0.0,38.485
174301,"Soy protein concentrate, produced by acid wash",SR Legacy,63.63,0.46,25.41,5.5,328.0
172447,"Soy protein concentrate, produced by alcohol extraction",SR Legacy,63.63,0.46,25.41,5.5,328.0
174276,Soy protein isolate,SR Legacy,88.32,3.39,0.0,0.0,335.0
174302,"Soy protein isolate, potassium type",SR Legacy,88.32,0.53,2.59,0.0,321.0
174279,Soy sauce made from hydrolyzed vegetable protein,SR Legacy,7.0,0.51,7.84,0.5,60.0
174278,Soy sauce made from soy (tamari),SR Legacy,10.51,0.1,5.57,0.8,60.0
174277,Soy sauce made from soy and wheat (shoyu),SR Legacy,8.14,0.57,4.93,0.8,53.0
172473,"Soy sauce made from soy and wheat (shoyu), low sodium",SR Legacy,9.05,0.3,5.59,0.7,57.0
172474,"Soy sauce, reduced sodium, made from hydrolyzed vegetable protein",SR Legacy,8.19,0.31,14.44,0.3,90.0
169083,"Soybean, curd cheese",SR Legacy,12.5,8.1,6.9,0.0,151.0
170530,"Soybeans, green, cooked, boiled, drained, with salt",SR Legacy,12.35,6.4,11.05,4.2,141.0
169283,"Soybeans, green, cooked, boiled, drained, without salt",SR Legacy,12.35,6.4,11.05,4.2,141.0
169282,"Soybeans, green, raw",SR Legacy,12.95,6.8,11.05,4.2,147.0
174271,"Soybeans, mature cooked, boiled, without salt",SR Legacy,18.21,8.97,8.36,6.0,172.0
174299,"Soybeans, mature seeds, cooked, boiled, with salt",SR Legacy,18.21,8.97,8.36,6.0,172.0
172441,"Soybeans, mature seeds, dry roasted",SR Legacy,43.32,21.62,28.98,8.1,449.0
174270,"Soybeans, mature seeds, raw",SR Legacy,36.49,19.94,30.16,9.3,446.0
174300,"Soybeans, mature seeds, roasted, no salt added",SR Legacy,38.55,25.4,30.22,17.7,469.0
172440,"Soybeans, mature seeds, roasted, salted",SR Legacy,38.55,25.4,30.22,17.7,469.0
168460,"Soybeans, mature seeds, sprouted, cooked, steamed",SR Legacy,8.47,4.45,6.53,0.8,81.0
169369,"Soybeans, mature seeds, sprouted, cooked, steamed, with salt",SR Legacy,8.47,4.45,6.53,0.8,81.0
168461,"Soybeans, mature seeds, sprouted, cooked, stir-fried",SR Legacy,13.1,7.1,9.4,0.8,125.0
169370,"Soybeans, mature seeds, sprouted, cooked, stir-fried, with salt",SR Legacy,13.1,7.1,9.4,0.8,125.0
169284,"Soybeans, mature seeds, sprouted, raw",SR Legacy,13.09,6.7,9.57,1.1,122.0
173765,"Soymilk (All flavors), enhanced",SR Legacy,2.94,1.99,3.45,0.4,45.0
173769,"Soymilk (All flavors), lowfat, with added calcium, vitamins A and D",SR Legacy,1.65,0.62,7.2,0.8,43.0
175216,"Soymilk (all flavors), nonfat, with added calcium, vitamins A and D",SR Legacy,2.47,0.04,4.14,0.2,28.0
175215,"Soymilk (all flavors), unsweetened, with added calcium, vitamins A and D",SR Legacy,2.86,1.61,1.74,0.5,33.0
173767,"Soymilk, chocolate and other flavors, light, with added calcium, vitamins A and D",SR Legacy,2.1,0.64,8.24,0.7,47.0
175217,"Soymilk, chocolate, nonfat, with added calcium, vitamins A and D",SR Legacy,2.47,0.04,8.51,0.2,44.0
174293,"Soymilk, chocolate, unfortified",SR Legacy,2.26,1.53,9.95,0.4,63.0
174295,"Soymilk, chocolate, with added calcium, vitamins A and D",SR Legacy,2.26,1.53,9.95,0.4,63.0
173768,"Soymilk, original and vanilla, light, unsweetened, with added calcium, vitamins A and D",SR Legacy,2.62,0.85,3.85,0.6,34.0
173766,"Soymilk, original and vanilla, light, with added calcium, vitamins A and D",SR Legacy,2.38,0.77,3.51,0.3,30.0
172446,"Soymilk, original and vanilla, unfortified",SR Legacy,3.27,1.75,6.28,0.6,54.0
172456,"Soymilk, original and vanilla, with added calcium, vitamins A and D",SR Legacy,2.6,1.47,4.92,0.2,43.0
172089,"Spaghetti with meat sauce, frozen entree",SR Legacy,5.05,1.01,15.24,1.8,90.0
168934,"Spaghetti, protein-fortified, cooked, enriched (n x 6.25)",SR Legacy,8.86,0.21,30.88,2.0,164.0
168937,"Spaghetti, protein-fortified, dry, enriched (n x 6.25)",SR Legacy,21.78,2.23,65.65,2.4,374.0
168912,"Spaghetti, spinach, cooked",SR Legacy,4.58,0.63,26.15,,130.0
168911,"Spaghetti, spinach, dry",SR Legacy,13.35,1.57,74.81,10.6,372.0
172099,"Spaghetti, with meatballs in tomato sauce, canned",SR Legacy,4.37,4.11,11.45,2.7,100.0
169777,"Spanish rice mix, dry mix, prepared (with canola/vegetable oil blend or diced tomatoes and margarine)",SR Legacy,3.27,2.38,22.74,1.5,125.0
168959,"Spanish rice mix, dry mix, unprepared",SR Legacy,10.62,1.62,76.45,3.1,363.0
172239,"Spearmint, dried",SR Legacy,19.93,6.03,52.04,29.8,285.0
173475,"Spearmint, fresh",SR Legacy,3.29,0.73,8.41,6.8,44.0
169746,"Spelt, cooked",SR Legacy,5.5,0.85,26.44,3.9,127.0
169745,"Spelt, uncooked",SR Legacy,14.57,2.43,70.19,10.7,338.0
171315,"Spices, allspice, ground",SR Legacy,6.09,8.69,72.12,21.6,263.0
171316,"Spices, anise seed",SR Legacy,17.6,15.9,50.02,14.6,337.0
171317,"Spices, basil, dried",SR Legacy,22.98,4.07,47.75,37.7,233.0
170917,"Spices, bay leaf",SR Legacy,7.61,8.36,74.97,26.3,313.0
170918,"Spices, caraway seed",SR Legacy,19.77,14.59,49.9,38.0,333.0
170919,"Spices, cardamom",SR Legacy,10.76,6.7,68.47,28.0,311.0
170920,"Spices, celery seed",SR Legacy,18.07,25.27,41.35,11.8,392.0
171318,"Spices, chervil, dried",SR Legacy,23.2,3.9,49.1,11.3,237.0
171319,"Spices, chili powder",SR Legacy,13.46,14.28,49.7,34.8,282.0
171320,"Spices, cinnamon, ground",SR Legacy,3.99,1.24,80.59,53.1,247.0
171321,"Spices, cloves, ground",SR Legacy,5.97,13.0,65.53,33.9,274.0
170921,"Spices, coriander leaf, dried",SR Legacy,21.93,4.78,52.1,10.4,279.0
170922,"Spices, coriander seed",SR Legacy,12.37,17.77,54.99,41.9,298.0
170923,"Spices, cumin seed",SR Legacy,17.81,22.27,44.24,10.5,375.0
170924,"Spices, curry powder",SR Legacy,14.29,14.01,55.83,53.2,325.0
170925,"Spices, dill seed",SR Legacy,15.98,14.54,55.17,21.1,305.0
171322,"Spices, dill weed, dried",SR Legacy,19.96,4.36,55.82,13.6,253.0
171323,"Spices, fennel seed",SR Legacy,15.8,14.87,52.29,39.8,345.0
171324,"Spices, fenugreek seed",SR Legacy,23.0,6.41,58.35,24.6,323.0
171325,"Spices, garlic powder",SR Legacy,16.55,0.73,72.73,9.0,331.0
170926,"Spices, ginger, ground",SR Legacy,8.98,4.24,71.62,14.1,335.0
170927,"Spices, mace, ground",SR Legacy,6.71,32.38,50.5,20.2,475.0
170928,"Spices, marjoram, dried",SR Legacy,12.66,7.04,60.56,40.3,271.0
170929,"Spices, mustard seed, ground",SR Legacy,26.08,36.24,28.09,12.2,508.0
171326,"Spices, nutmeg, ground",SR Legacy,5.84,36.31,49.29,20.8,525.0
171327,"Spices, onion powder",SR Legacy,10.41,1.04,79.12,15.2,341.0
171328,"Spices, oregano, dried",SR Legacy,9.0,4.28,68.92,42.5,265.0
171329,"Spices, paprika",SR Legacy,14.14,12.89,53.99,34.9,282.0
170930,"Spices, parsley, dried",SR Legacy,26.63,5.48,50.64,26.7,292.0
170931,"Spices, pepper, black",SR Legacy,10.39,3.26,63.95,25.3,251.0
170932,"Spices, pepper, red or cayenne",SR Legacy,12.01,17.27,56.63,27.2,318.0
170933,"Spices, pepper, white",SR Legacy,10.4,2.12,68.61,26.2,296.0
171330,"Spices, poppy seed",SR Legacy,17.99,41.56,28.13,19.5,525.0
171331,"Spices, poultry seasoning",SR Legacy,9.59,7.53,65.59,11.3,307.0
171332,"Spices, pumpkin pie spice",SR Legacy,5.76,12.6,69.28,14.8,342.0
171333,"Spices, rosemary, dried",SR Legacy,4.88,15.22,64.06,42.6,331.0
170934,"Spices, saffron",SR Legacy,11.43,5.85,65.37,3.9,310.0
170935,"Spices, sage, ground",SR Legacy,10.63,12.75,60.73,40.3,315.0
170936,"Spices, savory, ground",SR Legacy,6.73,5.91,68.73,45.7,272.0
170937,"Spices, tarragon, dried",SR Legacy,22.77,7.24,50.22,7.4,295.0
170938,"Spices, thyme, dried",SR Legacy,9.11,7.43,63.94,37.0,276.0
172231,"Spices, turmeric, ground",SR Legacy,9.68,3.25,67.14,22.7,312.0
170494,Spinach souffle,SR Legacy,7.89,12.95,5.9,0.7,172.0
1750352,"Spinach, baby",Foundation Foods,2.851875,0.6188,2.406325,1.558,26.602
170123,"Spinach, canned, no salt added, solids and liquids",SR Legacy,2.11,0.37,2.92,2.2,19.0
169286,"Spinach, canned, regular pack, drained solids",SR Legacy,2.81,0.5,3.4,2.4,23.0
169285,"Spinach, canned, regular pack, solids and liquids",SR Legacy,2.11,0.37,2.92,1.6,19.0
170531,"Spinach, cooked, boiled, drained, with salt",SR Legacy,2.97,0.26,3.75,2.4,23.0
168463,"Spinach, cooked, boiled, drained, without salt",SR Legacy,2.97,0.26,3.75,2.4,23.0
170124,"Spinach, frozen, chopped or leaf, cooked, boiled, drained, with salt",SR Legacy,4.01,0.87,4.8,3.7,34.0
169288,"Spinach, frozen, chopped or leaf, cooked, boiled, drained, without salt",SR Legacy,4.01,0.87,4.8,3.7,34.0
169287,"Spinach, frozen, chopped or leaf, unprepared (Includes foods for USDA's Food Distribution Program)",SR Legacy,3.63,0.57,4.21,2.9,29.0
1750353,"Spinach, mature",Foundation Foods,2.90625,0.6044,2.64135,1.588,27.63
168462,"Spinach, raw",SR Legacy,2.86,0.39,3.63,2.2,23.0
174534,"Split pea soup, canned, reduced sodium, prepared with water or ready-to serve",SR Legacy,3.85,0.92,11.83,1.9,71.0
174535,"Split pea with ham soup, canned, reduced sodium, prepared with water or ready-to-serve",SR Legacy,4.0,0.7,11.4,1.9,68.0
171080,"Squab, (pigeon), light meat without skin, raw",SR Legacy,21.76,4.52,0.0,0.0,134.0
174475,"Squab, (pigeon), meat and skin, raw",SR Legacy,18.47,23.8,0.0,0.0,294.0
171079,"Squab, (pigeon), meat only, raw",SR Legacy,17.5,7.5,0.0,0.0,142.0
167632,"Squash, Indian, cooked, boiled (Navajo)",SR Legacy,0.31,0.15,3.22,1.5,16.0
168040,"Squash, Indian, raw (Navajo)",SR Legacy,0.52,0.2,5.64,,26.0
170125,"Squash, summer, all varieties, cooked, boiled, drained, with salt",SR Legacy,0.91,0.31,4.31,1.4,20.0
170488,"Squash, summer, all varieties, cooked, boiled, drained, without salt",SR Legacy,0.91,0.31,4.31,1.4,20.0
170487,"Squash, summer, all varieties, raw",SR Legacy,1.21,0.18,3.35,1.1,16.0
168466,"Squash, summer, crookneck and straightneck, canned, drained, solid, without salt",SR Legacy,0.61,0.07,2.96,1.4,13.0
170126,"Squash, summer, crookneck and straightneck, cooked, boiled, drained, with salt",SR Legacy,1.04,0.39,3.79,1.1,19.0
168465,"Squash, summer, crookneck and straightneck, cooked, boiled, drained, without salt",SR Legacy,1.04,0.39,3.79,1.1,19.0
170532,"Squash, summer, crookneck and straightneck, frozen, cooked, boiled, drained, with salt",SR Legacy,1.28,0.2,5.54,1.4,25.0
168468,"Squash, summer, crookneck and straightneck, frozen, cooked, boiled, drained, without salt",SR Legacy,1.28,0.2,5.54,1.4,25.0
168467,"Squash, summer, crookneck and straightneck, frozen, unprepared",SR Legacy,0.83,0.14,4.8,1.2,20.0
168464,"Squash, summer, crookneck and straightneck, raw",SR Legacy,1.01,0.27,3.88,1.0,19.0
2685568,"Squash, summer, green, zucchini, includes skin, raw",Foundation Foods,0.984375,0.205,3.27,0.7525,19.0
170533,"Squash, summer, scallop, cooked, boiled, drained, with salt",SR Legacy,1.03,0.17,3.3,1.9,16.0
169290,"Squash, summer, scallop, cooked, boiled, drained, without salt",SR Legacy,1.03,0.17,3.3,1.9,16.0
169289,"Squash, summer, scallop, raw",SR Legacy,1.2,0.2,3.84,1.2,18.0
2685569,"Squash, summer, yellow, includes skin, raw",Foundation Foods,0.890625,0.135,4.39,0.9563,22.0
170534,"Squash, summer, zucchini, includes skin, cooked, boiled, drained, with salt",SR Legacy,1.14,0.36,2.69,1.0,15.0
169292,"Squash, summer, zucchini, includes skin, cooked, boiled, drained, without salt",SR Legacy,1.14,0.36,2.69,1.0,15.0
170535,"Squash, summer, zucchini, includes skin, frozen, cooked, boiled, drained, with salt",SR Legacy,1.15,0.13,2.97,1.3,14.0
168470,"Squash, summer, zucchini, includes skin, frozen, cooked, boiled, drained, without salt",SR Legacy,1.15,0.13,3.56,1.3,17.0
168469,"Squash, summer, zucchini, includes skin, frozen, unprepared",SR Legacy,1.16,0.13,3.58,1.3,17.0
169291,"Squash, summer, zucchini, includes skin, raw",SR Legacy,1.21,0.32,3.11,1.0,17.0
168471,"Squash, summer, zucchini, italian style, canned",SR Legacy,1.03,0.11,6.85,,29.0
170128,"Squash, winter, acorn, cooked, baked, with salt",SR Legacy,1.12,0.14,14.58,4.4,56.0
169293,"Squash, winter, acorn, cooked, baked, without salt",SR Legacy,1.12,0.14,14.58,4.4,56.0
170129,"Squash, winter, acorn, cooked, boiled, mashed, with salt",SR Legacy,0.67,0.08,8.79,2.6,34.0
169294,"Squash, winter, acorn, cooked, boiled, mashed, without salt",SR Legacy,0.67,0.08,8.79,2.6,34.0
2685571,"Squash, winter, acorn, raw",Foundation Foods,1.25,0.1825,10.48,2.635,48.5625
170127,"Squash, winter, all varieties, cooked, baked, with salt",SR Legacy,0.89,0.35,8.85,2.8,37.0
170490,"Squash, winter, all varieties, cooked, baked, without salt",SR Legacy,0.89,0.35,8.85,2.8,37.0
170489,"Squash, winter, all varieties, raw",SR Legacy,0.95,0.13,8.59,1.5,34.0
170130,"Squash, winter, butternut, cooked, baked, with salt",SR Legacy,0.9,0.09,10.49,3.2,40.0
169296,"Squash, winter, butternut, cooked, baked, without salt",SR Legacy,0.9,0.09,10.49,3.2,40.0
170536,"Squash, winter, butternut, frozen, cooked, boiled, with salt",SR Legacy,1.23,0.07,10.04,,39.0
168474,"Squash, winter, butternut, frozen, cooked, boiled, without salt",SR Legacy,1.23,0.07,10.05,,39.0
168473,"Squash, winter, butternut, frozen, unprepared",SR Legacy,1.76,0.1,14.41,1.3,57.0
2685570,"Squash, winter, butternut, raw",Foundation Foods,1.14875,0.1675,10.50745,1.959,48.1323
170537,"Squash, winter, hubbard, baked, with salt",SR Legacy,2.48,0.62,10.81,4.9,50.0
168476,"Squash, winter, hubbard, baked, without salt",SR Legacy,2.48,0.62,10.81,4.9,50.0
170538,"Squash, winter, hubbard, cooked, boiled, mashed, with salt",SR Legacy,1.48,0.37,6.46,2.9,30.0
169297,"Squash, winter, hubbard, cooked, boiled, mashed, without salt",SR Legacy,1.48,0.37,6.46,2.9,30.0
168475,"Squash, winter, hubbard, raw",SR Legacy,2.0,0.5,8.7,3.9,40.0
170539,"Squash, winter, spaghetti, cooked, boiled, drained, or baked, with salt",SR Legacy,0.66,0.26,6.46,1.4,27.0
169299,"Squash, winter, spaghetti, cooked, boiled, drained, or baked, without salt",SR Legacy,0.66,0.26,6.46,1.4,27.0
169298,"Squash, winter, spaghetti, raw",SR Legacy,0.64,0.57,6.91,1.5,31.0
168565,"Squash, zucchini, baby, raw",SR Legacy,2.71,0.4,3.11,1.1,21.0
2747671,"Squid (calamari), frozen, tubes only",Foundation Foods,8.80625,0.5508,0.93215,,43.9108
167619,"Squirrel, ground, meat (Alaska Native)",SR Legacy,19.3,3.8,0.0,,111.0
168060,"Steelhead trout, boiled, canned (Alaska Native)",SR Legacy,21.11,8.26,0.0,0.0,159.0
168059,"Steelhead trout, dried, flesh (Shoshone Bannock)",SR Legacy,77.27,8.06,0.0,0.0,382.0
168042,"Stew, dumpling with mutton (Navajo)",SR Legacy,8.71,3.78,8.03,,101.0
168043,"Stew, hominy with mutton (Navajo)",SR Legacy,6.71,2.06,9.38,2.0,83.0
168991,"Stew, moose (Alaska Native)",SR Legacy,6.6,0.5,6.0,0.5,55.0
168044,"Stew, mutton, corn, squash (Navajo)",SR Legacy,8.62,4.34,7.27,1.7,103.0
169006,"Stew, pinto bean and hominy, badufsuki (Hopi)",SR Legacy,1.42,0.54,5.38,1.5,32.0
167637,"Stew, steamed corn (Navajo)",SR Legacy,8.82,3.75,10.8,2.3,112.0
168984,"Stew/soup, caribou (Alaska Native)",SR Legacy,3.8,0.7,4.8,0.1,41.0
169819,"Stinging Nettles, blanched (Northern Plains Indians)",SR Legacy,2.71,0.11,7.49,6.9,42.0
168172,"Strawberries, canned, heavy syrup pack, solids and liquids",SR Legacy,0.56,0.26,23.53,1.7,92.0
168174,"Strawberries, frozen, sweetened, sliced",SR Legacy,0.53,0.13,25.92,1.9,96.0
168173,"Strawberries, frozen, unsweetened (Includes foods for USDA's Food Distribution Program)",SR Legacy,0.43,0.11,9.13,2.1,35.0
327699,"Strawberries, raw",Foundation Foods,0.64,0.22,7.63,1.8,31.0
174869,"Strawberry-flavor beverage mix, powder",SR Legacy,0.1,0.2,99.1,0.0,389.0
175032,"Strudel, apple",SR Legacy,3.3,11.2,41.1,2.2,274.0
170312,"SUBWAY, B.L.T. sub on white bread with bacon, lettuce and tomato",SR Legacy,10.06,6.41,26.66,1.6,205.0
170712,"SUBWAY, black forest ham sub on white bread with lettuce and tomato",SR Legacy,9.12,2.53,22.91,1.3,151.0
170315,"SUBWAY, cold cut sub on white bread with lettuce and tomato",SR Legacy,10.52,10.04,20.43,1.2,214.0
170708,"SUBWAY, meatball marinara sub on white bread (no toppings)",SR Legacy,9.77,8.45,26.01,2.1,219.0
170314,"SUBWAY, oven roasted chicken sub on white bread with lettuce and tomato",SR Legacy,10.84,3.15,21.35,1.2,157.0
170713,"SUBWAY, roast beef sub on white bread with lettuce and tomato",SR Legacy,12.17,2.73,20.34,0.7,155.0
170310,"SUBWAY, steak & cheese sub on white bread with American cheese, lettuce and tomato",SR Legacy,12.29,5.34,21.49,1.2,183.0
170307,"SUBWAY, SUBWAY CLUB sub on white bread with lettuce and tomato",SR Legacy,10.66,2.42,20.36,1.4,146.0
170705,"SUBWAY, sweet onion chicken teriyaki sub on white bread with lettuce, tomato and sweet onion sauce",SR Legacy,10.91,2.37,22.54,1.2,155.0
170316,"SUBWAY, tuna sub on white bread with lettuce and tomato",SR Legacy,12.33,12.04,15.95,0.7,221.0
170711,"SUBWAY, turkey breast sub on white bread with lettuce and tomato",SR Legacy,9.12,2.31,22.42,1.3,147.0
168478,"Succotash, (corn and limas), canned, with cream style corn",SR Legacy,2.64,0.54,17.61,3.0,77.0
168479,"Succotash, (corn and limas), canned, with whole kernel corn, solids and liquids",SR Legacy,2.6,0.49,13.98,2.6,63.0
170540,"Succotash, (corn and limas), cooked, boiled, drained, with salt",SR Legacy,5.07,0.8,24.37,,111.0
168477,"Succotash, (corn and limas), cooked, boiled, drained, without salt",SR Legacy,5.07,0.8,24.38,4.5,115.0
170131,"Succotash, (corn and limas), frozen, cooked, boiled, drained, with salt",SR Legacy,4.31,0.89,19.95,4.1,93.0
168481,"Succotash, (corn and limas), frozen, cooked, boiled, drained, without salt",SR Legacy,4.31,0.89,19.95,4.1,93.0
168480,"Succotash, (corn and limas), frozen, unprepared",SR Legacy,4.31,0.89,19.94,4.0,93.0
169300,"Succotash, (corn and limas), raw",SR Legacy,5.03,1.02,19.59,3.8,99.0
170674,"Sugar, turbinado",SR Legacy,0.0,0.0,99.8,,399.0
168175,"Sugar-apples, (sweetsop), raw",SR Legacy,2.06,0.29,23.64,4.4,94.0
168833,"Sugars, brown",SR Legacy,0.12,0.0,98.09,0.0,380.0
169655,"Sugars, granulated",SR Legacy,0.0,0.0,99.98,0.0,387.0
169658,"Sugars, maple",SR Legacy,0.1,0.2,90.9,0.0,354.0
169656,"Sugars, powdered",SR Legacy,0.0,0.0,99.77,0.0,389.0
170133,"Sweet potato leaves, cooked, steamed, with salt",SR Legacy,2.18,0.34,7.38,1.9,35.0
169304,"Sweet potato leaves, cooked, steamed, without salt",SR Legacy,2.18,0.34,7.38,1.9,35.0
169303,"Sweet potato leaves, raw",SR Legacy,2.49,0.51,8.82,5.3,42.0
168016,"Sweet Potato puffs, frozen, unprepared",SR Legacy,1.36,3.58,30.72,1.9,161.0
169305,"Sweet potato, canned, mashed",SR Legacy,1.98,0.2,23.19,1.7,101.0
170084,"Sweet potato, canned, syrup pack, drained solids",SR Legacy,1.28,0.32,25.36,3.0,108.0
170083,"Sweet potato, canned, syrup pack, solids and liquids",SR Legacy,0.98,0.2,20.93,2.5,89.0
168485,"Sweet potato, canned, vacuum pack",SR Legacy,1.65,0.2,21.12,1.8,91.0
170134,"Sweet potato, cooked, baked in skin, flesh, with salt",SR Legacy,2.01,0.15,20.71,3.3,90.0
168483,"Sweet potato, cooked, baked in skin, flesh, without salt",SR Legacy,2.01,0.15,20.71,3.3,90.0
168484,"Sweet potato, cooked, boiled, without skin",SR Legacy,1.37,0.14,17.72,2.5,76.0
170541,"Sweet potato, cooked, boiled, without skin, with salt",SR Legacy,1.37,0.14,17.72,2.5,76.0
170088,"Sweet potato, cooked, candied, home-prepared",SR Legacy,0.89,3.54,32.12,2.1,164.0
170542,"Sweet potato, frozen, cooked, baked, with salt",SR Legacy,1.71,0.12,23.4,1.8,100.0
169307,"Sweet potato, frozen, cooked, baked, without salt",SR Legacy,1.71,0.12,23.4,1.8,100.0
169306,"Sweet potato, frozen, unprepared (Includes foods for USDA's Food Distribution Program)",SR Legacy,1.71,0.18,22.22,1.7,96.0
168482,"Sweet potato, raw, unprepared (Includes foods for USDA's Food Distribution Program)",SR Legacy,1.57,0.05,20.12,3.0,86.0
168015,"Sweet Potatoes, french fried, crosscut, frozen, unprepared",SR Legacy,1.7,11.1,25.52,3.4,209.0
167606,"Sweet Potatoes, french fried, frozen as packaged, salt added in processing",SR Legacy,2.16,8.92,35.58,5.7,182.0
2346404,"Sweet potatoes, orange flesh, without skin, raw",Foundation Foods,1.578125,0.375,17.327875,,78.999
175033,"Sweet rolls, cheese",SR Legacy,7.1,18.3,43.7,1.2,360.0
175034,"Sweet rolls, cinnamon, commercially prepared with raisins",SR Legacy,6.2,16.4,50.9,2.4,372.0
172798,"Sweet rolls, cinnamon, refrigerated dough with frosting",SR Legacy,5.0,12.2,51.6,,333.0
172799,"Sweet rolls, cinnamon, refrigerated dough with frosting, baked",SR Legacy,5.4,13.2,56.1,,362.0
170679,"Sweetener, herbal extract powder from Stevia leaf",SR Legacy,0.0,0.0,100.0,0.0,0.0
170277,"Sweetener, syrup, agave",SR Legacy,0.09,0.45,76.37,0.2,310.0
170672,"Sweeteners, for baking, brown, contains sugar and sucralose",SR Legacy,0.0,0.0,97.11,,388.0
170673,"Sweeteners, for baking, contains sugar and sucralose",SR Legacy,0.0,0.0,99.53,,398.0
170675,"Sweeteners, sugar substitute, granulated, brown",SR Legacy,2.06,0.0,84.77,0.6,347.0
169657,"Sweeteners, tabletop, aspartame, EQUAL, packets",SR Legacy,2.17,0.0,89.08,0.0,365.0
169896,"Sweeteners, tabletop, fructose, dry, powder",SR Legacy,0.0,0.0,100.0,0.0,368.0
168142,"Sweeteners, tabletop, fructose, liquid",SR Legacy,0.0,0.0,76.1,0.1,279.0
169072,"Sweeteners, tabletop, saccharin (sodium saccharin)",SR Legacy,0.94,0.0,89.11,0.0,360.0
170257,"Sweeteners, tabletop, sucralose, SPLENDA packets",SR Legacy,0.0,0.0,91.17,0.0,336.0
174601,"Swisswurst, pork and beef, with swiss cheese, smoked",SR Legacy,12.69,27.37,1.6,0.0,307.0
2747672,"Swordfish, frozen, wild caught",Foundation Foods,19.2375,8.123,0.4495,,151.855
167743,"Syrup, Cane",SR Legacy,0.0,0.0,73.14,0.0,269.0
167957,"Syrup, fruit flavored",SR Legacy,0.0,0.02,65.1,0.0,261.0
170276,"Syrup, maple, Canadian",SR Legacy,0.0,0.0,67.38,0.0,270.0
170681,"Syrup, NESTLE, chocolate",SR Legacy,0.0,0.0,67.21,0.0,269.0
168835,"Syrups, chocolate, fudge-type",SR Legacy,4.6,8.9,62.9,2.8,350.0
168834,"Syrups, chocolate, HERSHEY'S Genuine Chocolate Flavored Lite Syrup",SR Legacy,1.4,0.97,34.56,0.0,153.0
170677,"Syrups, chocolate, HERSHEY'S Sugar free, Genuine Chocolate Flavored, Lite Syrup",SR Legacy,2.87,2.03,14.2,2.9,43.0
168836,"Syrups, corn, dark",SR Legacy,0.0,0.0,77.59,0.0,286.0
169659,"Syrups, corn, high-fructose",SR Legacy,0.0,0.0,76.0,0.0,281.0
168837,"Syrups, corn, light",SR Legacy,0.0,0.2,76.79,0.0,283.0
168088,"Syrups, grenadine",SR Legacy,0.0,0.0,66.91,0.0,268.0
169660,"Syrups, malt",SR Legacy,6.2,0.0,71.3,0.0,318.0
169661,"Syrups, maple",SR Legacy,0.04,0.06,67.04,0.0,260.0
169662,"Syrups, sorghum",SR Legacy,0.0,0.0,74.9,0.0,290.0
169878,"Syrups, sugar free",SR Legacy,0.8,0.0,11.99,0.7,51.0
168839,"Syrups, table blends, corn, refiner, and sugar",SR Legacy,0.0,0.0,83.9,0.0,319.0
169578,"Syrups, table blends, pancake",SR Legacy,0.0,0.0,61.47,0.0,234.0
169577,"Syrups, table blends, pancake, reduced-calorie",SR Legacy,0.0,0.0,44.55,0.0,165.0
168838,"Syrups, table blends, pancake, with 2% maple",SR Legacy,0.0,0.1,69.6,0.0,265.0
170646,"Syrups, table blends, pancake, with 2% maple, with added potassium",SR Legacy,0.0,0.1,69.6,0.0,265.0
167584,"Syrups, table blends, pancake, with butter",SR Legacy,0.0,0.09,72.43,0.0,291.0
169019,"T.G.I. FRIDAY'S, chicken fingers",SR Legacy,18.68,20.31,16.84,0.8,325.0
169013,"T.G.I. FRIDAY'S, chicken fingers, from kids' menu",SR Legacy,18.11,20.78,17.72,0.9,330.0
169014,"T.G.I. FRIDAY'S, classic sirloin steak (10 oz)",SR Legacy,31.02,7.83,0.47,,196.0
169833,"T.G.I. FRIDAY'S, french fries",SR Legacy,3.74,14.82,36.9,4.1,296.0
169832,"T.G.I. FRIDAY'S, FRIDAY'S Shrimp, breaded",SR Legacy,11.87,19.02,20.87,,302.0
169834,"T.G.I. FRIDAY'S, fried mozzarella",SR Legacy,15.82,18.76,25.33,2.2,333.0
169835,"T.G.I. FRIDAY'S, macaroni & cheese, from kid's menu",SR Legacy,5.03,3.45,17.4,1.0,121.0
170734,"TACO BELL, Bean Burrito",SR Legacy,7.35,6.05,31.23,4.2,209.0
170735,"TACO BELL, BURRITO SUPREME with beef",SR Legacy,7.03,6.8,23.37,3.7,183.0
170334,"TACO BELL, BURRITO SUPREME with chicken",SR Legacy,9.84,6.42,20.51,2.4,179.0
170335,"TACO BELL, BURRITO SUPREME with steak",SR Legacy,9.13,7.27,20.32,2.4,183.0
170336,"TACO BELL, Nachos",SR Legacy,4.32,21.5,34.91,3.2,350.0
170337,"TACO BELL, Nachos Supreme",SR Legacy,6.21,12.48,21.39,3.7,223.0
170332,"TACO BELL, Original Taco with beef, cheese and lettuce",SR Legacy,8.86,12.7,19.85,3.9,229.0
170333,"TACO BELL, Soft Taco with beef, cheese and lettuce",SR Legacy,9.25,9.75,20.23,2.9,206.0
170732,"TACO BELL, Soft Taco with chicken, cheese and lettuce",SR Legacy,13.3,6.35,19.69,1.2,189.0
170733,"TACO BELL, Soft Taco with steak",SR Legacy,11.81,12.1,17.22,1.6,225.0
170736,"TACO BELL, Taco Salad",SR Legacy,6.69,9.17,15.1,3.0,170.0
172800,"Taco shells, baked",SR Legacy,6.41,21.79,63.49,6.7,476.0
175067,"Taco shells, baked, without added salt",SR Legacy,7.2,22.6,62.4,7.5,468.0
167636,Tamales (Navajo),SR Legacy,6.28,6.12,18.12,3.1,153.0
169007,"Tamales, masa and pork filling (Hopi)",SR Legacy,13.19,4.7,18.28,3.3,168.0
167786,"Tamarind nectar, canned",SR Legacy,0.09,0.12,14.73,0.5,57.0
167763,"Tamarinds, raw",SR Legacy,2.8,0.6,62.5,5.1,239.0
169925,"Tangerine juice, raw",SR Legacy,0.5,0.2,10.1,0.2,43.0
169106,"Tangerines, (mandarin oranges), canned, juice pack",SR Legacy,0.62,0.03,9.57,0.7,37.0
168184,"Tangerines, (mandarin oranges), canned, juice pack, drained",SR Legacy,0.75,0.04,9.41,1.2,38.0
169924,"Tangerines, (mandarin oranges), canned, light syrup pack",SR Legacy,0.45,0.1,16.19,0.7,61.0
169105,"Tangerines, (mandarin oranges), raw",SR Legacy,0.81,0.31,13.34,1.8,53.0
169717,"Tapioca, pearl, dry",SR Legacy,0.19,0.02,88.69,0.9,358.0
169772,"Taquitos, frozen, beef and cheese, oven-heated",SR Legacy,9.4,12.79,33.46,2.8,287.0
169771,"Taquitos, frozen, chicken and cheese, oven-heated",SR Legacy,9.21,12.54,33.63,2.9,284.0
168488,"Taro leaves, cooked, steamed, without salt",SR Legacy,2.72,0.41,4.02,2.0,24.0
168487,"Taro leaves, raw",SR Legacy,4.98,0.74,6.7,3.7,42.0
169309,"Taro shoots, cooked, without salt",SR Legacy,0.73,0.08,3.2,,14.0
168489,"Taro shoots, raw",SR Legacy,0.92,0.09,2.32,,11.0
170543,"Taro, cooked, with salt",SR Legacy,0.52,0.11,34.6,5.1,142.0
168486,"Taro, cooked, without salt",SR Legacy,0.52,0.11,34.6,5.1,142.0
170544,"Taro, leaves, cooked, steamed, with salt",SR Legacy,2.72,0.41,3.89,2.0,24.0
169308,"Taro, raw",SR Legacy,1.5,0.2,26.46,4.1,112.0
170135,"Taro, shoots, cooked, with salt",SR Legacy,0.73,0.08,3.19,,14.0
170136,"Taro, tahitian, cooked, with salt",SR Legacy,4.16,0.68,6.85,,44.0
170455,"Taro, tahitian, cooked, without salt",SR Legacy,4.16,0.68,6.85,,44.0
169310,"Taro, tahitian, raw",SR Legacy,2.79,0.97,6.91,,44.0
175069,"Tart, breakfast, low fat",SR Legacy,3.99,5.99,76.8,1.5,372.0
169828,"Tea, herbal, brewed, Hohoysi (Hopi)",SR Legacy,0.12,0.2,0.0,,2.0
167620,"Tea, tundra, herb and laborador combination (Alaska Native)",SR Legacy,0.0,0.0,0.2,,1.0
168918,"Teff, cooked",SR Legacy,3.87,0.65,19.86,2.8,101.0
169747,"Teff, uncooked",SR Legacy,13.3,2.38,73.13,8.0,367.0
174272,Tempeh,SR Legacy,20.29,10.8,7.64,,192.0
172467,"Tempeh, cooked",SR Legacy,19.91,11.38,7.62,,195.0
169811,"Tennis Bread, plain (Apache)",SR Legacy,9.0,1.05,53.26,2.6,258.0
172940,"Thuringer, cervelat, summer sausage, beef, pork",SR Legacy,17.45,30.43,3.33,0.0,362.0
173470,"Thyme, fresh",SR Legacy,5.56,1.68,24.45,14.0,101.0
172801,"Toaster pastries, brown-sugar-cinnamon",SR Legacy,4.06,7.98,72.64,2.3,370.0
175035,"Toaster pastries, fruit (includes apple, blueberry, cherry, strawberry)",SR Legacy,4.2,9.95,70.32,1.0,388.0
167927,"Toaster Pastries, fruit, frosted (include apples, blueberry, cherry, strawberry)",SR Legacy,4.01,9.02,71.83,1.8,385.0
167928,"Toaster pastries, fruit, toasted (include apple, blueberry, cherry, strawberry)",SR Legacy,4.7,11.03,72.7,1.0,409.0
172294,"Toddler drink, MEAD JOHNSON, PurAmino Toddler Powder, with ARA and DHA, not reconstituted",SR Legacy,13.9,26.0,55.68,,512.0
170993,"Toddler formula, MEAD JOHNSON, ENFAGROW PREMIUM (formerly ENFAMIL, LIPIL, NEXT STEP), ready-to-feed",SR Legacy,1.78,3.63,7.18,0.0,64.0
170992,"Toddler formula, MEAD JOHNSON, ENFAGROW, Toddler Transitions, with ARA and DHA, powder",SR Legacy,12.9,26.9,52.8,0.0,505.0
173526,"Toddler formula, MEAD JOHNSON, Nutramigen Toddler with LGG Powder, with ARA and DHA, not reconstituted",SR Legacy,12.0,21.0,61.97,,485.0
167722,Tofu yogurt,SR Legacy,3.5,1.8,15.96,0.2,94.0
172450,"Tofu, dried-frozen (koyadofu)",SR Legacy,52.47,30.34,10.03,7.2,477.0
174303,"Tofu, dried-frozen (koyadofu), prepared with calcium sulfate",SR Legacy,52.43,30.34,8.3,1.2,470.0
174290,"Tofu, extra firm, prepared with nigari",SR Legacy,9.98,5.26,1.18,1.0,83.0
172448,"Tofu, firm, prepared with calcium sulfate and magnesium chloride (nigari)",SR Legacy,9.04,4.17,2.85,0.9,78.0
172451,"Tofu, fried",SR Legacy,18.82,20.18,8.86,3.9,270.0
174304,"Tofu, fried, prepared with calcium sulfate",SR Legacy,18.82,20.18,8.86,3.9,270.0
174291,"Tofu, hard, prepared with nigari",SR Legacy,12.68,9.99,4.39,0.6,145.0
172475,"Tofu, raw, firm, prepared with calcium sulfate",SR Legacy,17.27,8.72,2.78,2.3,144.0
172476,"Tofu, raw, regular, prepared with calcium sulfate",SR Legacy,8.08,4.78,1.87,0.3,76.0
174280,"Tofu, salted and fermented (fuyu)",SR Legacy,8.92,8.0,4.38,,116.0
174305,"Tofu, salted and fermented (fuyu), prepared with calcium sulfate",SR Legacy,8.15,8.0,5.15,,116.0
172449,"Tofu, soft, prepared with calcium sulfate and magnesium chloride (nigari)",SR Legacy,7.17,3.69,1.18,0.2,61.0
168566,"Tomatillos, raw",SR Legacy,0.96,1.02,5.84,1.9,32.0
167708,"Tomato and vegetable juice, low sodium",SR Legacy,0.6,0.1,4.59,0.8,22.0
170458,"Tomato juice, canned, with salt added",SR Legacy,0.85,0.29,3.53,0.4,17.0
170545,"Tomato juice, canned, without salt added",SR Legacy,0.85,0.29,3.53,0.4,17.0
2003596,"Tomato juice, with added ingredients, from concentrate, shelf stable",Foundation Foods,0.859375,0.2875,4.320625,,23.3075
170461,Tomato powder,SR Legacy,12.91,0.44,74.68,16.5,302.0
170459,"Tomato products, canned, paste, without salt added (Includes foods for USDA's Food Distribution Program)",SR Legacy,4.32,0.47,18.91,4.1,82.0
170546,"Tomato products, canned, puree, with salt added",SR Legacy,1.65,0.21,8.98,1.9,38.0
170460,"Tomato products, canned, puree, without salt added",SR Legacy,1.65,0.21,8.98,1.9,38.0
170054,"Tomato products, canned, sauce",SR Legacy,1.2,0.3,5.31,1.5,24.0
170085,"Tomato products, canned, sauce, spanish style",SR Legacy,1.44,0.27,7.24,1.4,33.0
170057,"Tomato products, canned, sauce, with herbs and cheese",SR Legacy,2.13,1.93,10.24,2.2,59.0
170055,"Tomato products, canned, sauce, with mushrooms",SR Legacy,1.45,0.13,8.43,1.5,35.0
170056,"Tomato products, canned, sauce, with onions",SR Legacy,1.56,0.19,9.94,1.8,42.0
170462,"Tomato products, canned, sauce, with onions, green peppers, and celery",SR Legacy,0.94,0.74,8.77,1.4,41.0
170463,"Tomato products, canned, sauce, with tomato tidbits",SR Legacy,1.32,0.39,7.09,1.4,32.0
169074,"Tomato sauce, canned, no salt added",SR Legacy,1.2,0.3,5.31,1.5,24.0
2685580,"Tomato, paste, canned, without salt added",Foundation Foods,4.234375,0.7325,20.188125,4.704,104.2825
2685582,"Tomato, puree, canned",Foundation Foods,1.578125,0.265,8.036875,1.971,40.845
1750354,"Tomato, roma",Foundation Foods,0.695625,0.425,3.837475,0.9706,21.9574
2685579,"Tomato, sauce, canned, with salt added",Foundation Foods,1.351875,0.3825,6.331625,1.636,34.1765
333281,"Tomatoes, canned, red, ripe, diced",Foundation Foods,0.84,0.5,3.32,,18.0
2685581,"Tomatoes, crushed, canned",Foundation Foods,1.4375,0.3975,7.137,1.944,37.8755
321360,"Tomatoes, grape, raw",Foundation Foods,0.83,0.63,5.51,2.1,27.0
170456,"Tomatoes, green, raw",SR Legacy,1.2,0.2,5.1,1.1,23.0
170502,"Tomatoes, orange, raw",SR Legacy,1.16,0.19,3.18,0.9,16.0
170051,"Tomatoes, red, ripe, canned, packed in tomato juice",SR Legacy,0.79,0.25,3.47,1.9,16.0
170138,"Tomatoes, red, ripe, canned, packed in tomato juice, no salt added",SR Legacy,0.79,0.25,3.47,1.9,16.0
170052,"Tomatoes, red, ripe, canned, stewed",SR Legacy,0.91,0.19,6.19,1.0,26.0
170053,"Tomatoes, red, ripe, canned, with green chilies",SR Legacy,0.69,0.08,3.62,,15.0
170050,"Tomatoes, red, ripe, cooked",SR Legacy,0.95,0.11,4.01,0.7,18.0
170089,"Tomatoes, red, ripe, cooked, stewed",SR Legacy,1.96,2.68,13.05,1.7,79.0
170137,"Tomatoes, red, ripe, cooked, with salt",SR Legacy,0.95,0.11,4.01,0.7,18.0
170457,"Tomatoes, red, ripe, raw, year round average",SR Legacy,0.88,0.2,3.89,1.2,18.0
168567,"Tomatoes, sun-dried",SR Legacy,14.11,2.97,55.76,12.3,258.0
169384,"Tomatoes, sun-dried, packed in oil, drained",SR Legacy,5.06,14.08,23.33,5.8,213.0
2685578,"Tomatoes, whole, canned, solids and liquids, with salt added",Foundation Foods,0.8675,0.2063,4.2874,0.8725,22.4763
170096,"Tomatoes, yellow, raw",SR Legacy,0.98,0.26,2.98,0.7,15.0
167956,"Topping, SMUCKER'S MAGIC SHELL",SR Legacy,2.94,44.1,50.07,2.9,609.0
168841,"Toppings, butterscotch or caramel",SR Legacy,1.21,0.0,57.01,0.0,216.0
169664,"Toppings, marshmallow cream",SR Legacy,0.8,0.3,79.0,0.1,322.0
169666,"Toppings, nuts in syrup",SR Legacy,4.5,22.0,58.08,2.3,448.0
169665,"Toppings, pineapple",SR Legacy,0.1,0.1,66.4,0.4,253.0
168758,"Toppings, strawberry",SR Legacy,0.2,0.1,66.3,0.7,254.0
172094,"Tortellini, pasta with cheese filling, fresh-refrigerated, as purchased",SR Legacy,13.5,7.23,47.0,1.9,307.0
168859,"Tortilla chips, low fat, baked without fat",SR Legacy,11.0,5.7,80.2,5.3,448.0
173143,"Tortilla chips, yellow, plain, salted",SR Legacy,6.62,22.33,67.38,4.7,497.0
169829,"Tortilla, blue corn, Sakwavikaviki (Hopi)",SR Legacy,7.83,1.4,58.12,3.4,276.0
168041,"Tortilla, includes plain and from mutton sandwich (Navajo)",SR Legacy,7.28,0.95,49.94,2.4,237.0
175036,"Tortillas, ready-to-bake or -fry, corn",SR Legacy,5.7,2.85,44.64,6.3,218.0
173241,"Tortillas, ready-to-bake or -fry, corn, without added salt",SR Legacy,5.7,2.5,46.6,5.2,222.0
175037,"Tortillas, ready-to-bake or -fry, flour, refrigerated",SR Legacy,8.2,7.99,49.38,3.5,306.0
167535,"Tortillas, ready-to-bake or -fry, flour, shelf stable",SR Legacy,8.01,7.58,49.27,2.4,297.0
173242,"Tortillas, ready-to-bake or -fry, flour, without added calcium",SR Legacy,8.7,7.1,55.6,3.3,325.0
174081,"Tortillas, ready-to-bake or -fry, whole wheat",SR Legacy,9.76,9.76,45.89,9.8,310.0
167525,"Tostada shells, corn",SR Legacy,6.15,23.38,64.43,5.8,474.0
168553,"Tree fern, cooked, with salt",SR Legacy,0.29,0.07,10.78,3.7,40.0
170464,"Tree fern, cooked, without salt",SR Legacy,0.29,0.07,10.98,3.7,40.0
169718,Triticale,SR Legacy,13.05,2.09,72.13,,336.0
168888,"Triticale flour, whole-grain",SR Legacy,13.18,1.81,73.14,14.6,338.0
171500,"Turkey and gravy, frozen",SR Legacy,5.88,2.63,4.61,0.0,67.0
174572,"Turkey breast, low salt, prepackaged or deli, luncheon meat",SR Legacy,21.81,0.83,3.51,0.5,109.0
171501,"Turkey breast, pre-basted, meat and skin, cooked, roasted",SR Legacy,22.16,3.46,0.0,0.0,126.0
172941,"Turkey breast, sliced, prepackaged",SR Legacy,14.81,3.77,2.2,0.0,106.0
174512,"Turkey from whole, light meat, meat and skin, with added solution, cooked, roasted",SR Legacy,26.52,5.64,0.0,0.0,157.0
174511,"Turkey from whole, light meat, meat and skin, with added solution, raw",SR Legacy,20.02,7.42,0.14,0.0,147.0
172865,"Turkey from whole, light meat, meat only, with added solution, cooked, roasted",SR Legacy,26.97,2.08,0.0,0.0,127.0
172864,"Turkey from whole, light meat, meat only, with added solution, raw",SR Legacy,21.54,1.66,0.0,0.0,101.0
172092,"Turkey Pot Pie, frozen entree",SR Legacy,6.5,8.8,17.7,1.1,176.0
171503,"Turkey roast, boneless, frozen, seasoned, light and dark meat, raw",SR Legacy,17.6,2.2,6.4,0.0,120.0
171103,"Turkey sticks, breaded, battered, fried",SR Legacy,14.2,16.9,17.0,,279.0
171502,"Turkey thigh, pre-basted, meat and skin, cooked, roasted",SR Legacy,18.8,8.54,0.0,0.0,157.0
171092,"Turkey, all classes, back, meat and skin, cooked, roasted",SR Legacy,26.59,14.38,0.16,0.0,244.0
171492,"Turkey, all classes, breast, meat and skin, cooked, roasted",SR Legacy,28.71,7.41,0.0,0.0,189.0
171093,"Turkey, all classes, breast, meat and skin, raw",SR Legacy,21.89,7.02,0.0,0.0,157.0
171483,"Turkey, all classes, gizzard, cooked, simmered",SR Legacy,26.45,4.64,0.0,0.0,155.0
171485,"Turkey, all classes, heart, cooked, simmered",SR Legacy,24.88,7.52,0.0,0.0,174.0
171484,"Turkey, all classes, heart, raw",SR Legacy,16.7,7.44,0.4,0.0,140.0
171494,"Turkey, all classes, leg, meat and skin, cooked, roasted",SR Legacy,27.87,9.82,0.0,0.0,208.0
171493,"Turkey, all classes, leg, meat and skin, raw",SR Legacy,19.54,6.72,0.0,0.0,144.0
171491,"Turkey, all classes, light meat, cooked, roasted",SR Legacy,30.13,2.08,0.0,0.0,147.0
171487,"Turkey, all classes, liver, cooked, simmered",SR Legacy,27.0,8.18,0.0,0.0,189.0
171486,"Turkey, all classes, liver, raw",SR Legacy,18.26,5.5,0.0,0.0,128.0
171094,"Turkey, all classes, wing, meat and skin, cooked, roasted",SR Legacy,27.38,12.43,0.0,0.0,229.0
171495,"Turkey, all classes, wing, meat and skin, raw",SR Legacy,20.22,12.32,0.0,0.0,197.0
171138,"Turkey, back, from whole bird, meat and skin, with added solution, raw",SR Legacy,16.86,15.41,0.15,0.0,206.0
171139,"Turkey, back, from whole bird, meat and skin, with added solution, roasted",SR Legacy,25.8,11.36,0.0,0.0,205.0
174520,"Turkey, back, from whole bird, meat only, with added solution, raw",SR Legacy,19.27,4.12,0.15,0.0,115.0
174521,"Turkey, back, from whole bird, meat only, with added solution, roasted",SR Legacy,26.97,2.08,0.0,0.0,127.0
172876,"Turkey, breast, from whole bird, meat only, with added solution, raw",SR Legacy,21.54,1.66,0.14,0.0,102.0
174519,"Turkey, breast, from whole bird, meat only, with added solution, roasted",SR Legacy,26.97,2.08,0.0,0.0,127.0
174612,"Turkey, breast, smoked, lemon pepper flavor, 97% fat-free",SR Legacy,20.9,0.69,1.31,0.0,95.0
171101,"Turkey, canned, meat only, with broth",SR Legacy,23.68,6.86,1.47,0.0,169.0
174510,"Turkey, dark meat from whole, meat and skin, with added solution, cooked, roasted",SR Legacy,25.55,10.81,0.0,0.0,199.0
174509,"Turkey, dark meat from whole, meat and skin, with added solution, raw",SR Legacy,17.84,10.83,0.15,0.0,169.0
174507,"Turkey, dark meat from whole, meat only, with added solution, raw",SR Legacy,19.27,4.12,0.1,0.0,115.0
171488,"Turkey, dark meat, meat and skin, raw",SR Legacy,19.81,8.97,0.15,0.0,166.0
174508,"Turkey, dark meat, meat only, with added solution, cooked, roasted",SR Legacy,26.1,6.0,0.0,0.0,158.0
171102,"Turkey, diced, light and dark meat, seasoned",SR Legacy,18.7,6.0,1.0,0.0,138.0
171136,"Turkey, drumstick, from whole bird, meat only, raw",SR Legacy,23.66,1.48,0.14,0.0,109.0
171530,"Turkey, drumstick, from whole bird, meat only, roasted",SR Legacy,30.13,2.08,0.0,0.0,139.0
171525,"Turkey, drumstick, from whole bird, meat only, with added solution, raw",SR Legacy,19.27,4.12,0.15,0.0,115.0
171128,"Turkey, drumstick, from whole bird, meat only, with added solution, roasted",SR Legacy,26.1,6.0,0.0,0.0,158.0
167710,"Turkey, drumstick, smoked, cooked, with skin, bone removed",SR Legacy,27.9,9.8,0.0,0.0,200.0
171095,"Turkey, fryer-roasters, meat and skin, cooked, roasted",SR Legacy,28.26,5.72,0.0,0.0,172.0
171085,"Turkey, gizzard, all classes, raw",SR Legacy,18.8,3.37,0.0,0.0,111.0
174494,"Turkey, ground, 85% lean, 15% fat, pan-broiled crumbles",SR Legacy,25.11,17.45,0.0,0.0,258.0
174495,"Turkey, ground, 85% lean, 15% fat, patties, broiled",SR Legacy,25.88,16.2,0.0,0.0,249.0
174493,"Turkey, ground, 85% lean, 15% fat, raw",SR Legacy,16.9,12.54,0.0,0.0,180.0
172851,"Turkey, ground, 93% lean, 7% fat, pan-broiled crumbles",SR Legacy,27.1,11.6,0.0,0.0,213.0
174492,"Turkey, ground, 93% lean, 7% fat, patties, broiled",SR Legacy,25.86,11.45,0.0,0.0,207.0
172850,"Turkey, ground, 93% lean, 7% fat, raw",SR Legacy,18.73,8.34,0.0,0.0,150.0
2514747,"Turkey, ground, 93% lean/ 7% fat, raw",Foundation Foods,17.34375,9.591,0.0,,152.615
171506,"Turkey, Ground, cooked",SR Legacy,27.37,10.4,0.0,0.0,203.0
172848,"Turkey, ground, fat free, pan-broiled crumbles",SR Legacy,31.69,2.71,0.0,0.0,151.0
172849,"Turkey, ground, fat free, patties, broiled",SR Legacy,28.99,2.48,0.0,0.0,138.0
172847,"Turkey, ground, fat free, raw",SR Legacy,23.57,1.95,0.0,0.0,112.0
171505,"Turkey, Ground, raw",SR Legacy,19.66,7.66,0.0,0.0,148.0
167713,"Turkey, light or dark meat, smoked, cooked, skin and bone removed",SR Legacy,29.3,5.0,0.0,0.0,162.0
168120,"Turkey, light or dark meat, smoked, cooked, with skin, bone removed",SR Legacy,28.1,9.7,0.0,0.0,208.0
171504,"Turkey, mechanically deboned, from turkey frames, raw",SR Legacy,13.29,15.96,0.0,0.0,201.0
171529,"Turkey, retail parts, breast, meat and skin, cooked, roasted",SR Legacy,29.01,5.33,0.05,0.0,164.0
171528,"Turkey, retail parts, breast, meat and skin, raw",SR Legacy,21.88,7.45,0.0,0.0,155.0
171130,"Turkey, retail parts, breast, meat and skin, with added solution, raw",SR Legacy,20.79,6.75,0.03,0.0,144.0
174516,"Turkey, retail parts, breast, meat only, cooked, roasted",SR Legacy,29.51,1.97,0.0,0.0,136.0
174515,"Turkey, retail parts, breast, meat only, raw",SR Legacy,23.34,2.33,0.0,0.0,114.0
174514,"Turkey, retail parts, breast, meat only, with added solution, cooked, roasted",SR Legacy,27.94,2.08,0.0,0.0,130.0
174513,"Turkey, retail parts, breast, meat only, with added solution, raw",SR Legacy,21.99,2.53,0.0,0.0,111.0
171135,"Turkey, retail parts, drumstick, meat and skin, cooked, roasted",SR Legacy,28.21,9.37,0.0,0.0,197.0
171134,"Turkey, retail parts, drumstick, meat and skin, raw",SR Legacy,19.96,6.84,0.0,0.0,141.0
172878,"Turkey, retail parts, drumstick, meat only, cooked, roasted",SR Legacy,28.61,6.52,0.0,0.0,173.0
172875,"Turkey, retail parts, drumstick, meat only, raw",SR Legacy,20.52,3.97,0.0,0.0,118.0
171137,"Turkey, retail parts, thigh, meat and skin, cooked, roasted",SR Legacy,23.95,9.5,0.41,0.0,183.0
171533,"Turkey, retail parts, thigh, meat and skin, raw",SR Legacy,19.54,9.16,0.0,0.0,161.0
172877,"Turkey, retail parts, thigh, meat only, cooked, roasted",SR Legacy,25.14,6.25,0.46,0.0,159.0
174518,"Turkey, retail parts, thigh, meat only, raw",SR Legacy,20.6,3.69,0.0,0.0,116.0
171133,"Turkey, retail parts, wing, meat and skin, cooked, roasted",SR Legacy,28.74,13.29,0.13,0.0,235.0
171132,"Turkey, retail parts, wing, meat and skin, raw",SR Legacy,19.53,13.79,0.05,0.0,202.0
172872,"Turkey, retail parts, wing, meat only, cooked, roasted",SR Legacy,30.17,5.51,0.0,0.0,170.0
174517,"Turkey, retail parts, wing, meat only, raw",SR Legacy,22.48,2.49,0.0,0.0,112.0
172866,"Turkey, skin from whole (light and dark), with added solution, raw",SR Legacy,12.29,36.8,0.21,0.0,381.0
172867,"Turkey, skin from whole, (light and dark), with added solution, roasted",SR Legacy,22.15,40.31,0.0,0.0,451.0
172874,"Turkey, skin, from retail parts, from dark meat, cooked, roasted",SR Legacy,24.58,35.03,0.0,0.0,414.0
172873,"Turkey, skin, from retail parts, from dark meat, raw",SR Legacy,14.35,35.83,0.0,0.0,380.0
173338,"Turkey, stuffing, mashed potatoes w/gravy, assorted vegetables, frozen, microwaved",SR Legacy,6.97,3.89,16.32,1.3,128.0
171531,"Turkey, thigh, from whole bird, meat only, raw",SR Legacy,21.28,2.5,0.15,0.0,108.0
171532,"Turkey, thigh, from whole bird, meat only, roasted",SR Legacy,27.71,6.04,0.0,0.0,165.0
171129,"Turkey, thigh, from whole bird, meat only, with added solution, raw",SR Legacy,19.27,4.12,0.15,0.0,115.0
171131,"Turkey, thigh, from whole bird, meat only, with added solution, roasted",SR Legacy,26.1,6.0,0.0,0.0,158.0
174613,"Turkey, white, rotisserie, deli cut",SR Legacy,13.5,3.0,7.7,0.4,112.0
171097,"Turkey, whole, back, meat only, cooked, roasted",SR Legacy,27.71,6.04,0.0,0.0,173.0
171096,"Turkey, whole, back, meat only, raw",SR Legacy,21.28,2.5,0.15,0.0,113.0
171496,"Turkey, whole, breast, meat only, cooked, roasted",SR Legacy,30.13,2.08,0.0,0.0,147.0
171098,"Turkey, whole, breast, meat only, raw",SR Legacy,23.66,1.48,0.14,0.0,114.0
171091,"Turkey, whole, dark meat, cooked, roasted",SR Legacy,27.71,6.04,0.0,0.0,173.0
171489,"Turkey, whole, dark meat, meat and skin, cooked, roasted",SR Legacy,27.27,9.95,0.07,0.0,206.0
171090,"Turkey, whole, dark meat, meat only, raw",SR Legacy,21.28,2.5,0.15,0.0,108.0
171084,"Turkey, whole, giblets, cooked, simmered",SR Legacy,26.44,6.61,0.0,0.0,173.0
171083,"Turkey, whole, giblets, raw",SR Legacy,18.18,5.09,0.07,0.0,124.0
171089,"Turkey, whole, light meat, meat and skin, cooked, roasted",SR Legacy,29.55,5.57,0.05,0.0,177.0
171088,"Turkey, whole, light meat, meat and skin, raw",SR Legacy,21.96,7.43,0.15,0.0,161.0
171490,"Turkey, whole, light meat, raw",SR Legacy,23.66,1.48,0.14,0.0,114.0
171479,"Turkey, whole, meat and skin, cooked, roasted",SR Legacy,28.55,7.39,0.06,0.0,189.0
171081,"Turkey, whole, meat and skin, raw",SR Legacy,21.64,5.64,0.14,0.0,144.0
172870,"Turkey, whole, meat and skin, with added solution, raw",SR Legacy,19.03,9.1,0.15,0.0,159.0
172871,"Turkey, whole, meat and skin, with added solution, roasted",SR Legacy,26.09,8.01,0.0,0.0,176.0
171481,"Turkey, whole, meat only, cooked, roasted",SR Legacy,29.06,3.84,0.0,0.0,159.0
171480,"Turkey, whole, meat only, raw",SR Legacy,22.64,1.93,0.14,0.0,115.0
172868,"Turkey, whole, meat only, with added solution, raw",SR Legacy,20.87,2.39,0.14,0.0,106.0
172869,"Turkey, whole, meat only, with added solution, roasted",SR Legacy,26.61,3.7,0.0,0.0,140.0
171087,"Turkey, whole, neck, meat only, cooked, simmered",SR Legacy,22.48,7.36,0.0,0.0,162.0
171086,"Turkey, whole, neck, meat only, raw",SR Legacy,16.51,6.04,0.0,0.0,125.0
171482,"Turkey, whole, skin (light and dark), raw",SR Legacy,12.96,38.93,0.16,0.0,407.0
171082,"Turkey, whole, skin (light and dark), roasted",SR Legacy,23.94,39.31,0.57,0.0,459.0
171498,"Turkey, whole, wing, meat only, cooked, roasted",SR Legacy,30.13,2.08,0.0,0.0,147.0
171497,"Turkey, whole, wing, meat only, raw",SR Legacy,23.66,1.48,0.14,0.0,115.0
171526,"Turkey, wing, from whole bird, meat only, with added solution, raw",SR Legacy,21.54,1.66,0.14,0.0,102.0
171527,"Turkey, wing, from whole bird, meat only, with added solution, roasted",SR Legacy,26.97,2.08,0.0,0.0,127.0
167709,"Turkey, wing, smoked, cooked, with skin, bone removed",SR Legacy,27.4,12.41,0.0,0.0,221.0
171499,"Turkey, young hen, skin only, cooked, roasted",SR Legacy,19.03,44.45,0.0,0.0,482.0
170141,"Turnip greens and turnips, frozen, cooked, boiled, drained, with salt",SR Legacy,2.99,0.38,4.74,3.1,34.0
170062,"Turnip greens and turnips, frozen, cooked, boiled, drained, without salt",SR Legacy,2.99,0.38,4.85,3.1,35.0
170470,"Turnip greens and turnips, frozen, unprepared",SR Legacy,2.46,0.19,3.39,2.4,21.0
168119,"Turnip greens, canned, no salt added",SR Legacy,1.36,0.3,2.81,1.3,19.0
170467,"Turnip greens, canned, solids and liquids",SR Legacy,1.36,0.3,2.42,1.7,14.0
170139,"Turnip greens, cooked, boiled, drained, with salt",SR Legacy,1.14,0.23,4.36,3.5,20.0
170466,"Turnip greens, cooked, boiled, drained, without salt",SR Legacy,1.14,0.23,4.36,3.5,20.0
170140,"Turnip greens, frozen, cooked, boiled, drained, with salt",SR Legacy,3.35,0.42,4.98,3.4,29.0
170469,"Turnip greens, frozen, cooked, boiled, drained, without salt",SR Legacy,3.35,0.42,4.98,3.4,29.0
170468,"Turnip greens, frozen, unprepared",SR Legacy,2.47,0.31,3.67,2.5,22.0
170061,"Turnip greens, raw",SR Legacy,1.5,0.3,7.13,3.2,32.0
170547,"Turnips, cooked, boiled, drained, with salt",SR Legacy,0.71,0.08,5.06,2.0,22.0
170058,"Turnips, cooked, boiled, drained, without salt",SR Legacy,0.71,0.08,5.06,2.0,22.0
170548,"Turnips, frozen, cooked, boiled, drained, with salt",SR Legacy,1.53,0.24,3.73,2.0,21.0
170060,"Turnips, frozen, cooked, boiled, drained, without salt",SR Legacy,1.53,0.24,4.35,2.0,23.0
170059,"Turnips, frozen, unprepared",SR Legacy,1.04,0.16,2.94,1.8,16.0
2747674,"Turnips, raw",Foundation Foods,0.953125,0.1188,7.274975,1.915,33.9816
169775,"Turnover, cheese-filled, tomato-based sauce, frozen, unprepared",SR Legacy,10.24,9.45,27.29,1.6,235.0
169780,"Turnover, chicken- or turkey-, and vegetable-filled, reduced fat, frozen",SR Legacy,7.87,5.51,21.74,3.1,168.0
168963,"Turnover, filled with egg, meat and cheese, frozen",SR Legacy,7.87,12.6,20.67,0.8,228.0
168962,"Turnover, meat- and cheese-filled, tomato-based sauce, reduced fat, frozen",SR Legacy,9.45,5.51,31.89,0.8,215.0
167745,"Turtle, green, raw",SR Legacy,19.8,0.5,0.0,0.0,89.0
168010,"Udi's, Gluten Free, Classic French Dinner Rolls",SR Legacy,7.99,6.4,55.1,3.6,310.0
167598,"Udi's, Gluten Free, Soft & Delicious White Sandwich Bread",SR Legacy,5.4,8.02,51.15,5.5,298.0
167599,"Udi's, Gluten Free, Soft & Hearty Whole Grain Bread",SR Legacy,7.25,9.34,49.09,4.9,309.0
167600,"Udi's, Gluten Free, Whole Grain Dinner Rolls",SR Legacy,11.8,11.6,44.29,11.2,329.0
167601,"Van's, Gluten Free, Totally Original Pancakes",SR Legacy,3.31,4.55,40.32,1.5,215.0
168011,"Van's, Gluten Free, Totally Original Waffles",SR Legacy,2.99,8.22,40.54,,248.0
168012,"Van's, The Perfect 10, Crispy Six Whole Grain + Four Seed Baked Crackers, Gluten Free",SR Legacy,7.63,18.93,67.57,,471.0
173471,Vanilla extract,SR Legacy,0.06,0.06,12.65,0.0,288.0
172235,"Vanilla extract, imitation, alcohol",SR Legacy,0.05,0.0,2.41,0.0,237.0
172236,"Vanilla extract, imitation, no alcohol",SR Legacy,0.03,0.0,14.4,0.0,56.0
173850,"Veal, Australian, rib, rib roast, separable lean and fat, raw",SR Legacy,19.6,13.1,1.15,0.0,201.0
172478,"Veal, Australian, rib, rib roast, separable lean only, raw",SR Legacy,21.7,4.63,1.4,0.0,134.0
173849,"Veal, Australian, separable fat, raw",SR Legacy,9.91,52.17,0.0,0.0,509.0
174433,"Veal, Australian, shank, fore, bone-in, separable lean and fat, raw",SR Legacy,19.58,7.42,0.0,0.0,145.0
174432,"Veal, Australian, shank, fore, bone-in, separable lean only, raw",SR Legacy,20.18,4.65,0.0,0.0,123.0
172607,"Veal, Australian, shank, hind, bone-in, separable lean and fat, raw",SR Legacy,19.78,7.2,0.0,0.0,144.0
172606,"Veal, Australian, shank, hind, bone-in, separable lean only, raw",SR Legacy,20.37,4.47,0.0,0.0,122.0
174394,"Veal, breast, plate half, boneless, separable lean and fat, cooked, braised",SR Legacy,25.93,18.95,0.0,,282.0
174395,"Veal, breast, point half, boneless, separable lean and fat, cooked, braised",SR Legacy,28.23,14.16,0.0,,248.0
172567,"Veal, breast, separable fat, cooked",SR Legacy,9.4,53.35,0.0,0.0,521.0
174393,"Veal, breast, whole, boneless, separable lean and fat, cooked, braised",SR Legacy,26.97,16.77,0.0,,266.0
174392,"Veal, breast, whole, boneless, separable lean and fat, raw",SR Legacy,17.47,14.75,0.0,,208.0
174396,"Veal, breast, whole, boneless, separable lean only, cooked, braised",SR Legacy,30.32,9.8,0.0,,218.0
175267,"Veal, composite of trimmed retail cuts, separable fat, cooked",SR Legacy,9.42,66.74,0.0,0.0,642.0
175266,"Veal, composite of trimmed retail cuts, separable fat, raw",SR Legacy,6.02,67.83,0.0,0.0,638.0
173816,"Veal, composite of trimmed retail cuts, separable lean and fat, cooked",SR Legacy,30.1,11.39,0.0,0.0,231.0
173815,"Veal, composite of trimmed retail cuts, separable lean and fat, raw",SR Legacy,19.35,6.77,0.0,0.0,144.0
175265,"Veal, composite of trimmed retail cuts, separable lean only, cooked",SR Legacy,31.9,6.58,0.0,0.0,196.0
173817,"Veal, composite of trimmed retail cuts, separable lean only, raw",SR Legacy,20.2,2.87,0.0,0.0,112.0
175289,"Veal, cubed for stew (leg and shoulder), separable lean only, cooked, braised",SR Legacy,34.94,4.31,0.0,0.0,188.0
173843,"Veal, cubed for stew (leg and shoulder), separable lean only, raw",SR Legacy,20.27,2.5,0.0,0.0,109.0
174883,"Veal, external fat only, cooked",SR Legacy,15.28,53.23,0.0,0.0,540.0
174882,"Veal, external fat only, raw",SR Legacy,8.85,51.6,0.89,0.0,503.0
172649,"Veal, foreshank, osso buco, separable lean and fat, cooked, braised",SR Legacy,27.94,7.77,0.11,0.0,182.0
172646,"Veal, foreshank, osso buco, separable lean only, cooked, braised",SR Legacy,29.12,4.51,0.0,0.0,157.0
175291,"Veal, ground, cooked, broiled",SR Legacy,24.38,7.56,0.0,0.0,172.0
174879,"Veal, ground, cooked, pan-fried",SR Legacy,25.83,11.78,1.51,0.0,215.0
175290,"Veal, ground, raw",SR Legacy,18.58,13.06,0.0,0.0,197.0
173818,"Veal, leg (top round), separable lean and fat, cooked, braised",SR Legacy,36.16,6.33,0.0,0.0,211.0
173819,"Veal, leg (top round), separable lean and fat, cooked, pan-fried, breaded",SR Legacy,27.29,9.18,9.91,0.3,238.0
173820,"Veal, leg (top round), separable lean and fat, cooked, pan-fried, not breaded",SR Legacy,31.75,8.35,0.0,0.0,211.0
173821,"Veal, leg (top round), separable lean and fat, cooked, roasted",SR Legacy,27.7,4.65,0.0,0.0,160.0
175268,"Veal, leg (top round), separable lean and fat, raw",SR Legacy,20.98,3.08,0.0,0.0,117.0
175270,"Veal, leg (top round), separable lean only, cooked, braised",SR Legacy,36.71,5.09,0.0,0.0,203.0
175271,"Veal, leg (top round), separable lean only, cooked, pan-fried, breaded",SR Legacy,28.41,6.27,9.84,0.2,216.0
175272,"Veal, leg (top round), separable lean only, cooked, pan-fried, not breaded",SR Legacy,33.17,4.62,0.0,0.0,183.0
173822,"Veal, leg (top round), separable lean only, cooked, roasted",SR Legacy,28.07,3.39,0.0,0.0,150.0
175269,"Veal, leg (top round), separable lean only, raw",SR Legacy,21.28,1.76,0.0,0.0,107.0
174880,"Veal, leg, top round, cap off, cutlet, boneless, cooked, grilled",SR Legacy,31.89,2.63,0.0,0.0,151.0
172643,"Veal, leg, top round, cap off, cutlet, boneless, raw",SR Legacy,22.07,2.07,0.0,0.0,107.0
172650,"Veal, loin, chop, separable lean and fat, cooked, grilled",SR Legacy,28.04,9.48,0.16,0.0,198.0
172644,"Veal, loin, chop, separable lean only, cooked, grilled",SR Legacy,29.75,4.44,0.07,0.0,159.0
173824,"Veal, loin, separable lean and fat, cooked, braised",SR Legacy,30.19,17.21,0.0,0.0,284.0
173825,"Veal, loin, separable lean and fat, cooked, roasted",SR Legacy,24.8,12.32,0.0,0.0,217.0
173823,"Veal, loin, separable lean and fat, raw",SR Legacy,20.07,10.07,0.07,0.0,177.0
175273,"Veal, loin, separable lean only, cooked, braised",SR Legacy,33.57,9.15,0.0,0.0,226.0
175274,"Veal, loin, separable lean only, cooked, roasted",SR Legacy,26.32,6.94,0.0,0.0,175.0
173826,"Veal, loin, separable lean only, raw",SR Legacy,21.85,2.9,0.0,0.0,114.0
175276,"Veal, rib, separable lean and fat, cooked, braised",SR Legacy,32.43,12.53,0.0,0.0,251.0
173827,"Veal, rib, separable lean and fat, cooked, roasted",SR Legacy,23.96,13.96,0.0,0.0,228.0
175275,"Veal, rib, separable lean and fat, raw",SR Legacy,18.86,9.01,0.0,0.0,162.0
173829,"Veal, rib, separable lean only, cooked, braised",SR Legacy,34.44,7.81,0.0,0.0,218.0
173830,"Veal, rib, separable lean only, cooked, roasted",SR Legacy,25.76,7.44,0.0,0.0,177.0
173828,"Veal, rib, separable lean only, raw",SR Legacy,19.97,3.89,0.0,0.0,120.0
172647,"Veal, seam fat only, cooked",SR Legacy,11.16,50.17,2.11,0.0,505.0
174884,"Veal, seam fat only, raw",SR Legacy,12.53,43.75,0.0,0.0,444.0
172569,"Veal, shank (fore and hind), separable lean and fat, cooked, braised",SR Legacy,31.54,6.2,0.0,,191.0
172568,"Veal, shank (fore and hind), separable lean and fat, raw",SR Legacy,19.15,3.48,0.0,,113.0
172571,"Veal, shank (fore and hind), separable lean only, cooked, braised",SR Legacy,32.22,4.33,0.0,0.0,177.0
172570,"Veal, shank (fore and hind), separable lean only, raw",SR Legacy,19.28,2.83,0.0,,108.0
172648,"Veal, shank, separable lean and fat, raw",SR Legacy,19.28,3.3,0.0,0.0,107.0
172645,"Veal, shank, separable lean only, raw",SR Legacy,19.77,1.64,0.0,0.0,94.0
173834,"Veal, shoulder, arm, separable lean and fat, cooked, braised",SR Legacy,33.63,10.24,0.0,0.0,236.0
175281,"Veal, shoulder, arm, separable lean and fat, cooked, roasted",SR Legacy,25.46,8.25,0.0,0.0,183.0
173833,"Veal, shoulder, arm, separable lean and fat, raw",SR Legacy,19.34,5.44,0.0,0.0,132.0
175283,"Veal, shoulder, arm, separable lean only, cooked, braised",SR Legacy,35.73,5.33,0.0,0.0,201.0
175284,"Veal, shoulder, arm, separable lean only, cooked, roasted",SR Legacy,26.13,5.81,0.0,0.0,164.0
175282,"Veal, shoulder, arm, separable lean only, raw",SR Legacy,20.04,2.16,0.0,0.0,105.0
172651,"Veal, shoulder, blade chop, separable lean and fat, cooked, grilled",SR Legacy,25.72,10.57,0.15,0.0,199.0
173835,"Veal, shoulder, blade chop, separable lean and fat, raw",SR Legacy,18.72,7.61,0.03,0.0,148.0
174881,"Veal, shoulder, blade chop, separable lean only, cooked, grilled",SR Legacy,27.33,5.53,0.0,0.0,159.0
173838,"Veal, shoulder, blade chop, separable lean only, raw",SR Legacy,19.6,2.88,0.0,0.0,110.0
173836,"Veal, shoulder, blade, separable lean and fat, cooked, braised",SR Legacy,31.26,10.09,0.0,0.0,225.0
173837,"Veal, shoulder, blade, separable lean and fat, cooked, roasted",SR Legacy,25.15,8.67,0.0,0.0,186.0
173839,"Veal, shoulder, blade, separable lean only, cooked, braised",SR Legacy,32.66,6.48,0.0,0.0,198.0
175285,"Veal, shoulder, blade, separable lean only, cooked, roasted",SR Legacy,25.64,6.88,0.0,0.0,171.0
175278,"Veal, shoulder, whole (arm and blade), separable lean and fat, cooked, braised",SR Legacy,32.06,10.14,0.0,0.0,228.0
175279,"Veal, shoulder, whole (arm and blade), separable lean and fat, cooked, roasted",SR Legacy,25.32,8.42,0.0,0.0,184.0
175277,"Veal, shoulder, whole (arm and blade), separable lean and fat, raw",SR Legacy,19.27,5.28,0.0,0.0,130.0
173831,"Veal, shoulder, whole (arm and blade), separable lean only, cooked, braised",SR Legacy,33.68,6.1,0.0,0.0,199.0
173832,"Veal, shoulder, whole (arm and blade), separable lean only, cooked, roasted",SR Legacy,25.81,6.62,0.0,0.0,170.0
175280,"Veal, shoulder, whole (arm and blade), separable lean only, raw",SR Legacy,19.79,3.0,0.0,0.0,112.0
175287,"Veal, sirloin, separable lean and fat, cooked, braised",SR Legacy,31.26,13.14,0.0,0.0,252.0
175288,"Veal, sirloin, separable lean and fat, cooked, roasted",SR Legacy,25.14,10.45,0.0,0.0,202.0
175286,"Veal, sirloin, separable lean and fat, raw",SR Legacy,19.07,7.81,0.0,0.0,152.0
173841,"Veal, sirloin, separable lean only, cooked, braised",SR Legacy,33.96,6.51,0.0,0.0,204.0
173842,"Veal, sirloin, separable lean only, cooked, roasted",SR Legacy,26.32,6.22,0.0,0.0,168.0
173840,"Veal, sirloin, separable lean only, raw",SR Legacy,20.2,2.59,0.0,0.0,110.0
174352,"Veal, variety meats and by-products, brain, cooked, braised",SR Legacy,11.48,9.63,0.0,0.0,136.0
174353,"Veal, variety meats and by-products, brain, cooked, pan-fried",SR Legacy,14.48,16.75,0.0,0.0,213.0
174351,"Veal, variety meats and by-products, brain, raw",SR Legacy,10.32,8.21,0.0,0.0,118.0
172530,"Veal, variety meats and by-products, heart, cooked, braised",SR Legacy,29.12,6.75,0.13,0.0,186.0
172529,"Veal, variety meats and by-products, heart, raw",SR Legacy,17.18,3.98,0.08,0.0,110.0
174357,"Veal, variety meats and by-products, kidneys, cooked, braised",SR Legacy,26.32,5.66,0.0,0.0,163.0
174356,"Veal, variety meats and by-products, kidneys, raw",SR Legacy,15.76,3.12,0.85,0.0,99.0
172535,"Veal, variety meats and by-products, liver, cooked, braised",SR Legacy,28.42,6.26,3.77,0.0,192.0
174358,"Veal, variety meats and by-products, liver, cooked, pan-fried",SR Legacy,27.37,6.51,4.47,0.0,193.0
172534,"Veal, variety meats and by-products, liver, raw",SR Legacy,19.93,4.85,2.91,0.0,140.0
172536,"Veal, variety meats and by-products, lungs, cooked, braised",SR Legacy,18.74,2.64,0.0,0.0,104.0
174361,"Veal, variety meats and by-products, lungs, raw",SR Legacy,16.3,2.3,0.0,0.0,90.0
174363,"Veal, variety meats and by-products, pancreas, cooked, braised",SR Legacy,29.1,14.6,0.0,0.0,256.0
174362,"Veal, variety meats and by-products, pancreas, raw",SR Legacy,15.0,13.1,0.0,0.0,182.0
172541,"Veal, variety meats and by-products, spleen, cooked, braised",SR Legacy,24.08,2.89,0.0,0.0,129.0
172540,"Veal, variety meats and by-products, spleen, raw",SR Legacy,18.3,2.2,0.0,0.0,98.0
172543,"Veal, variety meats and by-products, thymus, cooked, braised",SR Legacy,22.67,3.11,0.0,0.0,125.0
172542,"Veal, variety meats and by-products, thymus, raw",SR Legacy,17.21,3.07,0.0,0.0,101.0
174369,"Veal, variety meats and by-products, tongue, cooked, braised",SR Legacy,25.85,10.1,0.0,0.0,202.0
174368,"Veal, variety meats and by-products, tongue, raw",SR Legacy,17.18,5.48,1.91,0.0,131.0
170063,"Vegetable juice cocktail, canned",SR Legacy,0.93,0.31,3.87,0.5,22.0
170473,"Vegetable juice cocktail, low sodium, canned",SR Legacy,0.91,0.32,3.83,0.5,19.0
169767,"Vegetable juice, BOLTHOUSE FARMS, DAILY GREENS",SR Legacy,0.49,0.04,8.13,1.9,31.0
171422,"Vegetable oil, palm kernel",SR Legacy,0.0,100.0,0.0,0.0,862.0
167691,"Vegetable oil-butter spread, reduced calorie",SR Legacy,0.0,53.0,0.0,0.0,465.0
169085,"Vegetables, mixed (corn, lima beans, peas, green beans, carrots) canned, no salt added",SR Legacy,1.4,0.2,7.31,3.1,37.0
170065,"Vegetables, mixed, canned, drained solids",SR Legacy,2.59,0.25,9.26,3.0,49.0
170064,"Vegetables, mixed, canned, solids and liquids",SR Legacy,1.42,0.25,7.13,3.8,36.0
170142,"Vegetables, mixed, frozen, cooked, boiled, drained, with salt",SR Legacy,2.86,0.15,13.09,4.4,60.0
170472,"Vegetables, mixed, frozen, cooked, boiled, drained, without salt",SR Legacy,2.86,0.15,13.09,4.4,65.0
170471,"Vegetables, mixed, frozen, unprepared",SR Legacy,3.33,0.52,13.47,4.0,72.0
169068,Vegetarian fillets,SR Legacy,23.0,18.0,9.0,6.1,290.0
169888,Vegetarian meatloaf or patties,SR Legacy,21.0,9.0,8.0,4.6,197.0
174287,"Veggie burgers or soyburgers, unprepared",SR Legacy,15.7,6.3,14.27,4.9,177.0
169884,"Vermicelli, made from soy",SR Legacy,0.1,0.1,82.32,3.9,331.0
172241,"Vinegar, balsamic",SR Legacy,0.49,0.0,17.03,,88.0
173469,"Vinegar, cider",SR Legacy,0.0,0.0,0.93,0.0,21.0
172237,"Vinegar, distilled",SR Legacy,0.0,0.0,0.04,0.0,18.0
172240,"Vinegar, red wine",SR Legacy,0.04,0.0,0.27,0.0,19.0
170474,"Vinespinach, (basella), raw",SR Legacy,1.8,0.3,3.4,,19.0
168147,Vital wheat gluten,SR Legacy,75.16,1.85,13.79,0.6,370.0
175235,"Vitasoy USA Azumaya, Extra Firm Tofu",SR Legacy,10.07,4.6,1.53,0.9,88.0
175236,"Vitasoy USA Azumaya, Firm Tofu",SR Legacy,9.08,4.2,1.52,0.6,80.0
173786,"Vitasoy USA Azumaya, Silken Tofu",SR Legacy,4.82,2.4,0.58,0.2,43.0
173784,"Vitasoy USA Nasoya, Lite Silken Tofu",SR Legacy,8.21,1.1,0.0,,43.0
175234,"Vitasoy USA Organic Nasoya Sprouted, Tofu Plus Super Firm",SR Legacy,13.24,5.9,2.16,1.2,115.0
173783,"Vitasoy USA Organic Nasoya, Soft Tofu",SR Legacy,8.76,3.5,0.74,0.6,70.0
173785,"Vitasoy USA Organic Nasoya, Tofu Plus Extra Firm",SR Legacy,10.18,4.9,1.82,1.0,92.0
175233,"Vitasoy USA Organic Nasoya, Tofu Plus Firm",SR Legacy,9.19,3.4,1.71,0.8,74.0
172468,"Vitasoy USA, Nasoya Lite Firm Tofu",SR Legacy,8.3,1.7,1.3,0.6,54.0
173762,"Vitasoy USA, Organic Nasoya Extra Firm Tofu",SR Legacy,10.1,5.2,2.6,1.3,98.0
173763,"Vitasoy USA, Organic Nasoya Firm Tofu",SR Legacy,8.9,4.4,2.3,0.8,84.0
173764,"Vitasoy USA, Organic Nasoya Silken Tofu",SR Legacy,4.8,2.5,1.4,0.3,47.0
174297,"Vitasoy USA, Organic Nasoya Super Firm Cubed Tofu",SR Legacy,12.4,6.3,2.8,2.0,118.0
175214,"Vitasoy USA, Vitasoy Light Vanilla Soymilk",SR Legacy,1.6,0.82,4.1,0.1,30.0
175213,"Vitasoy USA, Vitasoy Organic Classic Original Soymilk",SR Legacy,3.2,1.8,4.5,0.4,47.0
175212,"Vitasoy USA, Vitasoy Organic Creamy Original Soymilk",SR Legacy,2.9,1.6,4.5,0.4,44.0
167518,"Waffle, buttermilk, frozen, ready-to-heat, microwaved",SR Legacy,6.92,9.4,44.16,2.4,289.0
167517,"Waffle, buttermilk, frozen, ready-to-heat, toasted",SR Legacy,7.42,9.49,48.39,2.6,309.0
167519,"Waffle, plain, frozen, ready-to-heat, microwave",SR Legacy,6.71,9.91,45.41,2.4,298.0
167516,"Waffles, buttermilk, frozen, ready-to-heat",SR Legacy,6.58,9.22,41.05,2.2,273.0
167524,"Waffles, chocolate chip, frozen, ready-to-heat",SR Legacy,5.8,10.1,45.68,1.5,297.0
174105,"Waffles, gluten-free, frozen, ready-to-heat",SR Legacy,2.72,8.84,43.05,1.4,263.0
175048,"Waffles, plain, frozen, ready -to-heat, toasted",SR Legacy,7.19,9.61,49.29,2.4,312.0
175038,"Waffles, plain, frozen, ready-to-heat",SR Legacy,6.47,9.7,42.98,2.2,285.0
175039,"Waffles, plain, prepared from recipe",SR Legacy,7.9,14.1,32.9,,291.0
174085,"Waffles, whole wheat, lowfat, frozen, ready-to-heat",SR Legacy,7.14,3.57,49.16,4.3,257.0
168031,"Walrus, liver, raw (Alaska Native)",SR Legacy,21.0,3.0,3.5,,125.0
168030,"Walrus, meat and subcutaneous fat raw (Alaska Native)",SR Legacy,16.3,24.1,0.0,,282.0
167621,"Walrus, meat, dried (Alaska Native)",SR Legacy,57.0,2.6,0.0,,251.0
168029,"Walrus, meat, raw (Alaska Native)",SR Legacy,19.2,13.6,0.0,,199.0
171831,Wasabi,SR Legacy,2.23,10.9,46.13,6.1,292.0
168583,"Wasabi, root, raw",SR Legacy,4.8,0.63,23.54,7.8,109.0
170132,"Water convolvulus, cooked, boiled, drained, with salt",SR Legacy,2.08,0.24,3.7,1.9,20.0
169302,"Water convolvulus, cooked, boiled, drained, without salt",SR Legacy,2.08,0.24,3.7,1.9,20.0
169301,"Water convolvulus,raw",SR Legacy,2.6,0.2,3.13,2.1,19.0
174158,"Water, bottled, generic",SR Legacy,0.0,0.0,0.0,0.0,0.0
173657,"Water, bottled, non-carbonated, NAYA",SR Legacy,0.0,0.0,0.0,,0.0
171926,"Water, non-carbonated, bottles, natural fruit flavors, sweetened with low calorie sweetener",SR Legacy,0.0,0.0,0.13,0.0,1.0
171940,"Water, with corn syrup and/or sugar and low calorie sweetener, fruit flavored",SR Legacy,0.0,0.0,4.5,0.0,18.0
170066,"Waterchestnuts, chinese, (matai), raw",SR Legacy,1.4,0.1,23.94,3.0,97.0
170067,"Waterchestnuts, chinese, canned, solids and liquids",SR Legacy,0.88,0.06,12.3,2.5,50.0
170068,"Watercress, raw",SR Legacy,2.3,0.1,1.29,0.5,11.0
167765,"Watermelon, raw",SR Legacy,0.61,0.15,7.55,0.4,30.0
2747676,"Watermelon, seedless, rind only, raw",Foundation Foods,0.53125,0.07,4.166,1.535,19.419
170549,"Waxgourd, (chinese preserving melon), cooked, boiled, drained, with salt",SR Legacy,0.4,0.2,2.45,1.0,11.0
170475,"Waxgourd, (chinese preserving melon), cooked, boiled, drained, without salt",SR Legacy,0.4,0.2,3.04,1.0,14.0
170069,"Waxgourd, (chinese preserving melon), raw",SR Legacy,0.4,0.2,3.0,2.9,13.0
170770,"WEND'YS, Crispy Chicken Sandwich",SR Legacy,11.72,13.93,26.36,,278.0
170725,"WENDY'S, Chicken Nuggets",SR Legacy,16.46,22.55,14.31,,326.0
170325,"WENDY'S, CLASSIC DOUBLE, with cheese",SR Legacy,16.52,14.2,11.71,1.1,241.0
170722,"WENDY'S, CLASSIC SINGLE Hamburger, no cheese",SR Legacy,12.63,10.6,16.82,1.3,213.0
170322,"WENDY'S, CLASSIC SINGLE Hamburger, with cheese",SR Legacy,14.87,11.6,14.2,1.4,221.0
170772,"WENDY'S, DAVE'S Hot 'N Juicy 1/4 LB, single",SR Legacy,13.69,15.8,17.73,1.1,268.0
170784,"WENDY'S, Double Stack, with cheese",SR Legacy,18.53,16.6,15.35,,285.0
170726,"WENDY'S, french fries",SR Legacy,3.73,14.1,39.73,4.0,301.0
170326,"WENDY'S, Frosty Dairy Dessert",SR Legacy,3.49,2.6,23.62,3.3,132.0
170723,"WENDY'S, Homestyle Chicken Fillet Sandwich",SR Legacy,13.78,8.1,21.55,1.3,214.0
170324,"WENDY'S, Jr. Hamburger, with cheese",SR Legacy,13.06,11.5,24.97,1.4,256.0
170323,"WENDY'S, Jr. Hamburger, without cheese",SR Legacy,12.62,8.75,28.45,1.7,243.0
170724,"WENDY'S, Ultimate Chicken Grill Sandwich",SR Legacy,14.73,5.0,18.88,1.1,179.0
169796,"Whale, beluga, eyes (Alaska Native)",SR Legacy,19.6,23.3,0.0,0.0,291.0
168979,"Whale, beluga, flipper, raw (Alaska Native)",SR Legacy,19.0,21.7,0.0,0.0,271.0
168980,"Whale, beluga, liver, raw (Alaska Native)",SR Legacy,18.4,3.9,2.0,,117.0
169795,"Whale, beluga, meat, dried (Alaska Native)",SR Legacy,69.86,5.34,0.0,0.0,327.0
169797,"Whale, beluga, meat, raw (Alaska Native)",SR Legacy,26.5,0.5,0.0,0.0,111.0
167624,"Whale, bowhead, skin and subcutaneous fat (muktuk) (Alaska Native)",SR Legacy,12.6,46.1,0.0,,465.0
167623,"Whale, bowhead, subcutaneous fat (blubber) (Alaska Native)",SR Legacy,0.4,96.5,0.0,,870.0
169722,"Wheat bran, crude",SR Legacy,15.55,4.25,64.51,42.8,216.0
172018,"Wheat flour, white (industrial), 10% protein, bleached, enriched",SR Legacy,9.71,1.48,76.22,2.4,366.0
172019,"Wheat flour, white (industrial), 10% protein, bleached, unenriched",SR Legacy,9.71,1.48,76.22,2.4,366.0
168938,"Wheat flour, white (industrial), 10% protein, unbleached, enriched",SR Legacy,9.71,1.48,76.22,2.4,366.0
168939,"Wheat flour, white (industrial), 11.5% protein, bleached, enriched",SR Legacy,11.5,1.45,73.81,2.4,363.0
168940,"Wheat flour, white (industrial), 11.5% protein, bleached, unenriched",SR Legacy,11.5,1.45,73.81,2.4,363.0
168941,"Wheat flour, white (industrial), 11.5% protein, unbleached, enriched",SR Legacy,11.5,1.45,73.81,2.4,363.0
168942,"Wheat flour, white (industrial), 13% protein, bleached, enriched",SR Legacy,13.07,1.38,72.2,2.4,362.0
172020,"Wheat flour, white (industrial), 13% protein, bleached, unenriched",SR Legacy,13.07,1.38,72.2,2.4,362.0
172021,"Wheat flour, white (industrial), 15% protein, bleached, enriched",SR Legacy,15.33,1.41,69.88,2.4,362.0
172022,"Wheat flour, white (industrial), 15% protein, bleached, unenriched",SR Legacy,15.33,1.41,69.88,2.4,362.0
172016,"Wheat flour, white (industrial), 9% protein, bleached, enriched",SR Legacy,8.89,1.43,77.32,,367.0
172017,"Wheat flour, white (industrial), 9% protein, bleached, unenriched",SR Legacy,8.89,1.43,77.32,2.4,367.0
168894,"Wheat flour, white, all-purpose, enriched, bleached",SR Legacy,10.33,0.98,76.31,2.7,364.0
169754,"Wheat flour, white, all-purpose, enriched, calcium-fortified",SR Legacy,10.33,0.98,76.31,2.7,364.0
168936,"Wheat flour, white, all-purpose, enriched, unbleached",SR Legacy,10.33,0.98,76.31,2.7,364.0
168895,"Wheat flour, white, all-purpose, self-rising, enriched",SR Legacy,9.89,0.97,74.22,2.7,354.0
169761,"Wheat flour, white, all-purpose, unenriched",SR Legacy,10.33,0.98,76.31,2.7,364.0
168896,"Wheat flour, white, bread, enriched",SR Legacy,11.98,1.66,72.53,2.4,361.0
169723,"Wheat flour, white, cake, enriched",SR Legacy,8.2,0.86,78.03,1.7,362.0
169724,"Wheat flour, white, tortilla mix, enriched",SR Legacy,9.66,10.63,67.14,,405.0
168893,"Wheat flour, whole-grain (Includes foods for USDA's Food Distribution Program)",SR Legacy,13.21,2.5,71.97,10.7,340.0
168944,"Wheat flour, whole-grain, soft wheat",SR Legacy,9.61,1.95,74.48,13.1,332.0
168913,"Wheat flours, bread, unenriched",SR Legacy,11.98,1.66,72.53,2.4,361.0
168892,"Wheat germ, crude",SR Legacy,23.15,9.72,51.8,13.2,360.0
169721,"Wheat, durum",SR Legacy,13.68,2.47,71.13,,339.0
168889,"Wheat, hard red spring",SR Legacy,15.4,1.92,68.03,12.2,329.0
168890,"Wheat, hard red winter",SR Legacy,12.61,1.54,71.18,12.2,327.0
169719,"Wheat, hard white",SR Legacy,11.31,1.71,75.9,12.2,342.0
169744,"Wheat, KAMUT khorasan, cooked",SR Legacy,5.71,0.83,27.6,4.3,132.0
169743,"Wheat, KAMUT khorasan, uncooked",SR Legacy,14.54,2.13,70.58,11.1,337.0
168891,"Wheat, soft red winter",SR Legacy,10.35,1.56,74.24,12.5,331.0
169720,"Wheat, soft white",SR Legacy,10.69,1.99,75.36,12.7,340.0
169725,"Wheat, sprouted",SR Legacy,7.49,1.27,42.53,1.1,198.0
171281,"Whey, acid, dried",SR Legacy,11.73,0.54,73.45,0.0,339.0
170885,"Whey, acid, fluid",SR Legacy,0.76,0.09,5.12,0.0,24.0
171283,"Whey, sweet, dried",SR Legacy,12.93,1.07,74.46,0.0,353.0
171282,"Whey, sweet, fluid",SR Legacy,0.85,0.36,5.14,0.0,27.0
169899,"Whipped cream substitute, dietetic, made from powdered mix",SR Legacy,0.9,6.0,10.6,0.0,100.0
167687,"Whipped topping, frozen, low fat",SR Legacy,3.0,13.1,23.6,0.0,224.0
173661,"Whiskey sour mix, bottled, with added potassium and sodium",SR Legacy,0.1,0.1,21.4,0.0,84.0
168897,"Wild rice, cooked",SR Legacy,3.99,0.34,21.34,1.8,101.0
2710821,"Wild rice, dry, raw",Foundation Foods,12.7875,1.704,75.6695,4.26,369.164
169726,"Wild rice, raw",SR Legacy,14.73,1.08,74.9,6.2,357.0
168035,"Willow, leaves in oil (Alaska Native)",SR Legacy,2.6,61.0,8.1,,592.0
168036,"Willow, young leaves, chopped (Alaska Native)",SR Legacy,6.1,1.6,20.7,,122.0
170478,"Winged bean leaves, raw",SR Legacy,5.85,1.1,14.1,,74.0
170070,"Winged bean tuber, raw",SR Legacy,11.6,0.9,28.1,,148.0
170550,"Winged bean, immature seeds, cooked, boiled, drained, with salt",SR Legacy,5.31,0.66,3.21,,37.0
170477,"Winged beans, immature seeds, cooked, boiled, drained, without salt",SR Legacy,5.31,0.66,3.21,,38.0
170476,"Winged beans, immature seeds, raw",SR Legacy,6.95,0.87,4.31,,49.0
172477,"Winged beans, mature seeds, cooked, boiled, with salt",SR Legacy,10.62,5.84,14.94,,147.0
172453,"Winged beans, mature seeds, cooked, boiled, without salt",SR Legacy,10.62,5.84,14.94,,147.0
174283,"Winged beans, mature seeds, raw",SR Legacy,29.65,16.32,41.71,25.9,409.0
169826,"Wocas, dried seeds, Oregon, yellow pond lily (Klamath)",SR Legacy,7.9,1.07,80.02,19.2,361.0
169005,"Wocas, tuber, cooked, Oregon, yellow pond lily (Klamath)",SR Legacy,0.69,0.35,7.06,2.3,34.0
172802,Wonton wrappers (includes egg roll wrappers),SR Legacy,9.8,1.5,57.9,1.8,291.0
172960,"Yachtwurst, with pistachio nuts, cooked",SR Legacy,14.8,22.6,1.4,0.0,268.0
170551,"Yam, cooked, boiled, drained, or baked, with salt",SR Legacy,1.49,0.14,26.99,3.9,114.0
170072,"Yam, cooked, boiled, drained, or baked, without salt",SR Legacy,1.49,0.14,27.48,3.9,116.0
170071,"Yam, raw",SR Legacy,1.53,0.17,27.88,4.1,118.0
169358,"Yambean (jicama), cooked, boiled, drained, with salt",SR Legacy,0.72,0.09,8.23,,36.0
170074,"Yambean (jicama), cooked, boiled, drained, without salt",SR Legacy,0.72,0.09,8.82,,38.0
170073,"Yambean (jicama), raw",SR Legacy,0.72,0.09,8.82,4.9,38.0
169359,"Yardlong bean, cooked, boiled, drained, with salt",SR Legacy,2.53,0.1,9.17,,47.0
169223,"Yardlong bean, cooked, boiled, drained, without salt",SR Legacy,2.53,0.1,9.18,,47.0
169222,"Yardlong bean, raw",SR Legacy,2.8,0.4,8.35,,47.0
174306,"Yardlong beans, mature seeds, cooked, boiled, with salt",SR Legacy,8.29,0.45,21.09,3.8,118.0
174282,"Yardlong beans, mature seeds, cooked, boiled, without salt",SR Legacy,8.29,0.45,21.09,3.8,118.0
174281,"Yardlong beans, mature seeds, raw",SR Legacy,24.33,1.31,61.91,11.0,347.0
169401,"Yautia (tannier), raw",SR Legacy,1.46,0.4,23.63,1.5,98.0
167717,Yeast extract spread,SR Legacy,23.88,0.9,20.42,6.5,185.0
168956,"Yellow rice with seasoning, dry packet mix, unprepared",SR Legacy,7.02,1.75,74.68,1.8,343.0
170355,"Yogurt parfait, lowfat, with fruit and granola",SR Legacy,3.36,1.01,15.86,1.1,84.0
172208,"Yogurt, chocolate, nonfat milk",SR Legacy,3.53,0.0,23.53,1.2,112.0
172221,"Yogurt, chocolate, nonfat milk, fortified with vitamin D",SR Legacy,3.53,0.0,23.53,1.2,112.0
173464,"Yogurt, frozen, flavors not chocolate, nonfat milk, with low-calorie sweetener",SR Legacy,4.4,0.8,19.7,2.0,104.0
170908,"Yogurt, frozen, flavors other than chocolate, lowfat",SR Legacy,8.0,2.5,21.0,0.0,139.0
169898,"Yogurt, fruit variety, nonfat",SR Legacy,4.4,0.2,19.0,0.0,95.0
173458,"Yogurt, fruit variety, nonfat, fortified with vitamin D",SR Legacy,4.4,0.2,19.0,0.0,95.0
171285,"Yogurt, fruit, low fat, 10 grams protein per 8 ounce",SR Legacy,4.37,1.08,19.05,0.0,102.0
173457,"Yogurt, fruit, low fat, 10 grams protein per 8 ounce, fortified with vitamin D",SR Legacy,4.37,1.08,19.05,0.0,102.0
171286,"Yogurt, fruit, low fat, 11g protein/8 oz",SR Legacy,4.86,1.41,18.6,0.0,105.0
173456,"Yogurt, fruit, low fat, 9 grams protein per 8 ounce, fortified with vitamin D",SR Legacy,3.98,1.15,18.64,0.0,99.0
170889,"Yogurt, fruit, low fat,9 g protein/8 oz",SR Legacy,3.98,1.15,18.64,0.0,99.0
173451,"Yogurt, fruit, lowfat, with low calorie sweetener",SR Legacy,4.86,1.41,18.6,0.0,105.0
172218,"Yogurt, fruit, lowfat, with low calorie sweetener, fortified with vitamin D",SR Legacy,4.86,1.41,18.6,0.0,105.0
170864,"Yogurt, Greek, 2% fat, apricot, CHOBANI",SR Legacy,7.22,1.71,12.15,0.6,93.0
173434,"Yogurt, Greek, 2% fat, key lime blend, CHOBANI",SR Legacy,7.75,1.47,11.91,0.5,92.0
172199,"Yogurt, Greek, 2% fat, mango, CHOBANI",SR Legacy,7.64,1.69,11.84,0.5,93.0
170909,"Yogurt, Greek, 2% fat, pineapple, CHOBANI",SR Legacy,7.05,1.82,12.27,0.7,94.0
170912,"Yogurt, Greek, 2% fat, strawberry banana, CHOBANI",SR Legacy,8.0,1.71,10.24,0.7,88.0
170891,"Yogurt, Greek, 2% fat,mixed berry blend, CHOBANI",SR Legacy,8.26,1.83,10.94,0.6,93.0
171260,"Yogurt, Greek, 2%fat, coconut blend, CHOBANI",SR Legacy,8.11,1.71,11.04,0.5,92.0
170914,"Yogurt, Greek, Blueberry, CHOBANI",SR Legacy,7.23,0.24,12.78,0.5,82.0
170905,"Yogurt, Greek, fruit, whole milk",SR Legacy,7.33,3.0,12.29,0.0,106.0
170916,"Yogurt, Greek, nonfat, Fruit on Bottom, Blackberry, CHOBANI",SR Legacy,7.54,0.37,15.43,0.4,95.0
170913,"Yogurt, Greek, nonfat, Fruit on Bottom, Pomegranate, CHOBANI",SR Legacy,7.45,0.18,12.13,0.8,80.0
170915,"Yogurt, Greek, nonfat, Fruit on Bottom, Strawberry, CHOBANI",SR Legacy,7.28,0.23,11.86,0.4,79.0
171310,"Yogurt, Greek, nonfat, lemon blend, CHOBANI",SR Legacy,8.62,0.15,10.66,0.5,78.0
171311,"Yogurt, Greek, nonfat, peach, CHOBANI",SR Legacy,7.76,0.11,11.9,0.7,80.0
171312,"Yogurt, Greek, nonfat, plain, CHOBANI",SR Legacy,9.53,0.24,3.43,0.2,54.0
171313,"Yogurt, Greek, nonfat, raspberry, CHOBANI",SR Legacy,7.65,0.22,11.98,0.5,81.0
171299,"Yogurt, Greek, nonfat, strawberry, DANNON OIKOS",SR Legacy,8.03,0.22,12.53,0.4,84.0
171296,"Yogurt, Greek, nonfat, vanilla, CHOBANI",SR Legacy,9.07,0.22,8.09,0.3,71.0
171298,"Yogurt, Greek, nonfat, vanilla, DANNON OIKOS",SR Legacy,8.12,0.14,12.72,0.5,85.0
170903,"Yogurt, Greek, plain, lowfat",SR Legacy,9.95,1.92,3.94,0.0,73.0
330137,"Yogurt, Greek, plain, nonfat",Foundation Foods,10.3,0.37,3.64,,61.0
170894,"Yogurt, Greek, plain, nonfat (Includes foods for USDA's Food Distribution Program)",SR Legacy,10.19,0.39,3.6,0.0,59.0
171304,"Yogurt, Greek, plain, whole milk",SR Legacy,9.0,5.0,3.98,0.0,97.0
171297,"Yogurt, Greek, strawberry, DANNON OIKOS",SR Legacy,8.25,2.92,11.67,1.0,106.0
171300,"Yogurt, Greek, strawberry, lowfat",SR Legacy,8.17,2.57,12.29,1.0,105.0
330415,"Yogurt, Greek, strawberry, nonfat",Foundation Foods,8.06,0.15,12.2,0.6,83.0
170907,"Yogurt, Greek, vanilla, lowfat",SR Legacy,8.64,2.5,9.54,0.0,95.0
170902,"Yogurt, Greek, vanilla, nonfat",SR Legacy,8.64,0.18,10.37,0.5,78.0
171309,"Yogurt, Greek, whole, plain, CHOBANI",SR Legacy,8.24,4.01,3.24,0.8,82.0
170886,"Yogurt, plain, low fat",SR Legacy,5.25,1.55,7.04,0.0,63.0
2647437,"Yogurt, plain, nonfat",Foundation Foods,4.22675,0.0875,8.07675,,50.0015
170887,"Yogurt, plain, skim milk",SR Legacy,5.73,0.18,7.68,0.0,56.0
171284,"Yogurt, plain, whole milk",SR Legacy,3.47,3.25,4.66,0.0,61.0
173463,"Yogurt, vanilla flavor, lowfat milk, sweetened with low calorie sweetener",SR Legacy,4.93,1.25,13.8,0.0,86.0
173445,"Yogurt, vanilla or lemon flavor, nonfat milk, sweetened with low-calorie sweetener",SR Legacy,3.86,0.18,7.5,0.0,43.0
172220,"Yogurt, vanilla or lemon flavor, nonfat milk, sweetened with low-calorie sweetener, fortified with vitamin D",SR Legacy,3.86,0.18,7.5,0.0,43.0
172219,"Yogurt, vanilla, low fat, fortified with vitamin D",SR Legacy,4.93,1.25,13.8,0.0,85.0
170888,"Yogurt, vanilla, low fat.",SR Legacy,4.93,1.25,13.8,0.0,85.0
170906,"Yogurt, vanilla, non-fat",SR Legacy,2.94,0.0,17.04,0.0,78.0
173730,"Yokan, prepared from adzuki beans and sugar",SR Legacy,3.29,0.12,60.72,,260.0
171372,Zwieback,SR Legacy,10.1,9.7,74.2,2.5,426.0
