food_name,calories,protein_g,fat_g,carbs_g,fiber_g,food_type_final
"Beef, chuck, arm pot roast, separable lean only, trimmed to 1/8"" fat, choice, raw",139.0,21.96,5.05,0.0,0.0,non_vegetarian
"Pork, fresh, variety meats and by-products, jowl, raw",655.0,6.38,69.61,0.0,0.0,non_vegetarian
"Babyfood, meat, turkey, strained",111.0,11.5,6.2,1.4,0.0,non_vegetarian
"Snacks, sweet potato chips, unsalted",532.0,2.94,32.35,56.82,8.8,vegan
"Beef, plate steak, boneless, outside skirt, separable lean only, trimmed to 0"" fat, all grades, cooked, grilled",282.0,27.68,19.01,0.0,0.0,non_vegetarian
"Beef, flank, steak, separable lean and fat, trimmed to 0"" fat, all grades, raw",155.0,21.22,7.17,0.0,0.0,non_vegetarian
"Bologna, turkey",209.0,11.42,16.05,4.68,0.5,non_vegetarian
"Sauce, salsa, ready-to-serve",29.0,1.44,0.19,6.74,1.8,vegan
"Flour, potato",360.7805,8.1125,0.9513,79.9422,5.401,vegan
"Beef, rib, back ribs, bone-in, separable lean only, trimmed to 0"" fat, select, raw",221.0,19.71,15.73,0.2,0.0,non_vegetarian
"Carrots, raw",41.0,0.93,0.24,9.58,2.8,vegan
"Mushrooms, white, microwaved",35.0,3.91,0.46,6.04,2.5,vegan
"Cookies, peanut butter, refrigerated dough",458.0,8.2,25.0,52.1,1.1,vegetarian
"Brussels sprouts, raw",59.485,3.984375,0.565,9.615625,4.785,vegan
"Cereals, QUAKER, oatmeal, REAL MEDLEYS, summer berry, dry",353.0,11.31,4.4,72.58,8.5,vegan
"Beef, Australian, imported, grass-fed, round, top round cap-off steak/roast, boneless, separable lean and fat, raw",129.0,22.24,4.4,0.0,0.0,non_vegetarian
"Alfalfa seeds, sprouted, raw",23.0,3.99,0.69,2.1,1.9,vegan
"Bread, chapati or roti, whole wheat, commercially prepared, frozen",299.0,7.85,9.2,46.13,9.7,vegan
"Bread, reduced-calorie, rye",203.0,9.1,2.9,40.5,12.0,vegan
"Ravioli, cheese with tomato sauce, frozen, not prepared, includes regular and light entrees",111.0,4.52,2.61,17.31,1.4,vegetarian
"CAMPBELL'S CHUNKY, New England Clam Chowder",81.0,2.46,3.85,9.01,1.2,non_vegetarian
"Lambsquarters, cooked, boiled, drained, with salt",32.0,3.2,0.7,5.0,2.1,non_vegetarian
"Babyfood, carrots, toddler",21.0,0.6,0.3,5.23,2.3,vegan
"Babyfood, potatoes, toddler",52.0,1.0,0.1,11.73,0.9,vegan
"Pork, Leg Cap Steak, boneless, separable lean and fat, raw",123.0,21.64,3.39,0.0,0.0,non_vegetarian
"Guavas, strawberry, raw",69.0,0.58,0.6,17.36,5.4,vegan
"Pork, cured, ham with natural juices, shank, bone-in, separable lean only, unheated",130.0,25.11,3.33,0.3,0.0,non_vegetarian
"Peas, edible-podded, boiled, drained, without salt",42.0,3.27,0.23,7.05,2.8,vegan
"Salad dressing, mayonnaise, imitation, soybean",232.0,0.3,19.2,16.0,0.0,vegetarian
"Mollusks, squid, mixed species, cooked, fried",175.0,17.94,7.48,7.79,0.0,non_vegetarian
"Pork, cured, ham, slice, bone-in, separable lean and fat, heated, pan-broil",181.0,25.48,8.48,0.7,0.0,non_vegetarian
"Restaurant, Latino, arepa (unleavened cornmeal bread)",219.0,5.48,5.38,37.14,2.6,vegan
"Yambean (jicama), cooked, boiled, drained, with salt",36.0,0.72,0.09,8.23,,vegan
"Peanuts, virginia, oil-roasted, without salt",578.0,25.87,48.62,19.86,8.9,vegan
"Succotash, (corn and limas), frozen, cooked, boiled, drained, with salt",93.0,4.31,0.89,19.95,4.1,vegan
"Cheese, swiss",393.0,26.96,30.99,1.44,0.0,vegetarian
"Asparagus, green, raw",28.1015,1.4375,0.2163,5.1012,1.883,vegan
"Pork, cured, ham, rump, bone-in, separable lean and fat, unheated",176.0,22.27,9.38,0.52,0.0,non_vegetarian
"HOT POCKETS, CROISSANT POCKETS Chicken, Broccoli, and Cheddar Stuffed Sandwich, frozen",235.0,8.9,8.6,30.4,1.1,non_vegetarian
"Cheese, cottage, lowfat, 1% milkfat, no sodium added",72.0,12.4,1.0,2.7,0.0,vegetarian
"Gelatin desserts, dry mix, reduced calorie, with aspartame, no added sodium",345.0,55.3,0.0,33.3,0.0,non_vegetarian
"Ice cream sandwich, vanilla, light, no sugar added",200.0,5.71,2.86,42.86,7.1,vegetarian
"Mothbeans, mature seeds, cooked, boiled, without salt",117.0,7.81,0.55,20.96,,vegan
"Pork, fresh, loin, blade (chops), bone-in, separable lean only, cooked, broiled",193.0,24.99,9.56,0.0,0.0,non_vegetarian
"Fish, sablefish, raw",195.0,13.41,15.3,0.0,0.0,non_vegetarian
"Beef, New Zealand, imported, oyster blade, separable lean only, cooked, braised",196.0,29.87,8.46,0.0,0.0,non_vegetarian
"Squash, summer, zucchini, includes skin, cooked, boiled, drained, with salt",15.0,1.14,0.36,2.69,1.0,vegan
"Pasta, whole grain, 51% whole wheat, remaining enriched semolina, dry (Includes foods for USDA's Food Distribution Program)",361.0,13.2,2.55,73.3,11.3,vegan
"Beans, small white, mature seeds, cooked, boiled, with salt",142.0,8.97,0.64,25.81,10.4,vegan
"Beef, chuck, under blade center steak, boneless, Denver Cut, separable lean only, trimmed to 0"" fat, all grades, cooked, grilled",220.0,26.5,12.64,0.14,0.0,non_vegetarian
"Cornmeal, degermed, unenriched, yellow",370.0,7.11,1.75,79.45,3.9,vegan
"Lamb, loin, separable lean and fat, trimmed to 1/8"" fat, choice, cooked, roasted",290.0,23.27,21.12,0.0,0.0,non_vegetarian
"Soup, tomato beef with noodle, canned, prepared with equal volume water",56.0,1.78,1.71,8.44,0.6,non_vegetarian
"Yogurt, Greek, 2% fat,mixed berry blend, CHOBANI",93.0,8.26,1.83,10.94,0.6,vegetarian
"Cheese, colby",394.0,23.76,32.11,2.57,0.0,vegetarian
"Cheese, tilsit",340.0,24.41,25.98,1.88,0.0,vegetarian
"WENDY'S, Homestyle Chicken Fillet Sandwich",214.0,13.78,8.1,21.55,1.3,non_vegetarian
"Mushrooms, Chanterelle, raw",32.0,1.49,0.53,6.86,3.8,vegan
"Beef, loin, top loin steak, boneless, lip off, separable lean and fat, trimmed to 0"" fat, choice, raw",171.0,22.19,9.16,0.0,0.0,non_vegetarian
"HORMEL ALWAYS TENDER, Pork Tenderloin, Peppercorn-Flavored",110.0,17.21,3.8,1.82,,non_vegetarian
"Tomatoes, green, raw",23.0,1.2,0.2,5.1,1.1,vegan
"Rice noodles, cooked",108.0,1.79,0.2,24.01,1.0,vegan
"Wheat flour, white (industrial), 11.5% protein, bleached, unenriched",363.0,11.5,1.45,73.81,2.4,vegan
"Sea lion, Steller, liver (Alaska Native)",137.0,22.9,5.0,0.0,,non_vegetarian
"Lamb, leg, whole (shank and sirloin), separable lean and fat, trimmed to 1/8"" fat, choice, cooked, roasted",242.0,26.2,14.42,0.0,0.0,non_vegetarian
"Chicken, broilers or fryers, wing, meat and skin, cooked, roasted",254.0,23.79,16.87,0.0,0.0,non_vegetarian
"Macaroni and cheese, frozen entree",149.0,5.6,6.41,17.28,1.1,vegetarian
"Vitasoy USA, Vitasoy Organic Classic Original Soymilk",47.0,3.2,1.8,4.5,0.4,vegetarian
"APPLEBEE'S, chili",157.0,12.56,9.79,4.57,1.4,non_vegetarian
"Beef, flank, steak, separable lean and fat, trimmed to 0"" fat, choice, cooked, broiled",202.0,27.55,9.31,0.0,0.0,non_vegetarian
"Cabbage, red, raw",31.0,1.43,0.16,7.37,2.1,vegan
"Beverages, Malted drink mix, natural, powder, prepared with whole milk",88.0,3.86,3.62,10.23,0.1,vegetarian
"SILK Coffee, soymilk",62.0,2.06,1.44,10.29,0.0,vegetarian
"Beans, black turtle, mature seeds, raw",339.0,21.25,0.9,63.25,15.5,vegan
"Infant formula, PBM PRODUCTS, store brand, liquid concentrate, not reconstituted",130.0,2.9,7.0,13.9,0.0,vegan
"Chicken, meatless, breaded, fried",234.0,21.28,12.77,8.51,4.3,non_vegetarian
"Beef, loin, top loin steak, boneless, lip-on, separable lean only, trimmed to 1/8"" fat, all grades, raw",143.0,23.07,5.67,0.0,0.0,non_vegetarian
"Fish, trout, brook, raw, New York State",110.0,21.23,2.73,0.0,,non_vegetarian
"Onions, canned, solids and liquids",19.0,0.85,0.09,4.02,1.2,vegan
"Babyfood, snack, GERBER GRADUATE FRUIT  STRIPS, Real Fruit Bars",330.0,0.82,2.24,76.61,2.0,vegan
"Potatoes, french fried, cottage-cut, salt not added in processing, frozen, as purchased",153.0,2.42,5.78,23.98,3.0,vegan
"Cereals, QUAKER, oatmeal, REAL MEDLEYS, cherry pistachio, dry",394.0,12.02,11.02,66.73,7.1,vegan
"Mayonnaise, made with tofu",322.0,5.95,31.79,3.06,1.1,vegetarian
"Seal, ringed, meat (Alaska Native)",142.0,28.4,3.2,0.0,,non_vegetarian
"Chicken, feet, boiled",215.0,19.4,14.6,0.2,0.0,non_vegetarian
"Orange juice, no pulp, not fortified, not from concentrate, refrigerated",46.5063,0.8125,0.3563,10.0124,,vegan
"Fast foods, breadstick, soft, prepared with garlic and parmesan cheese",343.0,12.2,12.88,44.48,2.4,vegetarian
"Spices, onion powder",341.0,10.41,1.04,79.12,15.2,vegan
"Beverages, OCEAN SPRAY, Light Cranberry, Concord Grape",23.0,0.36,0.02,5.78,0.7,vegan
"Chicken, dark meat, thigh, meat and skin, with added solution, cooked, braised",215.0,20.7,14.62,0.21,0.0,non_vegetarian
"Lamb, New Zealand, imported, hind-shank, separable lean only, raw",115.0,20.4,3.35,0.73,0.0,non_vegetarian
"Cookies, fig bars",348.0,3.7,7.3,70.9,4.6,vegan
"Pork, fresh, loin, whole, separable lean only, cooked, roasted",209.0,28.62,9.63,0.0,0.0,non_vegetarian
"Lentils, pink or red, raw",358.0,23.91,2.17,63.1,10.8,vegan
"CHICK-FIL-A, chicken sandwich",249.0,16.28,11.19,20.89,1.4,non_vegetarian
Arrowroot flour,357.0,0.3,0.1,88.15,3.4,vegan
"Fish, catfish, channel, cooked, breaded and fried",229.0,18.09,13.33,8.04,0.7,non_vegetarian
"Sugar-apples, (sweetsop), raw",94.0,2.06,0.29,23.64,4.4,vegan
"Ostrich, oyster, raw",125.0,21.55,3.67,0.0,0.0,non_vegetarian
"Nuts, mixed nuts, oil roasted, with peanuts, lightly salted",607.0,20.04,53.95,21.05,7.0,vegan
"Edamame, frozen, unprepared",109.0,11.22,4.73,7.61,4.8,vegan
"Grapefruit, raw, white, Florida",32.0,0.63,0.1,8.19,,vegan
"Vitasoy USA, Vitasoy Organic Creamy Original Soymilk",44.0,2.9,1.6,4.5,0.4,vegetarian
"Soup, chicken noodle, canned, condensed",48.0,2.37,1.55,6.07,0.9,non_vegetarian
"Babyfood, fruit, bananas with tapioca, strained",56.0,0.4,0.1,15.3,1.6,vegan
"Squash, summer, crookneck and straightneck, frozen, cooked, boiled, drained, with salt",25.0,1.28,0.2,5.54,1.4,vegan
"Cereals ready-to-eat, POST, Shredded Wheat, lightly frosted, spoon-size",352.0,7.8,1.9,83.8,9.6,vegan
"Beef, rib, large end (ribs 6-9), separable lean and fat, trimmed to 1/8"" fat, all grades, cooked, roasted",355.0,23.01,28.51,0.0,0.0,non_vegetarian
"Strudel, apple",274.0,3.3,11.2,41.1,2.2,vegan
"Squash, Indian, cooked, boiled (Navajo)",16.0,0.31,0.15,3.22,1.5,vegan
"Nuts, pistachio nuts, raw",597.98,20.5057,45.02,27.6943,6.969,vegan
"Lamb, New Zealand, imported, frozen, composite of trimmed retail cuts, separable lean and fat, trimmed to 1/8"" fat, cooked",270.0,25.26,17.98,0.0,0.0,non_vegetarian
"Beef, round, top round steak, boneless, separable lean and fat, trimmed to 0"" fat, select, cooked, grilled",162.0,29.7,3.85,0.0,0.0,non_vegetarian
"Potatoes, french fried, crinkle or regular cut, salt added in processing, frozen, oven-heated",161.0,2.51,5.13,27.5,2.3,vegan
"School Lunch, chicken patty, whole grain breaded",246.0,17.64,13.93,12.5,2.3,non_vegetarian
"Plums, canned, purple, light syrup pack, solids and liquids",63.0,0.37,0.1,16.28,0.9,vegan
"Apples, dehydrated (low moisture), sulfured, uncooked",346.0,1.32,0.58,93.53,12.4,vegan
"Lamb, shoulder, whole (arm and blade), separable lean and fat, trimmed to 1/4"" fat, choice, cooked, roasted",276.0,22.51,19.97,0.0,0.0,non_vegetarian
"Cereals, MALT-O-MEAL, Maple & Brown Sugar Hot Wheat Cereal, dry",368.0,8.82,0.47,80.52,1.8,vegan
"Seeds, sunflower seed kernels from shell, dry roasted, with salt added",546.0,19.33,49.8,15.31,9.0,vegan
"Babyfood, rice and apples, dry",396.0,6.7,2.4,86.89,3.0,vegan
"Babyfood, meat, meat sticks, junior",184.0,13.4,14.6,1.1,0.2,non_vegetarian
"Beef, chuck, arm pot roast, separable lean and fat, trimmed to 1/8"" fat, all grades, raw",244.0,19.23,17.98,0.0,0.0,non_vegetarian
"Beef, short loin, porterhouse steak, separable lean and fat, trimmed to 1/8"" fat, choice, raw",218.0,20.36,14.58,0.0,0.0,non_vegetarian
"Milk, canned, evaporated, with added vitamin D and without added vitamin A",134.0,6.81,7.56,10.04,0.0,vegetarian
"Oat bran, raw",246.0,17.3,7.03,66.22,15.4,vegan
"Chicken, broilers or fryers, rotisserie, original seasoning, wing, meat only, cooked",197.0,27.69,9.53,0.0,0.0,non_vegetarian
"Yogurt, vanilla, low fat, fortified with vitamin D",85.0,4.93,1.25,13.8,0.0,vegetarian
"Beef, chuck, clod steak, separable lean only, trimmed to 1/4"" fat, all grades, cooked, braised",189.0,29.34,7.04,0.0,0.0,non_vegetarian
"Chicken, dark meat, drumstick, meat and skin, with added solution, raw",146.0,18.03,8.24,0.0,0.0,non_vegetarian
"Noodles, egg, cooked, enriched, with added salt",138.0,4.54,2.07,25.16,1.2,vegetarian
"Plantains, yellow, raw",122.0,1.3,0.35,31.89,1.7,vegan
"Beverages, Orange drink, breakfast type, with juice and pulp, frozen concentrate",153.0,0.4,0.0,39.0,0.1,vegan
"Flour, whole wheat, unenriched",370.0,15.1,2.73,71.2,10.6,vegan
"Beef, short loin, top loin, steak, separable lean only, trimmed to 1/8"" fat, select, cooked, grilled",177.0,29.44,5.73,0.0,0.0,non_vegetarian
"Soybeans, green, cooked, boiled, drained, with salt",141.0,12.35,6.4,11.05,4.2,vegan
"Tortillas, ready-to-bake or -fry, corn",218.0,5.7,2.85,44.64,6.3,vegan
"Peppers, jalapeno, seeded, raw",24.1264,0.621125,0.1488,5.075675,1.725,vegan
"Beef, Australian, imported, Wagyu, external fat, Aust. marble score 4/5, raw",596.0,6.54,63.27,0.0,0.0,non_vegetarian
"Beef, ground, 95% lean meat / 5% fat, loaf, cooked, baked",174.0,27.31,6.37,0.0,0.0,non_vegetarian
"SMART SOUP, French Lentil",53.0,2.9,1.06,9.5,2.9,vegan
"Peas, green, frozen, cooked, boiled, drained, with salt",78.0,5.15,0.27,14.26,4.5,vegan
"Peas, edible-podded, cooked, boiled, drained, with salt",40.0,3.27,0.23,6.46,2.8,vegan
"Pork, cured, ham, shank, bone-in, separable lean only, unheated",125.0,23.79,3.19,0.18,0.0,non_vegetarian
"Snacks, popcorn, oil-popped, white popcorn, salt added",500.0,9.0,28.1,57.2,10.0,vegan
"Chicken, heart, all classes, cooked, simmered",185.0,26.41,7.92,0.1,0.0,non_vegetarian
"Seeds, pumpkin and squash seeds, whole, roasted, with salt added",446.0,18.55,19.4,53.75,18.4,vegan
"Peas and onions, frozen, cooked, boiled, drained, with salt",45.0,2.54,0.2,8.63,2.2,vegan
"Squash, summer, all varieties, cooked, boiled, drained, with salt",20.0,0.91,0.31,4.31,1.4,vegan
"Beef, round, bottom round, steak, separable lean and fat, trimmed to 1/8"" fat, all grades, raw",192.0,20.7,11.54,0.0,0.0,non_vegetarian
"Fish, bass, freshwater, mixed species, cooked, dry heat",146.0,24.18,4.73,0.0,0.0,non_vegetarian
"Sweet rolls, cheese",360.0,7.1,18.3,43.7,1.2,vegetarian
"Jew's ear, (pepeao), raw",25.0,0.48,0.04,6.75,,vegan
"Beef, variety meats and by-products, liver, cooked, braised",191.0,29.08,5.26,5.13,0.0,non_vegetarian
"Fish, milkfish, raw",148.0,20.53,6.73,0.0,0.0,non_vegetarian
"Macaroni, vegetable, enriched, cooked",128.0,4.53,0.11,26.61,4.3,vegan
"Cabbage, common, cooked, boiled, drained, with salt",23.0,1.27,0.06,5.51,1.9,vegan
"Babyfood, plums, bananas and rice, strained",57.0,1.1,0.3,12.7,1.3,vegan
"Pork, cured, ham with natural juices, shank, bone-in, separable lean and fat, unheated",191.0,22.35,11.11,0.32,0.0,non_vegetarian
"Squash, zucchini, baby, raw",21.0,2.71,0.4,3.11,1.1,vegan
"Spinach, canned, regular pack, solids and liquids",19.0,2.11,0.37,2.92,1.6,vegan
"Potatoes, boiled, cooked in skin, flesh, without salt",87.0,1.87,0.1,20.13,1.8,vegan
"Turkey and gravy, frozen",67.0,5.88,2.63,4.61,0.0,non_vegetarian
"Yambean (jicama), cooked, boiled, drained, without salt",38.0,0.72,0.09,8.82,,vegan
"Infant formula, PBM PRODUCTS, store brand, ready-to-feed",63.0,1.4,3.5,6.39,0.0,vegan
"Gelatin desserts, dry mix, reduced calorie, with aspartame",198.0,15.67,0.0,80.21,0.1,non_vegetarian
"Fish, pike, walleye, raw",93.0,19.14,1.22,0.0,0.0,non_vegetarian
"Tofu, extra firm, prepared with nigari",83.0,9.98,5.26,1.18,1.0,vegan
"Candies, confectioner's coating, butterscotch",539.0,2.2,29.05,67.1,0.0,vegetarian
"Babyfood, cereal, mixed, with bananas, prepared with whole milk",86.0,3.82,3.46,10.0,0.4,vegetarian
"Noodles, egg, cooked, unenriched, with added salt",138.0,4.54,2.07,25.16,1.2,vegetarian
"Seal, bearded (Oogruk), meat, partially dried (Alaska Native)",270.0,62.38,2.31,0.0,,non_vegetarian
"Puddings, banana, dry mix, instant",367.0,0.0,0.6,92.7,0.0,vegan
"Beef, ribeye  petite roast/filet, boneless, separable lean only, trimmed to 0"" fat, choice, raw",138.0,22.52,5.29,0.18,0.0,non_vegetarian
"Lamb, rib, separable lean and fat, trimmed to 1/8"" fat, choice, cooked, broiled",340.0,23.06,26.82,0.0,0.0,non_vegetarian
"Whipped cream substitute, dietetic, made from powdered mix",100.0,0.9,6.0,10.6,0.0,vegetarian
"Mollusks, oyster, eastern, wild, cooked, moist heat",102.0,11.42,3.42,5.45,0.0,non_vegetarian
"Beans, navy, mature seeds, raw",337.0,22.33,1.5,60.75,15.3,vegan
"Beef, Australian, imported, grass-fed,  external fat, raw",509.0,11.32,51.36,0.39,0.0,non_vegetarian
"Veal, shank (fore and hind), separable lean only, raw",108.0,19.28,2.83,0.0,,non_vegetarian
"Beverages, tea, instant, sweetened with sodium saccharin, lemon-flavored, powder",338.0,3.3,0.6,85.4,0.0,vegan
"Grapefruit, sections, canned, juice pack, solids and liquids",37.0,0.7,0.09,9.21,0.4,vegan
"Beef, New Zealand, imported, eye round, separable lean only, raw",116.0,20.15,3.35,1.35,0.0,non_vegetarian
"Beef, cured, breakfast strips, cooked",449.0,31.3,34.4,1.4,0.0,non_vegetarian
"Lamb, new zealand, imported, frozen, rib, separable lean and fat, trimmed to 1/8"" fat, raw",311.0,15.87,27.0,0.0,0.0,non_vegetarian
"Bratwurst, pork, beef and turkey, lite, smoked",186.0,14.45,13.53,1.62,0.0,non_vegetarian
"Snacks, potato chips, white, restructured, baked",469.0,5.0,18.2,71.4,4.8,vegan
"Beans, baked, home prepared",155.0,5.54,5.15,21.63,5.5,vegan
"Beef, chuck, shoulder clod, shoulder top and center steaks, separable lean and fat, trimmed to 0"" fat, choice, raw",143.0,20.39,6.12,0.0,0.0,non_vegetarian
"Sausage, turkey, fresh, raw",155.0,18.79,8.08,0.47,0.0,non_vegetarian
"Squash, summer, all varieties, raw",16.0,1.21,0.18,3.35,1.1,vegan
"KFC, Fried Chicken, ORIGINAL RECIPE, Breast, meat only, skin and breading removed",149.0,26.89,4.56,0.0,,non_vegetarian
"Egg, quail, whole, fresh, raw",158.0,13.05,11.09,0.41,0.0,non_vegetarian
"Crustaceans, crab, blue, cooked, moist heat",83.0,17.88,0.74,0.0,0.0,non_vegetarian
"POPEYES, Mild Chicken Strips, analyzed 2006",271.0,19.2,13.01,19.31,0.8,non_vegetarian
"Beef, ground, 90% lean meat / 10% fat, crumbles, cooked, pan-browned",230.0,28.45,12.04,0.0,0.0,non_vegetarian
"Asparagus, canned, drained solids",19.0,2.14,0.65,2.46,1.6,vegan
"Veal, composite of trimmed retail cuts, separable lean only, raw",112.0,20.2,2.87,0.0,0.0,non_vegetarian
"Frozen yogurts, vanilla, soft-serve",159.0,4.0,5.6,24.2,0.0,vegetarian
"Plantains, underripe, raw",145.4318,1.229375,0.685,33.587325,2.53,vegan
"OLIVE GARDEN, spaghetti with pomodoro sauce",102.0,4.26,1.85,17.14,1.7,vegan
"Rolls, dinner, wheat",273.0,8.6,6.3,46.0,3.8,vegan
"Soup, chunky beef, canned, ready-to-serve",66.0,3.97,1.11,10.08,0.6,non_vegetarian
"Crackers, standard snack-type, with whole wheat",463.0,7.29,17.84,68.37,4.9,vegan
"Cheese, cream",350.0,6.15,34.44,5.52,0.0,vegetarian
"Asparagus, canned, no salt added, solids and liquids",15.0,1.8,0.18,2.48,1.0,vegan
"Chicken, broilers or fryers, meat only, cooked, fried",219.0,30.57,9.12,1.69,0.1,non_vegetarian
"Pork, cured, separable fat (from ham and arm picnic), roasted",591.0,7.64,61.86,0.0,0.0,non_vegetarian
"Beef, rib, whole (ribs 6-12), separable lean and fat, trimmed to 1/8"" fat, select, raw",288.0,16.75,23.95,0.0,0.0,non_vegetarian
"Split pea soup, canned, reduced sodium, prepared with water or ready-to serve",71.0,3.85,0.92,11.83,1.9,vegan
"Beans, cranberry (roman), mature seeds, cooked, boiled, with salt",136.0,9.34,0.46,24.46,8.6,vegan
"Infant formula, ABBOTT NUTRITION, SIMILAC, SENSITIVE (LACTOSE FREE) ready-to-feed, with ARA and DHA",68.0,1.48,3.74,7.4,0.0,vegetarian
"Nuts, acorns, raw",387.0,6.15,23.86,40.75,,vegan
"Lean Pockets, Meatballs & Mozzarella",240.0,10.49,7.7,32.28,2.0,non_vegetarian
"Lamb, Australian, imported, fresh, rack, roast, frenched, bone-in, separable lean and fat, trimmed to 1/8"" fat, cooked, roasted",291.0,25.96,20.77,0.0,0.0,non_vegetarian
"POPEYES, Fried Chicken, Mild, Breast, meat and skin with breading",274.0,21.67,16.47,9.83,0.4,non_vegetarian
"Beef, top loin filet, boneless, separable lean and fat, trimmed to 1/8"" fat, choice, cooked, grilled",253.0,26.8,15.9,0.6,0.0,non_vegetarian
"Bologna, pork",247.0,15.3,19.87,0.73,0.0,non_vegetarian
"DENNY'S, mozzarella cheese sticks",324.0,13.56,17.87,27.22,1.6,vegetarian
"Babyfood, dinner, macaroni, beef and tomato sauce, toddler",82.0,4.34,1.9,11.53,1.1,non_vegetarian
"Beef, Australian, imported, grass-fed, rib, ribeye steak/roast lip-on, boneless, separable lean only, raw",160.0,21.47,8.2,0.0,0.0,non_vegetarian
"Fish, sturgeon, mixed species, smoked",173.0,31.2,4.4,0.0,0.0,non_vegetarian
"Pork, fresh, loin, sirloin (chops), bone-in, separable lean and fat, cooked, braised",234.0,28.81,12.31,0.0,0.0,non_vegetarian
"Chicken, broilers or fryers, drumstick, meat only, cooked, braised",156.0,23.9,5.95,0.0,,non_vegetarian
"Lettuce, leaf, red, raw",17.5315,0.883125,0.1063,3.260575,,vegan
"Beef, chuck, clod roast, separable lean and fat, trimmed to 0"" fat, select, cooked, roasted",196.0,27.3,8.76,0.0,0.0,non_vegetarian
"Beef, loin, tenderloin roast, separable lean only, boneless, trimmed to 0"" fat, select, cooked, roasted",169.0,27.55,6.54,0.0,0.0,non_vegetarian
"Beef, loin, tenderloin steak, boneless, separable lean and fat, trimmed to 0"" fat, choice, cooked, grilled",217.0,30.21,9.71,0.0,0.0,non_vegetarian
"Beef, chuck eye steak, boneless, separable lean only, trimmed to 0"" fat, select, cooked, grilled",199.0,27.88,9.77,0.0,0.0,non_vegetarian
"Peanut butter with omega-3, creamy",608.0,24.47,54.17,17.0,6.1,vegetarian
"Beef, rib, small end (ribs 10-12), separable lean and fat, trimmed to 0"" fat, choice, cooked, broiled",312.0,24.73,22.84,0.0,0.0,non_vegetarian
"Beef, brisket, flat half, separable lean only, trimmed to 1/8"" fat, all grades, cooked, braised",196.0,33.15,6.0,0.0,0.0,non_vegetarian
"Beverages, FUZE, orange mango, fortified with vitamins A, C, E, B6",38.0,0.68,0.06,9.2,0.2,vegan
"Beverages, The COCA-COLA company, Hi-C Flashin' Fruit Punch",45.0,0.0,0.0,12.5,0.0,vegan
"Restaurant, Mexican, spanish rice",185.0,3.28,5.29,31.16,1.2,vegan
"Fast foods, fish sandwich, with tartar sauce",257.0,10.29,12.45,26.69,1.0,non_vegetarian
"Carrot, dehydrated",341.0,8.1,1.49,79.57,23.6,vegan
"Wheat flour, white (industrial), 11.5% protein, unbleached, enriched",363.0,11.5,1.45,73.81,2.4,vegan
"Beef, chuck eye roast, boneless, America's Beef Roast, separable lean only, trimmed to 0"" fat, choice, raw",139.0,20.67,6.21,0.0,0.0,non_vegetarian
"Cornsalad, raw",21.0,2.0,0.4,3.6,,vegan
"Cheese, mozzarella, part skim milk",254.0,24.26,15.92,2.77,0.0,vegetarian
"Fish, bass, fresh water, mixed species, raw",114.0,18.86,3.69,0.0,0.0,non_vegetarian
"Turkey, whole, neck, meat only, raw",125.0,16.51,6.04,0.0,0.0,non_vegetarian
"Farro, pearled, dry, raw",367.011,12.63944,3.103,72.13156,7.31,vegan
"Fish, cod, Atlantic, dried and salted",290.0,62.82,2.37,0.0,0.0,non_vegetarian
"Babyfood, meat, ham, strained",97.0,11.3,3.8,3.7,0.0,non_vegetarian
"Canadian bacon, cooked, pan-fried",146.0,28.31,2.78,1.8,0.0,non_vegetarian
"Beverages, Protein powder whey based",352.0,78.13,1.56,6.25,3.1,vegetarian
"Beef, New Zealand, imported, flat, separable lean only, raw",154.0,21.3,7.69,0.0,0.0,non_vegetarian
"Babyfood, meat, beef, junior",81.0,12.03,2.52,2.43,0.0,non_vegetarian
"Soup, black bean, canned, condensed",91.0,4.83,1.32,15.42,6.8,vegan
"Cereals, whole wheat hot natural cereal, cooked with water, without salt",62.0,2.0,0.4,13.7,1.6,vegan
"Bologna, beef",299.0,10.91,26.13,4.29,0.0,non_vegetarian
"Cereals ready-to-eat, QUAKER, MOTHER'S Cinnamon Oat Crunch",382.0,10.6,4.56,79.79,8.1,vegan
"Beef, chuck eye steak, boneless, separable lean and fat, trimmed to 0"" fat, choice, cooked, grilled",283.0,24.95,20.35,0.0,0.0,non_vegetarian
"DIGIORNO Pizza, cheese topping, thin crispy crust, frozen, baked",247.0,12.96,9.91,26.47,3.0,vegetarian
"Pasta, dry, enriched",371.0,13.04,1.51,74.67,3.2,vegan
"Babyfood, fruit, apple and raspberry, junior",58.0,0.2,0.2,15.4,2.1,vegan
"Turkey, whole, neck, meat only, cooked, simmered",162.0,22.48,7.36,0.0,0.0,non_vegetarian
"Cereals, oats, instant, fortified, plain, dry",362.0,11.92,6.9,69.52,10.0,vegan
"Candies, nougat, with almonds",398.0,3.33,1.67,92.39,3.3,vegan
"Beef, Australian, imported, Wagyu, loin, tenderloin steak/roast, boneless, separable lean and fat, Aust. marble score 9, raw",248.0,18.5,19.11,0.58,0.0,non_vegetarian
Ice cream sandwich,237.0,4.29,8.57,37.14,0.0,vegetarian
"Beef, short loin, porterhouse steak, separable lean only, trimmed to 1/8"" fat, select, cooked, grilled",203.0,28.92,8.76,0.0,0.0,non_vegetarian
"Pineapple, canned, juice pack, solids and liquids",60.0,0.42,0.08,15.7,0.8,vegan
"Chicken, capons, giblets, cooked, simmered",164.0,26.39,5.4,0.76,0.0,non_vegetarian
"Cream, sour, full fat",196.4148,3.070694,17.99,5.555506,,vegetarian
"Beef, flank, steak, separable lean only, trimmed to 0"" fat, choice, cooked, broiled",194.0,27.82,8.32,0.0,0.0,non_vegetarian
"Chickpeas (garbanzo beans, bengal gram), mature seeds, canned, solids and liquids, low sodium",88.0,4.92,1.95,13.49,4.4,vegan
"Peanut butter, chunk style, with salt",589.0,24.06,49.94,21.57,8.0,vegetarian
"KFC, Fried Chicken, EXTRA CRISPY, Drumstick, meat only, skin and breading removed",170.0,25.9,7.43,0.0,,non_vegetarian
"Beverages, coffee substitute, cereal grain beverage, powder, prepared with whole milk",65.0,3.3,3.3,5.6,0.1,vegetarian
"KFC, Fried Chicken, EXTRA CRISPY, Thigh, meat only, skin and breading removed",179.0,22.41,9.96,0.0,,non_vegetarian
"Beef, New Zealand, imported, tenderloin, separable lean and fat, cooked, fast fried",202.0,29.26,9.35,0.27,0.0,non_vegetarian
"Beef, rib eye roast, bone-in, lip-on, separable lean only, trimmed to 1/8"" fat, select, cooked, roasted",219.0,27.03,12.29,0.0,0.0,non_vegetarian
"Mortadella, beef, pork",311.0,16.37,25.39,3.05,0.0,non_vegetarian
"Chicken, broilers or fryers, light meat, meat only, cooked, fried",192.0,32.82,5.54,0.42,0.0,non_vegetarian
"Beef, plate steak, boneless, inside skirt, separable lean only, trimmed to 0"" fat, choice, raw",171.0,20.89,9.76,0.0,0.0,non_vegetarian
"Lamb, Australian, imported, fresh, tenderloin, boneless, separable lean and fat, trimmed to 1/8"" fat, raw",143.0,23.23,5.52,0.0,0.0,non_vegetarian
"POPEYES, Spicy Chicken Strips, analyzed 2006",253.0,19.61,11.2,18.52,1.2,non_vegetarian
"Soup, mushroom with beef stock, canned, condensed",68.0,2.51,3.21,7.41,0.1,non_vegetarian
"Cookies, chocolate sandwich, with creme filling, regular, chocolate-coated",481.0,3.6,26.4,66.4,5.2,vegan
"Veal, variety meats and by-products, lungs, raw",90.0,16.3,2.3,0.0,0.0,non_vegetarian
"Seeds, sesame flour, low-fat",333.0,50.14,1.75,35.51,,vegan
"Cowpeas, young pods with seeds, cooked, boiled, drained, with salt",34.0,2.6,0.3,7.0,,vegan
"Chicken, nuggets, dark and white meat, precooked, frozen, not reheated",268.0,12.02,17.31,16.09,1.6,non_vegetarian
"Cereals, CREAM OF WHEAT, 2 1/2 minute cook time, cooked with water, stove-top, without salt",56.0,1.44,0.2,11.74,0.7,vegetarian
"Nuts, coconut milk, raw (liquid expressed from grated meat and water)",230.0,2.29,23.84,5.54,2.2,non_vegetarian
"Fast foods, cheeseburger, double, regular patty and bun, with condiments",282.0,16.24,16.18,17.97,1.0,vegetarian
"Cookies, chocolate chip, prepared from recipe, made with butter",488.0,5.7,28.4,58.2,,vegetarian
"Yokan, prepared from adzuki beans and sugar",260.0,3.29,0.12,60.72,,vegan
"Kraft, Stove Top Stuffing Mix Chicken Flavor",381.0,12.6,4.1,73.1,2.5,non_vegetarian
"Rennin, vanilla, dry mix, prepared with whole milk",89.0,3.03,3.07,12.21,0.0,vegetarian
"Beef, chuck, mock tender steak, boneless, separable lean and fat, trimmed to 0"" fat, all grades, raw",128.0,21.13,4.79,0.0,0.0,non_vegetarian
"Pastrami, turkey",139.0,16.3,6.21,3.34,0.1,non_vegetarian
"Beef, loin, top loin steak, boneless, lip-on, separable lean and fat, trimmed to 1/8"" fat, choice, raw",205.0,21.13,13.36,0.0,0.0,non_vegetarian
"Chicken, broilers or fryers, dark meat, thigh, meat only, cooked, braised",176.0,24.55,8.63,0.0,0.0,non_vegetarian
"Liver sausage, liverwurst, pork",326.0,14.1,28.5,2.2,0.0,non_vegetarian
"Pears, raw, red anjou",62.0,0.33,0.14,14.94,3.0,vegan
"Beans, navy, mature seeds, sprouted, cooked, boiled, drained, without salt",78.0,7.07,0.81,15.01,,vegan
"Babyfood, dinner, chicken soup, strained",50.0,1.6,1.7,7.2,1.1,non_vegetarian
"Beef, New Zealand, imported, manufacturing beef, raw",119.0,21.23,3.68,0.23,0.0,non_vegetarian
"Plums, raw",46.0,0.7,0.28,11.42,1.4,vegan
"Pork, fresh, loin, center loin (chops), bone-in, separable lean only, raw",127.0,21.99,3.71,0.0,0.0,non_vegetarian
"Chicken, broilers or fryers, meat and skin, cooked, stewed",219.0,24.68,12.56,0.0,0.0,non_vegetarian
"Beef, chuck, shoulder clod, top blade, steak, separable lean and fat, trimmed to 0"" fat, choice, cooked, grilled",228.0,24.7,13.59,0.0,0.0,non_vegetarian
"Seeds, cottonseed meal, partially defatted (glandless)",367.0,49.1,4.77,38.43,,vegan
"Lamb, Australian, imported, fresh, rack, roast, frenched, denuded, bone-in, separable lean and fat, trimmed to 0"" fat, cooked, roasted",193.0,25.95,9.91,0.0,0.0,non_vegetarian
"Ice cream bar, stick or nugget, with crunch coating",358.0,2.11,25.26,37.12,1.1,vegetarian
"Beef, Australian, imported, grass-fed, loin, top loin steak/roast, boneless, separable lean only, raw",131.0,21.79,4.87,0.0,0.0,non_vegetarian
"Fast Foods, Fried Chicken, Thigh, meat and skin and breading",274.0,19.23,18.07,8.68,0.1,non_vegetarian
"Pepperidge Farm, Goldfish, Baked Snack Crackers, Pizza",469.0,9.67,18.93,65.11,3.5,non_vegetarian
"Beans, yellow, mature seeds, raw",345.0,22.0,2.6,60.7,25.1,vegan
"Mollusks, scallop, mixed species, imitation, made from surimi",99.0,12.77,0.41,10.62,0.0,non_vegetarian
"Chicken, broilers or fryers, back, meat and skin, cooked, fried, flour",331.0,27.79,20.74,6.5,,non_vegetarian
"Cheese, swiss, low fat",179.0,28.4,5.1,3.4,0.0,vegetarian
"Turkey, retail parts, wing, meat and skin, cooked, roasted",235.0,28.74,13.29,0.13,0.0,non_vegetarian
"Balsam-pear (bitter gourd), pods, raw",17.0,1.0,0.17,3.7,2.8,vegan
"Leavening agents, cream of tartar",258.0,0.0,0.0,61.5,0.2,vegetarian
"Beans, snap, yellow, frozen, cooked, boiled, drained, without salt",28.0,1.49,0.17,6.45,3.0,vegan
"Frozen yogurts, flavors other than chocolate",127.0,3.0,3.6,21.6,0.0,vegetarian
"PIZZA HUT 12"" Cheese Pizza, Pan Crust",280.0,11.73,12.56,29.93,1.7,vegetarian
"Chickpeas (garbanzo beans, bengal gram), mature seeds, canned, drained solids",139.0,7.05,2.77,22.53,6.4,vegan
"Thuringer, cervelat, summer sausage, beef, pork",362.0,17.45,30.43,3.33,0.0,non_vegetarian
"Game meat, deer, top round, separable lean only, 1"" steak, cooked, broiled",152.0,31.47,1.92,0.0,0.0,non_vegetarian
"Beef, rib, large end (ribs 6-9), separable lean only, trimmed to 0"" fat, select, cooked, roasted",220.0,27.53,11.4,0.0,0.0,non_vegetarian
"Beef, round, bottom round roast, separable lean only, trimmed to 0"" fat, select, cooked, roasted",169.0,28.29,5.33,0.0,0.0,non_vegetarian
"Milk, evaporated, 2% fat, with added vitamin A and vitamin D",107.0,6.67,2.0,15.74,0.0,vegetarian
"Succotash, (corn and limas), frozen, cooked, boiled, drained, without salt",93.0,4.31,0.89,19.95,4.1,vegan
"Gelatin desserts, dry mix, prepared with water",60.0,1.22,0.0,14.19,0.0,non_vegetarian
"Flour, wheat, all-purpose, enriched, unbleached",358.0,13.1,1.48,73.2,,vegan
"Mushroom, beech",39.8018,2.18,0.4494,6.7593,3.139,vegan
"Pork, fresh, loin, top loin (roasts), boneless, separable lean and fat, cooked, roasted",192.0,26.45,8.82,0.0,0.0,non_vegetarian
"Bananas, overripe, raw",85.0,0.73,0.22,20.1,1.7,vegan
"Light ice cream, Creamsicle",165.0,1.54,3.08,32.75,0.0,vegetarian
"Nuts, walnuts, glazed",500.0,8.28,35.71,47.59,3.6,vegan
"Spanish rice mix, dry mix, prepared (with canola/vegetable oil blend or diced tomatoes and margarine)",125.0,3.27,2.38,22.74,1.5,vegan
"McDONALD'S, Egg McMUFFIN",228.0,13.64,9.66,21.67,1.1,vegetarian
"Egg, whole, raw, fresh",143.0,12.56,9.51,0.72,0.0,vegetarian
"Mollusks, oyster, eastern, wild, raw",51.0,5.71,1.71,2.72,0.0,non_vegetarian
"Chicken, broilers or fryers, drumstick, rotisserie, original seasoning, meat only, cooked",176.0,28.74,6.81,0.0,0.0,non_vegetarian
"Soup, chicken vegetable, canned, condensed",61.0,2.94,2.32,7.01,0.7,non_vegetarian
"Rice, brown, parboiled, dry, UNCLE BEN'S",370.0,7.6,2.75,78.68,3.5,vegan
"Beverages, SNAPPLE, tea, black and green, ready to drink, lemon, diet",2.0,0.1,0.0,0.1,0.0,vegan
"Bread, whole-wheat, commercially prepared",254.0,12.3,3.55,43.1,6.0,vegan
"POPEYES, Fried Chicken, Mild, Breast, meat only, skin and breading removed",157.0,28.98,4.52,0.0,,non_vegetarian
"Oil, oat",884.0,0.0,100.0,0.0,0.0,vegan
"Potatoes, frozen, french fried, par fried, cottage-cut, prepared, heated in oven, with salt",218.0,3.44,8.2,34.03,3.2,vegan
"Veal, shoulder, blade chop, separable lean and fat, raw",148.0,18.72,7.61,0.03,0.0,non_vegetarian
"Turkey, skin, from retail parts, from dark meat, cooked, roasted",414.0,24.58,35.03,0.0,0.0,non_vegetarian
"SUBWAY, steak & cheese sub on white bread with American cheese, lettuce and tomato",183.0,12.29,5.34,21.49,1.2,vegetarian
"Cereals, corn grits, white, regular and quick, enriched, cooked with water, without salt",71.0,1.71,0.46,14.76,0.8,vegan
"Fish, croaker, Atlantic, cooked, breaded and fried",221.0,18.2,12.67,7.54,0.4,non_vegetarian
"Pears, raw, bartlett (Includes foods for USDA's Food Distribution Program)",57.0,0.38,0.16,15.1,3.1,vegan
"Caribou, hind quarter, meat, cooked (Alaska Native)",159.0,28.81,4.82,0.0,0.0,non_vegetarian
"Ruffed Grouse, breast meat, skinless, raw",112.0,25.94,0.88,0.0,0.0,non_vegetarian
"Snacks, potato sticks",522.0,6.7,34.4,53.3,3.4,vegan
"Yogurt, Greek, Blueberry, CHOBANI",82.0,7.23,0.24,12.78,0.5,vegetarian
"Sausage, Italian, sweet, links",149.0,16.13,8.42,2.1,0.0,non_vegetarian
"Game meat , bison, ground, raw",223.0,18.67,15.93,0.0,0.0,non_vegetarian
"Beef, chuck, under blade pot roast or steak, boneless, separable lean only, trimmed to 0"" fat, select, raw",134.0,21.03,5.41,0.19,0.0,non_vegetarian
"Fish, salmon, red, canned, bones removed (Alaska Native)",161.0,27.31,5.76,0.0,0.0,non_vegetarian
"Figs, dried, stewed",107.0,1.42,0.4,27.57,4.2,vegan
"Babyfood, cookie, baby, fruit",435.0,6.8,12.6,73.7,3.4,vegan
"Beef, loin, tenderloin roast, boneless, separable lean and fat, trimmed to 0"" fat, choice, cooked, roasted",188.0,27.26,8.82,0.0,0.0,non_vegetarian
"Cereals ready-to-eat, POST, HONEY BUNCHES OF OATS, with real strawberries",399.0,6.7,4.9,83.3,5.4,vegetarian
"Apricots, dried, sulfured, uncooked",241.0,3.39,0.51,62.64,7.3,vegan
Octopus (Alaska Native),56.0,12.3,0.8,0.0,,non_vegetarian
"Snacks, granola bar, GENERAL MILLS, NATURE VALLEY, with yogurt coating",423.0,5.71,11.43,74.29,4.4,vegetarian
"Crustaceans, shrimp, mixed species, imitation, made from surimi",101.0,12.39,1.47,9.13,0.0,non_vegetarian
"Beef, round, tip round, roast, separable lean only, trimmed to 0"" fat, all grades, cooked, roasted",174.0,27.53,6.2,0.0,0.0,non_vegetarian
"Lamb, New Zealand, imported, neck chops, separable lean only, raw",151.0,19.84,7.97,0.0,0.0,non_vegetarian
"Wheat flour, white, bread, enriched",361.0,11.98,1.66,72.53,2.4,vegan
"Babyfood, fruit, apple and blueberry, junior",62.0,0.2,0.2,16.6,1.8,vegan
"Potatoes, microwaved, cooked in skin, flesh and skin, without salt",105.0,2.44,0.1,24.24,2.3,vegan
"Infant formula, MEAD JOHNSON, ENFAMIL, Enfagrow, Soy, Toddler ready-to-feed",65.0,2.17,2.89,7.64,0.0,vegan
"Salad dressing, honey mustard dressing, reduced calorie",207.0,0.98,10.0,28.26,0.8,vegetarian
"Lamb, Australian, imported, fresh, leg, shank half, separable lean only, trimmed to 1/8"" fat, raw",133.0,20.45,5.1,0.0,,non_vegetarian
"Lemonade, frozen concentrate, white, prepared with water",40.0,0.07,0.04,10.42,0.0,vegan
"Beef, round, eye of round steak, boneless, separable lean only, trimmed to 0"" fat, choice, raw",124.0,23.35,3.38,0.0,0.0,non_vegetarian
"Fruit juice smoothie, NAKED JUICE, BLUE MACHINE",71.0,0.42,0.0,16.67,2.9,vegan
"Cheese sauce, prepared from recipe",197.0,10.33,14.92,5.48,0.1,vegetarian
"Toppings, pineapple",253.0,0.1,0.1,66.4,0.4,vegan
"Cheese, cheddar, reduced fat (Includes foods for USDA's Food Distribution Program)",316.0,27.35,20.41,2.67,0.0,vegetarian
"Fish, drum, freshwater, cooked, dry heat",153.0,22.49,6.32,0.0,0.0,non_vegetarian
"Fast foods, croissant, with egg, cheese, and sausage",308.0,12.09,21.78,15.9,1.8,non_vegetarian
"Tomato juice, canned, without salt added",17.0,0.85,0.29,3.53,0.4,vegan
"Veal, Australian, shank, fore, bone-in, separable lean only, raw",123.0,20.18,4.65,0.0,0.0,non_vegetarian
"Chicken, broilers or fryers, skin only, cooked, roasted",454.0,20.36,40.68,0.0,0.0,non_vegetarian
"Nuts, almonds, dry roasted, with salt added",620.0,20.4,57.8,16.2,11.0,vegan
"Cereals ready-to-eat, POST, Shredded Wheat, original big biscuit",337.0,11.37,2.01,78.96,12.4,vegan
"Pork, fresh, backfat, raw",812.0,2.92,88.69,0.0,0.0,non_vegetarian
"Candies, NESTLE, BUTTERFINGER Crisp",465.0,6.67,18.33,68.45,1.7,vegetarian
"School Lunch, chicken nuggets, whole grain breaded",270.0,15.67,12.9,22.86,2.2,non_vegetarian
"Margarine-like spread, SMART BALANCE Regular Buttery Spread with flax oil",583.0,0.14,64.63,0.14,0.0,vegetarian
"Lamb, Australian, imported, fresh, rib chop, frenched, bone-in, separable lean only, trimmed to 1/8"" fat, cooked, grilled",234.0,32.16,11.68,0.0,0.0,non_vegetarian
"Bread, cracked-wheat",260.0,8.7,3.9,49.5,5.5,vegan
"Peas, green, sweet, canned, sodium added, sugar added, drained and rinsed",80.145,4.734375,1.153,12.707625,,vegan
"Pork, fresh, shoulder, (Boston butt), blade (steaks), separable lean only, cooked, braised",233.0,26.57,13.2,0.0,0.0,non_vegetarian
"Pork, fresh, shoulder, whole, separable lean and fat, cooked, roasted",292.0,23.28,21.39,0.0,0.0,non_vegetarian
"Soup, chicken mushroom, canned, condensed",100.0,1.61,4.84,11.95,3.2,non_vegetarian
"Yogurt, vanilla flavor, lowfat milk, sweetened with low calorie sweetener",86.0,4.93,1.25,13.8,0.0,vegetarian
"Chicken, broilers or fryers, meat and skin and giblets and neck, stewed",216.0,24.49,12.37,0.06,0.0,non_vegetarian
"Frankfurter, beef, heated",322.0,11.69,29.36,2.66,0.0,non_vegetarian
"Cowpeas, common (blackeyes, crowder, southern), mature seeds, raw",336.0,23.52,1.26,60.03,10.6,vegan
"Salami, cooked, beef",261.0,12.6,22.2,1.9,0.0,non_vegetarian
"Soup, cream of potato, canned, prepared with equal volume milk",60.0,2.33,2.6,6.92,0.2,vegetarian
"Potatoes, au gratin, home-prepared from recipe using margarine",132.0,5.06,7.59,11.27,1.8,vegan
"Cheese, cream, fat free",105.0,15.69,1.0,7.66,0.0,vegetarian
"Beverages, grape juice drink, canned",57.0,0.0,0.0,14.55,0.1,vegan
"Chicken, broilers or fryers, skin only, cooked, fried, batter",394.0,10.32,28.83,23.15,,non_vegetarian
"Potatoes, microwaved, cooked in skin, flesh, with salt",100.0,2.1,0.1,23.28,1.6,vegan
"Orange juice, canned, unsweetened",47.0,0.68,0.15,11.01,0.3,vegan
"Beef, brisket, flat half, boneless, separable lean only, trimmed to 0"" fat, choice, raw",137.0,21.28,5.75,0.0,0.0,non_vegetarian
"Beef, brisket, flat half, separable lean only, trimmed to 1/8"" fat, select, raw",124.0,21.45,3.61,0.0,0.0,non_vegetarian
"Oil, poppyseed",884.0,0.0,100.0,0.0,0.0,vegan
"TACO BELL, BURRITO SUPREME with beef",183.0,7.03,6.8,23.37,3.7,non_vegetarian
"Fat, turkey",900.0,0.0,99.8,0.0,0.0,non_vegetarian
"Milk, reduced fat, fluid, 2% milkfat, protein fortified, with added vitamin A and vitamin D",56.0,3.95,1.98,5.49,0.0,vegetarian
"Snacks, potato chips, lightly salted",560.0,6.72,35.39,53.54,4.2,vegan
"Corn flour, masa, unenriched, white",363.0,8.46,3.69,76.59,6.4,vegan
"Beef, chuck eye Country-Style ribs, boneless, separable lean and fat, trimmed to 0"" fat, select, cooked, braised",285.0,28.47,19.03,0.0,0.0,non_vegetarian
"Fish, eel, mixed species, raw",184.0,18.44,11.66,0.0,0.0,non_vegetarian
"Restaurant, Chinese, fried rice, without meat",174.0,4.05,2.96,32.79,1.1,non_vegetarian
"Archway Home Style Cookies, Oatmeal Raisin",406.0,5.17,12.08,69.27,2.7,vegan
"Beef, New Zealand, imported, variety meats and by-products, tongue, cooked, boiled",271.0,18.31,20.34,3.68,0.0,non_vegetarian
"Grape leaves, canned",69.0,4.27,1.97,11.71,9.9,vegan
"Snacks, M&M MARS, COMBOS Snacks Cheddar Cheese Pretzel",463.0,9.85,16.92,66.5,3.6,vegetarian
"Pancakes, whole-wheat, dry mix, incomplete",344.0,12.8,1.5,71.0,,vegan
"Veal, variety meats and by-products, spleen, raw",98.0,18.3,2.2,0.0,0.0,non_vegetarian
"Babyfood, fruit, applesauce, junior",37.0,0.0,0.0,10.3,1.7,vegan
"Beef, loin, top sirloin petite roast, boneless, separable lean only, trimmed to 0"" fat, all grades, cooked, roasted",170.0,29.12,5.92,0.0,0.0,non_vegetarian
"Snacks, plantain chips, salted",531.0,2.28,29.59,63.84,3.5,vegan
"Babyfood, fruit, apple and blueberry, strained",61.0,0.2,0.2,16.3,1.8,vegan
"McDONALD'S, QUARTER POUNDER with Cheese",258.0,14.59,14.22,19.95,1.4,vegetarian
"Pie, coconut cream, prepared from mix, no-bake type",276.0,2.8,17.6,28.5,0.5,vegetarian
"Pork, fresh, loin, sirloin (chops), boneless, separable lean only, cooked, braised",163.0,28.75,4.5,0.0,0.0,non_vegetarian
"Rolls, gluten-free, whole grain, made with tapioca starch and brown rice flour",329.0,11.8,11.6,44.29,11.2,vegan
"SILK Plus Omega-3 DHA, soymilk",45.0,2.88,2.06,3.29,0.4,vegetarian
"Frostings, cream cheese-flavor, ready-to-eat",415.0,0.1,17.3,67.32,0.0,vegetarian
"Beef, shoulder top blade steak, boneless, separable lean and fat, trimmed to 0"" fat, all grades, raw",146.0,20.16,7.25,0.0,0.0,non_vegetarian
"Fruit cocktail, (peach and pineapple and pear and grape and cherry), canned, heavy syrup, solids and liquids",73.0,0.39,0.07,18.91,1.0,vegan
"Beef, chuck, shoulder clod, top blade, steak, separable lean and fat, trimmed to 0"" fat, choice, raw",182.0,18.75,11.33,0.0,0.0,non_vegetarian
"Cowpeas, leafy tips, raw",29.0,4.1,0.25,4.82,,vegan
"Apples, honeycrisp, with skin, raw",60.0,0.1,0.1,14.7,1.7,vegetarian
"Pears, dried, sulfured, stewed, with added sugar",140.0,0.86,0.29,37.14,5.8,vegan
"WENDY'S, CLASSIC DOUBLE, with cheese",241.0,16.52,14.2,11.71,1.1,vegetarian
"Restaurant, Chinese, orange chicken",262.0,14.46,12.68,22.46,0.8,non_vegetarian
"Candies, semisweet chocolate, made with butter",477.0,4.2,29.7,63.4,5.9,vegetarian
"Flour, oat, whole grain",389.125,13.16875,6.309,69.91725,10.5,vegan
"Shortening cake mix, soybean (hydrogenated) and cottonseed (hydrogenated)",884.0,0.0,100.0,0.0,0.0,vegan
"Bagels, egg",278.0,10.6,2.1,53.0,2.3,vegetarian
"Pork, ground, 72% lean / 28% fat, cooked, crumbles",393.0,22.83,32.93,1.39,0.0,non_vegetarian
"Crustaceans, shrimp, mixed species, cooked, breaded and fried",242.0,21.39,12.28,11.47,0.4,non_vegetarian
"Potatoes, french fried, steak cut, salt not added in processing, frozen, unprepared",134.0,2.4,3.42,24.31,2.4,vegan
"Squash, winter, butternut, frozen, cooked, boiled, with salt",39.0,1.23,0.07,10.04,,vegetarian
"Babyfood, cherry cobbler, junior",78.0,0.3,0.1,19.2,0.2,vegan
"Rice, white, medium-grain, enriched, cooked",130.0,2.38,0.21,28.59,0.3,vegan
"Seeds, sisymbrium sp. seeds, whole, dried",318.0,12.14,4.6,58.26,,vegan
"Cookies, oatmeal, commercially prepared, soft-type",409.0,6.1,14.7,65.7,2.7,vegan
"Veal, breast, whole, boneless, separable lean only, cooked, braised",218.0,30.32,9.8,0.0,,non_vegetarian
"Pork, fresh, leg (ham), whole, separable lean and fat, cooked, roasted",273.0,26.83,17.61,0.0,0.0,non_vegetarian
"Beef, New Zealand, imported, chuck eye roll, separable lean and fat, cooked, braised",252.0,29.92,14.74,0.0,0.0,non_vegetarian
"Beef, short loin, t-bone steak, bone-in, separable lean only, trimmed to 1/8"" fat, select, cooked, grilled",206.0,28.45,9.35,0.0,0.0,non_vegetarian
"Rolls, dinner, egg",307.0,9.5,6.4,52.0,3.7,vegetarian
"Beets, canned, regular pack, solids and liquids",30.0,0.73,0.09,7.14,1.2,vegan
"Lamb, New Zealand, imported, kidney, cooked, soaked and fried",112.0,19.78,3.56,0.18,0.0,non_vegetarian
"Restaurant, family style, spaghetti and meatballs",170.0,7.84,8.52,15.51,1.5,non_vegetarian
"Beef, New Zealand, imported, eye round, separable lean and fat, cooked, slow roasted",168.0,29.49,5.57,0.0,0.0,non_vegetarian
"Turkey, wing, smoked, cooked, with skin, bone removed",221.0,27.4,12.41,0.0,0.0,non_vegetarian
"Onions, yellow, sauteed",123.0,0.95,10.8,7.86,1.7,vegan
"Beverages, Strawberry-flavor beverage mix, powder, prepared with whole milk",88.0,3.0,3.1,12.3,0.0,vegetarian
"Beef, chuck, clod roast, separable lean only, trimmed to 0"" fat, all grades, cooked, roasted",172.0,26.82,6.34,0.0,0.0,non_vegetarian
"Pie, apple, commercially prepared, unenriched flour",237.0,1.9,11.0,34.0,1.6,vegan
"Pie, lemon meringue, commercially prepared",268.0,1.5,8.7,47.2,1.2,vegan
"Horseradish, prepared",48.0,1.18,0.69,11.29,3.3,vegan
"DOMINO'S 14"" Cheese Pizza, Crunchy Thin Crust",298.0,12.33,15.1,28.18,2.5,vegetarian
"Egg, yolk, raw, frozen, salted, pasteurized",275.0,14.07,22.93,1.77,0.0,vegetarian
"Seeds, breadnut tree seeds, dried",367.0,8.62,1.68,79.39,14.9,vegan
"Chicken, broilers or fryers, wing, meat and skin, cooked, fried, batter",324.0,19.87,21.81,10.94,0.3,non_vegetarian
"Cheese, brie",334.0,20.75,27.68,0.45,0.0,vegetarian
"Tomato juice, canned, with salt added",17.0,0.85,0.29,3.53,0.4,vegan
"Pork, cured, ham, shank, bone-in, separable lean and fat, unheated",177.0,21.61,9.85,0.41,0.0,non_vegetarian
"Fish, salmon, Atlantic, wild, cooked, dry heat",182.0,25.44,8.13,0.0,0.0,non_vegetarian
"Ice creams, BREYERS, 98% Fat Free Chocolate",136.0,3.89,2.17,30.18,5.8,vegetarian
"Crustaceans, crab, alaska king, imitation, made from surimi",95.0,7.62,0.46,15.0,0.5,non_vegetarian
"KFC, Fried Chicken, ORIGINAL RECIPE, Drumstick, meat only, skin and breading removed",175.0,26.3,7.66,0.11,,non_vegetarian
"Chickpeas (garbanzo beans, bengal gram), mature seeds, canned, solids and liquids",88.0,4.92,1.95,13.49,4.4,vegan
"Milk, chocolate, fluid, commercial, reduced fat, with added vitamin A and vitamin D",76.0,2.99,1.9,12.13,0.7,vegetarian
"Cake, cherry fudge with chocolate frosting",264.0,2.4,12.5,38.0,0.5,vegan
"Chicken, capons, meat and skin and giblets and neck, cooked, roasted",226.0,28.35,11.67,0.04,0.0,non_vegetarian
"Alcoholic beverage, malt beer, hard lemonade",68.0,0.0,0.0,10.07,0.0,vegan
"Egg rolls, pork, refrigerated, heated",227.0,9.94,8.18,28.49,0.0,non_vegetarian
"Beef, rib, small end (ribs 10-12), separable lean and fat, trimmed to 0"" fat, all grades, cooked, broiled",249.0,27.27,14.74,0.0,0.0,non_vegetarian
"Nuts, hazelnuts or filberts",628.0,14.95,60.75,16.7,9.7,vegan
"OLIVE GARDEN, cheese ravioli with marinara sauce",159.0,7.44,5.61,19.64,1.1,vegetarian
"Veal, Australian, rib, rib roast, separable lean only, raw",134.0,21.7,4.63,1.4,0.0,non_vegetarian
SILK Peach soy yogurt,94.0,2.35,1.18,18.82,0.6,vegetarian
SILK Banana-Strawberry soy yogurt,88.0,2.35,1.18,17.06,0.6,vegetarian
"Bananas, ripe and slightly ripe, raw",97.0,0.74,0.29,23.0,1.7,vegan
"Beef, brisket, flat half, separable lean only, trimmed to 1/8"" fat, select, cooked, braised",189.0,33.18,5.21,0.0,0.0,non_vegetarian
"Soup, cream of shrimp, canned, prepared with equal volume low fat (2%) milk",61.0,2.78,3.23,5.64,0.1,non_vegetarian
"Bologna, pork, turkey and beef",336.0,11.56,29.25,6.66,0.0,non_vegetarian
"Pork, fresh, loin, sirloin (chops), boneless, separable lean and fat, cooked, braised",171.0,28.41,5.47,0.0,0.0,non_vegetarian
"Wheat, soft white",340.0,10.69,1.99,75.36,12.7,vegan
"Babyfood, fruit, applesauce with banana, junior",66.0,0.37,0.1,16.16,1.6,vegan
"Babyfood, dessert, fruit dessert, without ascorbic acid, strained",59.0,0.3,0.0,16.0,0.6,vegan
"Cereals, CREAM OF WHEAT, 1 minute cook time, cooked with water, microwaved, without salt",55.0,1.95,0.37,10.67,1.5,vegetarian
"Bread, whole-wheat, prepared from recipe",278.0,8.4,5.4,51.4,6.0,vegan
"Beverages, The COCA-COLA company, Minute Maid, Lemonade",46.0,0.0,0.0,12.08,0.0,vegan
"Game meat, deer, raw",120.0,22.96,2.42,0.0,0.0,non_vegetarian
"Sweet potato, cooked, boiled, without skin, with salt",76.0,1.37,0.14,17.72,2.5,vegan
"Stew, steamed corn (Navajo)",112.0,8.82,3.75,10.8,2.3,vegan
"Pasta, cooked, unenriched, without added salt",158.0,5.8,0.93,30.86,1.8,vegan
"Beverages, V8 SPLASH Juice Drinks, Orange Pineapple",29.0,0.0,0.0,7.41,,vegan
"Danish pastry, lemon, unenriched",371.0,5.4,18.5,47.8,1.9,vegan
"Muffins, English, raisin-cinnamon (includes apple-cinnamon)",240.0,7.91,1.8,48.1,2.6,vegan
"Turkey, whole, meat only, cooked, roasted",159.0,29.06,3.84,0.0,0.0,non_vegetarian
"Fish, ocean perch, Atlantic, raw",79.0,15.31,1.54,0.0,0.0,non_vegetarian
"Soup, beef and vegetables, reduced sodium, canned, ready-to-serve",42.0,3.26,0.95,4.99,0.8,non_vegetarian
"Apples, gala, with skin, raw",61.0,0.13,0.15,14.8,2.1,vegan
"Wheat flour, whole-grain, soft wheat",332.0,9.61,1.95,74.48,13.1,vegan
"Snack, potato chips, made from dried potatoes, plain",545.0,4.62,35.28,55.38,2.9,vegan
"Lima beans, thin seeded (baby), mature seeds, cooked, boiled, without salt",126.0,8.04,0.38,23.31,7.7,vegan
"Bread, reduced-calorie, wheat",217.0,13.32,2.92,42.47,11.1,vegan
"Veal, variety meats and by-products, thymus, raw",101.0,17.21,3.07,0.0,0.0,non_vegetarian
"School Lunch, pizza, BIG DADDY'S LS 16"" 51% Whole Grain Rolled Edge Turkey Pepperoni Pizza, frozen",248.0,13.63,9.33,27.35,4.1,non_vegetarian
"Beef, shoulder top blade steak, boneless, separable lean and fat, trimmed to 0"" fat, choice, raw",152.0,20.07,7.94,0.0,0.0,non_vegetarian
"Turkey, retail parts, breast, meat and skin, raw",155.0,21.88,7.45,0.0,0.0,non_vegetarian
"WENDY'S, Double Stack, with cheese",285.0,18.53,16.6,15.35,,vegetarian
"Dumpling, potato- or cheese-filled, frozen",195.0,5.26,6.14,29.64,0.9,vegetarian
"LITTLE CAESARS 14"" Cheese Pizza, Thin Crust",309.0,16.23,16.99,22.85,1.6,vegetarian
"Cheese, pasteurized process, American, vitamin D fortified",366.0,18.0,30.6,5.27,,vegetarian
"Babyfood, carrots and beef, strained",59.0,3.4,2.5,5.7,2.6,non_vegetarian
"Luncheon sausage, pork and beef",260.0,15.38,20.9,1.58,0.0,non_vegetarian
"Beef, short loin, porterhouse steak, separable lean and fat, trimmed to 1/8"" fat, all grades, cooked, grilled",276.0,25.4,18.57,0.0,0.0,non_vegetarian
"Tomatoes, sun-dried",258.0,14.11,2.97,55.76,12.3,vegan
"Soup, turkey vegetable, canned, prepared with equal volume water",30.0,1.28,1.26,3.58,0.2,non_vegetarian
"Fish, drum, freshwater, raw",119.0,17.54,4.93,0.0,0.0,non_vegetarian
"Fish, turbot, european, cooked, dry heat",122.0,20.58,3.78,0.0,0.0,non_vegetarian
"Puddings, chocolate, dry mix, regular, prepared with 2% milk",111.0,3.28,2.06,19.76,0.8,vegetarian
"Snacks, granola bars, soft, uncoated, peanut butter",426.0,10.5,15.8,64.4,4.3,vegetarian
"Lamb, shoulder, whole (arm and blade), separable lean and fat, trimmed to 1/4"" fat, choice, raw",264.0,16.58,21.45,0.0,0.0,non_vegetarian
"Muffins, corn, commercially prepared",305.0,5.9,8.4,51.0,3.4,vegan
"Cheese, Mexican, blend, reduced fat",282.0,24.69,19.4,3.41,0.0,vegetarian
Rice and Wheat cereal bar,409.0,9.09,9.09,72.73,1.8,vegan
"Cookies, butter, commercially prepared, unenriched",467.0,6.1,18.8,68.9,0.8,vegetarian
"Peppers, bell, orange, raw",31.7404,0.881875,0.1556,6.703125,0.9674,vegan
"Beef, plate steak, boneless, outside skirt, separable lean and fat, trimmed to 0"" fat, choice, raw",238.0,17.69,18.44,0.35,0.0,non_vegetarian
"Snacks, rice cakes, brown rice, sesame seed",392.0,7.6,3.8,81.5,5.4,vegan
"Squash, summer, scallop, cooked, boiled, drained, without salt",16.0,1.03,0.17,3.3,1.9,non_vegetarian
"Fish, salmon, coho, farmed, raw",160.0,21.27,7.67,0.0,0.0,non_vegetarian
"Peas, green, canned, drained solids, rinsed in tap water",71.0,4.33,0.95,11.82,,vegan
"Okra, frozen, cooked, boiled, drained, with salt",29.0,1.63,0.24,6.41,2.1,vegan
"Lamb, rib, separable lean only, trimmed to 1/4"" fat, choice, cooked, broiled",235.0,27.74,12.95,0.0,0.0,non_vegetarian
"Beans, snap, yellow, canned, no salt added, drained solids",20.0,1.15,0.1,4.5,1.3,vegan
"Cornmeal, yellow, self-rising, bolted, plain, enriched",334.0,8.28,3.4,70.28,6.7,vegan
"Fast foods, onion rings, breaded and fried",411.0,3.86,25.23,43.58,2.7,vegan
"Babyfood, vegetables, sweet potatoes strained",57.0,1.1,0.1,13.2,1.5,vegan
"Pancakes plain, frozen, ready-to-heat (includes buttermilk)",233.0,5.23,6.83,37.75,1.0,vegetarian
"Beef, cured, luncheon meat, jellied",111.0,19.0,3.3,0.0,0.0,non_vegetarian
"Beef Pot Pie, frozen entree, prepared",220.0,7.25,11.39,22.05,0.8,non_vegetarian
"Fruit cocktail, (peach and pineapple and pear and grape and cherry), canned, light syrup, solids and liquids",57.0,0.4,0.07,14.93,1.0,vegan
"TACO BELL, Soft Taco with beef, cheese and lettuce",206.0,9.25,9.75,20.23,2.9,non_vegetarian
"Beef, rib eye roast, bone-in, lip-on, separable lean and fat, trimmed to 1/8"" fat, all grades, cooked, roasted",300.0,23.47,22.91,0.0,0.0,non_vegetarian
"APPLEBEE'S, french fries",290.0,3.31,13.17,39.5,3.9,vegan
"Snacks, fruit leather, rolls",371.0,0.1,3.0,85.8,0.0,vegan
"Lamb, New Zealand, imported, frozen, loin, separable lean only, cooked, broiled",199.0,29.31,8.24,0.0,0.0,non_vegetarian
"Cake, pudding-type, carrot, dry mix",415.0,5.1,9.8,79.2,,vegan
"Lentils, dry",360.285,23.56875,1.925,62.17125,,vegan
"Beverages, Protein powder soy based",388.0,55.56,5.56,28.89,6.7,vegan
"Lamb, foreshank, separable lean and fat, trimmed to 1/4"" fat, choice, raw",201.0,18.91,13.38,0.0,0.0,non_vegetarian
"Fast foods, roast beef sandwich, plain",244.0,15.17,10.3,22.21,1.3,non_vegetarian
"Salami, pork, beef, less sodium",396.0,15.01,30.5,15.38,0.2,non_vegetarian
"Cookies, oatmeal, soft, with raisins",430.0,5.79,14.3,69.6,3.3,vegan
"Dressing, honey mustard, fat-free",169.0,1.07,1.47,38.43,1.2,vegetarian
"Knackwurst, knockwurst, pork, beef",307.0,11.1,27.7,3.2,0.0,non_vegetarian
"Cauliflower, green, cooked, no salt added",32.0,3.04,0.31,6.28,3.3,vegan
"Fish, tilapia, raw",96.0,20.08,1.7,0.0,0.0,non_vegetarian
"Bagels, wheat",250.0,10.2,1.53,48.89,4.1,vegan
"Pork, cured, ham and water product, whole, boneless, separable lean and fat, unheated",117.0,14.05,4.99,4.21,0.0,non_vegetarian
"Potatoes, french fried, shoestring, salt added in processing, frozen, oven-heated",194.0,2.9,6.76,31.66,2.8,vegan
"Yogurt, fruit, low fat, 11g protein/8 oz",105.0,4.86,1.41,18.6,0.0,vegetarian
"Lamb, New Zealand, imported, loin, boneless, separable lean only, cooked, fast roasted",156.0,28.99,4.49,0.0,0.0,non_vegetarian
"Fish, turbot, european, raw",95.0,16.05,2.95,0.0,0.0,non_vegetarian
"Beef, ribeye cap steak, boneless, separable lean only, trimmed to 0"" fat, choice, raw",187.0,19.46,11.4,1.75,0.0,non_vegetarian
"Beans, pinto, mature seeds, sprouted, cooked, boiled, drained, with salt",20.0,1.86,0.32,3.5,,vegan
"Chicken, broilers or fryers, giblets, raw",124.0,17.88,4.47,1.8,0.0,non_vegetarian
"Pork, fresh, loin, top loin (chops), boneless, separable lean and fat, with added solution, raw",171.0,19.45,10.26,0.0,0.0,non_vegetarian
"Pork, fresh, loin, country-style ribs, separable lean and fat, boneless, cooked, broiled",247.0,26.28,15.73,0.0,0.0,non_vegetarian
"Winged beans, immature seeds, cooked, boiled, drained, without salt",38.0,5.31,0.66,3.21,,vegan
"Beef, chuck, mock tender steak, separable lean only, trimmed to 0"" fat, all grades, cooked, broiled",159.0,25.9,5.42,0.0,0.0,non_vegetarian
"Peanut Butter, smooth (Includes foods for USDA's Food Distribution Program)",588.0,21.93,49.54,23.98,5.7,vegetarian
"Veal, rib, separable lean only, cooked, roasted",177.0,25.76,7.44,0.0,0.0,non_vegetarian
"Pork, fresh, loin, tenderloin, separable lean only, cooked, broiled",187.0,30.42,6.33,0.0,0.0,non_vegetarian
"Vitasoy USA Organic Nasoya, Tofu Plus Extra Firm",92.0,10.18,4.9,1.82,1.0,vegan
"Beverages, Kiwi Strawberry Juice Drink",47.0,0.0,0.0,12.26,0.0,vegan
"Fish, sucker, white, cooked, dry heat",119.0,21.49,2.97,0.0,0.0,non_vegetarian
"Fish, mackerel, Atlantic, cooked, dry heat",262.0,23.85,17.81,0.0,0.0,non_vegetarian
"Pineapple, raw, all varieties",50.0,0.54,0.12,13.12,1.4,vegan
"Beef, rib eye steak/roast, bone-in, lip-on, separable lean and fat, trimmed to 1/8"" fat, select, raw",248.0,18.44,19.34,0.0,0.0,non_vegetarian
"Restaurant, Mexican, soft taco with ground beef, cheese and lettuce",219.0,12.56,10.81,17.92,1.5,non_vegetarian
"Beans, mung, mature seeds, sprouted, canned, drained solids",12.0,1.4,0.06,2.14,0.8,vegan
"Lamb, leg, shank half, separable lean only, trimmed to 1/4"" fat, choice, cooked, roasted",180.0,28.17,6.67,0.0,0.0,non_vegetarian
"Beef, composite of trimmed retail cuts, separable lean and fat, trimmed to 0"" fat, select, cooked",203.0,28.61,9.18,0.0,0.0,non_vegetarian
"Ice creams, BREYERS, No Sugar Added, Vanilla Fudge Twirl",153.0,3.53,5.68,25.63,0.8,vegetarian
"Nuts, hazelnuts or filberts, dry roasted, without salt added",646.0,15.03,62.4,17.6,9.4,vegan
"Fish, halibut, Greenland, raw",186.0,14.37,13.84,0.0,0.0,non_vegetarian
"Pickle relish, hamburger",129.0,0.63,0.54,34.48,3.2,non_vegetarian
"Apples, raw, without skin, cooked, boiled",53.0,0.26,0.36,13.64,2.4,vegan
"Beef, rib eye, small end (ribs 10-12), separable lean and fat, trimmed to 0"" fat, all grades, cooked, broiled",249.0,27.27,14.74,0.0,0.0,non_vegetarian
"Chicken, broilers or fryers, light meat, meat and skin, cooked, fried, batter",277.0,23.55,15.44,9.5,,non_vegetarian
"Yogurt, Greek, nonfat, plain, CHOBANI",54.0,9.53,0.24,3.43,0.2,vegetarian
"Soup, tomato, canned, condensed, reduced sodium",65.0,1.61,0.56,13.41,1.2,vegan
"Corn, sweet, yellow, canned, drained solids, rinsed with tap water",64.0,2.18,1.43,13.02,1.7,vegan
"Seeds, pumpkin and squash seed kernels, roasted, without salt",574.0,29.84,49.05,14.71,6.5,vegan
"Formulated bar, MARS SNACKFOOD US, COCOAVIA, Chocolate Blueberry Snack Bar",325.0,6.21,9.27,57.87,4.6,vegan
"Nuts, mixed nuts, oil roasted, without peanuts, with salt added",615.0,15.52,56.17,22.27,5.5,vegan
"Beans, snap, green, canned, regular pack, solids and liquids",15.0,0.72,0.17,3.27,1.5,vegan
"Babyfood, dessert, dutch apple, junior",79.0,0.2,0.16,19.18,1.4,vegan
"Beverages, tea, black, ready-to-drink, peach, diet",1.0,0.0,0.0,0.25,0.0,vegan
"Eggs, Grade A, Large, egg white",55.0,10.7,0.0,2.36,,vegetarian
"Rolls, dinner, rye",286.0,10.3,3.4,53.1,4.9,vegan
"Beef, chuck, blade roast, separable lean and fat, trimmed to 1/8"" fat, select, cooked, braised",318.0,27.33,22.35,0.0,0.0,non_vegetarian
"Beef, rib, large end (ribs 6-9), separable lean and fat, trimmed to 1/8"" fat, prime, raw",367.0,15.77,33.26,0.0,0.0,non_vegetarian
"Beef, round, top round, steak, separable lean only, trimmed to 1/8"" fat, all grades, cooked, broiled",185.0,31.82,5.45,0.0,0.0,non_vegetarian
"Stew, mutton, corn, squash (Navajo)",103.0,8.62,4.34,7.27,1.7,non_vegetarian
"Veal, variety meats and by-products, thymus, cooked, braised",125.0,22.67,3.11,0.0,0.0,non_vegetarian
"Beef, round, eye of round, roast, separable lean only, trimmed to 1/8"" fat, choice, raw",128.0,22.88,3.38,0.0,0.0,non_vegetarian
"Chicken, stewing, meat and skin, and giblets and neck, cooked, stewed",214.0,24.88,11.91,0.0,0.0,non_vegetarian
"Candies, sugar-coated almonds",465.0,10.0,17.93,68.26,2.5,vegan
"Beef, short loin, t-bone steak, bone-in, separable lean only, trimmed to 1/8"" fat, all grades, raw",153.0,22.22,6.5,0.0,0.0,non_vegetarian
"Beef, round, tip round, separable lean and fat, trimmed to 1/8"" fat, select, raw",178.0,19.74,10.39,0.0,0.0,non_vegetarian
"Lamb, shoulder, arm, separable lean only, trimmed to 1/4"" fat, choice, cooked, braised",279.0,35.54,14.08,0.0,0.0,non_vegetarian
"Babyfood, dinner, beef and rice, toddler",82.0,5.0,2.9,8.8,,non_vegetarian
"Orange juice, frozen concentrate, unsweetened, diluted with 3 volume water, with added calcium",37.0,0.6,0.06,8.47,0.2,vegan
"Seeds, sunflower seed kernels, dried",584.0,20.78,51.46,20.0,8.6,vegan
"Currants, european black, raw",63.0,1.4,0.41,15.38,,vegan
"Interstate Brands Corp, Wonder Hamburger Rolls",273.0,8.07,4.15,50.84,2.6,non_vegetarian
"POPEYES, Fried Chicken, Mild, Thigh, meat only, skin and breading removed",188.0,24.31,9.66,0.85,,non_vegetarian
"Squash, winter, acorn, raw",48.5625,1.25,0.1825,10.48,2.635,vegan
"Sausage, pork and beef, with cheddar cheese, smoked",296.0,12.89,25.84,2.13,0.0,non_vegetarian
"Lamb, shoulder, blade, separable lean and fat, trimmed to 1/4"" fat, choice, raw",259.0,16.63,20.86,0.0,0.0,non_vegetarian
"Oil, hazelnut",884.0,0.0,100.0,0.0,0.0,vegan
"Cereals ready-to-eat, QUAKER, HONEY GRAHAM OH!S",412.0,3.92,7.63,83.65,2.1,non_vegetarian
"Potatoes, red, flesh and skin, baked",87.0,2.3,0.15,19.59,1.8,vegan
"Lamb, loin, separable lean only, trimmed to 1/4"" fat, choice, cooked, broiled",216.0,29.99,9.73,0.0,0.0,non_vegetarian
"Chicken, wing, frozen, glazed, barbecue flavored, heated (microwave)",248.0,25.34,13.9,3.84,0.9,non_vegetarian
"SMART SOUP, Indian Bean Masala",57.0,3.3,0.88,10.5,2.6,vegan
"Fast foods, taco with chicken, lettuce and cheese, soft",189.0,13.3,6.35,19.69,1.2,non_vegetarian
"Wheat flour, white, all-purpose, enriched, unbleached",364.0,10.33,0.98,76.31,2.7,vegan
"Pork, fresh, shoulder, whole, separable lean only, cooked, roasted",230.0,25.33,13.54,0.0,0.0,non_vegetarian
"Cereals ready-to-eat, QUAKER, MOTHER'S Toasted Oat Bran cereal",372.0,11.45,5.04,75.41,8.6,vegan
"Fast foods, hamburger; double, large patty; with condiments, vegetables and mayonnaise",252.0,13.94,15.66,13.74,1.4,non_vegetarian
"Beef, flank, steak, separable lean and fat, trimmed to 0"" fat, select, raw",145.0,21.22,6.06,0.0,0.0,non_vegetarian
"Beef, round, outside round, bottom round, steak, separable lean and fat, trimmed to 0"" fat, select, cooked, grilled",166.0,28.01,5.17,0.0,0.0,non_vegetarian
"Nectarines, raw",39.0,1.06,0.28,9.18,1.5,vegan
"Puddings, banana, dry mix, regular, prepared with whole milk",111.0,2.74,2.89,18.44,0.0,vegetarian
"Fish, grouper, mixed species, cooked, dry heat",118.0,24.84,1.3,0.0,0.0,non_vegetarian
"Prickly pears, raw",41.0,0.73,0.51,9.57,3.6,vegan
"Flour, almond",622.042,26.24375,50.23,16.24925,9.266,vegan
"Spearmint, fresh",44.0,3.29,0.73,8.41,6.8,vegan
"Butterbur, cooked, boiled, drained, without salt",8.0,0.23,0.02,2.16,,vegetarian
"Turkey, whole, back, meat only, raw",113.0,21.28,2.5,0.15,0.0,non_vegetarian
"Khorasan, grain, dry, raw",371.4,14.75573,2.8,71.79427,10.52,vegan
"Beef, tenderloin, steak, separable lean and fat, trimmed to 1/8"" fat, select, raw",249.0,19.37,18.46,0.0,0.0,non_vegetarian
"Candies, REESE's Fast Break, milk chocolate, peanut butter, soft nougats, candy bar",495.0,8.93,23.21,63.9,3.6,vegetarian
"Beef, ribeye petite roast, boneless, separable lean only, trimmed to 0"" fat, all grades, cooked, roasted",178.0,28.15,7.31,0.0,0.0,non_vegetarian
"Chicken, broilers or fryers, dark meat, drumstick, meat and skin, cooked, braised",187.0,22.72,10.73,0.0,0.0,non_vegetarian
"Spaghetti, spinach, dry",372.0,13.35,1.57,74.81,10.6,vegan
"Pork sausage, link/patty, reduced fat, cooked, pan-fried",267.0,20.94,20.32,0.15,0.0,non_vegetarian
"Beef, round, eye of round roast, boneless, separable lean and fat, trimmed to 0"" fat, all grades, cooked, roasted",167.0,29.66,4.46,0.0,0.0,non_vegetarian
Vegetarian meatloaf or patties,197.0,21.0,9.0,8.0,4.6,non_vegetarian
"Beverages, chocolate almond milk, unsweetened, shelf-stable, fortified with vitamin D2 and E",21.0,0.83,1.46,1.25,0.4,vegetarian
"Potatoes, yellow fleshed, roasted, salt added in processing, frozen, unprepared",119.0,1.99,1.85,23.44,2.6,vegan
"Beef, round, bottom round, roast, separable lean only, trimmed to 0"" fat, choice, cooked, roasted",185.0,27.23,7.63,0.0,0.0,non_vegetarian
"Bologna, beef, low fat",204.0,11.8,14.8,5.2,0.0,non_vegetarian
"Almond butter, creamy",645.456,20.78734,53.04,21.23666,9.718,vegetarian
"Candies, milk chocolate",535.0,7.65,29.66,59.4,3.4,vegetarian
"Wheat flour, white (industrial), 11.5% protein, bleached, enriched",363.0,11.5,1.45,73.81,2.4,vegan
"Babyfood, dinner, vegetables and beef, junior",77.0,2.21,3.6,8.84,1.3,non_vegetarian
"Beverages, COCA-COLA, POWERADE, lemon-lime flavored, ready-to-drink",32.0,0.0,0.05,7.84,0.0,vegan
"Babyfood, fruit, pears, strained",42.0,0.3,0.2,10.8,2.8,vegan
"Chicken, broilers or fryers, drumstick, meat only, cooked, fried",195.0,28.62,8.08,0.0,0.0,non_vegetarian
"Pasta, homemade, made without egg, cooked",124.0,4.37,0.98,25.12,,vegetarian
"Beef, round, eye of round, roast, separable lean and fat, trimmed to 1/8"" fat, all grades, raw",166.0,21.49,8.24,0.0,0.0,non_vegetarian
"Alaska Pollock, raw",78.4785,17.33,0.9925,0.0565,0.0,non_vegetarian
"Lambsquarters, raw (Northern Plains Indians)",47.0,4.21,0.28,6.96,6.3,non_vegetarian
"Sauce, duck, ready-to-serve",245.0,0.36,0.13,60.66,0.6,non_vegetarian
"Flour, corn, yellow, fine meal, enriched",364.0,6.2,1.74,80.8,4.3,vegan
"Beef, variety meats and by-products, heart, raw",112.0,17.72,3.94,0.14,0.0,non_vegetarian
"Beef, top sirloin, steak, separable lean only, trimmed to 1/8"" fat, select, cooked, broiled",170.0,29.34,4.96,0.0,0.0,non_vegetarian
"Beef, chuck, under blade pot roast, boneless, separable lean only, trimmed to 0"" fat, select, cooked, braised",216.0,30.68,9.44,0.0,0.0,non_vegetarian
"Yogurt, fruit variety, nonfat",95.0,4.4,0.2,19.0,0.0,vegetarian
"Duck, domesticated, meat only, raw",135.0,18.28,5.95,0.94,0.0,non_vegetarian
"Beef, brisket, flat half, separable lean and fat, trimmed to 1/8"" fat, choice, raw",278.0,18.12,22.15,0.12,0.0,non_vegetarian
"Rice bran, crude",316.0,13.35,20.85,49.69,21.0,vegan
"Candies, TWIZZLERS Strawberry Twists Candy",348.0,2.56,2.32,79.16,0.0,vegan
"Pork, fresh, leg (ham), whole, separable lean only, raw",136.0,20.48,5.41,0.0,0.0,non_vegetarian
"Infant formula, NESTLE, GOOD START ESSENTIALS SOY, with iron, powder",502.0,12.5,25.5,55.7,0.0,vegan
"Beverages, cranberry-apple juice drink, low calorie, with vitamin C added",19.0,0.1,0.0,4.7,0.1,vegan
"Grape leaves, raw",93.0,5.6,2.12,17.31,11.0,vegan
"Squash, summer, yellow, includes skin, raw",22.0,0.890625,0.135,4.39,0.9563,vegan
"McDONALD'S, Hamburger",264.0,12.92,10.09,30.28,1.3,non_vegetarian
"Plantains, yellow, fried, Latino restaurant",236.0,1.42,7.51,40.77,3.2,vegan
"Seeds, sesame flour, high-fat",526.0,30.78,37.1,26.62,,vegan
"Lamb, shoulder, arm, separable lean and fat, trimmed to 1/8"" fat, choice, cooked, braised",337.0,31.1,22.65,0.0,0.0,non_vegetarian
"Bread, oatmeal, toasted",292.0,9.2,4.8,52.7,4.3,vegan
"Beef, brisket, flat half, separable lean only, trimmed to 1/8"" fat, choice, cooked, braised",203.0,33.13,6.79,0.0,0.0,non_vegetarian
"Turkey, all classes, liver, cooked, simmered",189.0,27.0,8.18,0.0,0.0,non_vegetarian
"Sour cream, fat free",74.0,3.1,0.0,15.6,0.0,vegetarian
"Fast foods, bagel, with egg, sausage patty, cheese, and condiments",295.0,12.98,16.97,22.64,0.2,non_vegetarian
"Garlic, raw",143.0,6.62,0.38,28.2,2.7,vegan
"Chicken, broilers or fryers, rotisserie, original seasoning, breast, meat only, cooked",137.0,28.0,2.79,0.0,0.0,non_vegetarian
"Soup, vegetable, canned, low sodium, condensed",65.0,2.2,0.9,12.11,2.1,vegan
"Turkey, all classes, back, meat and skin, cooked, roasted",244.0,26.59,14.38,0.16,0.0,non_vegetarian
"Beef, short loin, porterhouse steak, separable lean and fat, trimmed to 0"" fat, all grades, cooked, broiled",276.0,23.96,19.27,0.0,0.0,non_vegetarian
Oats (Includes foods for USDA's Food Distribution Program),389.0,16.89,6.9,66.27,10.6,vegan
"Restaurant, Mexican, refried beans",156.0,6.91,6.77,16.79,8.0,vegan
"Ice cream cone, chocolate covered, with nuts, flavors other than chocolate",354.0,5.21,21.88,34.38,1.0,vegetarian
"Soy flour, defatted",327.0,51.46,1.22,33.92,17.5,vegan
"Chicken, capons, meat and skin and giblets and neck, raw",232.0,18.51,16.9,0.08,0.0,non_vegetarian
"Beef, chuck eye roast, boneless, America's Beef Roast, separable lean and fat, trimmed to 0"" fat, select, raw",173.0,19.25,10.67,0.0,0.0,non_vegetarian
"Squash, winter, butternut, cooked, baked, with salt",40.0,0.9,0.09,10.49,3.2,vegetarian
"Candies, REESE'S Peanut Butter Cups",515.0,10.24,30.53,55.36,3.6,vegetarian
"Crackers, wheat, reduced fat",444.0,9.34,13.37,71.52,3.4,vegan
"Cream substitute, liquid, light",71.0,0.8,3.5,9.1,0.0,vegetarian
"Pork, fresh, loin, tenderloin, separable lean only, raw",109.0,20.95,2.17,0.0,0.0,non_vegetarian
"Butter replacement, without fat, powder",373.0,2.0,1.0,89.0,0.0,vegetarian
"POPEYES, Fried Chicken, Mild, Thigh, meat and skin with breading",310.0,19.14,20.99,11.2,0.5,non_vegetarian
"Fish, pike, walleye, cooked, dry heat",119.0,24.54,1.56,0.0,0.0,non_vegetarian
"Luncheon meat, pork and chicken, minced, canned, includes Spam Lite",196.0,15.23,13.9,1.35,0.0,non_vegetarian
"Oil, walnut",884.0,0.0,100.0,0.0,0.0,vegan
"Seeds, sesame flour, partially defatted",382.0,40.32,11.89,35.14,,vegan
"Tomatoes, red, ripe, canned, with green chilies",15.0,0.69,0.08,3.62,,vegan
"Fast foods, shrimp, breaded and fried",308.0,7.84,18.9,27.99,0.7,non_vegetarian
"Fish, butterfish, cooked, dry heat",187.0,22.15,10.28,0.0,0.0,non_vegetarian
"Peanut butter, chunk style, without salt",589.0,24.06,49.94,21.57,8.0,vegetarian
"Chicken, stewing, giblets, raw",168.0,17.89,9.21,2.13,0.0,non_vegetarian
"Pork, fresh, loin, top loin (chops), boneless, separable lean only, raw",127.0,22.41,3.42,0.0,0.0,non_vegetarian
"Beef, loin, top loin steak, boneless, lip-on, separable lean and fat, trimmed to 1/8"" fat, all grades, cooked, grilled",264.0,26.18,17.69,0.0,0.0,non_vegetarian
"Soup, cream of onion, canned, condensed",88.0,2.2,4.2,10.4,0.4,vegetarian
"KFC, Fried Chicken, EXTRA CRISPY, Skin and Breading",464.0,10.96,36.61,22.54,1.5,non_vegetarian
"Pasta, homemade, made with egg, cooked",130.0,5.28,1.74,23.54,,vegetarian
"Snacks, potato chips, plain, made with partially hydrogenated soybean oil, unsalted",536.0,7.0,34.6,52.9,4.8,vegan
"DENNY'S, macaroni & cheese, from kid's menu",150.0,5.19,4.92,21.16,1.2,vegetarian
"Squash, summer, zucchini, includes skin, frozen, cooked, boiled, drained, with salt",14.0,1.15,0.13,2.97,1.3,vegan
"Turkey, retail parts, drumstick, meat only, cooked, roasted",173.0,28.61,6.52,0.0,0.0,non_vegetarian
"Restaurant, family style, chili with meat and beans",157.0,12.56,9.79,4.57,1.4,non_vegetarian
"Soup, chicken gumbo, canned, prepared with equal volume water",23.0,1.08,0.59,3.43,0.8,non_vegetarian
"Grapefruit, sections, canned, water pack, solids and liquids",36.0,0.58,0.1,9.15,0.4,vegan
"Lamb, New Zealand, imported, tongue - swiss cut, cooked, soaked and simmered",272.0,17.51,22.04,0.86,0.0,non_vegetarian
"Pork, fresh, loin, center rib (chops or roasts), boneless, separable lean and fat, raw",211.0,19.9,14.01,0.0,0.0,non_vegetarian
"Fish, salmon, coho, wild, cooked, dry heat",139.0,23.45,4.3,0.0,0.0,non_vegetarian
"Gelatins, dry powder, unsweetened",335.0,85.6,0.1,0.0,0.0,non_vegetarian
"Lamb, New Zealand, imported, frozen, loin, separable lean and fat, trimmed to 1/8"" fat, raw",273.0,17.18,22.1,0.0,0.0,non_vegetarian
"Turnip greens, canned, no salt added",19.0,1.36,0.3,2.81,1.3,vegan
"Soup, chicken broth, low sodium, canned",16.0,2.0,0.6,1.2,0.0,non_vegetarian
"Beef, round, top round, steak, separable lean and fat, trimmed to 1/8"" fat, select, raw",164.0,22.18,7.68,0.0,0.0,non_vegetarian
"Lamb, leg, shank half, separable lean and fat, trimmed to 1/8"" fat, choice, raw",185.0,18.99,11.5,0.0,0.0,non_vegetarian
"Asparagus, canned, regular pack, solids and liquids",15.0,1.8,0.18,2.48,1.0,vegan
"Seeds, pumpkin and squash seed kernels, roasted, with salt added",574.0,29.84,49.05,14.71,6.5,vegan
"Candies, peanut bar",522.0,15.5,33.7,47.4,4.1,vegan
"Millet, puffed",354.0,13.0,3.4,80.0,2.7,vegan
"Duck, young duckling, domesticated, White Pekin, leg, meat and skin, bone in, cooked, roasted",217.0,26.75,11.4,0.0,,non_vegetarian
"Beans, kidney, red, mature seeds, canned, drained solids",124.0,7.98,1.05,21.49,5.5,non_vegetarian
HORMEL Canadian Style Bacon,122.0,16.88,4.94,1.87,,non_vegetarian
"Beef, short loin, porterhouse steak, separable lean and fat, trimmed to 1/8"" fat, all grades, raw",214.0,20.49,14.06,0.0,0.0,non_vegetarian
"Mush, blue corn with ash (Navajo)",54.0,0.66,0.49,11.74,1.1,vegan
"Beef, flank, steak, separable lean and fat, trimmed to 0"" fat, select, cooked, broiled",183.0,27.78,7.15,0.0,0.0,non_vegetarian
"APPLEBEE'S, Double Crunch Shrimp",323.0,12.31,18.9,25.96,2.6,non_vegetarian
"McDONALD'S, Sausage McGRIDDLES",312.0,8.41,17.76,31.25,1.0,non_vegetarian
"Chicken, broilers or fryers, meat and skin and giblets and neck, cooked, fried, flour",272.0,28.57,15.27,3.27,,non_vegetarian
"Turkey breast, sliced, prepackaged",106.0,14.81,3.77,2.2,0.0,non_vegetarian
"Snacks, corn-based, extruded, onion-flavor",499.0,7.7,22.6,65.1,3.9,vegan
"Beef, cured, corned beef, brisket, cooked",251.0,18.17,18.98,0.47,0.0,non_vegetarian
"Beef, short loin, porterhouse steak, separable lean only, trimmed to 1/8"" fat, select, raw",145.0,22.61,5.41,0.0,0.0,non_vegetarian
"Pork, cured, ham -- water added, rump, bone-in, separable lean only, heated, roasted",121.0,21.41,3.56,0.87,0.0,non_vegetarian
"Fish, herring, Atlantic, kippered",217.0,24.58,12.37,0.0,0.0,non_vegetarian
"Babyfood, fruit, plums with tapioca, without ascorbic acid, strained",71.0,0.1,0.0,19.7,1.2,vegan
"Grapefruit juice, pink, raw",39.0,0.5,0.1,9.2,,vegan
"Soup, bean with pork, canned, condensed",129.0,5.88,4.42,16.97,5.9,non_vegetarian
"Puddings, coconut cream, dry mix, regular, prepared with whole milk",114.0,3.0,3.8,17.7,0.2,vegetarian
"Broccoli raab, cooked",25.0,3.83,0.52,3.12,2.8,vegan
"Seeds, cottonseed flour, low fat (glandless)",332.0,49.83,1.41,36.1,,vegan
"Fish, salmon, chum, canned, without salt, drained solids with bone",141.0,21.43,5.5,0.0,0.0,non_vegetarian
"RICE-A-RONI, chicken flavor, unprepared",356.0,10.64,1.04,76.08,1.2,non_vegetarian
"Soup, chicken with rice, canned, prepared with equal volume water",24.0,1.45,0.78,2.92,0.3,non_vegetarian
"Beef, chuck, under blade center steak, boneless, Denver Cut, separable lean and fat, trimmed to 0"" fat, choice, raw",189.0,18.85,12.4,0.53,0.0,non_vegetarian
"Beef, ground, 90% lean meat / 10% fat, patty, cooked, pan-broiled",204.0,25.21,10.68,0.0,0.0,non_vegetarian
"Cereals, oats, instant, fortified, with cinnamon and spice, dry",369.0,9.53,4.84,76.08,8.0,vegan
"Lamb, cubed for stew or kabob (leg and shoulder), separable lean only, trimmed to 1/4"" fat, raw",134.0,20.21,5.28,0.0,0.0,non_vegetarian
"Pork, cured, feet, pickled",140.0,11.63,10.02,0.01,0.0,non_vegetarian
"Beef, carcass, separable lean and fat, select, raw",278.0,17.48,22.55,0.0,0.0,non_vegetarian
Milk and cereal bar,413.0,6.47,10.98,72.05,0.4,vegetarian
"Lamb, New Zealand, imported, tenderloin, separable lean and fat, cooked, fast fried",157.0,27.87,5.0,0.0,0.0,non_vegetarian
"Wild rice, dry, raw",369.164,12.7875,1.704,75.6695,4.26,vegan
"Squash, summer, crookneck and straightneck, cooked, boiled, drained, without salt",19.0,1.04,0.39,3.79,1.1,vegan
"Salmon nuggets, cooked as purchased, unheated",189.0,11.97,10.43,11.85,0.0,non_vegetarian
"Butter, Clarified butter (ghee)",900.0,0.0,100.0,0.0,0.0,vegetarian
"Babyfood, apples with ham, strained",62.0,2.6,0.9,10.9,1.8,non_vegetarian
"Beans, navy, mature seeds, cooked, boiled, with salt",140.0,8.23,0.62,26.05,10.5,vegan
"Pork, cured, shoulder, arm picnic, separable lean only, roasted",170.0,24.94,7.04,0.0,0.0,non_vegetarian
"Pork, ground, 84% lean / 16% fat, raw",218.0,17.99,16.0,0.44,0.0,non_vegetarian
"McDONALD'S, Sausage McMUFFIN with Egg",274.0,12.59,17.83,17.28,0.9,non_vegetarian
"Seal, bearded (Oogruk), meat, dried (Alaska Native)",351.0,82.6,2.3,0.0,0.0,non_vegetarian
"Eggplant, cooked, boiled, drained, without salt",35.0,0.83,0.23,8.73,2.5,vegetarian
Acorn stew (Apache),95.0,6.81,3.47,9.22,0.7,vegan
"Bread, reduced-calorie, oatmeal",210.0,7.6,3.5,43.3,,vegan
SILK Plain soy yogurt,66.0,2.64,1.76,9.69,0.4,vegetarian
"Fish, flatfish (flounder and sole species), cooked, dry heat",86.0,15.24,2.37,0.0,0.0,non_vegetarian
"Beans, baked, canned, no salt added",105.0,4.8,0.4,20.49,5.5,vegan
"Chicken, roasting, light meat, meat only, raw",109.0,22.2,1.63,0.0,0.0,non_vegetarian
"Beef, rib, whole (ribs 6-12), separable lean and fat, trimmed to 1/8"" fat, choice, raw",322.0,16.34,27.93,0.0,0.0,non_vegetarian
"Snacks, FARLEY CANDY, FARLEY Fruit Snacks, with vitamins A, C, and E",341.0,4.4,0.0,80.9,,vegan
"Lamb, New Zealand, imported, square-cut shoulder, separable lean and fat, raw",272.0,16.16,22.89,0.24,0.0,non_vegetarian
"Lamb, loin, separable lean and fat, trimmed to 1/8"" fat, choice, cooked, broiled",297.0,26.06,20.61,0.0,0.0,non_vegetarian
"CRACKER BARREL, country fried shrimp platter",287.0,12.62,16.77,21.4,0.3,non_vegetarian
"Yogurt parfait, lowfat, with fruit and granola",84.0,3.36,1.01,15.86,1.1,vegetarian
"Peanuts, virginia, oil-roasted, with salt",578.0,25.87,48.62,19.86,8.9,vegan
"Continental Mills, Krusteaz Almond Poppyseed Muffin Mix, Artificially Flavored, dry",418.0,5.6,10.3,75.6,1.7,vegan
"Beef, New Zealand, imported, bolar blade, separable lean and fat, cooked, fast roasted",228.0,31.3,11.37,0.0,0.0,non_vegetarian
"Pork, fresh, loin, center loin (chops), bone-in, separable lean only, cooked, pan-fried",195.0,29.56,7.66,0.0,0.0,non_vegetarian
"Tostada shells, corn",474.0,6.15,23.38,64.43,5.8,vegan
"Yogurt, plain, skim milk",56.0,5.73,0.18,7.68,0.0,vegetarian
"Peanuts, spanish, oil-roasted, with salt",579.0,28.01,49.04,17.45,8.9,vegan
"Dip, bean, original flavor",119.0,5.44,3.7,15.89,4.9,vegan
"Yogurt, Greek, nonfat, Fruit on Bottom, Strawberry, CHOBANI",79.0,7.28,0.23,11.86,0.4,vegetarian
Ham salad spread,216.0,8.68,15.53,10.64,0.0,non_vegetarian
"Fast foods, hamburger; single, regular patty; with condiments",263.0,13.3,10.18,29.57,1.8,non_vegetarian
"Pork sausage, reduced sodium, cooked",271.0,9.41,22.35,8.13,0.0,non_vegetarian
"Pizza, meat and vegetable topping, regular crust, frozen, cooked",276.0,11.28,14.43,25.14,2.2,non_vegetarian
"Lamb, Australian, imported, fresh, loin, separable lean and fat, trimmed to 1/8"" fat, cooked, broiled",219.0,25.49,12.25,0.0,,non_vegetarian
"Cereals, QUAKER, QUAKER MultiGrain Oatmeal, prepared with water, no salt",61.0,2.08,0.47,13.49,2.2,vegan
"Soy milk, unsweetened, plain, shelf stable",38.485,3.546875,2.125,1.293125,0.0,vegetarian
"New Zealand spinach, cooked, boiled, drained, without salt",12.0,1.3,0.17,2.13,1.4,vegan
"Flour, coconut",437.684,16.1385,15.28,58.9025,34.24,vegan
"Ham, sliced, pre-packaged, deli meat (96%fat free, water added)",107.0,16.85,4.04,0.7,0.0,non_vegetarian
"Pork, Leg sirloin tip roast, boneless, separable lean and fat, raw",113.0,22.88,1.71,0.0,0.0,non_vegetarian
"Beef, New Zealand, imported, variety meats and by-products liver, cooked, boiled",150.0,23.3,4.68,3.78,0.0,non_vegetarian
"Soup, beef stroganoff, canned, chunky style, ready-to-serve",98.0,5.1,4.6,9.0,0.6,non_vegetarian
SILK Vanilla soy yogurt (family size),79.0,2.64,1.76,13.66,0.4,vegetarian
"Beef, round, bottom round, roast, separable lean and fat, trimmed to 0"" fat, select, cooked, roasted",175.0,28.08,6.06,0.0,0.0,non_vegetarian
"Noodles, egg, dry, unenriched",384.0,14.16,4.44,71.27,3.3,vegetarian
"Ice creams, BREYERS, No Sugar Added, Vanilla",143.0,3.68,6.2,21.92,0.5,vegetarian
"Margarine-like, butter-margarine blend, 80% fat, stick, without salt",718.0,0.9,80.7,0.6,0.0,vegetarian
"Turkey, thigh, from whole bird, meat only, with added solution, raw",115.0,19.27,4.12,0.15,0.0,non_vegetarian
"Beef, loin, tenderloin steak, boneless, separable lean and fat, trimmed to 0"" fat, all grades, raw",147.0,21.72,6.67,0.0,0.0,non_vegetarian
"Spanish rice mix, dry mix, unprepared",363.0,10.62,1.62,76.45,3.1,vegan
"Crackers, wheat, sandwich, with cheese filling",497.0,9.8,25.0,58.2,3.1,vegetarian
"Pork, fresh, shoulder, arm picnic, separable lean only, cooked, braised",194.0,26.76,8.87,0.0,0.0,non_vegetarian
"Lamb, loin, separable lean and fat, trimmed to 1/4"" fat, choice, raw",310.0,16.32,26.63,0.0,0.0,non_vegetarian
"Margarine-like spread, SMART BALANCE Light Buttery Spread",337.0,0.02,36.41,1.98,,vegetarian
"Beef, variety meats and by-products, tongue, cooked, simmered",284.0,19.29,22.3,0.0,0.0,non_vegetarian
"Chicken breast, roll, oven-roasted",134.0,14.59,7.65,1.79,0.0,non_vegetarian
"Oil, apricot kernel",884.0,0.0,100.0,0.0,0.0,vegan
"Fish, snapper, mixed species, cooked, dry heat",128.0,26.3,1.72,0.0,0.0,non_vegetarian
"Potsticker or wonton, pork and vegetable, frozen, unprepared",136.0,8.28,5.52,13.28,1.4,non_vegetarian
"Rice, white, short-grain, enriched, uncooked",358.0,6.5,0.52,79.15,2.8,vegan
"Beef, round, eye of round, roast, separable lean and fat, trimmed to 1/8"" fat, all grades, cooked, roasted",208.0,28.31,9.65,0.0,0.0,non_vegetarian
"Pork, fresh, variety meats and by-products, tail, raw",378.0,17.75,33.5,0.0,0.0,non_vegetarian
"Pork, cured, ham, boneless, low sodium, extra lean and regular, roasted",165.0,22.0,7.7,0.5,0.0,non_vegetarian
"Beef, chuck, short ribs, boneless, separable lean only, trimmed to 0"" fat, all grades, cooked, braised",240.0,28.82,13.8,0.0,0.0,non_vegetarian
"Soup, ramen noodle, chicken flavor, dry",439.0,10.22,17.52,60.23,2.9,non_vegetarian
"Babyfood, dinner, broccoli and chicken, junior",62.0,3.59,2.48,6.34,1.4,non_vegetarian
Meat extender,311.0,41.71,2.97,34.71,17.5,non_vegetarian
"Peas, edible-podded, frozen, cooked, boiled, drained, without salt",52.0,3.5,0.38,9.02,3.1,vegan
"Cereals ready-to-eat, rice, puffed, fortified",402.0,6.3,0.5,89.8,1.7,vegan
"Snacks, fruit leather, pieces, with vitamin C",373.0,0.1,3.5,85.2,3.5,vegan
"Beans, snap, yellow, cooked, boiled, drained, without salt",35.0,1.89,0.28,7.88,3.3,vegan
"Turkey, ground, 93% lean, 7% fat, patties, broiled",207.0,25.86,11.45,0.0,0.0,non_vegetarian
"Pork, fresh, shoulder, blade, boston (roasts), separable lean only, cooked, roasted",232.0,24.21,14.3,0.0,0.0,non_vegetarian
"Beef, ground, 85% lean meat / 15% fat, crumbles, cooked, pan-browned",256.0,27.73,15.3,0.0,0.0,non_vegetarian
"Beef, variety meats and by-products, brain, raw",143.0,10.86,10.3,1.05,0.0,non_vegetarian
"Soup, mushroom barley, canned, prepared with equal volume water",30.0,0.77,0.93,4.8,0.3,vegan
"Peas, mature seeds, sprouted, cooked, boiled, drained, without salt",98.0,7.05,0.51,17.08,,vegan
"Soymilk, chocolate, nonfat, with added calcium, vitamins A and D",44.0,2.47,0.04,8.51,0.2,vegetarian
"Rice cake, cracker (include hain mini rice cakes)",392.0,7.1,4.3,81.1,4.2,vegan
"Cheese spread, pasteurized process, American",290.0,16.41,21.23,8.73,0.0,vegetarian
"Beef, ground, 85% lean meat / 15% fat, raw (Includes foods for USDA's Food Distribution Program)",215.0,18.59,15.0,0.0,0.0,non_vegetarian
"Seeds, sesame butter, tahini, from unroasted kernels (non-chemically removed seed coat)",607.0,17.95,56.44,17.89,9.3,vegetarian
"Tangerines, (mandarin oranges), canned, juice pack",37.0,0.62,0.03,9.57,0.7,vegan
"Beans, kidney, california red, mature seeds, cooked, boiled, without salt",124.0,9.13,0.09,22.41,9.3,non_vegetarian
"Potatoes, boiled, cooked without skin, flesh, with salt",86.0,1.71,0.1,20.01,2.0,vegan
"Cauliflower, frozen, cooked, boiled, drained, with salt",17.0,1.61,0.22,3.16,2.7,vegan
"Babyfood, apples, dices, toddler",50.0,0.19,0.36,11.56,1.9,vegan
"Beef, chuck eye steak, boneless, separable lean only, trimmed to 0"" fat, select, raw",143.0,21.28,6.47,0.0,0.0,non_vegetarian
"Beef, loin, tenderloin steak, boneless, separable lean only, trimmed to 0"" fat, select, cooked, grilled",198.0,31.09,7.25,0.0,0.0,non_vegetarian
"Beverages, Coconut water, ready-to-drink, unsweetened",18.0,0.22,0.0,4.24,0.0,vegan
"Mangosteen, canned, syrup pack",73.0,0.41,0.58,17.91,1.8,vegan
"Sausage, beef, cured, cooked, smoked",312.0,14.11,26.91,2.42,0.0,non_vegetarian
"CAMPBELL'S CHUNKY, Classic Chicken Noodle Soup",47.0,3.41,1.3,5.41,1.0,non_vegetarian
"Beef, tenderloin, roast, separable lean and fat, trimmed to 1/8"" fat, select, cooked, roasted",316.0,23.9,23.7,0.0,0.0,non_vegetarian
"Broadbeans (fava beans), mature seeds, cooked, boiled, without salt",110.0,7.6,0.4,19.65,5.4,vegan
"Tomatoes, red, ripe, raw, year round average",18.0,0.88,0.2,3.89,1.2,vegan
"Snacks, potato chips, sour-cream-and-onion-flavor",531.0,8.1,33.9,51.5,5.2,vegetarian
"Beef, round, bottom round, roast, separable lean only, trimmed to 1/8"" fat, select, raw",128.0,22.18,3.66,0.0,0.0,non_vegetarian
"Chicken, nuggets, white meat, precooked, frozen, not reheated",261.0,14.36,15.42,16.24,0.7,non_vegetarian
"Pork, cured, ham, rump, bone-in, separable lean and fat, heated, roasted",177.0,23.95,8.88,0.64,0.0,non_vegetarian
"Margarine, industrial, non-dairy, cottonseed, soy oil (partially hydrogenated ), for flaky pastries",714.0,1.9,80.2,0.0,0.0,vegan
"Milk, reduced fat, fluid, 2% milkfat, with added nonfat milk solids and vitamin A and vitamin D",51.0,3.48,1.92,4.97,0.0,vegetarian
"Potatoes, hash brown, frozen, with butter sauce, prepared",178.0,2.46,8.79,24.13,3.8,vegetarian
"Ice creams, vanilla, rich",249.0,3.5,16.2,22.29,0.0,vegetarian
"Pork, fresh, loin, whole, separable lean only, cooked, broiled",210.0,28.57,9.8,0.0,0.0,non_vegetarian
"Tofu, firm, prepared with calcium sulfate and magnesium chloride (nigari)",78.0,9.04,4.17,2.85,0.9,vegan
"Fish, roe, mixed species, cooked, dry heat",204.0,28.62,8.23,1.92,0.0,non_vegetarian
"Chicken, roasting, meat and skin, cooked, roasted",223.0,23.97,13.39,0.0,0.0,non_vegetarian
"Beef, rib eye steak, boneless, lip off, separable lean and fat, trimmed to 0"" fat, choice, raw",241.0,18.69,18.43,0.2,0.0,non_vegetarian
"Sea cucumber, yane (Alaska Native)",56.0,13.0,0.4,0.0,,vegan
"Fish, pout, ocean, raw",79.0,16.64,0.91,0.0,0.0,non_vegetarian
"Soup, turkey noodle, canned, prepared with equal volume water",28.0,1.6,0.82,3.54,0.3,non_vegetarian
"Pork, cured, ham with natural juices, rump, bone-in, separable lean and fat, heated, roasted",177.0,22.47,9.39,0.6,0.0,non_vegetarian
Eggnog,88.0,4.55,4.19,8.05,0.0,vegetarian
"Soup, vegetable beef, microwavable, ready-to-serve, single brand",44.0,6.2,0.7,3.3,1.5,non_vegetarian
"Turkey, back, from whole bird, meat only, with added solution, raw",115.0,19.27,4.12,0.15,0.0,non_vegetarian
"Spinach, cooked, boiled, drained, without salt",23.0,2.97,0.26,3.75,2.4,vegan
"Fish, roughy, orange, cooked, dry heat",105.0,22.64,0.9,0.0,0.0,non_vegetarian
"Beef, ground, 95% lean meat / 5% fat, crumbles, cooked, pan-browned",193.0,29.17,7.58,0.0,0.0,non_vegetarian
"Tangerines, (mandarin oranges), canned, light syrup pack",61.0,0.45,0.1,16.19,0.7,vegan
"Beverages, OCEAN SPRAY, Cranberry-Apple Juice Drink, bottled",56.0,0.29,0.0,13.68,0.6,vegan
"Gravy, chicken, dry",381.0,11.27,9.73,62.09,,non_vegetarian
"McDONALD'S, Strawberry Sundae",158.0,3.19,3.95,28.09,0.0,vegan
"Beef, Australian, imported, grass-fed, ground, 85% lean / 15% fat, raw",239.0,17.72,18.12,0.0,0.0,non_vegetarian
"Beef, loin, top loin steak, boneless, lip off, separable lean only, trimmed to 0"" fat, choice, raw",149.0,22.93,6.34,0.0,0.0,non_vegetarian
"Beverages, Propel Zero, fruit-flavored, non-carbonated",5.0,0.0,0.0,1.14,0.0,vegan
"Ice creams, regular, low carbohydrate, vanilla",216.0,3.17,12.7,22.23,4.8,vegetarian
"Oil, corn and canola",884.0,0.0,100.0,0.0,0.0,vegan
"Fish, bluefish, raw",124.0,20.04,4.24,0.0,0.0,non_vegetarian
"Pork, cured, ham with natural juices, slice, bone-in, separable lean and fat, heated, pan-broil",180.0,26.18,8.28,0.17,0.0,non_vegetarian
"Veal, sirloin, separable lean and fat, cooked, roasted",202.0,25.14,10.45,0.0,0.0,non_vegetarian
"Peanuts, all types, dry-roasted, without salt",587.0,24.35,49.66,21.26,8.4,vegan
Potato flour,357.0,6.9,0.34,83.1,5.9,vegan
"Cheese, oaxaca, solid",297.088,22.14498,22.1,2.40202,,vegetarian
"Rice, white, long-grain, regular, unenriched, cooked without salt",130.0,2.69,0.28,28.17,0.4,vegan
"Beef, round, top round, separable lean only, trimmed to 0"" fat, choice, cooked, braised",207.0,36.12,5.8,0.0,0.0,non_vegetarian
"Snacks, pretzels, hard, confectioner's coating, chocolate-flavor",457.0,7.5,16.7,70.9,2.4,vegan
"Potatoes, roasted, salt added in processing, frozen, unprepared",127.0,2.22,1.81,26.15,2.6,vegan
"Beef, short loin, t-bone steak, separable lean and fat, trimmed to 1/8"" fat, choice, raw",228.0,20.0,15.83,0.0,0.0,non_vegetarian
"Lamb, New Zealand, imported, loin saddle, separable lean and fat, cooked, fast roasted",274.0,21.13,20.98,0.1,0.0,non_vegetarian
"Peanuts, valencia, raw",570.0,25.09,47.58,20.91,8.7,vegan
"Sausage, turkey, pork, and beef, low fat, smoked",101.0,8.0,2.5,11.54,0.6,non_vegetarian
"Cake, white, prepared from recipe with coconut frosting",356.0,4.4,10.3,63.2,1.0,vegan
"APPLEBEE'S, crunchy onion rings",356.0,4.58,19.61,40.17,3.1,vegan
"Cheese, cottage, nonfat, uncreamed, dry, large or small curd",72.0,10.34,0.29,6.66,0.0,vegetarian
"Beef, round, outside round, bottom round, steak, separable lean and fat, trimmed to 0"" fat, all grades, cooked, grilled",182.0,27.52,7.1,0.0,0.0,non_vegetarian
"Pork, fresh, loin, sirloin (chops), boneless, separable lean only, cooked, broiled",161.0,28.6,4.36,0.0,0.0,non_vegetarian
"Beef, round, outside round, bottom round, steak, separable lean and fat, trimmed to 0"" fat, all grades, raw",142.0,21.59,5.53,0.0,0.0,non_vegetarian
"Restaurant, family style, shrimp, breaded and fried",308.0,12.67,18.67,22.29,1.5,non_vegetarian
"Pork, fresh, loin, blade (chops), bone-in, separable lean and fat, cooked, braised",255.0,26.54,15.71,0.0,0.0,non_vegetarian
"Candies, SYMPHONY Milk Chocolate Bar",531.0,8.51,30.57,58.01,1.7,vegetarian
"Corn flour, masa harina, white or yellow, dry, raw",376.068,7.5625,4.34,76.6895,7.038,vegan
"Soup, oyster stew, canned, prepared with equal volume water",24.0,0.87,1.59,1.69,,non_vegetarian
"Beef, Australian, imported, Wagyu, loin, top loin steak/roast, boneless, separable lean and fat, Aust. marble score 4/5, raw",289.0,17.67,24.2,0.12,0.0,non_vegetarian
"Beverages, MOTTS, Apple juice light, fortified with vitamin C",22.0,0.0,0.1,5.1,0.0,vegan
"Passion-fruit, (granadilla), purple, raw",97.0,2.2,0.7,23.38,10.4,vegan
"Artificial Blueberry Muffin Mix, dry",407.0,4.7,8.7,77.45,,vegan
"Beef, loin, tenderloin steak, boneless, separable lean and fat, trimmed to 0"" fat, select, cooked, grilled",202.0,30.93,7.7,0.0,0.0,non_vegetarian
"Babyfood, dinner, vegetables and noodles and turkey, junior",52.0,1.8,1.5,7.6,1.1,non_vegetarian
"Snacks, pretzels, hard, whole-wheat including both salted and unsalted",362.0,11.1,2.6,81.3,7.7,vegan
"Puddings, banana, dry mix, regular, with added oil",387.0,0.0,5.0,88.4,0.3,vegan
"Turkey, skin, from retail parts, from dark meat, raw",380.0,14.35,35.83,0.0,0.0,non_vegetarian
"Tofu, dried-frozen (koyadofu)",477.0,52.47,30.34,10.03,7.2,vegan
"Pork, fresh, composite of trimmed retail cuts (leg, loin, shoulder, and spareribs), separable lean and fat, cooked",238.0,26.36,13.89,0.0,0.0,non_vegetarian
"Turkey, light or dark meat, smoked, cooked, with skin, bone removed",208.0,28.1,9.7,0.0,0.0,non_vegetarian
"Beverages, orange and apricot juice drink, canned",51.0,0.3,0.1,12.7,0.1,vegan
"Tofu, salted and fermented (fuyu)",116.0,8.92,8.0,4.38,,vegan
"Milk, dry, nonfat, regular, with added vitamin A and vitamin D",362.0,36.16,0.77,51.98,0.0,vegetarian
"Lamb, New Zealand, imported, frozen, foreshank, separable lean and fat, trimmed to 1/8"" fat, raw",223.0,18.04,16.15,0.0,0.0,non_vegetarian
"Babyfood, dessert, cherry vanilla pudding, junior",69.0,0.2,0.2,18.4,0.3,vegan
"Pork sausage, link/patty, reduced fat, unprepared",217.0,16.75,16.55,0.2,0.0,non_vegetarian
"Corn, yellow, whole kernel, frozen, microwaved",113.0,3.62,1.42,25.87,2.6,vegan
"Cereals, CREAM OF RICE, cooked with water, with salt",52.0,0.9,0.1,11.5,0.1,vegetarian
"Pork, fresh, loin, top loin (chops), boneless, separable lean only, cooked, braised",170.0,30.54,4.34,0.0,0.0,non_vegetarian
"Beef, chuck, under blade steak, boneless, separable lean and fat, trimmed to 0"" fat, all grades, cooked, braised",275.0,28.23,18.0,0.0,0.0,non_vegetarian
"Candies, MARS SNACKFOOD US, MILKY WAY Caramels. dark chocolate covered",458.0,3.82,20.42,67.56,2.8,vegetarian
"Beans, pinto, mature seeds, cooked, boiled, with salt",143.0,9.01,0.65,26.22,9.0,vegan
"Soup, tomato, canned, condensed",66.0,1.46,0.44,15.22,1.1,vegan
"Fish, monkfish, cooked, dry heat",97.0,18.56,1.95,0.0,0.0,non_vegetarian
"Agutuk, fish with shortening (Alaskan ice cream) (Alaska Native)",470.0,9.0,43.5,10.5,,non_vegetarian
"Mandarin, seedless, peeled, raw",61.9623,1.039375,0.4575,13.421825,1.328,vegan
"Cowpeas (blackeyes), immature seeds, cooked, boiled, drained, without salt",97.0,3.17,0.38,20.32,5.0,vegan
"Beans, baked, canned, with franks",142.0,6.75,6.57,15.39,6.9,vegan
"Olives, ripe, canned (small-extra large)",116.0,0.84,10.9,6.04,1.6,vegan
"Lettuce, romaine, green, raw",20.77105,0.976875,0.07125,4.055575,,vegan
"Rolls, dinner, plain, prepared from recipe, made with low fat (2%) milk",316.0,8.5,7.3,53.4,1.9,vegetarian
"Duck, scoter, white-winged, meat (Alaska Native)",84.0,20.2,0.4,0.0,,non_vegetarian
"Pancakes, buckwheat, dry mix, incomplete",340.0,10.9,2.7,71.3,8.5,vegan
"Cabbage, japanese style, fresh, pickled",30.0,1.6,0.1,5.67,3.1,vegan
"Beef, top loin filet, boneless, separable lean and fat, trimmed to 1/8"" fat, select, cooked, grilled",219.0,28.3,11.6,0.4,0.0,non_vegetarian
"Piki bread, made from blue cornmeal (Hopi)",390.0,9.06,7.16,72.22,9.2,vegan
"Goose, domesticated, meat only, cooked, roasted",238.0,28.97,12.67,0.0,0.0,non_vegetarian
"Pork, fresh, variety meats and by-products, tongue, raw",225.0,16.3,17.2,0.0,0.0,non_vegetarian
"Chicken, broilers or fryers, drumstick, meat and skin, cooked, fried, batter",268.0,21.95,15.75,8.28,0.3,non_vegetarian
"Rennin, chocolate, dry mix, prepared with 2% milk",85.0,3.24,2.06,13.47,0.5,vegetarian
"Beef, New Zealand, imported, brisket point end, separable lean and fat, cooked, braised",250.0,31.94,13.6,0.0,0.0,non_vegetarian
"Archway Home Style Cookies, Molasses",403.0,4.25,12.06,69.41,1.2,vegan
"PIZZA HUT 14"" Cheese Pizza, Pan Crust",276.0,10.85,11.25,32.85,2.1,vegetarian
"Nuts, walnuts, English, halves, raw",729.556,14.5644,69.74,10.9096,5.21,vegan
"Dessert topping, powdered, 1.5 ounce prepared with 1/2 cup milk",194.0,3.61,12.72,17.13,0.0,vegetarian
Buckwheat,343.0,13.25,3.4,71.5,10.0,vegan
"Tomatoes, crushed, canned",37.8755,1.4375,0.3975,7.137,1.944,vegan
"Wild rice, cooked",101.0,3.99,0.34,21.34,1.8,vegan
"Bread, cornbread, prepared from recipe, made with low fat (2%) milk",266.0,6.7,7.1,43.5,,vegetarian
"Potatoes, au gratin, dry mix, unprepared",314.0,8.9,3.7,74.31,4.1,vegan
"Beef, composite of trimmed retail cuts, separable lean only, trimmed to 0"" fat, choice, cooked",206.0,29.51,8.87,0.0,0.0,non_vegetarian
"Fish, cod, Atlantic, canned, solids and liquid",105.0,22.76,0.86,0.0,0.0,non_vegetarian
"Game meat, beaver, raw",146.0,24.05,4.8,0.0,0.0,non_vegetarian
"Seeds, sesame seed kernels, toasted, with salt added (decorticated)",567.0,16.96,48.0,26.04,16.9,vegan
"Beef, ground, 97% lean meat / 3% fat, patty, cooked, broiled",153.0,26.36,4.46,0.0,0.0,non_vegetarian
"Cauliflower, frozen, cooked, boiled, drained, without salt",19.0,1.61,0.22,3.75,2.7,vegan
"Lamb, variety meats and by-products, heart, raw",122.0,16.47,5.68,0.21,0.0,non_vegetarian
"Lamb, Australian, imported, fresh, rib chop, frenched, denuded, bone-in, separable lean and fat, trimmed to 0"" fat, cooked, grilled",276.0,30.9,16.96,0.0,0.0,non_vegetarian
"Bread, wheat, toasted",313.0,12.96,4.27,55.77,4.7,vegan
"Game meat, boar, wild, cooked, roasted",160.0,28.3,4.38,0.0,0.0,non_vegetarian
"Beef, top loin petite roast/filet, boneless, separable lean and fat, trimmed to 1/8"" fat, select, raw",170.0,21.6,9.3,0.0,0.0,non_vegetarian
"Alcoholic beverage, liqueur, coffee with cream, 34 proof",327.0,2.8,15.7,20.9,0.0,vegetarian
"Beverages, Lemonade, powder",376.0,0.0,1.05,97.57,0.4,vegan
"Beef, round, tip round, roast, separable lean only, trimmed to 0"" fat, select, cooked, roasted",149.0,27.37,4.38,0.0,0.0,non_vegetarian
"Potatoes, mashed, dehydrated, prepared from flakes without milk, whole milk and butter added",97.0,1.77,5.13,10.87,0.8,vegetarian
"Seeds, sesame meal, partially defatted",567.0,16.96,48.0,26.04,,vegan
"Beef, rib eye steak, boneless, lip off, separable lean only, trimmed to 0"" fat, select, cooked, grilled",191.0,29.18,8.31,0.0,0.0,non_vegetarian
"Soup, beef and mushroom, low sodium, chunk style",69.0,4.3,2.3,9.58,0.2,non_vegetarian
"Fish, gefiltefish, commercial, sweet recipe",84.0,9.07,1.73,7.41,0.0,non_vegetarian
"Beef, top sirloin, steak, separable lean only, trimmed to 0"" fat, all grades, cooked, broiled",183.0,30.55,5.79,0.0,0.0,non_vegetarian
"Game meat, elk, cooked, roasted",146.0,30.19,1.9,0.0,0.0,non_vegetarian
"Beef, New Zealand, imported, variety meats and by-products, tongue, raw",243.0,17.77,19.09,0.0,0.0,non_vegetarian
"Ice creams, chocolate",216.0,3.8,11.0,28.2,1.2,vegetarian
"Puddings, banana, dry mix, instant, prepared with 2% milk",105.0,2.76,1.7,19.74,0.0,vegetarian
"Pork, fresh, variety meats and by-products, chitterlings, cooked, simmered",233.0,12.49,20.32,0.0,0.0,non_vegetarian
"Crustaceans, crab, alaska king, raw",84.0,18.29,0.6,0.0,0.0,non_vegetarian
"Beef, New Zealand, imported, tenderloin, separable lean only, raw",140.0,21.19,6.1,0.0,0.0,non_vegetarian
"Danish pastry, fruit, unenriched (includes apple, cinnamon, raisin, strawberry)",371.0,5.4,18.5,47.8,1.9,vegan
"Bread, blue corn, somiviki (Hopi)",186.0,3.1,1.53,39.84,3.6,vegan
"Frostings, chocolate, creamy, dry mix",389.0,1.3,5.2,92.0,2.4,vegetarian
"Buckwheat, whole grain",356.135,11.06534,3.039,71.13066,4.046,vegan
"Babyfood, dinner, vegetables and lamb, junior",51.0,2.1,1.7,7.1,1.1,non_vegetarian
"Oranges, raw, Florida",46.0,0.7,0.21,11.54,2.4,vegan
"Chicken, broilers or fryers, dark meat, meat and skin, cooked, roasted",253.0,25.97,15.78,0.0,0.0,non_vegetarian
"Pork, fresh, composite of separable fat, with added solution, raw",508.0,9.27,52.33,0.0,0.0,non_vegetarian
"Mollusks, squid, mixed species, raw",92.0,15.58,1.38,3.08,0.0,non_vegetarian
"Cheese, gruyere",413.0,29.81,32.34,0.36,0.0,vegetarian
"HORMEL ALWAYS TENDER, Boneless Pork Loin, Fresh Pork",145.0,19.02,7.18,0.76,,non_vegetarian
"Cake, cheesecake, commercially prepared",321.0,5.5,22.5,25.5,0.4,vegetarian
"Seal, bearded (Oogruk), meat, raw (Alaska Native)",110.0,26.7,0.4,0.0,,non_vegetarian
"Yogurt, Greek, plain, lowfat",73.0,9.95,1.92,3.94,0.0,vegetarian
"Beans, adzuki, mature seeds, raw",329.0,19.87,0.53,62.9,12.7,vegan
"Pork, fresh, loin, center loin (chops), bone-in, separable lean only, cooked, braised",200.0,30.2,7.86,0.0,0.0,non_vegetarian
"Syrups, corn, light",283.0,0.0,0.2,76.79,0.0,vegan
"Lamb, foreshank, separable lean and fat, trimmed to 1/8"" fat, cooked, braised",243.0,28.37,13.46,0.0,0.0,non_vegetarian
"Turkey, ground, fat free, pan-broiled crumbles",151.0,31.69,2.71,0.0,0.0,non_vegetarian
"Lemon grass (citronella), raw",99.0,1.82,0.49,25.31,,vegan
"Beef, composite of trimmed retail cuts, separable lean only, trimmed to 1/8"" fat, all grades, cooked",194.0,28.95,8.15,0.0,0.0,non_vegetarian
"Soup, chicken noodle, canned, prepared with equal volume water",24.0,1.16,0.76,2.97,0.5,non_vegetarian
"Beverages, V8 SPLASH Juice Drinks, Fruit Medley",33.0,0.0,0.0,7.82,,vegan
"Beef, rib, small end (ribs 10-12), separable lean only, trimmed to 0"" fat, choice, cooked, broiled",225.0,28.04,11.7,0.0,0.0,non_vegetarian
"Pork, fresh, composite of trimmed retail cuts (loin and shoulder blade), separable lean only, raw",144.0,21.23,5.88,0.0,0.0,non_vegetarian
"Onions, cooked, boiled, drained, without salt",44.0,1.36,0.19,10.15,1.4,vegan
"Chicken, broilers or fryers, dark meat, meat only, cooked, roasted",205.0,27.37,9.73,0.0,0.0,non_vegetarian
"Guavas, common, raw",68.0,2.55,0.95,14.32,5.4,vegan
"Babyfood, dinner, vegetables and dumplings and beef, strained",48.0,2.0,0.9,7.7,,non_vegetarian
"HOT POCKETS Ham 'N Cheese Stuffed Sandwich, frozen",270.0,9.16,15.0,24.69,1.5,non_vegetarian
"Sea lion, Steller, meat with fat (Alaska Native)",242.0,22.1,14.65,5.55,,non_vegetarian
"Beef, chuck, clod roast, separable lean only, trimmed to 0"" fat, select, cooked, roasted",172.0,28.09,5.82,0.0,0.0,non_vegetarian
"Succotash, (corn and limas), canned, with cream style corn",77.0,2.64,0.54,17.61,3.0,vegetarian
"Beef, ground, 80% lean meat / 20% fat, patty, cooked, pan-broiled",246.0,24.04,15.94,0.0,0.0,non_vegetarian
"Applesauce, unsweetened, with added vitamin C",51.6025,0.2734375,0.1625,12.2615625,,vegan
"Apples, raw, granny smith, with skin (Includes foods for USDA's Food Distribution Program)",58.0,0.44,0.19,13.61,2.8,vegan
"Butter, light, stick, with salt",499.0,3.3,55.1,0.0,0.0,vegetarian
"Barley, pearled, raw",352.0,9.91,1.16,77.72,15.6,vegan
"Restaurant, Latino, tamale, pork",174.0,7.38,9.04,15.8,2.4,non_vegetarian
"Fast foods, quesadilla, with chicken",294.0,15.05,15.25,24.04,1.7,non_vegetarian
"Chili con carne with beans, canned entree",107.0,5.8,3.47,13.1,3.3,vegan
"Soup, cream of chicken, dry, mix, prepared with water",41.0,0.68,2.04,5.11,0.1,non_vegetarian
"Cookies, chocolate cream covered biscuit sticks",447.0,10.0,22.5,51.08,5.0,vegetarian
"Spaghetti, spinach, cooked",130.0,4.58,0.63,26.15,,vegan
"Frog legs, raw",73.0,16.4,0.3,0.0,0.0,non_vegetarian
"Beef, round, eye of round, roast, separable lean and fat, trimmed to 1/8"" fat, select, cooked, roasted",204.0,28.13,9.26,0.0,0.0,non_vegetarian
"Pheasant, breast, meat only, raw",133.0,24.37,3.25,0.0,0.0,non_vegetarian
"Soup, lentil with ham, canned, ready-to-serve",56.0,3.74,1.12,8.16,,non_vegetarian
"Cheese food, pasteurized process, American, vitamin D fortified",330.0,16.86,25.63,8.56,0.0,vegetarian
"Flour, semolina, coarse and semi-coarse",356.5918,11.73125,1.597,73.82345,3.216,vegan
"Wheat flour, white (industrial), 10% protein, unbleached, enriched",366.0,9.71,1.48,76.22,2.4,vegan
"Corn, sweet, white, canned, whole kernel, no salt added, solids and liquids",64.0,1.95,0.5,15.41,0.7,vegan
"Veal, cubed for stew (leg and shoulder), separable lean only, raw",109.0,20.27,2.5,0.0,0.0,non_vegetarian
"Fast Foods, Fried Chicken, Wing, meat and skin and breading",310.0,21.14,20.09,11.19,0.1,non_vegetarian
"Beef, round, top round, steak, separable lean and fat, trimmed to 1/8"" fat, all grades, raw",166.0,22.06,7.93,0.0,0.0,non_vegetarian
"Millet, raw",378.0,11.02,4.22,72.85,8.5,vegan
"Crackers, rye, sandwich-type with cheese filling",481.0,9.2,22.3,60.8,3.6,vegetarian
"Beef, chuck, under blade steak, boneless, separable lean and fat, trimmed to 0"" fat, select, cooked, braised",261.0,29.18,16.05,0.0,0.0,non_vegetarian
"Pate, chicken liver, canned",201.0,13.45,13.1,6.55,0.0,non_vegetarian
"Babyfood, fruit, bananas with tapioca, junior",67.0,0.4,0.2,17.8,1.6,vegan
"T.G.I. FRIDAY'S, chicken fingers",325.0,18.68,20.31,16.84,0.8,non_vegetarian
"Arugula, baby, raw",30.993,1.64875,0.325,5.36825,2.28,vegan
"Grapes, canned, thompson seedless, water pack, solids and liquids",40.0,0.5,0.11,10.3,0.6,vegan
"Beef, chuck, shoulder clod, shoulder tender, medallion, separable lean and fat, trimmed to 0"" fat, select, cooked, grilled",172.0,26.45,6.43,0.33,0.0,non_vegetarian
"Nuts, mixed nuts, oil roasted, without peanuts, lightly salted",607.0,17.86,50.0,25.0,7.1,vegan
"Lentils, mature seeds, cooked, boiled, without salt",116.0,9.02,0.38,20.13,7.9,vegan
"Beef, plate steak, boneless, outside skirt, separable lean only, trimmed to 0"" fat, select, cooked, grilled",268.0,28.65,17.1,0.0,0.0,non_vegetarian
"Pork, fresh, loin, country-style ribs, separable lean and fat, boneless, cooked, roasted",270.0,26.4,18.31,0.0,0.0,non_vegetarian
"Candies, MARS SNACKFOOD US, MILKY WAY Bar",456.0,4.01,17.23,71.17,1.0,vegetarian
"Seeds, sunflower seed kernels, toasted, with salt added",619.0,17.21,56.8,20.59,11.5,vegan
"Soup, chicken noodle, dry, mix",377.0,15.42,6.51,62.32,3.2,non_vegetarian
"Corn, sweet, yellow, canned, vacuum pack, regular pack",79.0,2.41,0.5,19.44,2.0,vegan
"Radishes, raw",16.0,0.68,0.1,3.4,1.6,vegan
"APPLEBEE'S, chicken tenders, from kids' menu",296.0,19.25,16.15,18.36,1.2,non_vegetarian
"Beef, composite of trimmed retail cuts, separable lean and fat, trimmed to 0"" fat, all grades, raw",167.0,20.95,9.3,0.0,0.0,non_vegetarian
"Bacon bits, meatless",476.0,32.0,25.9,28.6,10.2,non_vegetarian
"Beef, round, top round, steak, separable lean only, trimmed to 1/8"" fat, select, raw",129.0,23.13,3.37,0.0,0.0,non_vegetarian
"Lasagna with meat sauce, frozen, prepared",135.0,7.28,4.92,15.36,1.7,non_vegetarian
Millet flour,382.0,10.75,4.25,75.12,3.5,vegan
"Beef, New Zealand, imported, inside, raw",128.0,22.16,4.36,0.1,0.0,non_vegetarian
"Beef, chuck, shoulder clod, shoulder top and center steaks, separable lean and fat, trimmed to 0"" fat, all grades, cooked, grilled",182.0,26.3,7.66,0.12,0.0,non_vegetarian
Tomato powder,302.0,12.91,0.44,74.68,16.5,vegan
"Egg, duck, whole, fresh, raw",185.0,12.81,13.77,1.45,0.0,non_vegetarian
"Nuts, cashew nuts, oil roasted, without salt added",580.0,16.84,47.77,29.87,3.3,vegan
"Beef, brisket, flat half, boneless separable lean only, trimmed to 0"" fat, all grades, raw",132.0,21.47,5.11,0.0,0.0,non_vegetarian
"Squash, summer, green, zucchini, includes skin, raw",19.0,0.984375,0.205,3.27,0.7525,vegan
"Beef, loin, top loin steak, boneless, lip-on, separable lean and fat, trimmed to 1/8"" fat, choice, cooked, grilled",275.0,25.69,19.19,0.0,0.0,non_vegetarian
"Beef, top sirloin, steak, separable lean and fat, trimmed to 1/8"" fat, select, raw",189.0,20.68,11.13,0.0,0.0,non_vegetarian
"Pork, cured, ham -- water added, slice, bone-in, separable lean only, unheated",95.0,17.38,2.29,1.23,0.0,non_vegetarian
"Cornmeal, blue (Navajo)",398.0,10.4,5.44,76.93,8.7,vegan
"Babyfood, fruit, applesauce and apricots, strained",44.0,0.2,0.2,11.64,1.8,vegan
"Beef, retail cuts, separable fat, cooked",680.0,10.65,70.33,0.0,0.0,non_vegetarian
"Veal, shoulder, arm, separable lean only, cooked, roasted",164.0,26.13,5.81,0.0,0.0,non_vegetarian
"Squash, summer, zucchini, includes skin, raw",17.0,1.21,0.32,3.11,1.0,vegan
"Restaurant, Chinese, chicken chow mein",85.0,6.76,2.8,8.29,1.0,non_vegetarian
"Chicken, liver, all classes, cooked, pan-fried",172.0,25.78,6.43,1.11,0.0,non_vegetarian
"POPEYES, Fried Chicken, Mild, Wing, meat only, skin and breading removed",212.0,28.94,9.42,2.9,,non_vegetarian
"Rolls, gluten-free, white, made with rice flour, rice starch, and corn starch",239.0,3.34,2.65,50.47,5.1,vegan
"Wheat, KAMUT khorasan, cooked",132.0,5.71,0.83,27.6,4.3,vegan
"Beef, chuck, mock tender steak, boneless, separable lean only, trimmed to 0"" fat, all grades, raw",123.0,21.3,4.17,0.0,0.0,non_vegetarian
"Fast foods, strawberry banana smoothie made with ice and low-fat yogurt",65.0,0.86,0.14,15.05,0.9,vegetarian
"Chicken, broilers or fryers, light meat, meat and skin, cooked, roasted",222.0,29.02,10.85,0.0,0.0,non_vegetarian
"Waffles, whole wheat, lowfat, frozen, ready-to-heat",257.0,7.14,3.57,49.16,4.3,vegan
"Babyfood, dinner, macaroni and tomato and beef, junior",59.0,2.5,1.1,9.4,1.1,non_vegetarian
"Snacks, corn-based, extruded, chips, unsalted",557.0,6.6,33.4,57.4,4.4,vegan
"Game meat, goat, raw",109.0,20.6,2.31,0.0,0.0,non_vegetarian
"Cheese, mozzarella, nonfat",141.0,31.7,0.0,3.5,1.8,vegetarian
"Beverages, coffee, ready to drink, iced, mocha, milk based",60.0,1.48,0.98,11.42,0.0,vegetarian
"Pasta, gluten-free, rice flour and rice bran extract, cooked, DE BOLES",200.0,4.21,1.7,40.75,1.9,vegan
"Mushrooms, portabella, grilled",29.0,3.28,0.58,4.44,2.2,vegan
"Radishes, oriental, cooked, boiled, drained, with salt",17.0,0.67,0.24,3.43,1.6,vegan
"Beef, ground, 93% lean meat / 7% fat, loaf, cooked, baked",192.0,27.03,8.43,0.0,0.0,non_vegetarian
"Chicken, broilers or fryers, dark meat, meat and skin, cooked, stewed",233.0,23.5,14.66,0.0,0.0,non_vegetarian
"Crackers, cream, La Moderna Rikis Cream Crackers",464.0,7.19,19.5,64.88,2.4,vegetarian
"Mollusks, cuttlefish, mixed species, cooked, moist heat",158.0,32.48,1.4,1.64,0.0,non_vegetarian
"Game meat, bison, chuck, shoulder clod, separable lean only, cooked, braised",193.0,33.78,5.43,0.0,0.0,non_vegetarian
"Cereals ready-to-eat, MALT-O-MEAL, CORN BURSTS",385.0,3.32,0.35,90.59,1.9,vegan
"Beef, rib, small end (ribs 10-12), separable lean and fat, trimmed to 1/8"" fat, all grades, cooked, roasted",341.0,22.54,27.14,0.0,0.0,non_vegetarian
"Salmon nuggets, breaded, frozen, heated",212.0,12.69,11.72,13.96,0.0,non_vegetarian
"Soybeans, mature seeds, cooked, boiled, with salt",172.0,18.21,8.97,8.36,6.0,vegan
"Tomatoes, red, ripe, cooked, with salt",18.0,0.95,0.11,4.01,0.7,vegan
"Lamb, shoulder, whole (arm and blade), separable lean and fat, trimmed to 1/4"" fat, choice, cooked, braised",344.0,28.68,24.55,0.0,0.0,non_vegetarian
"Lamb, Australian, imported, fresh, leg, whole (shank and sirloin), separable lean and fat, trimmed to 1/8"" fat, cooked, roasted",244.0,25.16,15.13,0.0,,non_vegetarian
"Turkey from whole, light meat, meat only, with added solution, raw",101.0,21.54,1.66,0.0,0.0,non_vegetarian
"Pork, fresh, variety meats and by-products, brain, raw",127.0,10.28,9.21,0.0,0.0,non_vegetarian
"Lambsquarters, steamed (Northern Plains Indians)",48.0,4.06,0.16,7.47,5.2,non_vegetarian
"Ice creams, BREYERS, No Sugar Added, French Vanilla",154.0,4.5,7.05,20.75,0.5,vegetarian
"Fast foods, chicken, breaded and fried, boneless pieces, plain",307.0,15.92,20.36,14.93,0.9,non_vegetarian
"Beef, brisket, flat half, separable lean only, trimmed to 0"" fat, all grades, cooked, braised",205.0,33.26,6.99,0.0,0.0,non_vegetarian
"Fruit salad, (peach and pear and apricot and pineapple and cherry), canned, light syrup, solids and liquids",58.0,0.34,0.07,15.14,1.0,vegan
"Beef, rib eye steak, boneless, lip off, separable lean and fat, trimmed to 0"" fat, choice, cooked, grilled",285.0,23.89,21.1,0.0,0.0,non_vegetarian
"Gelatin desserts, dry mix, with added ascorbic acid, sodium-citrate and salt",381.0,7.8,0.0,90.5,0.0,non_vegetarian
"Beef, loin, tenderloin roast, boneless, separable lean only, trimmed to 0"" fat, all grades, cooked, roasted",177.0,27.51,7.49,0.0,0.0,non_vegetarian
"Pork, fresh, loin, center rib (chops), bone-in, separable lean only, cooked, pan-fried",211.0,28.84,9.73,0.0,0.0,non_vegetarian
"Chicken patty, frozen, uncooked",292.0,14.33,20.04,13.61,1.2,non_vegetarian
"Beef, chuck, mock tender steak, separable lean only, trimmed to 0"" fat, select, cooked, broiled",157.0,26.13,5.02,0.0,0.0,non_vegetarian
"Infant formula, ABBOTT NUTRITION, ALIMENTUM ADVANCE, with iron, powder, not reconstituted, with DHA and ARA",517.0,13.99,28.19,51.91,0.0,vegan
"Babyfood, cereal, egg yolks and bacon, junior",79.0,2.5,5.0,6.2,0.9,non_vegetarian
"Cereals, QUAKER, corn grits, instant, plain, dry",343.0,7.31,2.14,78.42,4.2,vegan
"Fast foods, croissant, with egg, cheese, and ham",261.0,12.45,14.95,18.98,0.9,non_vegetarian
Soy sauce made from soy (tamari),60.0,10.51,0.1,5.57,0.8,vegan
"Soup, chicken broth, ready-to-serve",6.0,0.64,0.21,0.44,0.0,non_vegetarian
"Beef, tenderloin, roast, separable lean and fat, trimmed to 1/8"" fat, all grades, cooked, roasted",324.0,23.9,24.6,0.0,0.0,non_vegetarian
"Cornmeal, degermed, unenriched, white",370.0,7.11,1.75,79.45,3.9,vegan
"Beef, loin, tenderloin roast, boneless, separable lean and fat, trimmed to 0"" fat, select, cooked, roasted",174.0,27.38,7.12,0.0,0.0,non_vegetarian
"Veal, variety meats and by-products, brain, cooked, braised",136.0,11.48,9.63,0.0,0.0,non_vegetarian
"Fish, salmon, king, chinook, kippered, canned (Alaska Native)",266.0,30.7,15.9,0.0,,non_vegetarian
"Seeds, cottonseed kernels, roasted (glandless)",506.0,32.59,36.29,21.9,5.5,vegan
"Fish oil, herring",902.0,0.0,100.0,0.0,0.0,non_vegetarian
"Beef, shoulder top blade steak, boneless, separable lean and fat, trimmed to 0"" fat, select, raw",137.0,20.28,6.21,0.0,0.0,non_vegetarian
"Meatballs, meatless",197.0,21.0,9.0,8.0,4.6,non_vegetarian
"Pork, fresh, shoulder, whole, separable lean only, raw",148.0,19.55,7.14,0.0,0.0,non_vegetarian
"Flan, caramel custard, dry mix",348.0,0.0,0.0,91.6,0.0,vegetarian
"Tofu, salted and fermented (fuyu), prepared with calcium sulfate",116.0,8.15,8.0,5.15,,vegan
"Beef, Australian, imported, grass-fed, round, top round cap-off steak/roast, boneless, separable lean only, raw",129.0,22.41,4.43,0.0,0.0,non_vegetarian
"Snacks, potato chips, cheese-flavor",496.0,8.5,27.2,57.7,5.2,vegetarian
"Seeds, sunflower seed kernels, toasted, without salt",619.0,17.21,56.8,20.59,11.5,vegan
"Lamb, New Zealand, imported, Intermuscular fat, raw",640.0,4.63,68.53,1.26,0.0,non_vegetarian
"Amaranth leaves, cooked, boiled, drained, without salt",21.0,2.11,0.18,4.11,,vegan
"Milk shakes, thick vanilla",112.0,3.86,3.03,17.75,0.0,vegetarian
"Game meat, raccoon, cooked, roasted",255.0,29.2,14.5,0.0,0.0,non_vegetarian
"Sausage, turkey, breakfast links, mild, raw",174.0,15.91,10.39,3.18,0.0,non_vegetarian
"Asparagus, frozen, unprepared",24.0,3.23,0.23,4.1,1.9,vegan
"Fast Foods, Fried Chicken, Wing, meat only, skin and breading removed",215.0,28.77,10.2,2.13,0.0,non_vegetarian
"Beef, rib eye roast, boneless, lip-on, separable lean only, trimmed to 1/8"" fat, all grades, cooked, roasted",218.0,28.21,11.68,0.0,0.0,non_vegetarian
"Chili with beans, microwavable bowls",100.0,5.85,3.68,10.88,2.9,vegan
"Beef, rib eye steak, boneless, lip off, separable lean and fat, trimmed to 0"" fat, all grades, raw",228.0,19.26,16.71,0.12,0.0,non_vegetarian
"Fish, whitefish, eggs (Alaska Native)",104.0,14.66,2.88,4.89,0.0,non_vegetarian
"Fish, pout, ocean, cooked, dry heat",102.0,21.33,1.17,0.0,0.0,non_vegetarian
"Beef, top loin petite roast, boneless, separable lean only, trimmed to 1/8"" fat, choice, cooked, roasted",206.0,28.24,9.97,0.88,0.0,non_vegetarian
"Beef, corned beef hash, with potato, canned",164.0,8.73,10.24,9.27,1.1,non_vegetarian
"Beef, round, top round, boneless, choice, raw",140.635,21.475,5.703,0.852,,non_vegetarian
"Lima beans, thin seeded (baby), mature seeds, cooked, boiled, with salt",126.0,8.04,0.38,23.31,7.7,vegan
"Lamb, composite of trimmed retail cuts, separable lean and fat, trimmed to 1/4"" fat, choice, raw",267.0,16.88,21.59,0.0,0.0,non_vegetarian
"Beef, chuck, short ribs, boneless, separable lean only, trimmed to 0"" fat, all grades, raw",169.0,19.68,10.02,0.05,0.0,non_vegetarian
"Restaurant, Latino, Arroz con habichuelas colorados (Rice And Red Beans)",142.0,3.96,3.46,23.74,2.6,vegan
"Cereals, QUAKER, Instant Oatmeal, maple and brown sugar, dry",368.0,9.2,4.63,76.91,7.2,vegan
"Beef, tenderloin, steak, separable lean and fat, trimmed to 1/8"" fat, all grades, cooked, broiled",267.0,26.46,17.12,0.0,0.0,non_vegetarian
"Beef, rib, small end (ribs 10-12), separable lean and fat, trimmed to 0"" fat, select, cooked, broiled",285.0,24.91,19.79,0.0,0.0,non_vegetarian
"Beef, chuck, arm pot roast, separable lean only, trimmed to 1/8"" fat, select, raw",125.0,22.26,3.32,0.0,0.0,non_vegetarian
"Beverages, tea, herb, other than chamomile, brewed",1.0,0.0,0.0,0.2,0.0,non_vegetarian
"Ice creams, BREYERS, No Sugar Added, Butter Pecan",180.0,3.99,10.3,21.3,0.9,vegetarian
"Jerusalem-artichokes, raw",73.0,2.0,0.01,17.44,1.6,vegan
"Pasta, whole grain, 51% whole wheat, remaining unenriched semolina, dry",362.0,13.51,2.68,73.1,10.1,vegan
"Cereals ready-to-eat, MALT-O-MEAL, Fruity DYNO-BITES",404.0,3.9,3.15,90.1,1.0,vegan
"Beef, shoulder top blade steak, boneless, separable lean and fat, trimmed to 0"" fat, select, cooked, grilled",194.0,27.7,9.29,0.0,0.0,non_vegetarian
"Pancakes, whole wheat, dry mix, incomplete",350.0,10.53,1.32,74.11,7.9,vegan
"Oscar Mayer, Braunschweiger Liver Sausage (sliced)",331.0,14.25,29.35,2.6,0.2,non_vegetarian
"Beef, flank, steak, separable lean only, trimmed to 0"" fat, all grades, raw",141.0,21.57,5.47,0.0,0.0,non_vegetarian
"Babyfood, vegetables, carrots, junior",32.0,0.8,0.2,7.2,1.7,vegan
"Papaya, canned, heavy syrup, drained",206.0,0.14,0.55,55.83,1.5,vegan
"Macaroni and cheese, box mix with cheese sauce, unprepared",334.0,12.73,10.67,46.66,1.8,vegetarian
"Babyfood, meat, chicken, junior",146.0,14.0,9.6,0.0,0.0,non_vegetarian
"Pork, fresh, leg (ham), shank half, separable lean and fat, cooked, roasted",232.0,25.96,13.42,0.0,0.0,non_vegetarian
"Yogurt, Greek, plain, nonfat (Includes foods for USDA's Food Distribution Program)",59.0,10.19,0.39,3.6,0.0,vegetarian
"Pork, fresh, loin, center rib (roasts), bone-in, separable lean and fat, cooked, roasted",248.0,26.99,14.68,0.0,0.0,non_vegetarian
"Wheat flour, white (industrial), 15% protein, bleached, unenriched",362.0,15.33,1.41,69.88,2.4,vegan
"Turkey, whole, dark meat, meat only, raw",108.0,21.28,2.5,0.15,0.0,non_vegetarian
"PIZZA HUT 14"" Cheese Pizza, THIN 'N CRISPY Crust",306.0,13.37,12.8,34.22,2.4,vegetarian
"Potatoes, french fried, steak fries, salt added in processing, frozen, as purchased",130.0,2.19,3.39,23.51,1.9,vegan
"Potatoes, scalloped, dry mix, prepared with water, whole milk and butter",93.0,2.12,4.3,12.77,1.1,non_vegetarian
"Emu, oyster, raw",141.0,22.81,4.86,0.0,0.0,non_vegetarian
"Luncheon meat, pork, ham, and chicken, minced, canned, reduced sodium, added ascorbic acid, includes SPAM, 25% less sodium",293.0,12.5,25.1,3.4,0.0,non_vegetarian
"Frankfurter, chicken",223.0,15.51,16.19,2.74,0.0,non_vegetarian
"Beans, pinto, canned, sodium added, drained and rinsed",116.57,6.69375,1.266,19.60025,,vegan
"Fennel, bulb, raw",26.8924,0.921875,0.14,5.486225,2.046,vegan
"Soup, tomato, dry, mix, prepared with water",38.0,0.93,0.61,7.17,0.4,vegan
"Beverages, tea, green, instant, decaffeinated, lemon, unsweetened, fortified with vitamin C",378.0,0.0,0.0,94.45,0.0,vegan
"Ice creams, chocolate, light, no sugar added",173.0,3.54,5.74,26.79,0.9,vegetarian
"Chicken, broilers or fryers, rotisserie, original seasoning, back, meat only, cooked",205.0,25.34,11.54,0.0,0.0,non_vegetarian
"Duck, domesticated, meat only, cooked, roasted",201.0,23.48,11.2,0.0,0.0,non_vegetarian
"Beans, pink, mature seeds, cooked, boiled, with salt",149.0,9.06,0.49,27.91,5.3,vegan
"Noodles, chinese, cellophane or long rice (mung beans), dehydrated",351.0,0.16,0.06,86.09,0.5,vegan
"Beef, rib eye steak, bone-in, lip-on, separable lean only, trimmed to 1/8"" fat, all grades, cooked, grilled",221.0,27.4,12.43,0.0,0.0,non_vegetarian
"Snacks, tortilla chips, nacho-flavor, made with enriched masa flour",511.0,7.8,25.6,62.3,5.3,vegan
"Lamb, leg, whole (shank and sirloin), separable lean and fat, trimmed to 1/4"" fat, choice, cooked, roasted",258.0,25.55,16.48,0.0,0.0,non_vegetarian
"Peppers, poblano, seeded, raw",27.9906,1.425625,0.1906,5.143175,2.07,vegan
"Apples, raw, red delicious, with skin (Includes foods for USDA's Food Distribution Program)",59.0,0.27,0.2,14.06,2.3,vegan
"Beef, Australian, imported, Wagyu, loin, tenderloin steak/roast, boneless, separable lean only, Aust. marble score 9, raw",237.0,18.87,17.73,0.57,0.0,non_vegetarian
"Beef, rib, small end (ribs 10-12), separable lean only, trimmed to 1/8"" fat, all grades, raw",141.0,22.33,5.04,0.0,0.0,non_vegetarian
"Doughnuts, yeast-leavened, glazed, unenriched (includes honey buns)",403.0,6.4,22.8,44.3,1.2,vegetarian
"Pork, fresh, leg (ham), rump half, separable lean and fat, cooked, roasted",209.0,27.03,10.32,0.0,0.0,non_vegetarian
"Soybeans, green, cooked, boiled, drained, without salt",141.0,12.35,6.4,11.05,4.2,vegan
"Beef, top sirloin, steak, separable lean and fat, trimmed to 1/8"" fat, choice, cooked, broiled",257.0,26.8,15.75,0.0,0.0,non_vegetarian
"Mango nectar, canned",51.0,0.11,0.06,13.12,0.3,vegan
"Beef, shoulder pot roast or steak, boneless, separable lean and fat, trimmed to 0"" fat, select, raw",127.0,21.72,4.44,0.0,0.0,non_vegetarian
"Chicken, broiler or fryers, breast, skinless, boneless, meat only, cooked, braised",157.0,32.06,3.24,0.0,0.0,non_vegetarian
"Duck, wild, breast, meat only, raw",123.0,19.85,4.25,0.0,0.0,non_vegetarian
"Turkey, back, from whole bird, meat and skin, with added solution, raw",206.0,16.86,15.41,0.15,0.0,non_vegetarian
"Burrito, bean and cheese, frozen",221.0,7.07,6.3,34.01,3.4,vegetarian
"Vegetable juice cocktail, low sodium, canned",19.0,0.91,0.32,3.83,0.5,vegan
"Squash, summer, crookneck and straightneck, cooked, boiled, drained, with salt",19.0,1.04,0.39,3.79,1.1,vegan
"Tofu, soft, prepared with calcium sulfate and magnesium chloride (nigari)",61.0,7.17,3.69,1.18,0.2,vegan
"Beef, round, bottom round, steak, separable lean and fat, trimmed to 1/8"" fat, choice, cooked, braised",254.0,32.85,12.56,0.0,0.0,non_vegetarian
"Pork, cured, ham, boneless, extra lean and regular, unheated",162.0,18.26,8.39,2.28,0.0,non_vegetarian
"Crackers, rye, wafers, seasoned",381.0,9.0,9.2,73.8,20.9,vegan
"Pepeao, dried",298.0,4.82,0.44,81.03,,vegan
"Babyfood, tropical fruit medley",46.0,0.31,0.14,12.22,1.3,vegan
"Keebler, Keebler Chocolate Graham SELECTS",465.0,7.1,16.6,71.8,,non_vegetarian
"Whey, acid, fluid",24.0,0.76,0.09,5.12,0.0,vegetarian
"Nuts, coconut meat, dried (desiccated), sweetened, shredded",501.0,2.88,35.49,47.67,4.5,non_vegetarian
"Beans, navy, mature seeds, sprouted, raw",67.0,6.15,0.7,13.05,,vegan
"Ice creams, BREYERS, No Sugar Added, Vanilla Chocolate Strawberry",143.0,3.71,6.26,21.7,0.7,vegetarian
"Pepperidge Farm, Goldfish, Baked Snack Crackers, Parmesan",459.0,11.16,17.29,64.7,3.5,non_vegetarian
"Puddings, rice, dry mix, prepared with 2% milk",111.0,3.29,1.63,20.81,0.1,vegetarian
"Babyfood, dinner, chicken stew, toddler",78.0,5.2,3.7,6.4,0.6,non_vegetarian
"Sorghum bran, white, unenriched, dry, raw",402.787,11.16875,9.259,68.69525,34.95,vegan
"Nuts, almonds, oil roasted, without salt added",607.0,21.23,55.17,17.68,10.5,vegan
"Gravy, turkey, dry",367.0,10.42,7.19,65.12,,non_vegetarian
"Frankfurter, meatless",233.0,19.61,13.73,7.7,3.9,non_vegetarian
"Broccoli, frozen, chopped, cooked, boiled, drained, with salt",28.0,3.1,0.12,5.35,3.0,vegan
"Soup, beef mushroom, canned, prepared with equal volume water",30.0,2.37,1.23,2.6,0.1,non_vegetarian
"Chia seeds, dry, raw",517.154,17.013,32.89,38.273,,vegan
"Beef, plate steak, boneless, inside skirt, separable lean and fat, trimmed to 0"" fat, all grades, cooked, grilled",245.0,29.36,14.2,0.0,0.0,non_vegetarian
"Lamb, New Zealand, imported, netted shoulder, rolled, boneless, separable lean only, raw",143.0,20.2,6.88,0.0,0.0,non_vegetarian
"Cereals ready-to-eat, MALT-O-MEAL, TOOTIE FRUITIES",391.0,4.69,3.2,85.94,2.2,vegan
"Plums, canned, heavy syrup, drained",89.0,0.44,0.14,23.12,1.5,vegan
"Cereals ready-to-eat, POST, GREAT GRAINS Crunchy Pecan Cereal",403.0,9.0,10.5,73.0,9.7,vegan
"Mustard spinach, (tendergreen), cooked, boiled, drained, with salt",16.0,1.7,0.2,2.8,2.0,vegan
"Sauce, steak, tomato based",95.0,1.25,0.23,22.04,1.5,vegan
"Waffle, buttermilk, frozen, ready-to-heat, microwaved",289.0,6.92,9.4,44.16,2.4,vegetarian
"Cereals, whole wheat hot natural cereal, dry",342.0,11.2,2.0,75.2,9.5,vegan
"Pork, fresh, composite of separable fat, with added solution, cooked",585.0,10.06,60.42,0.32,0.0,non_vegetarian
"Gravy, chicken, canned or bottled, ready-to-serve",48.0,0.71,2.62,5.29,0.1,non_vegetarian
"Beef, rib eye steak/roast, boneless, lip-on, separable lean and fat, trimmed to 1/8"" fat, choice, raw",253.0,18.39,19.95,0.0,0.0,non_vegetarian
"Cereals, QUAKER, Instant Oatmeal, Cinnamon Spice, reduced sugar",358.0,11.26,6.11,69.45,8.8,vegan
"Puddings, banana, dry mix, regular, prepared with 2% milk",101.0,2.9,1.73,18.43,0.0,vegetarian
"Lima beans, immature seeds, frozen, fordhook, unprepared",106.0,6.4,0.35,19.83,5.5,vegan
"Beverages, cranberry-apricot juice drink, bottled",64.0,0.2,0.0,16.2,0.1,vegan
"Beef, composite of trimmed retail cuts, separable lean only, trimmed to 0"" fat, select, raw",133.0,22.03,4.99,0.0,0.0,non_vegetarian
"Plums, canned, purple, water pack, solids and liquids",41.0,0.39,0.01,11.03,0.9,vegan
"Pork, fresh, loin, top loin (chops), boneless, separable lean and fat, with added solution, cooked, broiled",198.0,28.33,9.42,0.02,0.0,non_vegetarian
"Pork, fresh, loin, top loin (chops), boneless, separable lean only, with added solution, raw",117.0,21.09,3.48,0.22,0.0,non_vegetarian
"Milk substitutes, fluid, with lauric acid oil",61.0,1.75,3.41,6.16,0.0,vegetarian
"Bratwurst, veal, cooked",341.0,13.99,31.7,0.0,0.0,non_vegetarian
"Restaurant, Chinese, sesame chicken",293.0,14.33,14.25,26.88,0.7,non_vegetarian
"Beef, round, bottom round, roast, separable lean and fat, trimmed to 0"" fat, all grades, cooked, roasted",187.0,27.42,7.72,0.0,0.0,non_vegetarian
"Potatoes, baked, flesh, without salt",93.0,1.96,0.1,21.55,1.5,vegan
"Beef, brisket, flat half, separable lean and fat, trimmed to 1/8"" fat, select, raw",276.0,17.77,22.21,0.0,0.0,non_vegetarian
"Turkey, whole, light meat, meat and skin, cooked, roasted",177.0,29.55,5.57,0.05,0.0,non_vegetarian
"Peaches, dried, sulfured, uncooked",239.0,3.61,0.76,61.33,8.2,vegan
"Chicken, dark meat, drumstick, meat only, with added solution, cooked, roasted",146.0,25.34,5.0,0.0,0.0,non_vegetarian
"Beverages, carbonated, SPRITE, lemon-lime, without caffeine",40.0,0.05,0.02,10.14,0.0,vegan
"Peas and carrots, frozen, unprepared",53.0,3.4,0.47,11.15,3.4,vegan
"Beef, loin, top loin, separable lean and fat, trimmed to 1/8"" fat, choice, raw",237.0,19.32,17.1,0.0,0.0,non_vegetarian
"Artichokes, (globe or french), frozen, unprepared",38.0,2.63,0.43,7.75,3.9,vegan
"BURGER KING, CROISSAN'WICH with Egg and Cheese",283.0,10.35,15.78,24.79,0.7,vegetarian
"Rice, brown, medium-grain, cooked (Includes foods for USDA's Food Distribution Program)",112.0,2.32,0.83,23.51,1.8,vegan
"Cheese, cheddar (Includes foods for USDA's Food Distribution Program)",403.0,22.87,33.31,3.37,0.0,vegetarian
"Margarine-like, vegetable oil spread, fat free, liquid, with salt",43.0,1.5,3.0,2.5,0.0,vegan
"Beans, cranberry (roman), mature seeds, cooked, boiled, without salt",136.0,9.34,0.46,24.46,8.6,vegan
"Cereals ready-to-eat, QUAKER, Oatmeal Squares",379.0,11.38,4.83,77.77,8.3,vegan
"Pork, cured, ham and water product, rump, bone-in, separable lean and fat, unheated",179.0,16.09,12.13,1.35,0.0,non_vegetarian
"Fish, roe, mixed species, raw",143.0,22.32,6.42,1.5,0.0,non_vegetarian
"Beef, chuck eye steak, boneless, separable lean only, trimmed to 0"" fat, all grades, raw",153.0,21.29,7.56,0.0,0.0,non_vegetarian
"Fish oil, menhaden, fully hydrogenated",902.0,0.0,100.0,0.0,0.0,non_vegetarian
"Babyfood, fruit, bananas with apples and pears, strained",83.0,0.9,0.22,19.31,1.4,vegan
"Beef, New Zealand, imported, bolar blade, separable lean and fat, raw",159.0,21.29,8.22,0.0,0.0,non_vegetarian
"Flour, quinoa",385.197,11.92235,6.601,69.52465,6.295,vegan
"Beef, rib eye steak, boneless, lip-on, separable lean only, trimmed to 1/8"" fat, all grades, cooked, grilled",207.0,27.97,10.57,0.0,0.0,non_vegetarian
"Cheese, mozzarella, low sodium",280.0,27.5,17.1,3.1,0.0,vegetarian
"Candies, milk chocolate coated coffee beans",549.0,7.41,33.18,55.25,5.7,vegetarian
"Chayote, fruit, cooked, boiled, drained, with salt",22.0,0.62,0.48,4.5,2.8,vegan
"Beef, chuck for stew, separable lean and fat, all grades, raw",128.0,21.75,4.48,0.16,0.0,non_vegetarian
"Fish, blackfish, whole (Alaska Native)",82.0,15.5,1.75,0.0,,non_vegetarian
"Cream, whipped, cream topping, pressurized",257.0,3.2,22.22,12.49,0.0,vegetarian
"Beverages, shake, fast food, strawberry",113.0,3.4,2.8,18.9,0.4,vegan
"Nuts, almond butter, plain, without salt added",614.0,20.96,55.5,18.82,10.3,vegetarian
"Beef, rib, large end (ribs 6-9), separable lean and fat, trimmed to 0"" fat, select, cooked, roasted",331.0,23.48,25.54,0.0,0.0,non_vegetarian
"Fish, tuna, light, canned in oil, without salt, drained solids",198.0,29.13,8.21,0.0,0.0,non_vegetarian
"Fish, cod, Pacific, cooked, dry heat (may contain additives to retain moisture)",85.0,18.73,0.5,0.0,0.0,non_vegetarian
"Beef, Australian, imported, grass-fed, loin, top sirloin cap-off steak/roast, boneless, separable lean only, raw",122.0,21.9,3.87,0.0,0.0,non_vegetarian
"Beans, cranberry (roman), mature seeds, raw",335.0,23.03,1.23,60.05,24.7,vegan
Tempeh,192.0,20.29,10.8,7.64,,vegan
"Beef, top sirloin, steak, separable lean and fat, trimmed to 1/8"" fat, all grades, raw",201.0,20.3,12.71,0.0,0.0,non_vegetarian
"Frijoles rojos volteados (Refried beans, red, canned)",144.0,5.0,6.93,15.47,4.7,vegan
"Watermelon, raw",30.0,0.61,0.15,7.55,0.4,vegan
"Fish, salmon, king (chinook), raw (Alaska Native)",187.0,20.25,11.73,0.0,0.0,non_vegetarian
"Beverages, tea, black, ready-to-drink, lemon, diet",1.0,0.0,0.0,0.22,0.0,vegan
"Spinach, mature",27.63,2.90625,0.6044,2.64135,1.588,vegan
"Beef, New Zealand, imported, oyster blade, separable lean only, raw",155.0,21.83,7.56,0.0,0.0,non_vegetarian
"Pheasant, cooked, total edible",239.0,32.4,12.1,0.0,0.0,non_vegetarian
"Candies, MARS SNACKFOOD US, STARBURST Fruit Chews, Fruit and Creme",408.0,0.41,8.36,82.43,0.0,vegan
"Oil, flaxseed, cold pressed",884.0,0.11,99.98,0.0,0.0,vegan
"Babyfood, cereal, mixed, prepared with whole milk",96.0,4.14,3.38,12.3,0.8,vegetarian
"Oil, coconut",892.0,0.0,99.06,0.0,0.0,vegan
"Beans, french, mature seeds, raw",343.0,18.81,2.02,64.11,25.2,vegan
"Figs, raw",74.0,0.75,0.3,19.18,2.9,vegan
"Sausage, New england brand, pork, beef",161.0,17.27,7.58,4.83,0.0,non_vegetarian
"Beans, white, mature seeds, raw",333.0,23.36,0.85,60.27,15.2,vegan
"Margarine-like, vegetable oil spread, 60% fat, stick, with salt",537.0,0.12,60.39,0.69,0.0,vegan
"Beef, tenderloin, steak, separable lean only, trimmed to 1/8"" fat, choice, raw",158.0,22.17,7.07,0.0,0.0,non_vegetarian
"Cereals, QUAKER, Instant Oatmeal, Cinnamon Swirl, high fiber",366.0,8.79,4.8,75.67,22.3,vegan
"Breadfruit, raw",103.0,1.07,0.23,27.12,4.9,vegan
"SUBWAY, roast beef sub on white bread with lettuce and tomato",155.0,12.17,2.73,20.34,0.7,non_vegetarian
"Braunschweiger (a liver sausage), pork",327.0,14.5,28.5,3.1,0.0,non_vegetarian
"ON THE BORDER, soft taco with ground beef, cheese and lettuce",229.0,13.19,11.05,19.28,1.8,non_vegetarian
"Seeds, breadfruit seeds, boiled",168.0,5.3,2.3,32.0,4.8,vegan
"Beef, rib eye, small end (ribs 10-12), separable lean and fat, trimmed to 0"" fat, select, cooked, broiled",234.0,27.95,12.71,0.0,0.0,non_vegetarian
"Wheat flour, white, cake, enriched",362.0,8.2,0.86,78.03,1.7,vegan
"Margarine-like, vegetable oil-butter spread, tub, with salt",362.0,1.0,40.0,1.0,0.0,vegetarian
"Beef, short loin, t-bone steak, separable lean and fat, trimmed to 1/8"" fat, select, raw",215.0,20.28,14.19,0.0,0.0,non_vegetarian
"Beef, round, top round, steak, separable lean and fat, trimmed to 1/8"" fat, prime, cooked, broiled",225.0,31.27,10.1,0.0,0.0,non_vegetarian
"Potato puffs, frozen, oven-heated",192.0,2.13,9.05,27.29,2.0,vegan
"Turkey breast, pre-basted, meat and skin, cooked, roasted",126.0,22.16,3.46,0.0,0.0,non_vegetarian
"Frozen novelties, Sugar Free, CREAMSICLE Pops",49.0,1.37,2.33,11.95,7.5,vegetarian
"Pears, asian, raw",42.0,0.5,0.23,10.65,3.6,vegan
"Flour, sorghum",374.93,8.27277,3.586,77.39123,6.019,vegan
Fish broth,16.0,2.0,0.6,0.4,0.0,non_vegetarian
"Beef, composite of trimmed retail cuts, separable lean and fat, trimmed to 1/8"" fat, all grades, cooked",259.0,26.11,16.59,0.0,0.0,non_vegetarian
"Beef, New Zealand, imported, flank, separable lean and fat, raw",161.0,20.12,8.9,0.0,0.0,non_vegetarian
"Soup, cream of celery, canned, condensed",72.0,1.32,4.46,7.03,0.6,vegetarian
"Chicken breast, fat-free, mesquite flavor, sliced",80.0,16.8,0.39,2.25,0.0,non_vegetarian
"Beef, chuck, arm pot roast, separable lean only, trimmed to 0"" fat, choice, cooked, braised",212.0,33.36,7.67,0.0,0.0,non_vegetarian
"Lamb, Australian, imported, fresh, rack, roast, frenched, bone-in, separable lean only, trimmed to 1/8"" fat, cooked, roasted",244.0,28.01,14.64,0.0,0.0,non_vegetarian
"Beef, rib, small end (ribs 10-12), separable lean and fat, trimmed to 1/8"" fat, choice, raw",263.0,19.09,20.13,0.0,0.0,non_vegetarian
"Nuts, cashew nuts, oil roasted, with salt added",581.0,16.84,47.77,30.16,3.3,vegan
"Beef, round, tip round, roast, separable lean and fat, trimmed to 1/8"" fat, select, cooked, roasted",210.0,27.63,10.24,0.0,0.0,non_vegetarian
"Soup, bean with bacon, condensed, single brand",117.0,6.5,2.1,18.0,4.6,non_vegetarian
"Beef, round, knuckle, tip center, steak, separable lean and fat, trimmed to 0"" fat, all grades, raw",143.0,20.93,5.89,0.0,0.0,non_vegetarian
"Chicken, broilers or fryers, neck, meat and skin, cooked, fried, batter",330.0,19.82,23.52,8.7,,non_vegetarian
"Pasta, gluten-free, corn and rice flour, cooked",179.0,3.2,1.0,38.05,1.4,vegan
"Beef, short loin, porterhouse steak, separable lean and fat, trimmed to 1/8"" fat, choice, cooked, grilled",284.0,24.85,19.78,0.0,0.0,non_vegetarian
"Muffins, blueberry, commercially prepared (Includes mini-muffins)",375.0,4.49,16.07,53.0,1.1,vegan
"Beef, round, top round, steak, separable lean only, trimmed to 1/8"" fat, choice, cooked, broiled",193.0,32.04,6.25,0.0,0.0,non_vegetarian
"Beef, chuck, top blade, separable lean only, trimmed to 0"" fat, select, cooked, broiled",184.0,26.16,8.0,0.0,0.0,non_vegetarian
"Mushrooms, white, stir-fried",26.0,3.58,0.33,4.04,1.8,vegan
"Crustaceans, shrimp, mixed species, raw (may contain additives to retain moisture)",71.0,13.61,1.01,0.91,0.0,non_vegetarian
"Turnover, meat- and cheese-filled, tomato-based sauce, reduced fat, frozen",215.0,9.45,5.51,31.89,0.8,non_vegetarian
"Pork, fresh, leg (ham), rump half, separable lean only, cooked, roasted",165.0,28.86,4.62,0.0,0.0,non_vegetarian
"Margarine-like, vegetable oil spread, approximately 37% fat, unspecified oils, with salt, with added vitamin D",339.0,0.51,37.77,0.66,0.0,vegan
"Sauce, tomato chili sauce, bottled, with salt",92.0,2.5,0.3,19.79,2.4,vegan
"Pitanga, (surinam-cherry), raw",33.0,0.8,0.4,7.49,,vegan
"Snacks, KELLOGG, KELLOGG'S RICE KRISPIES TREATS Squares",417.0,3.4,9.0,80.5,0.0,vegan
"Shortening, industrial, soy (partially hydrogenated), pourable liquid fry shortening",884.0,0.0,100.0,0.0,0.0,vegan
"Pork, fresh, separable fat, cooked",626.0,7.06,66.1,0.0,0.0,non_vegetarian
"Crustaceans, crayfish, mixed species, farmed, cooked, moist heat",87.0,17.52,1.3,0.0,0.0,non_vegetarian
"Beef, rib, small end (ribs 10-12), separable lean and fat, trimmed to 1/8"" fat, choice, cooked, broiled",304.0,24.53,22.09,0.0,0.0,non_vegetarian
"Mung beans, mature seeds, sprouted, cooked, boiled, drained, without salt",21.0,2.03,0.09,4.19,0.8,vegan
"Beef, chuck, clod roast, separable lean only, trimmed to 1/4"" fat, all grades, raw",129.0,19.63,5.02,0.0,0.0,non_vegetarian
"Pork, fresh, shoulder, (Boston butt), blade (steaks), separable lean and fat,with added solution, raw",169.0,17.19,11.12,0.16,0.0,non_vegetarian
"Corn, sweet, yellow, cooked, boiled, drained, without salt",96.0,3.41,1.5,20.98,2.4,vegan
"Turkey, thigh, from whole bird, meat only, roasted",165.0,27.71,6.04,0.0,0.0,non_vegetarian
"Lamb, New Zealand, imported, neck chops, separable lean and fat, cooked, braised",307.0,28.53,21.43,0.03,0.0,non_vegetarian
"Babyfood, vegetables, corn, creamed, strained",57.0,1.4,0.4,14.1,2.1,vegetarian
"Whey, sweet, dried",353.0,12.93,1.07,74.46,0.0,vegetarian
"Vegetables, mixed, canned, drained solids",49.0,2.59,0.25,9.26,3.0,vegan
"Pork, ground, 96% lean / 4% fat, cooked, pan-broiled",185.0,31.69,6.2,0.57,0.0,non_vegetarian
"Pork, loin, tenderloin, boneless, raw",119.039,21.58125,3.899,0.0,,non_vegetarian
"Beef, ground, 93% lean meat / 7% fat, patty, cooked, broiled",193.0,26.22,8.94,0.0,0.0,non_vegetarian
"SILK Plain, soymilk",41.0,2.88,1.65,3.29,0.4,vegetarian
"Cabbage, chinese (pak-choi), raw",13.0,1.5,0.2,2.18,1.0,vegan
"Corn, sweet, yellow, canned, vacuum pack, no salt added",79.0,2.41,0.5,19.44,2.0,vegan
"Crackers, wheat, regular",455.0,7.3,16.4,70.73,6.9,vegan
"Beef, round, bottom round, steak, separable lean and fat, trimmed to 0"" fat, choice, cooked, braised",230.0,32.73,10.0,0.0,0.0,non_vegetarian
"Pork, cured, ham with natural juices, slice, bone-in, separable lean only, unheated",123.0,24.34,2.87,0.0,0.0,non_vegetarian
"Cauliflower, frozen, unprepared",24.0,2.01,0.27,4.68,2.3,vegan
"Beef, chuck, short ribs, boneless, separable lean only, trimmed to 0"" fat, choice, raw",175.0,19.38,10.7,0.29,0.0,non_vegetarian
"Chicken, wing, frozen, glazed, barbecue flavored, heated (conventional oven)",242.0,22.24,14.87,3.36,0.5,non_vegetarian
"Beef, composite of trimmed retail cuts, separable lean and fat, trimmed to 0"" fat, all grades, cooked",230.0,28.4,12.42,0.0,0.0,non_vegetarian
"Snacks, pork skins, barbecue-flavor",538.0,57.9,31.8,1.6,,non_vegetarian
"Fish, ling, cooked, dry heat",111.0,24.35,0.82,0.0,0.0,non_vegetarian
"DIGIORNO Pizza, cheese topping, rising crust, frozen, baked",256.0,12.8,8.6,31.78,2.4,vegetarian
"Nuts, chestnuts, european, raw, unpeeled",213.0,2.42,2.26,45.54,8.1,vegan
"Lamb, Australian, imported, fresh, leg, hindshank, heel on, bone-in, separable lean and fat, trimmed to 1/8"" fat, cooked, braised",204.0,29.52,9.5,0.0,0.0,non_vegetarian
"Oil, corn, peanut, and olive",884.0,0.0,100.0,0.0,0.0,vegan
"Cowpeas (blackeyes), immature seeds, raw",90.0,2.95,0.35,18.83,5.0,vegan
"Pork, fresh, loin, whole, separable lean and fat, cooked, roasted",248.0,27.09,14.65,0.0,0.0,non_vegetarian
"Fish, tuna, light, canned in oil, drained solids",198.0,29.13,8.21,0.0,0.0,non_vegetarian
Ham and cheese spread,245.0,16.18,18.53,2.28,0.0,non_vegetarian
"Beverages, rice milk, unsweetened",47.0,0.28,0.97,9.17,0.3,vegetarian
"Babyfood, dessert, peach yogurt",77.0,0.9,0.18,17.6,0.4,vegetarian
"Syrup, fruit flavored",261.0,0.0,0.02,65.1,0.0,vegan
"Lamb, New Zealand, imported, loin saddle, separable lean only, cooked, fast roasted",162.0,25.53,6.7,0.0,0.0,non_vegetarian
"Oil, industrial, soy (partially hydrogenated ) and soy (winterized), pourable clear fry",884.0,0.0,100.0,0.0,0.0,vegan
"Veal, sirloin, separable lean only, cooked, roasted",168.0,26.32,6.22,0.0,0.0,non_vegetarian
"Beef, New Zealand, imported, variety meats and by-products, heart, raw",105.0,18.52,3.4,0.0,0.0,non_vegetarian
"Beef, round, bottom round, roast, separable lean and fat, trimmed to 1/8"" fat, select, cooked, roasted",212.0,26.77,10.85,0.0,0.0,non_vegetarian
"Fast Food, Pizza Chain, 14"" pizza, cheese topping, thick crust",271.0,10.81,10.54,33.17,2.2,vegetarian
"Apples, red delicious, with skin, raw",62.0,0.19,0.21,14.8,2.0,vegan
"Wheat flour, white (industrial), 9% protein, bleached, enriched",367.0,8.89,1.43,77.32,,vegan
"Squirrel, ground, meat (Alaska Native)",111.0,19.3,3.8,0.0,,non_vegetarian
"Lamb, New Zealand, imported, loin chop, separable lean only, raw",142.0,19.98,6.88,0.0,0.0,non_vegetarian
"Cereals ready-to-eat, POST, HONEY BUNCHES OF OATS with vanilla bunches",394.0,7.9,5.1,81.8,7.8,vegetarian
"Turkey, ground, 93% lean, 7% fat, raw",150.0,18.73,8.34,0.0,0.0,non_vegetarian
"Salad dressing, buttermilk, lite",202.0,1.25,12.42,21.33,1.1,vegetarian
"Noodles, egg, enriched, cooked",138.0,4.54,2.07,25.16,1.2,vegetarian
"Beverages, OCEAN SPRAY, Light Cranberry and Raspberry Flavored Juice",26.0,0.73,0.0,5.77,0.7,vegan
"Pork, fresh, variety meats and by-products, mechanically separated, raw",304.0,15.03,26.54,0.0,0.0,non_vegetarian
"Turkey, retail parts, breast, meat and skin, cooked, roasted",164.0,29.01,5.33,0.05,0.0,non_vegetarian
"Yogurt, plain, nonfat",50.0015,4.22675,0.0875,8.07675,,vegetarian
"Cowpeas, young pods with seeds, raw",44.0,3.3,0.3,9.5,3.3,vegan
"Flour, barley",366.53,8.72168,2.45,77.39832,12.79,vegan
"Cowpeas, common (blackeyes, crowder, southern), mature seeds, canned with pork",83.0,2.74,1.6,16.53,3.3,non_vegetarian
"Peas, mature seeds, sprouted, raw",124.0,8.8,0.68,27.11,,vegan
"Eggplant, pickled",49.0,0.9,0.7,9.77,2.5,vegetarian
"Apples, raw, golden delicious, with skin",57.0,0.28,0.15,13.6,2.4,vegan
"Lima beans, immature seeds, frozen, baby, cooked, boiled, drained, without salt",105.0,6.65,0.3,19.45,4.8,vegan
"Beans, snap, green, frozen, cooked, boiled, drained without salt",28.0,1.49,0.17,6.45,3.0,vegan
"Pepperidge Farm, Goldfish, Baked Snack Crackers, Original",467.0,9.42,18.42,65.81,2.4,non_vegetarian
"Chicken, broilers or fryers, meat and skin, cooked, roasted",239.0,27.3,13.6,0.0,0.0,non_vegetarian
"Cereals ready-to-eat, QUAKER, MOTHER'S PEANUT BUTTER BUMPERS Cereal",407.0,7.62,7.33,79.68,2.5,vegetarian
"Cabbage, red, cooked, boiled, drained, with salt",29.0,1.51,0.09,6.94,2.6,vegan
"Potatoes, mashed, home-prepared, whole milk added",83.0,1.91,0.57,17.57,1.5,vegetarian
"Margarine-like, vegetable oil spread, 60% fat, tub, with salt, with added vitamin D",533.0,0.17,59.81,0.86,0.0,vegan
"Cereals, QUAKER, Weight Control Instant Oatmeal, maple and brown sugar",361.0,16.37,6.2,64.25,13.0,vegan
"Beans, kidney, all types, mature seeds, cooked, boiled, without salt",127.0,8.67,0.5,22.8,6.4,non_vegetarian
"Pork, cured, salt pork, raw",748.0,5.05,80.5,0.0,0.0,non_vegetarian
"Yogurt, Greek, nonfat, raspberry, CHOBANI",81.0,7.65,0.22,11.98,0.5,vegetarian
"Seeds, sesame butter, tahini, from raw and stone ground kernels",570.0,17.81,48.0,26.19,9.3,vegetarian
"Potatoes, canned, drained solids, no salt added",60.0,1.4,0.2,13.6,2.4,vegan
"Beef, top loin petite roast, boneless, separable lean and fat, trimmed to 1/8"" fat, all grades, cooked, roasted",228.0,27.0,12.9,1.0,0.0,non_vegetarian
McDONALD'S Bacon Ranch Salad with Crispy Chicken,122.0,8.82,6.3,6.08,1.0,non_vegetarian
"Flour, rice, brown",365.25,7.19,3.85,75.5,,vegan
"Babyfood, meat, lamb, junior",112.0,15.2,5.2,0.0,0.0,non_vegetarian
"Beef, chuck for stew, separable lean and fat, choice, raw",130.0,21.64,4.81,0.12,0.0,non_vegetarian
"Snacks, rice cakes, brown rice, sesame seed, unsalted",392.0,7.6,3.8,81.5,,vegan
"Cereals ready-to-eat, QUAKER WHOLE HEARTS oat cereal",376.0,7.63,5.61,80.1,9.1,non_vegetarian
"Game meat, beefalo, composite of cuts, cooked, roasted",188.0,30.66,6.32,0.0,0.0,non_vegetarian
"Tomato products, canned, sauce, with mushrooms",35.0,1.45,0.13,8.43,1.5,vegan
"Snacks, potato chips, made from dried potatoes, sour-cream and onion-flavor",547.0,6.6,37.0,51.3,1.2,vegetarian
"Collards, cooked, boiled, drained, without salt",33.0,2.71,0.72,5.65,4.0,non_vegetarian
"Nuts, pistachio nuts, dry roasted, with salt added",569.0,21.05,45.82,27.55,10.3,vegan
"Nuts, coconut meat, dried (desiccated), sweetened, flaked, packaged",456.0,3.13,27.99,51.85,9.9,non_vegetarian
"Cereals ready-to-eat, QUAKER, QUAKER Puffed Rice",383.0,7.01,0.9,87.78,1.4,vegan
"Mayonnaise, reduced-calorie or diet, cholesterol-free",333.0,0.9,33.3,6.7,0.0,vegetarian
"Snacks, corn cakes, very low sodium",387.0,8.1,2.4,83.4,,vegan
"Chicken, broilers or fryers, thigh, meat only, cooked, roasted",179.0,24.76,8.15,0.0,0.0,non_vegetarian
"Lamb, Australian, imported, fresh, shoulder, arm, separable lean only, trimmed to 1/8"" fat, raw",137.0,19.88,5.81,0.0,,non_vegetarian
"Veal, loin, separable lean and fat, cooked, roasted",217.0,24.8,12.32,0.0,0.0,non_vegetarian
"Seeds, sesame seeds, whole, roasted and toasted",565.0,16.96,48.0,25.74,14.0,vegan
"Broccoli, chinese, raw",26.0,1.2,0.76,4.67,2.6,vegan
"Beverages, fruit juice drink, greater than 3% fruit juice, high vitamin C and added thiamin",54.0,0.13,0.0,13.16,0.1,vegan
"Veal, variety meats and by-products, kidneys, raw",99.0,15.76,3.12,0.85,0.0,non_vegetarian
"Potato wedges, frozen (Includes foods for USDA's Food Distribution Program)",129.0,2.7,2.2,25.46,2.0,vegan
"Tomatoes, red, ripe, canned, packed in tomato juice, no salt added",16.0,0.79,0.25,3.47,1.9,vegan
"Game meat, elk, raw",111.0,22.95,1.45,0.0,0.0,non_vegetarian
"Corn, sweet, white, canned, whole kernel, drained solids",67.0,2.29,1.22,14.34,2.0,vegan
"Cereals, corn grits, yellow, regular, quick, enriched, cooked with water, with salt",65.0,1.23,0.39,13.86,0.7,vegan
"Chicken, broilers or fryers, back, meat only, cooked, fried",288.0,29.99,15.32,5.68,0.0,non_vegetarian
"Cucumber, with peel, raw",15.0,0.65,0.11,3.63,0.5,vegan
"Lamb, New Zealand, imported, rack - partly frenched, separable lean only, cooked, fast roasted",193.0,24.43,10.63,0.0,0.0,non_vegetarian
"Fish, salmon, pink, raw",127.0,20.5,4.4,0.0,0.0,non_vegetarian
"CRACKER BARREL, farm raised catfish platter",266.0,22.94,17.05,5.31,1.6,non_vegetarian
"Lamb, New Zealand, imported, rack - fully frenched, separable lean only, cooked, fast roasted",173.0,24.39,8.38,0.0,0.0,non_vegetarian
"Lamb, rib, separable lean and fat, trimmed to 1/4"" fat, choice, cooked, roasted",359.0,21.12,29.82,0.0,0.0,non_vegetarian
"Cream, sour, cultured",198.0,2.44,19.35,4.63,0.0,vegetarian
"Snacks, potato chips, fat-free, made with olestra",274.0,7.74,0.7,65.0,6.8,vegan
"Lamb, shoulder, whole (arm and blade), separable lean only, trimmed to 1/4"" fat, choice, raw",144.0,19.55,6.76,0.0,0.0,non_vegetarian
"Beef, chuck, under blade steak, boneless, separable lean and fat, trimmed to 0"" fat, choice, cooked, braised",284.0,27.6,19.3,0.0,0.0,non_vegetarian
"Beverages, chocolate malt, powder, prepared with fat free milk",49.0,3.25,0.17,8.64,0.0,vegetarian
"Balsam-pear (bitter gourd), pods, cooked, boiled, drained, with salt",19.0,0.84,0.18,4.32,2.0,vegan
"Infant formula, PBM PRODUCTS, store brand, soy, ready-to-feed",63.0,1.8,3.5,6.09,0.0,vegan
"Beef, plate, outside skirt steak, separable lean and fat, trimmed to 0"" fat, all grades, cooked, broiled",255.0,23.51,17.13,0.0,0.0,non_vegetarian
"Biscuits, plain or buttermilk, refrigerated dough, higher fat",307.0,6.66,10.58,46.32,0.7,vegetarian
"Winged beans, immature seeds, raw",49.0,6.95,0.87,4.31,,vegan
"Soup, SWANSON, beef broth, lower sodium",6.0,1.2,0.08,0.21,,non_vegetarian
"Fish, pollock, Alaska, raw (may contain additives to retain moisture)",56.0,12.19,0.41,0.0,0.0,non_vegetarian
"Mushrooms, white, raw",22.0,3.09,0.34,3.26,1.0,vegan
"Pears, canned, water pack, solids and liquids",29.0,0.19,0.03,7.81,1.6,vegan
"Amaranth grain, cooked",102.0,3.8,1.58,18.69,2.1,vegan
"Yogurt, vanilla, non-fat",78.0,2.94,0.0,17.04,0.0,vegetarian
"Beef, New Zealand, imported, flat, separable lean and fat, raw",177.0,20.57,10.55,0.0,0.0,non_vegetarian
"Beef, Australian, imported, Wagyu, rib, small end rib steak/roast, boneless, separable lean and fat, Aust. marble score 9, raw",404.0,14.54,38.3,0.28,0.0,non_vegetarian
"Egg, whole, cooked, fried",196.0,13.61,14.84,0.83,0.0,vegetarian
"Chicken, skin (drumsticks and thighs), with added solution, cooked, braised",403.0,12.26,38.94,1.0,0.0,non_vegetarian
"Pork, fresh, variety meats and by-products, stomach, cooked, simmered",157.0,21.4,7.26,0.09,0.0,non_vegetarian
"BURGER KING, DOUBLE WHOPPER, no cheese",252.0,13.94,15.66,13.74,1.4,vegetarian
"Beef, New Zealand, imported, cube roll, separable lean and fat, raw",225.0,18.22,16.31,1.26,0.0,non_vegetarian
"APPLEBEE'S, chicken tenders platter",297.0,19.62,16.24,17.98,1.0,non_vegetarian
"Frostings, vanilla, creamy, ready-to-eat",418.0,0.0,16.23,67.89,0.0,vegetarian
"Lamb, Australian, imported, fresh, leg, sirloin chops, boneless, separable lean and fat, trimmed to 1/8"" fat, cooked, broiled",235.0,25.75,13.83,0.0,,non_vegetarian
"Bread, gluten-free, white, made with rice flour, corn starch, and/or tapioca",248.0,4.31,5.24,45.78,4.3,vegan
"Beef, chuck, shoulder clod, top blade, steak, separable lean and fat, trimmed to 0"" fat, all grades, cooked, grilled",222.0,24.93,12.79,0.0,0.0,non_vegetarian
"Cowpeas, catjang, mature seeds, cooked, boiled, with salt",117.0,8.13,0.71,20.32,3.6,vegan
"KFC, Fried Chicken, EXTRA CRISPY, Wing, meat and skin with breading",337.0,20.8,23.0,11.66,,non_vegetarian
"Infant formula, ABBOTT NUTRITION, SIMILAC, ALIMENTUM, with iron, ready-to-feed",66.0,1.8,3.63,6.77,0.0,vegan
"Beef, tenderloin, steak, separable lean and fat, trimmed to 1/8"" fat, select, cooked, broiled",262.0,26.48,16.53,0.0,0.0,non_vegetarian
"Veal, shoulder, blade, separable lean only, cooked, roasted",171.0,25.64,6.88,0.0,0.0,non_vegetarian
"Peas and carrots, frozen, cooked, boiled, drained, with salt",48.0,3.09,0.42,10.12,3.1,vegan
"Snacks, potato chips, plain, unsalted",536.0,7.0,34.6,52.9,4.8,vegan
"Crustaceans, spiny lobster, mixed species, raw",112.0,20.6,1.51,2.43,0.0,non_vegetarian
"Lamb, Australian, imported, fresh, separable fat, cooked",639.0,9.42,66.4,0.0,,non_vegetarian
"Pork, cured, ham and water product, shank, bone-in, unheated, separable lean only",113.0,17.53,4.18,1.2,0.0,non_vegetarian
"Pork, fresh, loin, sirloin (chops or roasts), bone-in, separable lean and fat, raw",168.0,20.48,8.96,0.0,0.0,non_vegetarian
"Cheesefurter, cheese smokie, pork, beef",328.0,14.1,29.0,1.51,0.0,non_vegetarian
"Beef, chuck, top blade, separable lean and fat, trimmed to 0"" fat, choice, cooked, broiled",227.0,25.77,12.93,0.0,0.0,non_vegetarian
"Potato soup, instant, dry mix",343.0,9.2,3.1,76.14,7.6,vegan
"Fish, cusk, raw",87.0,18.99,0.69,0.0,0.0,non_vegetarian
"Beef, rib, shortribs, separable lean only, choice, raw",175.0,19.05,10.19,0.4,0.0,non_vegetarian
"Cheese, pasteurized process, swiss",334.0,24.73,25.01,2.1,0.0,vegetarian
"Soup, tomato bisque, canned, prepared with equal volume water",50.0,0.92,1.02,9.6,0.2,vegan
"Candies, MARS SNACKFOOD US, COCOAVIA Blueberry and Almond Chocolate Bar",525.0,6.35,28.68,60.37,9.1,vegan
"Pork, cured, ham with natural juices, whole, boneless, separable lean only, unheated",111.0,19.44,3.21,1.03,0.0,non_vegetarian
"Cream substitute, liquid, with hydrogenated vegetable oil and soy protein",136.0,1.0,9.97,11.38,0.0,vegetarian
"Cod, Pacific or Alaskan, frozen, wild caught",60.84,14.2,0.216,0.524,,non_vegetarian
"Onions, frozen, chopped, cooked, boiled, drained, with salt",26.0,0.77,0.1,6.0,1.7,vegan
"Oil, vegetable, soybean, refined",884.0,0.0,100.0,0.0,0.0,vegan
"McDONALD'S, Cheeseburger",263.0,12.97,11.79,27.81,1.1,vegetarian
"Lamb, New Zealand, imported, frozen, leg, whole (shank and sirloin), separable lean and fat, cooked, roasted",246.0,24.81,15.56,0.0,0.0,non_vegetarian
"Snacks, SUNKIST, SUNKIST Fruit Roll, strawberry, with vitamins A, C, and E",342.0,0.6,1.0,82.7,7.7,vegan
"Beef, chuck, under blade pot roast or steak, boneless, separable lean only, trimmed to 0"" fat, all grades, raw",140.0,21.13,6.07,0.31,0.0,non_vegetarian
"Beef, round, full cut, separable lean and fat, trimmed to 1/8"" fat, select, cooked, broiled",218.0,27.58,11.08,0.0,0.0,non_vegetarian
"Gravy, HEINZ Home Style, classic chicken",46.0,0.67,2.57,5.01,,non_vegetarian
"Lamb, variety meats and by-products, kidneys, raw",97.0,15.74,2.95,0.82,0.0,non_vegetarian
"Pickles, chowchow, with cauliflower onion mustard, sweet",121.0,1.5,0.9,26.64,1.5,vegan
"Chicken, dark meat, thigh, meat and skin, with added solution, raw",197.0,16.56,14.58,0.0,0.0,non_vegetarian
"Beef, New Zealand, imported, cube roll, separable lean only, cooked, fast roasted",239.0,30.09,13.22,0.0,0.0,non_vegetarian
"Pork, fresh, loin, top loin (roasts), boneless, separable lean only, cooked, roasted",173.0,27.23,6.28,0.0,0.0,non_vegetarian
"Pear nectar, canned, without added ascorbic acid",60.0,0.11,0.01,15.76,0.6,vegan
"Fish, tuna, white, canned in oil, drained solids",186.0,26.53,8.08,0.0,0.0,non_vegetarian
"Babyfood, fruit, papaya and applesauce with tapioca, strained",70.0,0.2,0.1,18.9,1.4,vegan
"Beef, round, bottom round, roast, separable lean only, trimmed to 1/8"" fat, choice, cooked, roasted",179.0,27.56,6.77,0.0,0.0,non_vegetarian
"Babyfood, cereal, mixed, with honey, prepared with whole milk",115.0,5.0,3.6,15.9,,vegetarian
"Beef, bottom sirloin, tri-tip roast, separable lean and fat, trimmed to 0"" fat, select, cooked, roasted",201.0,26.44,9.78,0.0,0.0,non_vegetarian
"Beef, bottom sirloin, tri-tip roast, separable lean and fat, trimmed to 0"" fat, all grades, cooked, roasted",211.0,26.05,11.07,0.0,0.0,non_vegetarian
"Pork, cured, ham, whole, separable lean and fat, unheated",246.0,18.49,18.52,0.06,0.0,non_vegetarian
"Beef, New Zealand, imported, variety meats and by-products, heart, cooked, boiled",179.0,31.29,6.0,0.0,0.0,non_vegetarian
"Ice cream sandwich, made with light ice cream, vanilla",186.0,4.29,3.04,39.64,0.0,vegetarian
"Fish, salmon, king, chinook, liver (Alaska Native)",156.0,16.6,8.0,4.3,,non_vegetarian
"Beef, rib, whole (ribs 6-12), separable lean and fat, trimmed to 1/8"" fat, choice, cooked, broiled",352.0,22.26,28.5,0.0,0.0,non_vegetarian
"McDONALD'S, Sausage Biscuit",376.0,9.62,25.4,27.2,1.2,non_vegetarian
"Flour, wheat, all-purpose, enriched, bleached",366.0,10.9,1.48,77.3,,vegan
"Soup, chili beef, canned, prepared with equal volume water",57.0,2.49,1.24,9.23,1.2,non_vegetarian
"Beans, snap, yellow, cooked, boiled, drained, with salt",35.0,1.89,0.28,7.88,3.3,vegan
"Lamb, variety meats and by-products, tongue, cooked, braised",275.0,21.57,20.28,0.0,0.0,non_vegetarian
"Babyfood, fruit, peaches, strained",65.0,0.94,0.33,14.48,1.3,vegan
"Fast foods, submarine sandwich, tuna on white bread with lettuce and tomato",218.0,12.33,12.04,15.95,0.7,non_vegetarian
"Chicken, skin (drumsticks and thighs), with added solution, raw",386.0,11.11,37.9,0.01,0.0,non_vegetarian
"Beef, short loin, top loin, steak, separable lean and fat, trimmed to 1/8"" fat, prime, raw",281.0,19.0,22.17,0.0,0.0,non_vegetarian
"Milk, canned, evaporated, with added vitamin A",134.0,6.81,7.56,10.04,0.0,vegetarian
"Succotash, (corn and limas), cooked, boiled, drained, without salt",115.0,5.07,0.8,24.38,4.5,vegan
"Spices, dill seed",305.0,15.98,14.54,55.17,21.1,vegan
"Lamb, Australian, imported, fresh, tenderloin, boneless, separable lean only, trimmed to 1/8"" fat, raw",136.0,23.42,4.73,0.0,0.0,non_vegetarian
"Chicken, broilers or fryers, thigh, meat and skin, raw",221.0,16.52,16.61,0.25,0.0,non_vegetarian
"Pork, fresh, loin, sirloin (chops), bone-in, separable lean only, cooked, broiled",174.0,29.29,5.45,0.0,0.0,non_vegetarian
"Beef, round, outside round, bottom round, steak, separable lean and fat, trimmed to 0"" fat, choice, cooked, grilled",191.0,27.22,8.3,0.0,0.0,non_vegetarian
"Fast foods, taco with beef, cheese and lettuce, soft",206.0,9.25,9.75,20.23,2.9,non_vegetarian
"Chicken, broilers or fryers, leg, meat and skin, cooked, roasted",184.0,24.03,8.99,0.0,0.0,non_vegetarian
"Beef, shoulder steak, boneless, separable lean and fat, trimmed to 0"" fat, all grades, cooked, grilled",182.0,28.29,6.8,0.0,0.0,non_vegetarian
"Pasta with tomato sauce, no meat, canned",71.0,2.22,0.71,13.94,0.9,non_vegetarian
"Rice, white, medium-grain, cooked, unenriched",130.0,2.38,0.21,28.59,,vegan
"Pineapple, raw",60.1113,0.4609375,0.2113,14.0914625,0.9346,vegan
"Beef, chuck, under blade pot roast, boneless, separable lean only, trimmed to 0"" fat, choice, cooked, braised",231.0,30.45,11.14,0.0,0.0,non_vegetarian
"Flan, caramel custard, dry mix, prepared with 2% milk",103.0,2.99,1.72,18.82,0.0,vegetarian
"Cereals, oats, instant, fortified, plain, prepared with water (boiling water added or microwaved)",68.0,2.37,1.36,11.67,1.7,vegan
"Beef, top loin petite roast, boneless, separable lean and fat, trimmed to 1/8"" fat, choice, cooked, roasted",239.0,26.8,14.1,1.1,0.0,non_vegetarian
"Turnover, cheese-filled, tomato-based sauce, frozen, unprepared",235.0,10.24,9.45,27.29,1.6,vegetarian
"Chicken, cornish game hens, meat only, cooked, roasted",134.0,23.3,3.87,0.0,0.0,non_vegetarian
"Beef, round, tip round, roast, separable lean only, trimmed to 0"" fat, all grades, raw",126.0,21.07,3.95,0.0,0.0,non_vegetarian
"Fish, mackerel, king, raw",105.0,20.28,2.0,0.0,0.0,non_vegetarian
"Beef, short loin, top loin, steak, separable lean only, trimmed to 1/8"" fat, select, raw",133.0,23.07,3.88,0.0,0.0,non_vegetarian
"Fish, perch, mixed species, raw",91.0,19.39,0.92,0.0,0.0,non_vegetarian
"Beef, New Zealand, imported, striploin, separable lean only, cooked, fast fried",217.0,28.53,11.4,0.0,0.0,non_vegetarian
"Soup, oyster stew, canned, prepared with equal volume milk",55.0,2.51,3.24,3.99,0.0,non_vegetarian
"Chicken, broilers or fryers, meat and skin, cooked, fried, batter",289.0,22.54,17.35,9.42,0.3,non_vegetarian
"Beef, New Zealand, imported, brisket navel end, separable lean only, raw",194.0,19.74,12.75,0.0,0.0,non_vegetarian
"Babyfood, banana with mixed berries, strained",92.0,1.01,0.36,21.31,1.0,vegan
"Beef, short loin, porterhouse steak, separable lean only, trimmed to 0"" fat, all grades, cooked, broiled",212.0,26.07,11.18,0.0,0.0,non_vegetarian
"Margarine, margarine-like vegetable oil spread, 67-70% fat, tub",606.0,0.07,68.29,0.59,,vegan
"Beef, round, bottom round, roast, separable lean and fat, trimmed to 0"" fat, choice, cooked, roasted",199.0,26.76,9.37,0.0,0.0,non_vegetarian
"Beef, chuck, mock tender steak, boneless, separable lean only, trimmed to 0"" fat, choice, cooked, braised",197.0,33.55,6.94,0.0,0.0,non_vegetarian
"Onions, white, raw",35.0,0.89,0.13,7.68,1.2,vegan
"Bread, egg, toasted",315.0,10.5,6.6,52.6,2.5,vegetarian
"Incaparina, dry mix (corn and soy flours), unprepared",379.0,21.75,5.58,60.53,9.9,vegan
"Orange juice, frozen concentrate, unsweetened, diluted with 3 volume water",37.0,0.6,0.06,8.8,0.2,vegan
"Milk, dry, nonfat, instant, with added vitamin A and vitamin D",358.0,35.1,0.72,52.19,0.0,vegetarian
"Lamb, Australian, imported, fresh, leg, shank half, separable lean and fat, trimmed to 1/8"" fat, cooked, roasted",231.0,25.25,13.69,0.0,,non_vegetarian
"Corn with red and green peppers, canned, solids and liquids",75.0,2.33,0.55,18.17,,vegan
"Mollusks, clam, mixed species, canned, liquid",2.0,0.4,0.02,0.1,0.0,non_vegetarian
"Lima beans, immature seeds, raw",113.0,6.84,0.86,20.17,4.9,vegan
"Peanuts, all types, dry-roasted, with salt",587.0,24.35,49.66,21.26,8.4,vegan
"Beef, loin, bottom sirloin butt, tri-tip steak, separable lean and fat, trimmed to 0"" fat, all grades, cooked, broiled",265.0,29.97,15.18,0.0,0.0,non_vegetarian
"Creamy dressing, made with sour cream and/or buttermilk and oil, reduced calorie, fat-free",107.0,1.4,2.7,20.0,0.0,vegetarian
"McDONALD'S, Bacon Ranch Salad with Grilled Chicken",81.0,10.28,3.14,3.64,1.0,non_vegetarian
"Kale, frozen, cooked, boiled, drained, with salt",36.0,2.94,1.21,5.3,2.3,vegan
"Macaroni and cheese dinner with dry sauce mix, boxed, uncooked",379.0,13.86,4.82,70.12,3.2,vegetarian
"Winged beans, mature seeds, raw",409.0,29.65,16.32,41.71,25.9,vegan
"Veal, variety meats and by-products, tongue, raw",131.0,17.18,5.48,1.91,0.0,non_vegetarian
"Cereals, QUAKER, Instant Oatmeal, fruit and cream, variety of flavors, reduced sugar",376.0,10.16,7.46,71.57,8.3,vegetarian
"Babyfood, dinner, sweet potatoes and chicken, strained",74.0,2.51,2.17,11.04,1.3,non_vegetarian
"Beans, great northern, mature seeds, canned, low sodium",114.0,7.37,0.39,21.02,4.9,vegan
"Soup, chicken broth or bouillon, dry, prepared with water",4.0,0.28,0.23,0.3,0.0,non_vegetarian
"Kraft Foods, Shake N Bake Original Recipe, Coating for Pork, dry",377.0,6.1,3.7,79.8,,non_vegetarian
"Beans, kidney, royal red, mature seeds, cooked, boiled, without salt",123.0,9.49,0.17,21.85,9.3,non_vegetarian
"Squash, winter, butternut, raw",48.1323,1.14875,0.1675,10.50745,1.959,vegetarian
"DENNY'S, chicken nuggets, star shaped, from kid's menu",377.0,16.27,28.57,13.59,0.8,non_vegetarian
"Fish, grouper, mixed species, raw",92.0,19.38,1.02,0.0,0.0,non_vegetarian
"Lamb, Australian, imported, fresh, shoulder, whole (arm and blade), separable lean and fat, trimmed to 1/8"" fat, raw",256.0,16.68,20.47,0.0,,non_vegetarian
"Beef, short loin, porterhouse steak, separable lean only, trimmed to 0"" fat, choice, cooked, broiled",224.0,25.51,12.8,0.0,0.0,non_vegetarian
"Cereals, corn grits, yellow, regular and quick, unenriched, dry",371.0,8.8,1.2,79.6,1.6,vegan
"Lasagna, cheese, frozen, prepared",130.0,6.54,5.33,13.84,1.7,vegetarian
"Salami, cooked, turkey",172.0,19.2,9.21,1.55,0.1,non_vegetarian
"Sweet potato, frozen, unprepared (Includes foods for USDA's Food Distribution Program)",96.0,1.71,0.18,22.22,1.7,vegan
"Beverages, coffee, ready to drink, vanilla, light, milk based, sweetened",36.0,2.14,1.07,4.27,0.0,vegetarian
"Beans, baked, canned, with pork and tomato sauce",94.0,5.15,0.93,18.69,4.0,non_vegetarian
"Oranges, raw, with peel",63.0,1.3,0.3,15.5,4.5,vegan
"Chili, no beans, canned entree",118.0,7.53,7.1,6.1,0.5,vegan
"Rennin, vanilla, dry mix, prepared with 2% milk",77.0,3.06,1.77,12.34,0.0,vegetarian
"Beef, round, bottom round, steak, separable lean only, trimmed to 0"" fat, all grades, cooked, braised",214.0,34.0,7.67,0.0,0.0,non_vegetarian
"Turkey, retail parts, drumstick, meat and skin, cooked, roasted",197.0,28.21,9.37,0.0,0.0,non_vegetarian
"Candies, HERSHEY'S GOLDEN ALMOND SOLITAIRES",569.0,11.97,37.13,46.85,4.4,vegan
"Sweet potato leaves, raw",42.0,2.49,0.51,8.82,5.3,vegan
"Seeds, watermelon seed kernels, dried",557.0,28.33,47.37,15.31,,vegan
"Snacks, shrimp cracker",426.0,7.14,17.86,59.09,5.6,non_vegetarian
"Turkey, retail parts, thigh, meat and skin, cooked, roasted",183.0,23.95,9.5,0.41,0.0,non_vegetarian
"Mushroom, maitake",37.615,2.203125,0.265,6.604375,3.071,vegan
"Bacon, meatless",309.0,11.69,29.52,5.31,2.6,non_vegetarian
"Shortening, special purpose for baking, soybean (hydrogenated) palm and cottonseed",884.0,0.0,100.0,0.0,0.0,vegan
"Beverages, fruit juice drink, reduced sugar, with vitamin E added",39.0,0.0,0.07,10.0,0.0,vegan
"CAMPBELL'S, Chicken Noodle Soup, condensed",47.0,2.37,1.53,5.97,,non_vegetarian
"Potato chips, without salt, reduced fat",487.0,7.1,20.8,67.8,6.1,vegan
"Snacks, NUTRI-GRAIN FRUIT AND NUT BAR",403.0,9.38,10.93,66.72,7.5,vegan
"Beef, round, eye of round steak, boneless separable lean and fat, trimmed to 0"" fat, choice, raw",127.0,23.24,3.83,0.0,0.0,non_vegetarian
"Snacks, sesame sticks, wheat-based, unsalted",541.0,10.9,36.7,46.5,,vegan
"Fast foods, hamburger; single, regular patty; plain",297.0,16.52,12.01,31.5,1.7,non_vegetarian
"Pork, cured, ham, extra lean and regular, canned, unheated",144.0,17.97,7.46,0.0,0.0,non_vegetarian
"Beet greens, cooked, boiled, drained, without salt",27.0,2.57,0.2,5.46,2.9,vegan
"Snacks, vegetable chips, HAIN CELESTIAL GROUP, TERRA CHIPS",517.0,4.13,29.81,57.97,10.9,vegan
"Pork, cured, ham with natural juices, rump, bone-in, separable lean only, unheated",122.0,22.71,3.47,0.43,0.0,non_vegetarian
"Ham, chopped, canned",239.0,16.06,18.83,0.26,0.0,non_vegetarian
"Nuts, pecans",691.0,9.17,71.97,13.86,9.6,vegan
"Chicken, broiler, rotisserie, BBQ, breast, meat only",144.0,28.04,3.57,0.0,0.0,non_vegetarian
"Soup, cream of chicken, canned, prepared with equal volume water",48.0,1.41,3.02,3.8,0.1,non_vegetarian
"Beef, ground, 95% lean meat / 5% fat, raw",137.0,21.41,5.0,0.0,0.0,non_vegetarian
"Lamb, shoulder, arm, separable lean only, trimmed to 1/4"" fat, choice, cooked, roasted",192.0,25.46,9.26,0.0,0.0,non_vegetarian
"Snacks, pretzels, hard, plain, made with unenriched flour, unsalted",381.0,9.1,3.5,79.2,2.8,vegan
"Veal, leg (top round), separable lean and fat, cooked, braised",211.0,36.16,6.33,0.0,0.0,non_vegetarian
"BURGER KING, CROISSAN'WICH with Sausage, Egg and Cheese",308.0,12.09,21.78,15.9,1.8,non_vegetarian
"Artichokes, (globe or french), raw",47.0,3.27,0.15,10.51,5.4,vegan
"Oil, industrial, soy (partially hydrogenated ), palm, principal uses icings and fillings",884.0,0.0,100.0,0.0,0.0,vegan
"Vegetables, mixed (corn, lima beans, peas, green beans, carrots) canned, no salt added",37.0,1.4,0.2,7.31,3.1,vegan
"Egg, whole, dried, stabilized, glucose reduced",615.0,48.17,43.95,2.38,0.0,vegetarian
"Beans, adzuki, mature seeds, cooked, boiled, without salt",128.0,7.52,0.1,24.77,7.3,vegan
KRAFT BREAKSTONE'S Reduced Fat Sour Cream,152.0,4.5,12.0,6.5,0.1,vegetarian
"Babyfood, fruit, applesauce and cherries, strained",51.0,0.0,0.0,14.1,1.1,vegan
"Snacks, granola bars, soft, uncoated, raisin",448.0,7.6,17.8,66.4,4.2,vegan
"Margarine-like spread with yogurt, approximately 40% fat, tub, with salt",330.0,2.0,35.0,2.0,0.0,vegetarian
"Game meat, horse, raw",133.0,21.39,4.6,0.0,0.0,non_vegetarian
"Fruit cocktail, (peach and pineapple and pear and grape and cherry), canned, water pack, solids and liquids",32.0,0.42,0.05,8.51,1.0,vegan
"Beef, rib, large end (ribs 6-9), separable lean and fat, trimmed to 1/8"" fat, all grades, raw",316.0,16.26,27.29,0.0,0.0,non_vegetarian
"Beef, New Zealand, imported, rump centre, separable lean only, raw",141.0,21.74,6.05,0.0,0.0,non_vegetarian
"Corn, sweet, yellow, raw",86.0,3.27,1.35,18.7,2.0,vegan
"Turkey Pot Pie, frozen entree",176.0,6.5,8.8,17.7,1.1,non_vegetarian
"Salad dressing, bacon and tomato",326.0,1.8,35.0,2.0,0.2,non_vegetarian
"Chicken, canned, meat only, with broth",165.0,21.77,7.95,0.0,0.0,non_vegetarian
"Beef, rib eye steak/roast, bone-in, lip-on, separable lean and fat, trimmed to 1/8"" fat, choice, raw",260.0,17.92,20.96,0.0,0.0,non_vegetarian
"Beef, bottom sirloin, tri-tip roast, separable lean only, trimmed to 0"" fat, choice, raw",154.0,21.17,7.06,0.0,0.0,non_vegetarian
"Beef, loin, top loin steak, boneless, lip-on, separable lean only, trimmed to 1/8"" fat, choice, raw",149.0,22.93,6.34,0.0,0.0,non_vegetarian
"Beverages, Eggnog-flavor mix, powder, prepared with whole milk",95.0,2.93,3.02,14.2,0.0,vegetarian
"Ham, smoked, extra lean, low sodium",141.0,18.52,2.71,10.7,0.0,non_vegetarian
"Chicken, broilers or fryers, back, meat and skin, raw",319.0,14.05,28.74,0.0,0.0,non_vegetarian
"Beef, rib eye steak, bone-in, lip-on, separable lean only, trimmed to 1/8"" fat, select, cooked, grilled",210.0,27.96,10.91,0.0,0.0,non_vegetarian
"Milk, chocolate, lowfat, with added vitamin A and vitamin D",64.0,3.46,1.11,10.15,0.1,vegetarian
"Macaroni and Cheese, canned, microwavable",134.0,5.98,5.99,13.96,0.4,vegetarian
"Potatoes, mashed, dehydrated, granules without milk, dry form",372.0,8.22,0.54,85.51,7.1,vegetarian
"Pie, fried pies, lemon",316.0,3.0,16.1,42.6,2.6,vegan
"Snacks, crisped rice bar, almond",458.0,7.0,20.4,64.6,3.6,vegan
"Lamb, Australian, imported, fresh, foreshank, separable lean only, trimmed to 1/8"" fat, cooked, braised",165.0,27.5,5.22,0.0,,non_vegetarian
"Beef, composite of trimmed retail cuts, separable lean only, trimmed to 0"" fat, choice, raw",151.0,21.55,7.24,0.0,0.0,non_vegetarian
"Pork, cured, ham, slice, bone-in, separable lean only, unheated",130.0,24.36,3.59,0.0,0.0,non_vegetarian
"Fast foods, submarine sandwich, steak and cheese on white bread with cheese, lettuce and tomato",183.0,12.29,5.34,21.49,1.2,vegetarian
"Pork, cured, ham with natural juices, rump, bone-in, separable lean only, heated, roasted",137.0,24.14,4.25,0.48,0.0,non_vegetarian
"Seeds, hemp seed, hulled",553.0,31.56,48.75,8.67,4.0,vegan
"Chickpeas (garbanzo beans, bengal gram), mature seeds, cooked, boiled, without salt",164.0,8.86,2.59,27.42,7.6,vegan
"Peas, green, canned, no salt added, drained solids",69.0,4.42,0.35,12.58,4.1,vegan
"Beverages, CYTOSPORT, Muscle Milk, ready-to-drink",52.0,5.87,2.17,2.28,0.2,vegetarian
"Beef, loin, top sirloin cap steak, boneless, separable lean only, trimmed to 1/8"" fat, select, raw",128.0,21.44,4.68,0.0,0.0,non_vegetarian
"POPEYES, Fried Chicken, Mild, Wing, meat and skin with breading",338.0,20.4,22.48,13.52,0.6,non_vegetarian
"Crustaceans, crayfish, mixed species, farmed, raw",72.0,14.85,0.97,0.0,0.0,non_vegetarian
"Milk, human, mature, fluid",70.0,1.03,4.38,6.89,0.0,vegetarian
"Chicken, liver, all classes, cooked, simmered",167.0,24.46,6.51,0.87,0.0,non_vegetarian
"Beef, round, eye of round, roast, separable lean and fat, trimmed to 1/8"" fat, select, raw",160.0,21.3,7.57,0.08,0.0,non_vegetarian
"Broadbeans, immature seeds, raw",72.0,5.6,0.6,11.7,4.2,vegan
"Puddings, vanilla, dry mix, regular, prepared with 2% milk",101.0,2.94,1.73,18.53,0.0,vegetarian
"Pork, cured, ham with natural juices, shank, bone-in, separable lean only, heated, roasted",145.0,24.95,4.97,0.34,0.0,non_vegetarian
"Veal, leg (top round), separable lean and fat, cooked, pan-fried, not breaded",211.0,31.75,8.35,0.0,0.0,non_vegetarian
"Ostrich, oyster, cooked",159.0,28.81,3.97,0.0,0.0,non_vegetarian
"Chicken, stewing, dark meat, meat only, raw",157.0,19.7,8.12,0.0,0.0,non_vegetarian
"Onions, welsh, raw",34.0,1.9,0.4,6.5,2.4,vegan
"Fish, halibut, Atlantic and Pacific, raw",91.0,18.56,1.33,0.0,0.0,non_vegetarian
"Beef, round, top round steak, boneless, separable lean and fat, trimmed to 0"" fat, choice, raw",127.0,23.49,3.66,0.0,0.0,non_vegetarian
"Snacks, corn-based, extruded, puffs or twists, cheese-flavor",567.0,5.46,36.54,54.54,0.8,vegetarian
"Fish, salmon, sockeye, cooked, dry heat",156.0,26.48,5.57,0.0,0.0,non_vegetarian
"Whale, beluga, meat, dried (Alaska Native)",327.0,69.86,5.34,0.0,0.0,non_vegetarian
"Fish, halibut, cooked, with skin (Alaska Native)",113.0,22.13,2.73,0.0,0.0,non_vegetarian
"Margarine-like, vegetable oil spread, 20% fat, without salt",175.0,0.0,19.5,0.4,0.0,vegan
"Pheasant, raw, meat and skin",181.0,22.7,9.29,0.0,0.0,non_vegetarian
"Lamb, rib, separable lean and fat, trimmed to 1/8"" fat, choice, cooked, roasted",341.0,21.82,27.53,0.0,0.0,non_vegetarian
"Udi's, Gluten Free, Soft & Hearty Whole Grain Bread",309.0,7.25,9.34,49.09,4.9,non_vegetarian
"Game meat, bear, raw",161.0,20.1,8.3,0.0,0.0,non_vegetarian
"Turkey, all classes, wing, meat and skin, raw",197.0,20.22,12.32,0.0,0.0,non_vegetarian
"Kiwifruit, ZESPRI SunGold, raw",63.0,1.02,0.28,15.79,1.4,vegan
"Yogurt, Greek, nonfat, vanilla, DANNON OIKOS",85.0,8.12,0.14,12.72,0.5,vegetarian
"Beef, rib, large end (ribs 6-9), separable lean and fat, trimmed to 1/8"" fat, select, cooked, broiled",324.0,21.55,25.71,0.0,0.0,non_vegetarian
"Cereals ready-to-eat, RALSTON Enriched Wheat Bran flakes",390.0,10.21,3.36,79.77,16.9,vegan
"Snacks, granola bar, GENERAL MILLS NATURE VALLEY, SWEET&SALTY NUT, peanut",487.0,9.14,22.86,61.14,2.9,vegan
"Bologna, chicken, pork",336.0,10.31,30.61,4.19,0.0,non_vegetarian
"Soup, beef broth, less/reduced sodium, ready to serve",6.0,1.14,0.07,0.2,0.0,non_vegetarian
"Oats, whole grain, rolled, old fashioned",381.626,13.49645,5.89,68.65755,,vegan
"Beef, short loin (NY strip steak), raw",190.0448,21.325,11.54,0.2212,,non_vegetarian
"Cabbage, chinese (pak-choi), cooked, boiled, drained, without salt",12.0,1.56,0.16,1.78,1.0,vegan
"Beef, carcass, separable lean and fat, choice, raw",291.0,17.32,24.05,0.0,0.0,non_vegetarian
"Babyfood, fruit, guava and papaya with tapioca, strained",63.0,0.2,0.1,17.0,,vegan
"Turkey, Ground, raw",148.0,19.66,7.66,0.0,0.0,non_vegetarian
"Chicken, liver, all classes, raw",119.0,16.92,4.83,0.73,0.0,non_vegetarian
"Carrots, canned, regular pack, solids and liquids",23.0,0.58,0.14,5.37,1.8,vegan
"ON THE BORDER, Mexican rice",195.0,3.56,4.86,34.15,1.1,vegan
"Lamb, cubed for stew or kabob (leg and shoulder), separable lean only, trimmed to 1/4"" fat, cooked, broiled",186.0,28.08,7.33,0.0,0.0,non_vegetarian
"Beef, rib, large end (ribs 6-9), separable lean and fat, trimmed to 1/8"" fat, choice, cooked, roasted",378.0,22.5,31.28,0.0,0.0,non_vegetarian
"Lamb, New Zealand, imported, netted shoulder, rolled, boneless, separable lean and fat, cooked, slow roasted",287.0,21.45,22.33,0.05,0.0,non_vegetarian
"Babyfood, fruit, apple and raspberry, strained",58.0,0.2,0.2,15.6,2.1,vegan
"Beef, composite of trimmed retail cuts, separable lean only, trimmed to 1/8"" fat, all grades, raw",140.0,22.15,5.38,0.0,0.0,non_vegetarian
"Sweet potato, canned, syrup pack, drained solids",108.0,1.28,0.32,25.36,3.0,vegan
"Beef, rib, back ribs, bone-in, separable lean and fat, trimmed to 0"" fat, select, cooked, braised",341.0,25.56,26.59,0.0,0.0,non_vegetarian
"Milk, buttermilk, fluid, cultured, reduced fat",56.0,4.1,2.0,5.3,0.0,vegetarian
"Ice creams, chocolate, rich",251.0,4.72,16.98,19.78,0.9,vegetarian
"Babyfood, vegetables, corn, creamed, junior",65.0,1.4,0.4,16.25,2.1,vegetarian
"Fish, mackerel, spanish, raw",139.0,19.29,6.3,0.0,0.0,non_vegetarian
"Flour, buckwheat",357.968,8.88492,2.484,75.01808,10.35,vegan
"Beef, chuck, top blade, separable lean only, trimmed to 0"" fat, choice, cooked, broiled",217.0,26.11,11.65,0.0,0.0,non_vegetarian
"Beef, loin, top sirloin cap steak, boneless, separable lean and fat, trimmed to 1/8"" fat, select, raw",179.0,20.1,10.9,0.0,0.0,non_vegetarian
"Lamb, Australian, imported, fresh, loin, separable lean and fat, trimmed to 1/8"" fat, raw",203.0,19.32,13.38,0.0,,non_vegetarian
"Puddings, lemon, dry mix, instant, prepared with whole milk",115.0,2.7,2.9,20.1,0.0,vegetarian
"Cereals, oats, regular and quick, not fortified, dry",379.0,13.15,6.52,67.7,10.1,vegan
"Beef, round, top round roast, boneless, separable lean and fat, trimmed to 0"" fat, select, raw",121.0,23.44,3.04,0.0,0.0,non_vegetarian
"Lemon peel, raw",47.0,1.5,0.3,16.0,10.6,vegan
"Lamb, rib, separable lean and fat, trimmed to 1/8"" fat, choice, raw",342.0,15.32,30.71,0.0,0.0,non_vegetarian
"Beef, round, bottom round , roast, separable lean only, trimmed to 1/8"" fat, select, cooked, roasted",164.0,28.45,4.67,0.0,0.0,non_vegetarian
"Fish, mullet, striped, raw",117.0,19.35,3.79,0.0,0.0,non_vegetarian
"DENNY'S, fish fillet, battered or breaded, fried",234.0,13.75,12.16,17.41,1.0,non_vegetarian
"Corn, sweet, yellow, frozen, kernels on cob, cooked, boiled, drained, without salt",94.0,3.11,0.74,22.33,2.8,vegan
"Bread, cornbread, dry mix, prepared with 2% milk, 80% margarine, and eggs",330.0,6.59,9.58,54.46,2.3,vegetarian
"Pie crust, deep dish, frozen, baked, made with enriched flour",521.0,6.1,31.84,52.47,2.3,vegan
"McDONALD'S, FILET-O-FISH (without tartar sauce)",243.0,12.47,7.62,31.08,1.0,non_vegetarian
"Soup, mushroom with beef stock, canned, prepared with equal volume water",35.0,1.29,1.65,3.81,0.3,non_vegetarian
"Babyfood, cereal, whole wheat, with apples, dry fortified",402.0,6.6,4.8,83.2,6.7,vegan
"Sweet Potatoes, french fried, frozen as packaged, salt added in processing",182.0,2.16,8.92,35.58,5.7,vegan
"Lamb, Australian, imported, fresh, leg, bottom, boneless, separable lean only, trimmed to 1/8"" fat, raw",136.0,22.28,5.24,0.0,0.0,non_vegetarian
"Squash, summer, crookneck and straightneck, canned, drained, solid, without salt",13.0,0.61,0.07,2.96,1.4,vegan
"Nuts, mixed nuts, oil roasted, with peanuts, with salt added",607.0,20.04,53.95,21.05,7.0,vegan
"Beef, loin, top loin steak, boneless, lip-on, separable lean only, trimmed to 1/8"" fat, all grades, cooked, grilled",198.0,29.06,9.11,0.0,0.0,non_vegetarian
"Beans, great northern, mature seeds, canned",114.0,7.37,0.39,21.02,4.9,vegan
"Beef, chuck eye steak, boneless, separable lean and fat, trimmed to 0"" fat, select, cooked, grilled",267.0,25.03,18.57,0.0,0.0,non_vegetarian
"Okra, frozen, unprepared",30.0,1.69,0.25,6.63,2.2,vegan
"Snacks, popcorn, caramel-coated, with peanuts",400.0,6.4,7.8,80.7,3.8,vegan
"Babyfood, dessert, peach cobbler, strained",65.0,0.3,0.0,17.8,0.7,vegan
"Lamb, New Zealand, imported, loin chop, separable lean and fat, raw",298.0,15.4,26.19,0.22,0.0,non_vegetarian
"Chicken, broilers or fryers, wing, meat only, raw",126.0,21.97,3.54,0.0,0.0,non_vegetarian
"Potatoes, canned, drained solids",60.0,1.41,0.21,13.61,2.3,vegan
"Beef, round, knuckle, tip side, steak, separable lean and fat, trimmed to 0"" fat, choice, raw",133.0,21.41,4.66,0.0,0.0,non_vegetarian
Potato salad with egg,157.0,1.96,9.4,16.18,1.3,vegetarian
"Oscar Mayer, Ham (chopped with natural juice)",180.0,16.3,11.15,3.65,0.0,non_vegetarian
"Cheese, muenster, low fat",271.0,24.7,17.6,3.5,0.0,vegetarian
"Beverages, tea, instant, lemon, sweetened, prepared with water",35.0,0.01,0.06,8.61,0.1,vegan
"Raspberries, puree, with seeds",55.0,1.1,0.97,11.51,4.3,vegan
"Fast Foods, Fried Chicken, Drumstick, meat and skin with breading",267.0,21.13,16.92,7.59,0.5,non_vegetarian
"Beef, Australian, imported, Wagyu, seam fat, Aust. marble score 9, raw",627.0,5.16,67.33,0.0,0.0,non_vegetarian
"Chicken, broilers or fryers, breast, meat and skin, cooked, fried, batter",260.0,24.84,13.2,8.99,0.3,non_vegetarian
"Pork, fresh, loin, center rib (chops), boneless, separable lean only, cooked, broiled",216.0,29.46,10.05,0.0,0.0,non_vegetarian
"Kefir, lowfat, strawberry, LIFEWAY",62.0,3.39,0.9,10.2,0.0,vegan
"Beef, short loin, top loin, steak, separable lean only, trimmed to 1/8"" fat, choice, raw",155.0,22.78,6.43,0.0,0.0,non_vegetarian
"Yardlong bean, cooked, boiled, drained, with salt",47.0,2.53,0.1,9.17,,vegan
"Chicken, broilers or fryers, rotisserie, original seasoning, back, meat and skin, cooked",260.0,23.23,18.59,0.03,0.0,non_vegetarian
"Cookies, peanut butter, commercially prepared, regular",473.0,8.92,23.82,58.15,2.1,vegetarian
"Pineapple, canned, heavy syrup pack, solids and liquids",78.0,0.35,0.11,20.2,0.8,vegan
"Bacon, turkey, microwaved",368.0,29.5,25.87,4.24,0.0,non_vegetarian
"Imitation cheese, american or cheddar, low cholesterol",390.0,25.0,32.0,1.0,0.0,vegetarian
"Beverages, chocolate-flavor beverage mix for milk, powder, with added nutrients",400.0,4.55,2.27,90.28,4.5,vegetarian
"Cowpeas, catjang, mature seeds, raw",343.0,23.85,2.07,59.64,10.7,vegan
"Soymilk (All flavors), lowfat, with added calcium, vitamins A and D",43.0,1.65,0.62,7.2,0.8,vegetarian
"Muffins, wheat bran, dry mix",396.0,7.1,12.0,73.0,,vegan
"Lamb, New Zealand, imported, leg chop/steak, bone-in, separable lean only, raw",126.0,21.1,4.64,0.0,0.0,non_vegetarian
"POPEYES, Fried Chicken, Mild, Skin and Breading",433.0,13.96,32.32,21.54,1.0,non_vegetarian
"Egg substitute, liquid or frozen, fat free",48.0,10.0,0.0,2.0,0.0,vegetarian
"Chicken, broilers or fryers, meat and skin and giblets and neck, roasted",234.0,26.78,13.27,0.06,0.0,non_vegetarian
"Turkey roast, boneless, frozen, seasoned, light and dark meat, raw",120.0,17.6,2.2,6.4,0.0,non_vegetarian
"Babyfood, juice, orange and apple",43.0,0.4,0.2,10.1,,vegan
"Fast Foods, Fried Chicken, Skin and breading from all pieces",398.0,14.11,29.22,19.56,0.3,non_vegetarian
"Egg, white, dried, flakes, stabilized, glucose reduced",351.0,76.92,0.04,4.17,0.0,vegetarian
"Macaroni and Cheese, canned entree",82.0,3.38,2.46,11.52,0.5,vegetarian
"Game meat , bison, top sirloin, separable lean only, 1"" steak, cooked, broiled",171.0,28.05,5.65,0.0,0.0,non_vegetarian
"Pork, fresh, composite of trimmed retail cuts (leg, loin, shoulder), separable lean only, raw",134.0,21.2,4.86,0.0,0.0,non_vegetarian
"Lima beans, immature seeds, frozen, baby, unprepared",132.0,7.59,0.44,25.14,6.0,vegan
"Broccoli, frozen, chopped, unprepared",26.0,2.81,0.29,4.78,3.0,vegan
"Lamb, leg, whole (shank and sirloin), separable lean only, trimmed to 1/4"" fat, choice, raw",128.0,20.56,4.51,0.0,0.0,non_vegetarian
"Beef, bottom sirloin, tri-tip roast, separable lean and fat, trimmed to 0"" fat, all grades, raw",165.0,20.64,8.55,0.0,0.0,non_vegetarian
"Collards, raw",46.894,2.96875,0.77,7.02225,3.816,non_vegetarian
"Milk, buttermilk, fluid, cultured, lowfat",40.0,3.31,1.07,4.79,0.0,vegetarian
"Plums, dried (prunes), stewed, without added sugar",107.0,0.96,0.16,28.08,3.1,vegan
"Fish, pollock, Alaska, raw",76.0,17.17,0.82,0.0,,non_vegetarian
"Restaurant, Latino, Arroz con grandules (rice and pigeonpeas)",182.0,3.5,4.98,30.75,1.4,vegan
"Crackers, cream, Gamesa Sabrosas",484.0,7.01,20.37,64.55,2.4,vegetarian
"Cheese, pasteurized process cheese food or product, American, singles",309.768,15.5672,23.86,8.1898,,vegetarian
"Cereals ready-to-eat, QUAKER, QUAKER Puffed Wheat",366.0,16.26,2.15,76.39,9.4,vegan
"Fish, salmon, king, chinook, smoked and canned (Alaska Native)",150.0,23.2,5.9,0.0,,non_vegetarian
"Rice, white, long-grain, regular, raw, unenriched",365.0,7.13,0.66,79.95,1.3,vegan
"Cheese, mozzarella, whole milk, low moisture",318.0,21.6,24.64,2.47,0.0,vegetarian
"Lamb, Australian, imported, fresh, rib chop, frenched, denuded, bone-in, separable lean only, trimmed to 0"" fat, cooked, grilled",236.0,33.17,11.5,0.0,0.0,non_vegetarian
"Apple juice, frozen concentrate, unsweetened, diluted with 3 volume water without added ascorbic acid",47.0,0.14,0.1,11.54,0.1,vegan
"Beef, round, knuckle, tip side, steak, separable lean and fat , trimmed to 0"" fat, select, raw",123.0,21.96,3.24,0.0,0.0,non_vegetarian
"Lamb, leg, sirloin half, separable lean only, trimmed to 1/4"" fat, choice, cooked, roasted",204.0,28.35,9.17,0.0,0.0,non_vegetarian
"Applesauce, canned, sweetened, with salt",76.0,0.18,0.18,19.91,1.2,vegan
"Lemonade, frozen concentrate, white",196.0,0.22,0.7,49.89,0.3,vegan
"Crustaceans, crab, blue swimming, lump, pasteurized, refrigerated",80.9935,18.65,0.8075,0.0,,non_vegetarian
"Potatoes, mashed, dehydrated, flakes without milk, dry form",354.0,8.34,0.41,81.17,6.6,vegetarian
"Beef, chuck, mock tender steak, separable lean only, trimmed to 0"" fat, choice, cooked, broiled",161.0,25.74,5.69,0.0,0.0,non_vegetarian
"Sweet potato, frozen, cooked, baked, with salt",100.0,1.71,0.12,23.4,1.8,vegan
"Fish, mackerel, king, cooked, dry heat",134.0,26.0,2.56,0.0,0.0,non_vegetarian
"Beef, New Zealand, imported, striploin, separable lean and fat, raw",252.0,18.49,19.53,0.6,0.0,non_vegetarian
"Beef, variety meats and by-products, kidneys, raw",99.0,17.4,3.09,0.29,0.0,non_vegetarian
"Cheese, cottage, lowfat, 1% milkfat, lactose reduced",74.0,12.4,1.0,3.2,0.6,vegetarian
"KFC, Fried Chicken, EXTRA CRISPY, Wing, meat only, skin and breading removed",236.0,28.67,12.13,2.97,,non_vegetarian
"Snacks, granola bars, soft, coated, milk chocolate coating, peanut butter",508.0,10.2,31.1,53.4,2.8,vegetarian
"Beans, pinto, mature seeds, sprouted, raw",62.0,5.25,0.9,11.6,,vegan
"Apples, fuji, with skin, raw",65.0,0.15,0.16,15.7,2.1,vegan
"Soup, cream of potato, canned, condensed",74.0,1.51,1.88,12.79,1.3,vegetarian
"Turkey, all classes, liver, raw",128.0,18.26,5.5,0.0,0.0,non_vegetarian
"Cheese, provolone",351.0,25.58,26.62,2.14,0.0,vegetarian
"Protein supplement, milk based, Muscle Milk, powder",411.0,45.71,17.14,18.5,7.1,vegetarian
"Pork, cured, bacon, cooked, broiled, pan-fried or roasted, reduced sodium",541.0,37.04,41.78,1.43,0.0,non_vegetarian
"Cabbage, chinese (pe-tsai), cooked, boiled, drained, with salt",14.0,1.5,0.17,2.41,1.7,vegan
"Grapefruit juice, white, canned, sweetened",46.0,0.58,0.09,11.13,0.1,vegan
"Veal, seam fat only, cooked",505.0,11.16,50.17,2.11,0.0,non_vegetarian
"Beef, composite of trimmed retail cuts, separable lean and fat, trimmed to 0"" fat, choice, raw",176.0,21.34,10.08,0.0,0.0,non_vegetarian
"Pork, fresh, loin, center loin (chops), bone-in, separable lean only, cooked, broiled",180.0,26.76,7.29,0.0,0.0,non_vegetarian
"Fish, whiting, mixed species, raw",90.0,18.31,1.31,0.0,0.0,non_vegetarian
"Margarine, regular, hard, soybean (hydrogenated)",719.0,0.9,80.5,0.9,0.0,vegan
"Beef, rib eye roast, bone-in, lip-on, separable lean only, trimmed to 1/8"" fat, all grades, cooked, roasted",231.0,27.12,13.64,0.0,0.0,non_vegetarian
"Beans, snap, green, cooked, boiled, drained, without salt",35.0,1.89,0.28,7.88,3.2,vegan
"Soup, pea, split with ham, canned, prepared with equal volume water",75.0,4.08,1.74,11.05,0.9,non_vegetarian
"Muffins, wheat bran, toaster-type with raisins, toasted",313.0,5.5,9.4,55.5,8.2,vegan
"Beef stew, canned entree",99.0,4.41,5.53,7.85,0.9,non_vegetarian
"Peanut butter, smooth, vitamin and mineral fortified",591.0,25.72,50.81,18.75,5.6,vegetarian
"Soup, beef noodle, canned, condensed",67.0,3.85,2.46,7.16,0.6,non_vegetarian
"Babyfood, macaroni and cheese, toddler",82.0,3.5,2.6,11.2,0.5,vegetarian
"Frozen novelties, juice type, juice with cream",115.0,1.41,1.41,24.11,0.1,vegetarian
"Veal, foreshank, osso buco, separable lean only, cooked, braised",157.0,29.12,4.51,0.0,0.0,non_vegetarian
"Nuts, formulated, wheat-based, all flavors except macadamia, without salt",647.0,13.11,62.3,20.79,5.2,vegan
"Turkey, ground, fat free, raw",112.0,23.57,1.95,0.0,0.0,non_vegetarian
"Pastry, Pastelitos de Guava (guava pastries)",379.0,5.48,18.5,47.76,2.2,vegan
"Milk, filled, fluid, with lauric acid oil",63.0,3.33,3.4,4.74,0.0,vegetarian
"Beverages, lemonade-flavor drink, powder",380.0,0.0,1.01,97.9,0.0,vegan
"Fish, tilapia, cooked, dry heat",128.0,26.15,2.65,0.0,0.0,non_vegetarian
"Ice creams, BREYERS, All Natural Light Vanilla Chocolate Strawberry",161.0,4.69,4.35,26.06,0.4,vegetarian
"Turkey, all classes, leg, meat and skin, raw",144.0,19.54,6.72,0.0,0.0,non_vegetarian
"Turnip greens, canned, solids and liquids",14.0,1.36,0.3,2.42,1.7,vegan
"Cereals, QUAKER, Instant Grits Product with American Cheese Flavor, dry",360.0,8.8,4.67,74.18,4.3,vegetarian
Barley malt flour,361.0,10.28,1.84,78.3,7.1,vegan
"Ice cream, soft serve, chocolate",222.0,4.1,13.0,22.2,0.7,vegetarian
"Rice and vermicelli mix, chicken flavor, prepared with 80% margarine",136.0,2.65,3.45,23.54,0.7,non_vegetarian
"Bread, stuffing, cornbread, dry mix",389.0,10.0,4.2,76.7,14.3,vegan
"Beef, rib, large end (ribs 6-9), separable lean and fat, trimmed to 1/8"" fat, choice, cooked, broiled",370.0,20.86,31.18,0.0,0.0,non_vegetarian
"Lamb, New Zealand, imported, fore-shank, separable lean and fat, cooked, braised",256.0,30.35,14.99,0.03,0.0,non_vegetarian
"Fish, salmon, king, with skin, kippered, (Alaska Native)",209.0,23.19,12.95,0.0,0.0,non_vegetarian
"Squash, winter, all varieties, raw",34.0,0.95,0.13,8.59,1.5,vegan
"Crustaceans, lobster, northern, cooked, moist heat",89.0,19.0,0.86,0.0,0.0,non_vegetarian
"Candies, MARS SNACKFOOD US, STARBURST Sour Fruit Chews",400.0,0.39,7.78,79.73,0.0,vegan
"Lamb, New Zealand, imported, square-cut shoulder, separable lean and fat, cooked, slow roasted",294.0,20.88,23.39,0.03,0.0,non_vegetarian
"Crackers, whole-wheat, reduced fat",416.0,11.34,7.59,75.52,10.9,vegan
"Fish, cusk, cooked, dry heat",112.0,24.35,0.88,0.0,0.0,non_vegetarian
"Pork, cured, ham -- water added, shank, bone-in, separable lean and fat, unheated",167.0,16.65,11.02,0.66,0.0,non_vegetarian
"Beef, loin, top sirloin filet, boneless, separable lean only, trimmed to 0"" fat, select, cooked, grilled",165.0,30.78,4.68,0.0,0.0,non_vegetarian
"Spices, poppy seed",525.0,17.99,41.56,28.13,19.5,vegan
"Pineapple, canned, extra heavy syrup pack, solids and liquids",83.0,0.34,0.11,21.5,0.8,vegan
"Cereals ready-to-eat, QUAKER, QUAKER OAT LIFE, plain",374.0,9.98,4.43,77.74,6.6,vegan
"Beef, round, top round, separable lean and fat, trimmed to 1/8"" fat, choice, cooked, pan-fried",266.0,32.99,13.83,0.0,0.0,non_vegetarian
"Chicken, roasting, meat only, raw",111.0,20.33,2.7,0.0,0.0,non_vegetarian
"Chicken, broilers or fryers, back, meat only, raw",137.0,19.56,5.92,0.0,0.0,non_vegetarian
"Broccoli raab, raw",22.0,3.17,0.49,2.85,2.7,vegan
"Pork, fresh, leg (ham), whole, separable lean only, cooked, roasted",211.0,29.41,9.44,0.0,0.0,non_vegetarian
"Tomato products, canned, sauce, spanish style",33.0,1.44,0.27,7.24,1.4,vegan
"Beef, rib eye roast, boneless, lip-on, separable lean only, trimmed to 1/8"" fat, select, cooked, roasted",202.0,28.72,9.68,0.0,0.0,non_vegetarian
"Lamb, shoulder, blade, separable lean and fat, trimmed to 1/4"" fat, choice, cooked, braised",345.0,28.51,24.73,0.0,0.0,non_vegetarian
"Cereals, QUAKER, Instant Oatmeal, Banana Bread, dry",368.0,8.97,4.85,75.7,6.7,vegan
"Babyfood, meat, turkey sticks, junior",188.0,13.7,14.2,1.4,0.2,non_vegetarian
Lard,902.0,0.0,100.0,0.0,0.0,non_vegetarian
"Snacks, rice cakes, brown rice, plain, unsalted",387.0,8.2,2.8,81.5,4.2,vegan
"Turkey, whole, back, meat only, cooked, roasted",173.0,27.71,6.04,0.0,0.0,non_vegetarian
"Turkey, whole, meat only, raw",115.0,22.64,1.93,0.14,0.0,non_vegetarian
"Cheese, gouda",356.0,24.94,27.44,2.22,0.0,vegetarian
"Fish, tuna, fresh, bluefin, cooked, dry heat",184.0,29.91,6.28,0.0,0.0,non_vegetarian
"Restaurant, Chinese, vegetable lo mein, without meat",121.0,4.77,2.35,20.16,1.3,non_vegetarian
"Hearts of palm, raw",115.0,2.7,0.2,25.61,1.5,non_vegetarian
"Lima beans, immature seeds, frozen, fordhook, cooked, boiled, drained, without salt",103.0,6.07,0.34,19.32,5.3,vegan
"Beef, loin, top loin steak, boneless, lip-on, separable lean and fat, trimmed to 1/8"" fat, all grades, raw",199.0,21.29,12.68,0.0,0.0,non_vegetarian
"Mushroom, enoki",44.4382,2.416875,0.245,8.141425,2.945,vegan
"Pancakes, buttermilk, prepared from recipe",227.0,6.8,9.3,28.7,,vegetarian
"Asparagus, frozen, cooked, boiled, drained, with salt",18.0,2.95,0.42,1.92,1.6,vegan
"Fish, herring eggs, Pacific, plain (Alaska Native)",74.0,9.6,1.93,4.47,,non_vegetarian
"Lima beans, large, mature seeds, cooked, boiled, with salt",115.0,7.8,0.38,20.88,7.0,vegan
"Yogurt, fruit, low fat, 9 grams protein per 8 ounce, fortified with vitamin D",99.0,3.98,1.15,18.64,0.0,vegetarian
"Restaurant, family style, macaroni & cheese, from kids' menu",151.0,5.42,6.06,18.8,1.1,vegetarian
"Lamb, New Zealand, imported, frozen, shoulder, whole (arm and blade), separable lean only, cooked, braised",285.0,34.06,15.5,0.0,0.0,non_vegetarian
"Nuts, pecans, dry roasted, without salt added",710.0,9.5,74.27,13.55,9.4,vegan
"Turkey, all classes, heart, cooked, simmered",174.0,24.88,7.52,0.0,0.0,non_vegetarian
"Yogurt, Greek, plain, whole milk",97.0,9.0,5.0,3.98,0.0,vegetarian
"Bamboo shoots, cooked, boiled, drained, without salt",12.0,1.53,0.22,1.92,1.0,vegan
"Lamb, ground, raw",282.0,16.56,23.41,0.0,0.0,non_vegetarian
"SUBWAY, SUBWAY CLUB sub on white bread with lettuce and tomato",146.0,10.66,2.42,20.36,1.4,vegan
"Chicken, broilers or fryers, back, meat and skin, cooked, roasted",300.0,25.95,20.97,0.0,0.0,non_vegetarian
"Turnover, filled with egg, meat and cheese, frozen",228.0,7.87,12.6,20.67,0.8,non_vegetarian
"Beef, plate steak, boneless, outside skirt, separable lean and fat, trimmed to 0"" fat, select, raw",222.0,18.43,16.31,0.36,0.0,non_vegetarian
"Babyfood, mashed cheddar potatoes and broccoli, toddlers",48.0,1.11,1.47,7.47,1.2,vegan
"Cereals, CREAM OF RICE, dry",370.0,6.3,0.5,82.4,0.7,vegetarian
"Soup, cream of chicken, canned, condensed",90.0,2.38,5.77,7.16,0.0,non_vegetarian
"Lamb, shoulder, whole (arm and blade), separable lean and fat, trimmed to 1/8"" fat, choice, cooked, roasted",269.0,22.7,19.08,0.0,0.0,non_vegetarian
"Pork, cured, ham and water product, whole, boneless, separable lean only, unheated",116.0,14.07,4.86,4.22,0.0,non_vegetarian
"Lasagna with meat & sauce, low-fat, frozen entree",101.0,6.81,2.23,13.5,1.3,non_vegetarian
"Cereals, corn grits, white, regular and quick, enriched, dry",370.0,7.65,1.75,79.09,4.6,vegan
"Whale, beluga, liver, raw (Alaska Native)",117.0,18.4,3.9,2.0,,non_vegetarian
"Crustaceans, lobster, northern, raw",77.0,16.52,0.75,0.0,0.0,non_vegetarian
"Crabapples, raw",76.0,0.4,0.3,19.95,,non_vegetarian
"Cereals ready-to-eat, POST GREAT GRAINS Cranberry Almond Crunch",384.0,8.9,5.9,76.6,11.1,vegan
"Beef, loin, top loin steak, boneless, lip off, separable lean only, trimmed to 0"" fat, all grades, cooked, grilled",202.0,29.53,8.41,0.0,0.0,non_vegetarian
"Lamb, leg, sirloin half, separable lean and fat, trimmed to 1/4"" fat, choice, raw",272.0,16.94,22.11,0.0,0.0,non_vegetarian
"Babyfood, meat, beef, strained",81.0,12.03,2.52,2.43,0.0,non_vegetarian
"Soup, clam chowder, manhattan style, canned, chunky, ready-to-serve",56.0,3.02,1.41,7.84,1.2,non_vegetarian
"Pork, fresh, leg (ham), rump half, separable lean and fat, raw",182.0,20.27,10.63,0.0,0.0,non_vegetarian
"Fish, shark, mixed species, raw",130.0,20.98,4.51,0.0,0.0,non_vegetarian
"Caribou, liver, raw (Alaska Native)",122.0,15.0,3.9,6.8,,non_vegetarian
"Fish, mackerel, Atlantic, raw",205.0,18.6,13.89,0.0,0.0,non_vegetarian
"Sorghum grain, white, pearled, unenriched, dry, raw",369.873,10.25,3.265,74.872,3.916,vegan
"Beef, brisket, flat half, separable lean and fat, trimmed to 1/8"" fat, select, cooked, braised",280.0,28.97,17.37,0.0,0.0,non_vegetarian
"Soup, clam chowder, new england, canned, prepared with equal volume water",35.0,1.55,1.01,5.05,0.3,non_vegetarian
"Squash, summer, crookneck and straightneck, raw",19.0,1.01,0.27,3.88,1.0,vegan
"Beans, black turtle, mature seeds, cooked, boiled, without salt",130.0,8.18,0.35,24.35,8.3,vegan
"Pork, cured, ham -- water added, rump, bone-in, separable lean only, unheated",95.0,15.43,3.48,0.67,0.0,non_vegetarian
"Beef, round, top round steak, boneless, separable lean only, trimmed to 0"" fat, all grades, raw",121.0,23.59,2.94,0.0,0.0,non_vegetarian
"Bagels, plain, enriched, without calcium propionate (includes onion, poppy, sesame)",275.0,10.5,1.6,53.4,2.3,vegan
"Candies, TWIZZLERS CHERRY BITES",338.0,2.97,1.7,79.38,0.1,vegan
"Turkey, retail parts, drumstick, meat only, raw",118.0,20.52,3.97,0.0,0.0,non_vegetarian
"Cream, heavy",343.31,2.017994,35.56,3.799506,,vegetarian
"MORI-NU, Tofu, silken, soft",55.0,4.8,2.7,2.9,0.1,vegan
"Beans, white, mature seeds, cooked, boiled, without salt",139.0,9.73,0.35,25.09,6.3,vegan
"Apples, frozen, unsweetened, heated (Includes foods for USDA's Food Distribution Program)",47.0,0.29,0.33,12.0,1.3,vegan
"Squash, winter, spaghetti, cooked, boiled, drained, or baked, without salt",27.0,0.66,0.26,6.46,1.4,vegan
"Yardlong beans, mature seeds, raw",347.0,24.33,1.31,61.91,11.0,vegan
"Peas, split, mature seeds, cooked, boiled, with salt",116.0,8.34,0.39,20.51,8.3,vegan
"Pork, bacon, rendered fat, cooked",898.0,0.07,99.5,0.0,0.0,non_vegetarian
"Babyfood, apple-banana juice",51.0,0.2,0.1,12.3,0.2,vegan
"Cereals, QUAKER, Instant Oatmeal Organic, Regular",367.0,16.0,6.3,67.0,9.8,vegan
"Fish, tilapia, farm raised, raw",94.659,19.0,2.479,0.0,,non_vegetarian
"Fast foods, grilled chicken in tortilla, with lettuce, cheese, and ranch sauce",222.0,13.77,10.31,18.43,0.9,non_vegetarian
"Brussels sprouts, cooked, boiled, drained, with salt",36.0,2.55,0.5,7.1,2.6,vegan
"Crackers, cheese, low sodium",503.0,10.1,25.3,58.2,2.4,vegetarian
"Mountain yam, hawaii, cooked, steamed, without salt",82.0,1.73,0.08,20.0,,vegan
"Potatoes, french fried, all types, salt not added in processing, frozen, as purchased",147.0,2.24,4.66,24.81,1.9,vegan
"Fast foods, biscuit, with ham",342.0,11.85,16.3,38.75,0.7,non_vegetarian
"School Lunch, pizza, cheese topping, thick crust, whole grain, frozen, cooked",254.0,14.62,9.27,28.08,2.9,vegetarian
"Fish, mahimahi, raw",85.0,18.5,0.7,0.0,0.0,non_vegetarian
"Beef, round, top round, steak, separable lean only, trimmed to 1/8"" fat, select, cooked, broiled",177.0,31.61,4.65,0.0,0.0,non_vegetarian
"Beef, rib eye roast, bone-in, lip-on, separable lean only, trimmed to 1/8"" fat, choice, cooked, roasted",240.0,27.18,14.55,0.0,0.0,non_vegetarian
"Pork, cured, ham and water product, slice, bone-in, separable lean only, unheated",103.0,14.47,3.78,2.82,0.0,non_vegetarian
"Potatoes, mashed, home-prepared, whole milk and margarine added",113.0,1.96,4.2,16.94,1.5,vegetarian
"Beef, round, tip round, roast, separable lean and fat, trimmed to 0"" fat, all grades, raw",151.0,20.48,7.01,0.0,0.0,non_vegetarian
"Tempeh, cooked",195.0,19.91,11.38,7.62,,vegan
"Beef, chuck, mock tender steak, separable lean and fat, trimmed to 0"" fat, USDA choice, cooked, broiled",161.0,25.73,5.72,0.0,0.0,non_vegetarian
"Beef, shoulder pot roast or steak, boneless, separable lean only, trimmed to 0"" fat, all grades, raw",123.0,21.64,4.09,0.0,0.0,non_vegetarian
"Sour cream, reduced fat",181.0,7.0,14.1,7.0,0.0,vegetarian
"Beef, rib eye steak/roast, boneless, lip-on, separable lean only, trimmed to 1/8"" fat, select, raw",148.0,22.55,6.41,0.0,0.0,non_vegetarian
"Chicken, skin (drumsticks and thighs), with added solution, cooked, roasted",421.0,20.31,37.6,0.44,0.0,non_vegetarian
"Yardlong beans, mature seeds, cooked, boiled, without salt",118.0,8.29,0.45,21.09,3.8,vegan
"Veal, shank (fore and hind), separable lean only, cooked, braised",177.0,32.22,4.33,0.0,0.0,non_vegetarian
"Beef, Australian, imported, Wagyu, loin, top loin steak/roast, separable lean and fat, Aust. marble score 9, raw",392.0,14.58,36.98,0.14,0.0,non_vegetarian
"Bread, gluten-free, white, made with tapioca starch and brown rice flour",298.0,5.4,8.02,51.15,5.5,vegan
"Beef, loin, tenderloin steak, boneless, separable lean only, trimmed to 0"" fat, choice, raw",143.0,21.78,6.16,0.0,0.0,non_vegetarian
"Mollusks, mussel, blue, raw",86.0,11.9,2.24,3.69,0.0,non_vegetarian
"Soup, chicken corn chowder, chunky, ready-to-serve, single brand",99.0,3.1,6.3,7.5,0.9,non_vegetarian
"Noodles, egg, spinach, enriched, cooked",132.0,5.04,1.57,24.25,2.3,vegetarian
"Chicken, broilers or fryers, breast, meat and skin, raw",172.0,20.85,9.25,0.0,0.0,non_vegetarian
"Soup, chicken broth, canned, prepared with equal volume water",16.0,2.02,0.57,0.38,0.0,non_vegetarian
"Cereals ready-to-eat, POST, GREAT GRAINS, Raisin, Date & Pecan",378.0,7.9,7.1,74.3,9.3,vegan
"Lamb, New Zealand, imported, testes, cooked, soaked and fried",125.0,21.01,4.56,0.0,0.0,non_vegetarian
"SMART SOUP, Thai Coconut Curry",36.0,0.8,1.06,6.5,1.0,vegan
"Pork, fresh, loin, sirloin (chops or roasts), bone-in, separable lean only, raw",129.0,21.65,4.02,0.0,0.0,non_vegetarian
"Potatoes, mashed, ready-to-eat",106.0,1.97,5.01,13.29,1.9,vegan
"Succotash, (corn and limas), raw",99.0,5.03,1.02,19.59,3.8,vegan
"Cereals, QUAKER, oatmeal, REAL MEDLEYS, blueberry hazelnut, dry",386.0,9.81,9.8,69.47,7.7,vegan
"Cereals ready-to-eat, QUAKER, 100% Natural Granola, Oats, Wheat and Honey",421.0,10.55,11.62,73.65,10.2,vegetarian
"Vegetables, mixed, frozen, unprepared",72.0,3.33,0.52,13.47,4.0,vegan
"Corn, sweet, white, frozen, kernels on cob, unprepared",98.0,3.28,0.78,23.5,2.8,vegan
"Plums, wild (Northern Plains Indians)",91.0,0.43,0.17,21.95,6.0,vegan
"Beans, kidney, red, mature seeds, cooked, boiled, without salt",127.0,8.67,0.5,22.8,7.4,non_vegetarian
"Snacks, rice cakes, brown rice, multigrain, unsalted",387.0,8.5,3.5,80.1,,vegan
"Pie, fried pies, cherry",316.0,3.0,16.1,42.6,2.6,vegan
"Babyfood, dessert, peach melba, strained",60.0,0.2,0.0,16.5,,vegan
"Nuts, acorns, dried",509.0,8.1,31.41,53.66,,vegan
"Bread, banana, prepared from recipe, made with margarine",326.0,4.3,10.5,54.6,1.1,vegan
"Corn, sweet, yellow, frozen, kernels on cob, cooked, boiled, drained, with salt",94.0,3.11,0.74,22.33,2.8,vegan
"Bread, rye",259.0,8.5,3.3,48.3,5.8,vegan
"Beef, Australian, imported, grass-fed, round, bottom round steak/roast, boneless, separable lean and fat, raw",140.0,21.13,6.16,0.01,0.0,non_vegetarian
"T.G.I. FRIDAY'S, macaroni & cheese, from kid's menu",121.0,5.03,3.45,17.4,1.0,vegetarian
"Turnips, cooked, boiled, drained, without salt",22.0,0.71,0.08,5.06,2.0,vegan
"Cookies, peanut butter, commercially prepared, sugar free",523.0,10.34,31.03,50.52,3.4,vegetarian
"Babyfood, dinner, macaroni and cheese, junior",61.0,2.6,2.0,8.2,0.3,vegetarian
"Vitasoy USA Azumaya, Silken Tofu",43.0,4.82,2.4,0.58,0.2,vegan
"Lamb, leg, whole (shank and sirloin), separable lean and fat, trimmed to 1/4"" fat, choice, raw",230.0,17.91,17.07,0.0,0.0,non_vegetarian
"Lamb, New Zealand, imported, rack - fully frenched, separable lean only, raw",147.0,20.61,7.12,0.0,0.0,non_vegetarian
"Beverages, fruit punch drink, without added nutrients, canned",48.0,0.0,0.0,11.97,0.0,vegan
"Egg custards, dry mix, prepared with 2% milk",112.0,4.13,2.83,17.61,0.0,vegetarian
"Nuts, mixed nuts, dry roasted, with peanuts, salt added, PLANTERS pistachio blend",572.0,23.28,47.52,23.07,8.1,vegan
"Fish, ocean perch, Atlantic, cooked, dry heat",96.0,18.51,1.87,0.0,0.0,non_vegetarian
"Turkey, whole, meat and skin, with added solution, roasted",176.0,26.09,8.01,0.0,0.0,non_vegetarian
"Lamb, loin, separable lean and fat, trimmed to 1/4"" fat, choice, cooked, roasted",309.0,22.55,23.59,0.0,0.0,non_vegetarian
"Lamb, shoulder, whole (arm and blade), separable lean and fat, trimmed to 1/8"" fat, choice, cooked, braised",338.0,29.46,23.57,0.0,0.0,non_vegetarian
"Beef, plate steak, boneless, inside skirt, separable lean only, trimmed to 0"" fat, select, cooked, grilled",223.0,30.64,11.16,0.0,0.0,non_vegetarian
"Fast foods, burrito, with beans",206.0,6.48,6.22,32.92,,vegan
"Chicken, wing, frozen, glazed, barbecue flavored",211.0,19.67,12.67,3.34,0.6,non_vegetarian
"Limes, raw",30.0,0.7,0.2,10.54,2.8,vegan
"Cream substitute, flavored, liquid",251.0,0.69,13.5,35.07,1.1,vegetarian
"Cereals ready-to-eat, RALSTON Corn Biscuits",376.0,5.83,1.05,85.79,2.6,vegan
"Mungo beans, mature seeds, raw",341.0,25.21,1.64,58.99,18.3,vegan
"Infant formula, ABBOTT NUTRITION, SIMILAC, SENSITIVE, (LACTOSE FREE), powder, with ARA and DHA",520.0,11.13,28.14,55.67,0.0,vegetarian
"Pork, fresh, spareribs, separable lean and fat, cooked, braised",397.0,29.06,30.3,0.0,0.0,non_vegetarian
"Beverages, tea, herb, brewed, chamomile",1.0,0.0,0.0,0.2,0.0,non_vegetarian
"Potatoes, mashed, home-prepared, whole milk and butter added",113.0,1.86,4.22,16.81,1.5,vegetarian
"Beef, loin, top sirloin petite roast/filet, boneless, separable lean only, trimmed to 0"" fat, choice, raw",132.0,23.03,4.4,0.0,0.0,non_vegetarian
"Soup, HEALTHY CHOICE Chicken and Rice Soup, canned",37.0,2.53,0.55,5.71,0.8,non_vegetarian
"Babyfood, cereal, rice with pears and apple, dry, instant fortified",389.0,6.6,0.9,88.5,2.6,vegan
"Pork, cured, ham -- water added, slice, boneless, separable lean only, heated, pan-broil",119.0,18.82,4.09,1.75,0.0,non_vegetarian
"Chicken, broilers or fryers, dark meat, meat only, cooked, fried",239.0,28.99,11.62,2.59,0.0,non_vegetarian
"Macaroni and cheese, dry mix, prepared with 2% milk and 80% stick margarine from dry mix",190.0,4.89,8.28,23.93,1.2,vegetarian
"Beef, round, top round steak, boneless, separable lean only, trimmed to 0"" fat, choice, raw",124.0,23.59,3.26,0.0,0.0,non_vegetarian
"Crackers, whole-wheat",427.0,10.58,14.13,69.55,10.3,vegan
"Restaurant, Italian, cheese ravioli with marinara sauce",154.0,7.07,5.7,18.5,1.2,vegetarian
Bacon and beef sticks,517.0,29.1,44.2,0.8,0.0,non_vegetarian
"Lamb, leg, shank half, separable lean and fat, trimmed to 1/4"" fat, choice, raw",201.0,18.58,13.49,0.0,0.0,non_vegetarian
"Pork, fresh, loin, whole, separable lean only, raw",143.0,21.43,5.66,0.0,0.0,non_vegetarian
"Pork, fresh, ground, raw",263.0,16.88,21.19,0.0,0.0,non_vegetarian
"Lettuce, leaf, green, raw",22.0463,1.09375,0.1563,4.06615,,vegan
"Beans, fava, in pod, raw",88.0,7.92,0.73,17.63,7.5,vegan
"Cheese, muenster",368.0,23.41,30.04,1.12,0.0,vegetarian
"Fruit cocktail, (peach and pineapple and pear and grape and cherry), canned, extra light syrup, solids and liquids",45.0,0.4,0.07,11.63,1.1,vegan
"Soup, vegetarian vegetable, canned, condensed",59.0,1.72,1.58,9.78,0.5,vegan
"Squash, winter, acorn, cooked, baked, without salt",56.0,1.12,0.14,14.58,4.4,vegan
"Beverages, almond milk, unsweetened, shelf stable",15.0,0.4,0.96,1.31,0.2,vegetarian
"Cauliflower, cooked, boiled, drained, with salt",23.0,1.84,0.45,4.11,2.3,vegan
"Beef, New Zealand, imported, hind shin, separable lean and fat, cooked, braised",196.0,29.82,8.5,0.07,0.0,non_vegetarian
"KFC, Fried Chicken, ORIGINAL RECIPE, Thigh, meat and skin with breading",269.0,18.9,17.73,8.46,0.0,non_vegetarian
"Chickpeas, (garbanzo beans, bengal gram), dry",382.998,21.275,6.274,60.358,,vegan
"Fast foods, biscuit, with sausage",371.0,9.67,24.42,29.99,0.4,non_vegetarian
"Mushroom, lion's mane",42.6655,2.5,0.2563,7.5897,4.376,vegan
"Lamb, leg, shank half, separable lean and fat, trimmed to 1/8"" fat, choice, cooked, roasted",217.0,26.73,11.4,0.0,0.0,non_vegetarian
"Soup, cream of mushroom, canned, condensed",79.0,1.35,5.3,6.8,0.7,vegetarian
"Chicken, broilers or fryers, dark meat, meat only, raw",125.0,20.08,4.31,0.0,0.0,non_vegetarian
"Corn pudding, home prepared",131.0,4.42,5.04,16.97,1.2,vegan
"Potatoes, scalloped, dry mix, unprepared",358.0,7.77,4.59,73.93,8.6,non_vegetarian
"Corn, sweet, white, frozen, kernels on cob, cooked, boiled, drained, without salt",94.0,3.11,0.74,22.33,2.1,vegan
"Spices, anise seed",337.0,17.6,15.9,50.02,14.6,vegan
"Yogurt, fruit, low fat, 10 grams protein per 8 ounce",102.0,4.37,1.08,19.05,0.0,vegetarian
"Beef, rib, small end (ribs 10-12), separable lean only, trimmed to 1/8"" fat, select, cooked, broiled",188.0,30.87,6.22,0.0,0.0,non_vegetarian
"Tapioca, pearl, dry",358.0,0.19,0.02,88.69,0.9,vegan
"Croissants, cheese",414.0,9.2,20.9,47.0,2.6,vegetarian
"Beef, chuck, under blade steak, boneless, separable lean only, trimmed to 0"" fat, all grades, cooked, braised",219.0,31.35,10.41,0.0,0.0,non_vegetarian
"Sausage, smoked link sausage, pork",309.0,11.98,28.23,0.94,0.0,non_vegetarian
"Fish, whitefish, dried (Alaska Native)",371.0,62.44,13.44,0.0,0.0,non_vegetarian
"Beef, chuck, under blade pot roast, boneless, separable lean only, trimmed to 0"" fat, all grades, cooked, braised",216.0,30.54,10.46,0.0,0.0,non_vegetarian
"Fast foods, english muffin, with egg, cheese, and canadian bacon",228.0,13.64,9.66,21.67,0.4,non_vegetarian
"Pork, fresh, variety meats and by-products, heart, raw",118.0,17.27,4.36,1.33,0.0,non_vegetarian
"Beef, brisket, whole, separable lean only, trimmed to 0"" fat, all grades, cooked, braised",218.0,29.75,10.08,0.0,0.0,non_vegetarian
"Babyfood, fruit, pears and pineapple, junior",44.0,0.3,0.2,11.4,2.6,vegan
"Corn, sweet, yellow, canned, no salt added, solids and liquids (Includes foods for USDA's Food Distribution Program)",61.0,1.95,0.77,13.86,1.7,vegan
"Bulgur, dry, raw",372.341,11.75625,2.421,75.88175,11.72,vegan
"Lamb, shoulder, blade, separable lean only, trimmed to 1/4"" fat, choice, raw",151.0,19.29,7.63,0.0,0.0,non_vegetarian
"Applesauce, canned, unsweetened, with added ascorbic acid",42.0,0.17,0.1,11.27,1.1,vegan
"Lamb, leg, sirloin half, separable lean only, trimmed to 1/4"" fat, choice, raw",134.0,20.55,5.08,0.0,0.0,non_vegetarian
"Beef, chuck, under blade center steak, boneless, Denver Cut, separable lean only, trimmed to 0"" fat, select, raw",157.0,19.71,8.54,0.21,0.0,non_vegetarian
"Beef, round, top round, separable lean and fat, trimmed to 1/8"" fat, select, cooked, braised",225.0,34.6,8.54,0.0,0.0,non_vegetarian
"Muffins, English, wheat",223.0,8.7,2.0,44.8,4.6,vegan
"Soymilk (all flavors), unsweetened, with added calcium, vitamins A and D",33.0,2.86,1.61,1.74,0.5,vegetarian
"Onions, raw",40.0,1.1,0.1,9.34,1.7,vegan
"Rice, brown, long grain, unenriched, raw",365.518,7.25305,3.306,76.68795,3.021,vegan
"Beans, pinto, mature seeds, canned, solids and liquids",82.0,4.6,0.56,15.18,4.6,vegan
"Cauliflower, cooked, boiled, drained, without salt",23.0,1.84,0.45,4.11,2.3,vegan
"Oil, industrial, soy, ultra low linolenic",884.0,0.0,100.0,0.0,0.0,vegan
"Brussels sprouts, frozen, cooked, boiled, drained, with salt",42.0,3.64,0.39,8.32,4.1,vegan
"Apple juice, canned or bottled, unsweetened, with added ascorbic acid",46.0,0.1,0.13,11.3,0.2,vegan
"Mushrooms, maitake, raw",31.0,1.94,0.19,6.97,2.7,vegan
"Pigeon peas (red gram), mature seeds, raw",343.0,21.7,1.49,62.78,15.0,vegan
"Caribou, shoulder meat, dried (Alaska Native)",271.0,59.38,3.67,0.0,0.0,non_vegetarian
"Seeds, sesame butter, tahini, type of kernels unspecified",592.0,17.4,53.01,21.5,4.7,vegetarian
"Oil, nutmeg butter",884.0,0.0,100.0,0.0,0.0,vegetarian
"Beef, round, full cut, separable lean and fat, trimmed to 1/8"" fat, choice, cooked, broiled",235.0,27.54,12.98,0.0,0.0,non_vegetarian
"Lamb, variety meats and by-products, mechanically separated, raw",276.0,14.97,23.54,0.0,0.0,non_vegetarian
"Milk, nonfat, fluid, without added vitamin A and vitamin D (fat free or skim)",35.0,3.37,0.18,4.86,0.0,vegetarian
"Lamb, Australian, imported, fresh, rib chop/rack roast, frenched, bone-in, separable lean and fat, trimmed to 1/8"" fat, raw",237.0,21.26,16.89,0.0,0.0,non_vegetarian
"Beef, New Zealand, imported, knuckle, cooked, fast fried",178.0,27.51,7.58,0.0,0.0,non_vegetarian
"Beef, short loin, porterhouse steak, separable lean only, trimmed to 0"" fat, select, cooked, broiled",194.0,26.89,8.81,0.0,0.0,non_vegetarian
"Wheat flour, white, tortilla mix, enriched",405.0,9.66,10.63,67.14,,vegan
"Peas and onions, frozen, cooked, boiled, drained, without salt",45.0,2.54,0.2,8.63,2.2,vegan
"Cream substitute, flavored, powdered",482.0,0.68,21.47,75.42,1.2,vegetarian
"Pork, fresh, loin, blade (chops or roasts), bone-in, separable lean and fat, raw",194.0,19.56,12.27,0.0,0.0,non_vegetarian
"Almond milk, unsweetened, plain, refrigerated",19.33,0.65625,1.558,0.67075,0.0,vegetarian
"Cheese, mexican, queso chihuahua",374.0,21.56,29.68,5.56,0.0,vegetarian
"Mothbeans, mature seeds, raw",343.0,22.94,1.61,61.52,,vegan
"Veal, variety meats and by-products, heart, cooked, braised",186.0,29.12,6.75,0.13,0.0,non_vegetarian
"Veal, leg (top round), separable lean only, cooked, pan-fried, not breaded",183.0,33.17,4.62,0.0,0.0,non_vegetarian
"Cheese, blue",353.0,21.4,28.74,2.34,0.0,vegetarian
"Beef, rib eye steak, boneless, lip-on, separable lean only, trimmed to 1/8"" fat, choice, cooked, grilled",217.0,27.3,11.97,0.0,0.0,non_vegetarian
"Soymilk, original and vanilla, unfortified",54.0,3.27,1.75,6.28,0.6,vegetarian
"Vitasoy USA Organic Nasoya, Soft Tofu",70.0,8.76,3.5,0.74,0.6,vegan
"Carrots, frozen, unprepared",37.0,0.81,0.47,7.92,3.2,vegan
"Fish, lingcod, raw",85.0,17.66,1.06,0.0,0.0,non_vegetarian
"Cookies, peanut butter, refrigerated dough, baked",503.0,9.1,27.5,57.3,1.2,vegetarian
"Bagels, plain, enriched, with calcium propionate (includes onion, poppy, sesame)",264.0,10.56,1.32,52.38,1.6,vegan
"Corn, sweet, white, canned, cream style, regular pack",74.0,1.74,0.42,18.62,1.2,vegetarian
"Olive loaf, pork",235.0,11.8,16.5,9.2,0.0,non_vegetarian
"Beverages, ARIZONA, tea, ready-to-drink, lemon",39.0,0.0,0.0,9.77,0.0,vegan
"Cake, pound, commercially prepared, butter (includes fresh and frozen)",353.0,5.0,13.96,53.64,0.6,vegetarian
"Turkey, breast, smoked, lemon pepper flavor, 97% fat-free",95.0,20.9,0.69,1.31,0.0,non_vegetarian
"Pineapple juice, frozen concentrate, unsweetened, diluted with 3 volume water",51.0,0.4,0.03,12.67,0.2,vegan
"Lamb, leg, sirloin half, separable lean and fat, trimmed to 1/4"" fat, choice, cooked, roasted",292.0,24.63,20.67,0.0,0.0,non_vegetarian
"Beef, round, top round, separable lean and fat, trimmed to 0"" fat, all grades, cooked, braised",209.0,35.62,6.31,0.0,0.0,non_vegetarian
"Babyfood, cereal, oatmeal, with honey, dry",391.0,13.5,7.0,69.3,,vegetarian
"PIZZA HUT 12"" Cheese Pizza, Hand-Tossed Crust",271.0,11.93,10.89,31.22,1.8,vegetarian
"Restaurant, family style, chicken tenders",302.0,18.88,16.63,19.29,0.9,non_vegetarian
"SUBWAY, tuna sub on white bread with lettuce and tomato",221.0,12.33,12.04,15.95,0.7,non_vegetarian
"Beans, great northern, canned, sodium added, drained and rinsed",116.834,7.03125,1.266,19.32875,,vegan
"Snacks, potato chips, plain, salted",532.0,6.39,33.98,53.83,3.1,vegan
"Rolls, hamburger or hot dog, wheat/cracked wheat",269.0,11.69,3.61,47.31,4.2,non_vegetarian
"Fish, trout, mixed species, cooked, dry heat",190.0,26.63,8.47,0.0,0.0,non_vegetarian
"Beef, loin, top sirloin petite roast, boneless, separable lean only, trimmed to 0"" fat, select, cooked, roasted",165.0,29.35,5.25,0.0,0.0,non_vegetarian
"Cheese, monterey jack, solid",391.73,22.6171,32.63,1.8979,,vegetarian
"Babyfood, fruit, tutti frutti, strained",66.0,0.4,0.3,15.48,0.6,vegan
"Nuts, macadamia nuts, dry roasted, without salt added",718.0,7.79,76.08,13.38,8.0,vegan
"Game meat, elk, round, separable lean only, cooked, broiled",156.0,30.94,2.64,0.0,0.0,non_vegetarian
"Lasagna, Vegetable, frozen, baked",139.0,6.87,6.04,14.18,1.9,vegan
"Pork, cured, ham and water product, slice, bone-in, separable lean only, heated, pan-broil",122.0,20.9,3.63,1.35,0.0,non_vegetarian
"Beef, chuck eye steak, boneless, separable lean and fat, trimmed to 0"" fat, all grades, cooked, grilled",277.0,24.98,19.64,0.0,0.0,non_vegetarian
"Chicken, broilers or fryers, wing, meat and skin, raw",191.0,17.52,12.85,0.0,0.0,non_vegetarian
"Oil, corn, industrial and retail, all purpose salad or cooking",900.0,0.0,100.0,0.0,0.0,vegan
"Salad dressing, poppyseed, creamy",399.0,0.92,33.33,23.73,0.3,vegetarian
"Beef, flank, steak, separable lean only, trimmed to 0"" fat, select, raw",137.0,21.43,5.0,0.0,0.0,non_vegetarian
"Potatoes, yellow fleshed, french fried, frozen, unprepared",162.0,2.47,5.84,25.01,2.2,vegan
"Soup, chicken noodle, dry, mix, prepared with water",23.0,0.84,0.55,3.67,0.1,non_vegetarian
"Veal, shoulder, whole (arm and blade), separable lean and fat, raw",130.0,19.27,5.28,0.0,0.0,non_vegetarian
"Babyfood, juice, apple - cherry",47.0,0.2,0.1,11.2,0.3,vegan
"Peanuts, all types, raw",567.0,25.8,49.24,16.13,8.5,vegan
"Vitasoy USA, Organic Nasoya Silken Tofu",47.0,4.8,2.5,1.4,0.3,vegan
"Flaxseed, ground",545.084,18.0359,37.28,34.3551,23.13,vegan
"Cereals ready-to-eat, POST Bran Flakes",328.0,9.9,2.1,80.5,18.3,vegan
"Beverages, carbonated, limeade, high caffeine",17.0,0.0,0.11,4.11,0.0,vegan
"Pie Crust, Cookie-type, Graham Cracker, Ready Crust",501.0,5.1,24.83,64.3,1.9,non_vegetarian
"Turkey, white, rotisserie, deli cut",112.0,13.5,3.0,7.7,0.4,non_vegetarian
"Infant formula, ABBOTT NUTRITION, SIMILAC, ALIMENTUM, ADVANCE, ready-to-feed, with ARA and DHA",67.0,1.8,3.63,6.77,0.0,vegan
"Beef, chuck, arm pot roast, separable lean only, trimmed to 1/8"" fat, all grades, raw",132.0,22.11,4.19,0.0,0.0,non_vegetarian
"Game meat, rabbit, domesticated, composite of cuts, raw",136.0,20.05,5.55,0.0,0.0,non_vegetarian
"Fruit juice smoothie, BOLTHOUSE FARMS, strawberry banana",52.0,0.44,0.3,12.37,0.6,vegan
"Beverages, OCEAN SPRAY, White Cranberry Strawberry Flavored Juice Drink",49.0,0.22,0.01,11.98,0.6,vegan
"Snacks, potato chips, fat free, salted",379.0,9.64,0.6,83.76,7.5,vegan
"Chicken, capons, giblets, raw",130.0,18.28,5.18,1.42,0.0,non_vegetarian
"Arugula, raw",25.0,2.58,0.66,3.65,1.6,vegan
"Broccoli, cooked, boiled, drained, without salt",35.0,2.38,0.41,7.18,3.3,vegan
"Fish, milkfish, cooked, dry heat",190.0,26.32,8.63,0.0,0.0,non_vegetarian
"Beef, loin, top sirloin cap steak, boneless, separable lean only, trimmed to 1/8"" fat, choice, cooked, grilled",189.0,28.19,7.96,1.07,0.0,non_vegetarian
"SILK Unsweetened, soymilk",33.0,2.88,1.65,1.65,0.4,vegetarian
"Quinoa, cooked",120.0,4.4,1.92,21.3,2.8,vegan
"Cereals, QUAKER, Instant Oatmeal, fruit and cream variety, dry",379.0,8.3,6.37,75.42,6.0,vegetarian
"Cabbage, napa, cooked",12.0,1.1,0.17,2.23,,vegan
"Beef, variety meats and by-products, heart, cooked, simmered",165.0,28.48,4.73,0.15,0.0,non_vegetarian
"Chicken, broilers or fryers, thigh, meat only, cooked, fried",218.0,28.18,10.3,1.18,0.0,non_vegetarian
"WENDY'S, Ultimate Chicken Grill Sandwich",179.0,14.73,5.0,18.88,1.1,non_vegetarian
"Beef, New Zealand, imported, rump centre, separable lean and fat, cooked, fast fried",192.0,30.01,7.96,0.0,0.0,non_vegetarian
"Rolls, hamburger, whole grain white, calcium-fortified",255.0,9.3,3.49,46.5,2.3,non_vegetarian
"Cake, white, dry mix, special dietary (includes lemon-flavored)",397.0,3.0,8.4,79.6,,vegan
"Fast foods, taco with beef, cheese and lettuce, hard shell",226.0,8.86,12.7,19.85,3.9,non_vegetarian
"Sausage, turkey, reduced fat, brown and serve, cooked",204.0,17.0,10.3,10.92,0.3,non_vegetarian
"Pork, fresh, loin, top loin (chops), boneless, separable lean and fat, cooked, broiled",196.0,26.62,9.14,0.0,0.0,non_vegetarian
"Fish, pollock, Atlantic, cooked, dry heat",118.0,24.92,1.26,0.0,0.0,non_vegetarian
"Mango, dried, sweetened",319.0,2.45,1.18,78.58,2.4,vegan
"Teff, uncooked",367.0,13.3,2.38,73.13,8.0,vegan
"Chicken, broilers or fryers, separable fat, raw",629.0,3.73,67.95,0.0,0.0,non_vegetarian
"Pork, fresh, loin, center rib (chops or roasts), bone-in, separable lean and fat, raw",186.0,20.28,11.04,0.0,0.0,non_vegetarian
"Candies, NESTLE, BUTTERFINGER Bar",459.0,5.4,18.9,72.9,2.0,vegetarian
"Nuts, chestnuts, european, dried, unpeeled",374.0,6.39,4.45,77.31,11.7,vegan
"Pork, fresh, shoulder, blade, boston (steaks), separable lean and fat, cooked, broiled",259.0,25.58,16.61,0.0,0.0,non_vegetarian
"Fast Foods, crispy chicken filet sandwich, with lettuce and mayonnaise",276.0,10.94,13.59,27.4,1.4,non_vegetarian
"Pork, Shoulder breast, boneless, separable lean and fat, cooked, broiled",162.0,28.47,4.49,0.0,0.0,non_vegetarian
"Seeds, sunflower seed butter, without salt",617.0,17.28,55.2,23.32,5.7,vegetarian
"Onions, dehydrated flakes",349.0,8.95,0.46,83.28,9.2,vegan
"Fast foods, burrito, with beans and cheese",205.0,7.35,6.05,31.23,4.2,vegetarian
"Cheese spread, cream cheese base",295.0,7.1,28.6,3.5,0.0,vegetarian
"Turkey, Ground, cooked",203.0,27.37,10.4,0.0,0.0,non_vegetarian
"Beef, chuck, mock tender steak, boneless, separable lean only, trimmed to 0"" fat, select, raw",117.0,21.22,3.53,0.0,0.0,non_vegetarian
"Squash, summer, zucchini, italian style, canned",29.0,1.03,0.11,6.85,,vegan
"Beans, white, mature seeds, canned",114.0,7.26,0.29,21.2,4.8,vegan
"Beverages, Fruit punch drink, frozen concentrate, prepared with water",46.0,0.06,0.0,11.66,0.1,vegan
"Beef, round, bottom round, roast, separable lean only, trimmed to 1/8"" fat, all grades, cooked",163.0,28.0,5.72,0.0,0.0,non_vegetarian
"Babyfood, ravioli, cheese filled, with tomato sauce",99.0,3.6,2.2,16.3,0.1,vegetarian
"Lamb, Australian, imported, fresh, leg, bottom, boneless, separable lean only, trimmed to 1/8"" fat, cooked, roasted",190.0,28.6,8.35,0.0,0.0,non_vegetarian
"Lamb, Australian, imported, fresh, leg, trotter off, bone-in, separable lean only, trimmed to 1/8"" fat, cooked, roasted",215.0,32.08,9.59,0.0,0.0,non_vegetarian
"Pork, cured, ham with natural juices, spiral slice, boneless, separable lean only, unheated",109.0,19.25,3.26,1.22,0.0,non_vegetarian
"Beef, chuck, arm pot roast, separable lean and fat, trimmed to 0"" fat, select, cooked, braised",283.0,29.23,17.56,0.0,0.0,non_vegetarian
"Snacks, candy bits, yogurt covered with vitamin C",415.0,0.0,7.5,86.9,0.2,vegetarian
"Nuts, formulated, wheat-based, unflavored, with salt added",622.0,13.82,57.7,23.68,5.2,vegan
"Beef, loin, bottom sirloin butt, tri-tip roast, separable lean only, trimmed to 0"" fat, all grades, cooked, roasted",182.0,26.75,8.34,0.0,0.0,non_vegetarian
"Apricots, dried, sulfured, stewed, without added sugar",85.0,1.2,0.18,22.15,2.6,vegan
"Snacks, popcorn, microwave, low fat",424.0,12.6,9.5,72.0,14.2,vegan
"Grapefruit juice, white, canned or bottled, unsweetened",37.0,0.55,0.7,7.59,0.2,vegan
"Pie, lemon meringue, prepared from recipe",285.0,3.8,12.9,39.1,,vegan
"Beans, snap, green, canned, no salt added, drained solids",22.0,1.12,0.46,4.32,1.9,vegan
"Turkey, retail parts, breast, meat only, with added solution, raw",111.0,21.99,2.53,0.0,0.0,non_vegetarian
"Yogurt, Greek, 2% fat, apricot, CHOBANI",93.0,7.22,1.71,12.15,0.6,vegetarian
"Pork, cured, ham -- water added, shank, bone-in, separable lean and fat, heated, roasted",200.0,18.62,13.37,1.35,0.0,non_vegetarian
"Beef, rib, whole (ribs 6-12), separable lean and fat, trimmed to 1/8"" fat, prime, cooked, broiled",386.0,21.95,32.38,0.0,0.0,non_vegetarian
"Cabbage, chinese (pe-tsai), cooked, boiled, drained, without salt",14.0,1.5,0.17,2.41,1.7,vegan
"LITTLE CAESARS 14"" Original Round Cheese Pizza, Regular Crust",265.0,13.39,9.54,31.5,1.7,vegetarian
SILK French Vanilla Creamer,133.0,0.0,6.67,20.0,0.0,vegetarian
"Chicken, broilers or fryers, breast, meat only, cooked, fried",187.0,33.44,4.71,0.51,0.0,non_vegetarian
"McDONALD'S, Fruit 'n Yogurt Parfait (without granola)",90.0,2.47,1.13,17.67,0.9,vegetarian
"Beef, chuck, short ribs, boneless, separable lean only, trimmed to 0"" fat, select, raw",161.0,20.14,8.99,0.0,0.0,non_vegetarian
"Turkey, whole, meat and skin, with added solution, raw",159.0,19.03,9.1,0.15,0.0,non_vegetarian
"Pork, cured, ham with natural juices, spiral slice, boneless, separable lean and fat, unheated",129.0,18.66,5.75,1.18,0.0,non_vegetarian
"Pork, fresh, loin, top loin (chops), boneless, separable lean only, cooked, broiled",173.0,27.58,6.08,0.0,0.0,non_vegetarian
"Grapes, american type (slip skin), raw",67.0,0.63,0.35,17.15,0.9,vegan
"Milk, nonfat, fluid, with added vitamin A and vitamin D (fat free or skim)",34.0,3.37,0.08,4.96,0.0,vegetarian
"Pork, fresh, loin, sirloin (chops), boneless, separable lean and fat, cooked, broiled",170.0,28.19,5.53,0.0,0.0,non_vegetarian
"Lamb, shoulder, blade, separable lean and fat, trimmed to 1/4"" fat, choice, cooked, roasted",281.0,22.25,20.61,0.0,0.0,non_vegetarian
"Babyfood, juice, apple and peach",43.0,0.2,0.1,10.5,0.1,vegan
"Turkey, wing, from whole bird, meat only, with added solution, roasted",127.0,26.97,2.08,0.0,0.0,non_vegetarian
"Beef, shoulder pot roast or steak, boneless, separable lean and fat, trimmed to 0"" fat, choice, raw",133.0,21.17,5.33,0.07,0.0,non_vegetarian
"Egg, white, dried, powder, stabilized, glucose reduced",376.0,82.4,0.04,4.47,0.0,vegetarian
"Bread, whole-wheat, commercially prepared, toasted",306.0,16.27,4.07,51.16,7.5,vegan
"Babyfood, cereal, oatmeal, with applesauce and bananas, strained",75.0,0.89,0.89,15.62,0.9,vegan
"Pork, fresh, loin, center rib (chops or roasts), boneless, separable lean only, raw",152.0,21.8,6.48,0.0,0.0,non_vegetarian
"Peas, edible-podded, raw",42.0,2.8,0.2,7.55,2.6,vegan
Vital wheat gluten,370.0,75.16,1.85,13.79,0.6,vegan
"Fish, tuna, skipjack, fresh, cooked, dry heat",132.0,28.21,1.29,0.0,0.0,non_vegetarian
"Pork, fresh, loin, top loin (chops), boneless, separable lean and fat, with added solution, cooked, pan-broiled",190.0,28.35,7.66,0.0,0.0,non_vegetarian
"Oil, soybean, salad or cooking",884.0,0.0,100.0,0.0,0.0,vegan
"Beef, ground, 97% lean meat / 3% fat, crumbles, cooked, pan-browned",175.0,29.46,5.46,0.0,0.0,non_vegetarian
"Pork, cured, ham -- water added, slice, bone-in, separable lean only, heated, pan-broil",131.0,22.04,4.3,1.48,0.0,non_vegetarian
"Candies, TOBLERONE, milk chocolate with honey and almond nougat",489.0,5.71,28.57,61.21,2.5,vegetarian
"Beverages, THE COCA-COLA COMPANY, NOS energy drink, Original, grape, loaded cherry, charged citrus, fortified with vitamins B6 and B12",44.0,0.0,0.0,11.25,0.0,vegan
"Babyfood, vegetable, green beans and potatoes",62.0,2.2,1.9,9.0,1.4,vegan
"Nuts, cashew nuts, raw",564.664,17.4423,38.86,36.2887,4.104,vegan
"Hummus, commercial",229.0,7.35,17.1,14.9,5.4,vegan
"Chicken, roasting, giblets, cooked, simmered",165.0,26.77,5.22,0.86,0.0,non_vegetarian
"Cereals, oats, regular and quick and instant, unenriched, cooked with water (includes boiling and microwaving), with salt",71.0,2.54,1.52,12.0,1.7,vegan
"Beef, round, bottom round, steak, separable lean and fat, trimmed to 1/8"" fat, select, raw",187.0,20.68,10.93,0.0,0.0,non_vegetarian
"Salad dressing, blue or roquefort cheese dressing, light",86.0,2.1,2.7,13.2,0.0,vegetarian
"Soup, cream of vegetable, dry, powder",446.0,8.0,24.1,52.1,3.0,vegetarian
"Lamb, loin, separable lean only, trimmed to 1/4"" fat, choice, cooked, roasted",202.0,26.59,9.76,0.0,0.0,non_vegetarian
"Rice, white, steamed, Chinese restaurant",151.0,3.2,0.27,33.88,0.9,vegan
"Chicken, stewing, meat only, cooked, stewed",237.0,30.42,11.89,0.0,0.0,non_vegetarian
"Lamb, Australian, imported, fresh, leg, center slice, bone-in, separable lean and fat, trimmed to 1/8"" fat, raw",195.0,19.17,12.56,0.0,,non_vegetarian
"Beef, loin, top loin steak, boneless, lip-on, separable lean and fat, trimmed to 1/8"" fat, select, cooked, grilled",247.0,26.92,15.44,0.0,0.0,non_vegetarian
"Babyfood, vegetable and brown rice, strained",69.0,1.9,1.5,12.1,1.1,vegan
"Beef, round, eye of round roast, boneless, separable lean only, trimmed to 0"" fat, choice, cooked, roasted",166.0,29.94,4.26,0.0,0.0,non_vegetarian
"Pork, cured, ham with natural juices, slice, bone-in, separable lean and fat, unheated",159.0,22.82,7.4,0.17,0.0,non_vegetarian
"Beef, ground, 90% lean meat / 10% fat, raw",176.0,20.0,10.0,0.0,0.0,non_vegetarian
"Beef, Australian, imported, grass-fed, loin, tenderloin steak/roast, boneless, separable lean only, raw",138.0,20.85,6.11,0.0,0.0,non_vegetarian
"Lamb, shoulder, arm, separable lean and fat, trimmed to 1/8"" fat, choice, roasted",267.0,22.93,18.75,0.0,0.0,non_vegetarian
"Soup, vegetable broth, ready to serve",5.0,0.24,0.07,0.93,0.0,vegan
"Beef, shoulder top blade steak, boneless, separable lean and fat, trimmed to 0"" fat, choice, cooked, grilled",220.0,27.51,12.26,0.0,0.0,non_vegetarian
"Crackers, matzo, egg and onion",391.0,10.0,3.9,77.1,5.0,vegetarian
"Beverages, coffee, ready to drink, milk based, sweetened",71.0,1.98,1.38,12.6,0.0,vegetarian
"Turkey, skin from whole, (light and dark), with added solution, roasted",451.0,22.15,40.31,0.0,0.0,non_vegetarian
"Fish, tuna, light, canned in water, drained solids",90.0,19.0,0.94,0.08,,non_vegetarian
"Nuts, walnuts, black, dried",619.0,24.06,59.33,9.58,6.8,vegan
"Lamb, New Zealand, imported, subcutaneous fat, cooked",674.0,5.24,72.28,0.62,0.0,non_vegetarian
"George Weston Bakeries, Brownberry Sage and Onion Stuffing Mix, dry",390.0,13.3,5.1,72.7,5.4,vegan
"Beef, chuck, under blade center steak, boneless, Denver Cut, separable lean only, trimmed to 0"" fat, choice, cooked, grilled",228.0,26.49,13.42,0.28,0.0,non_vegetarian
"Beef, round, tip round, roast, separable lean and fat, trimmed to 0"" fat, select, cooked, roasted",181.0,26.57,7.53,0.0,0.0,non_vegetarian
"Crustaceans, crab, alaska king, cooked, moist heat",97.0,19.35,1.54,0.0,0.0,non_vegetarian
"Peanut butter, chunky, vitamin and mineral fortified",593.0,26.06,51.47,17.69,5.7,vegetarian
"Babyfood, dessert, fruit dessert, without ascorbic acid, junior",63.0,0.3,0.0,17.2,0.6,vegan
"Cereals ready-to-eat, POST, GRAPE-NUTS Flakes",376.0,9.4,3.7,82.0,10.2,vegan
"Peas and onions, canned, solids and liquids",51.0,3.28,0.38,8.57,2.3,vegan
"Fast foods, submarine sandwich, meatball marinara on white bread",219.0,9.77,8.45,26.01,2.1,non_vegetarian
SILK Black Cherry soy yogurt,88.0,2.35,1.18,17.06,0.6,vegetarian
"Chicken, ground, raw",143.0,17.44,8.1,0.04,0.0,non_vegetarian
"Soup, bean & ham, canned, reduced sodium, prepared with water or ready-to-serve",81.0,4.19,1.03,13.66,4.0,non_vegetarian
"Squash, winter, butternut, frozen, unprepared",57.0,1.76,0.1,14.41,1.3,vegetarian
"Beef, Australian, imported, Wagyu, loin, top loin steak/roast, boneless, separable lean only, Aust. marble score 9, raw",331.0,16.92,29.15,0.13,0.0,non_vegetarian
"Beef, chuck eye steak, boneless, separable lean only, trimmed to 0"" fat, all grades, cooked, grilled",209.0,27.94,10.79,0.0,0.0,non_vegetarian
"Chicken, roasting, meat and skin and giblets and neck, raw",213.0,17.09,15.46,0.09,0.0,non_vegetarian
"Beef, brisket, flat half, separable lean only, trimmed to 1/8"" fat, all grades, raw",127.0,21.57,3.84,0.0,0.0,non_vegetarian
"Babyfood, dinner, vegetables chicken, strained",59.0,2.47,1.73,8.42,2.1,non_vegetarian
"Veal, loin, separable lean only, cooked, roasted",175.0,26.32,6.94,0.0,0.0,non_vegetarian
"Seeds, sunflower seed kernels, oil roasted, without salt",592.0,20.06,51.3,22.89,10.6,vegan
"CARRABBA'S ITALIAN GRILL, chicken parmesan without cavatappi pasta",206.0,19.0,10.95,7.8,0.9,non_vegetarian
"Chicken, broilers or fryers, giblets, cooked, fried",277.0,32.54,13.46,4.35,0.0,non_vegetarian
"Shortening, household, lard and vegetable oil",900.0,0.0,100.0,0.0,0.0,non_vegetarian
"Restaurant, Mexican, cheese quesadilla",368.0,15.93,23.08,24.11,1.7,vegetarian
"Milk, whole, 3.25% milkfat, with added vitamin D",61.0,3.15,3.25,4.8,0.0,vegetarian
"Fish, catfish, farm raised, raw",129.1124,16.46875,7.308,0.0,,non_vegetarian
"Beef, chuck eye Country-Style ribs, boneless, separable lean and fat, trimmed to 0"" fat, all grades, cooked, braised",296.0,27.69,20.55,0.0,0.0,non_vegetarian
"Whey, acid, dried",339.0,11.73,0.54,73.45,0.0,vegetarian
"Soup, beef noodle, canned, prepared with equal volume water",34.0,1.93,1.23,3.58,0.3,non_vegetarian
"Ruby Red grapefruit juice blend (grapefruit, grape, apple), OCEAN SPRAY, bottled, with added vitamin C",44.0,0.5,0.1,10.53,0.2,vegan
"Beef, round, top round steak, boneless, separable lean only, trimmed to 0"" fat, select, cooked, grilled",158.0,29.81,3.37,0.0,0.0,non_vegetarian
"Pie, coconut custard, commercially prepared",260.0,5.9,13.2,30.2,1.8,vegetarian
"Tofu, hard, prepared with nigari",145.0,12.68,9.99,4.39,0.6,vegan
"Beef, rib eye steak, bone-in, lip-on, separable lean and fat, trimmed to 1/8"" fat, select, cooked, grilled",304.0,23.19,23.47,0.0,0.0,non_vegetarian
"Candies, MARS SNACKFOOD US, M&M's Peanut Chocolate Candies",515.0,9.57,26.13,60.48,3.7,vegan
"Milk, lowfat, fluid, 1% milkfat, protein fortified, with added vitamin A and vitamin D",48.0,3.93,1.17,5.52,0.0,vegetarian
"Cheese, american cheddar, imitation",239.0,16.7,14.0,11.6,0.0,vegetarian
"Nuts, mixed nuts, dry roasted, with peanuts, without salt added",607.0,19.5,53.5,22.42,6.4,vegan
"Veal, shoulder, blade chop, separable lean only, raw",110.0,19.6,2.88,0.0,0.0,non_vegetarian
"Fish, wolffish, Atlantic, raw",96.0,17.5,2.39,0.0,0.0,non_vegetarian
"Beef, round, bottom round, roast, separable lean and fat, trimmed to 1/8"" fat, choice, cooked, roasted",223.0,26.05,12.44,0.0,0.0,non_vegetarian
"Muffins, English, raisin-cinnamon, toasted (includes apple-cinnamon)",276.0,8.87,2.21,55.04,3.0,vegan
"Lettuce, red leaf, raw",13.0,1.33,0.22,2.26,0.9,vegan
"Beans, kidney, all types, mature seeds, canned",84.0,5.22,0.6,14.5,4.3,non_vegetarian
"Tomatoes, red, ripe, canned, packed in tomato juice",16.0,0.79,0.25,3.47,1.9,vegan
"Beef, top loin petite roast/filet, boneless, separable lean and fat, trimmed to 1/8"" fat, all grades, raw",187.0,21.1,11.3,0.3,0.0,non_vegetarian
"Potatoes, french fried, shoestring, salt added in processing, frozen, as purchased",163.0,2.16,6.24,25.59,2.3,vegan
"Flan, caramel custard, dry mix, prepared with whole milk",113.0,2.95,3.0,18.68,0.0,vegetarian
"Frostings, glaze, chocolate, prepared-from-recipe, with butter, NFSMI Recipe No. C-32",359.0,1.42,7.17,72.18,1.1,vegetarian
"Vitasoy USA Azumaya, Extra Firm Tofu",88.0,10.07,4.6,1.53,0.9,vegan
"Peas, green, canned, seasoned, solids and liquids",50.0,3.09,0.27,9.25,2.0,vegan
"Oil, industrial, soy (partially hydrogenated), multiuse for non-dairy butter flavor",884.0,0.0,100.0,0.0,0.0,vegetarian
"Babyfood, dinner, pasta with vegetables",60.0,1.7,2.1,8.4,1.5,vegan
"Fish, salmon, chum, cooked, dry heat",154.0,25.82,4.83,0.0,0.0,non_vegetarian
"Beans, kidney, mature seeds, sprouted, cooked, boiled, drained, with salt",33.0,4.83,0.58,4.72,,non_vegetarian
"Salad Dressing, mayonnaise-like, fat-free",84.0,0.2,2.7,15.5,1.9,vegetarian
"Beef, rib, back ribs, bone-in, separable lean and fat, trimmed to 0"" fat, all grades, raw",324.0,16.15,28.42,0.78,0.0,non_vegetarian
"Cheese, provolone, reduced fat",274.0,24.7,17.6,3.5,0.0,vegetarian
"Wheat flour, white, all-purpose, unenriched",364.0,10.33,0.98,76.31,2.7,vegan
"Lamb, Australian, imported, fresh, leg, hindshank, heel on, bone-in, separable lean and fat, trimmed to 1/8"" fat, raw",196.0,20.58,12.68,0.0,0.0,non_vegetarian
"Corn, sweet, yellow, canned, brine pack, regular pack, solids and liquids",61.0,1.95,0.77,13.86,1.7,vegan
"Chicken, broilers or fryers, meat and skin, raw",215.0,18.6,15.06,0.0,0.0,non_vegetarian
"SILK Plus Fiber, soymilk",41.0,2.47,1.44,5.76,2.1,vegetarian
"Turnip greens, cooked, boiled, drained, without salt",20.0,1.14,0.23,4.36,3.5,vegan
"Chickpeas (garbanzo beans, bengal gram), mature seeds, raw",378.0,20.47,6.04,62.95,12.2,vegan
"Game meat, deer, ground, raw",157.0,21.78,7.13,0.0,0.0,non_vegetarian
"Pork, cured, ham and water product, rump, bone-in, separable lean and fat, heated, roasted",186.0,19.46,11.48,1.15,0.0,non_vegetarian
"Puddings, vanilla, dry mix, instant, prepared with whole milk",114.0,2.7,2.9,19.7,0.0,vegetarian
"Cream substitute, powdered",529.0,2.48,32.92,59.29,0.0,vegetarian
"Lamb, Australian, imported, fresh, leg, center slice, bone-in, separable lean and fat, trimmed to 1/8"" fat, cooked, broiled",215.0,25.54,11.78,0.0,,non_vegetarian
"Cheese, camembert",300.0,19.8,24.26,0.46,0.0,vegetarian
"Pork, cured, ham with natural juices, rump, bone-in, separable lean and fat, unheated",200.0,19.7,13.26,0.43,0.0,non_vegetarian
"Cake, pineapple upside-down, prepared from recipe",319.0,3.5,12.1,50.5,0.8,vegan
"Cookies, oatmeal, commercially prepared, special dietary",449.0,4.8,18.0,69.9,2.9,vegan
"Beef, short loin, t-bone steak, separable lean only, trimmed to 0"" fat, choice, cooked, broiled",198.0,25.98,9.61,0.0,0.0,non_vegetarian
"Peas and carrots, frozen, cooked, boiled, drained, without salt",48.0,3.09,0.42,10.12,3.1,vegan
"Liver cheese, pork",304.0,15.2,25.6,2.1,0.0,non_vegetarian
"CRACKER BARREL, chicken tenderloin platter, fried, from kid's menu",294.0,18.67,15.41,20.24,1.0,non_vegetarian
"Jams and preserves, apricot",242.0,0.7,0.2,64.4,0.3,vegan
"Soup, chicken with rice, canned, condensed",68.0,1.84,1.56,11.57,0.9,non_vegetarian
"Beef, rib, whole (ribs 6-12), separable lean and fat, trimmed to 1/8"" fat, prime, cooked, roasted",400.0,22.57,33.7,0.0,0.0,non_vegetarian
"Beans, adzuki, mature seeds, canned, sweetened",237.0,3.8,0.03,55.01,,vegan
"Beans, pinto, immature seeds, frozen, cooked, boiled, drained, with salt",162.0,9.31,0.48,30.87,5.4,vegan
"Pasta, cooked, enriched, with added salt",157.0,5.8,0.93,30.59,1.8,vegan
"Beef, ground, 85% lean meat / 15% fat, patty, cooked, broiled",250.0,25.93,15.41,0.0,0.0,non_vegetarian
"Eggs, scrambled, frozen mixture",131.0,13.1,5.6,7.5,0.0,vegetarian
"Beef, round, knuckle, tip side, steak, separable lean and fat, trimmed to 0"" fat, select, cooked, grilled",160.0,29.24,3.91,0.0,0.0,non_vegetarian
"Cookies, marshmallow, with rice cereal and chocolate chips",435.0,4.55,18.18,63.26,0.0,vegan
"Veal, composite of trimmed retail cuts, separable lean and fat, raw",144.0,19.35,6.77,0.0,0.0,non_vegetarian
"Beverages, Malted drink mix, chocolate, with added nutrients, powder, prepared with whole milk",87.0,3.29,3.26,11.19,0.4,vegetarian
"Babyfood, cereal, barley, prepared with whole milk",84.0,3.73,3.26,9.94,0.6,vegetarian
"Beef, flank, steak, separable lean only, trimmed to 0"" fat, choice, cooked, braised",237.0,28.02,13.0,0.0,0.0,non_vegetarian
"Beef, round, top round steak, boneless, separable lean only, trimmed to 0"" fat, choice, cooked, grilled",166.0,30.24,4.11,0.0,0.0,non_vegetarian
SILK Original Creamer,100.0,0.0,6.67,6.67,0.0,vegetarian
"Barley, pearled, cooked",123.0,2.26,0.44,28.22,3.8,vegan
"Turkey, drumstick, from whole bird, meat only, roasted",139.0,30.13,2.08,0.0,0.0,non_vegetarian
"Beverages, chocolate drink, milk and soy based, ready to drink, fortified",101.0,4.22,1.69,17.3,1.3,vegetarian
"Beverages, tea, black, ready-to-drink, lemon, sweetened",45.0,0.0,0.22,10.8,0.0,vegan
"PAPA JOHN'S 14"" Cheese Pizza, Original Crust",260.0,11.53,9.25,32.74,1.9,vegetarian
"Plums, dried (prunes), uncooked",240.0,2.18,0.38,63.88,7.1,vegan
"Beef, chuck, short ribs, boneless, separable lean and fat, trimmed to 0"" fat, choice, cooked, braised",317.0,25.26,24.05,0.0,0.0,non_vegetarian
"Babyfood, crackers, vegetable",477.0,8.4,19.6,66.85,4.0,vegan
"LITTLE CAESARS 14"" Original Round Meat and Vegetable Pizza, Regular Crust",243.0,12.12,11.35,23.1,2.1,non_vegetarian
"SMART SOUP, Santa Fe Corn Chowder",55.0,2.0,0.71,11.2,2.0,vegan
"Rye flour, dark",325.0,15.91,2.22,68.63,23.8,vegan
"Pork, fresh, loin, top loin (chops), boneless, separable lean only, with added solution, cooked, pan-broiled",169.0,28.95,5.0,0.0,0.0,non_vegetarian
"Potatoes, au gratin, dry mix, prepared with water, whole milk and butter",93.0,2.3,4.12,12.84,0.9,vegetarian
"Fish, sucker, white, raw",92.0,16.76,2.32,0.0,0.0,non_vegetarian
"Bamboo shoots, raw",27.0,2.6,0.3,5.2,2.2,vegan
"Nuts, almonds, dry roasted, without salt added",598.0,20.96,52.54,21.01,10.9,vegan
"Beef, Australian, imported, Wagyu, external fat, Aust. marble score 9, raw",639.0,5.54,68.07,0.97,0.0,non_vegetarian
"Sausage, meatless",255.0,20.28,18.16,8.09,2.8,non_vegetarian
"Crustaceans, crab, dungeness, raw",86.0,17.41,0.97,0.74,0.0,non_vegetarian
"Beef, rib, whole (ribs 6-12), separable lean and fat, trimmed to 1/8"" fat, all grades, cooked, broiled",337.0,22.42,26.75,0.0,0.0,non_vegetarian
"Snacks, corn-based, extruded, cones, plain",510.0,5.8,26.9,62.9,1.1,vegan
"Fish, haddock, cooked, dry heat",90.0,19.99,0.55,0.0,0.0,non_vegetarian
"Pork, cured, ham and water product, slice, bone-in, separable lean and fat, unheated",149.0,13.69,9.29,2.72,0.0,non_vegetarian
"Snacks, popcorn, air-popped (Unsalted)",382.0,12.0,4.2,77.9,15.1,vegan
"Beef, chuck eye roast, boneless, America's Beef Roast, separable lean only, trimmed to 0"" fat, select, cooked, roasted",172.0,27.02,7.12,0.0,0.0,non_vegetarian
"Chicken, broilers or fryers, skin only, cooked, fried, flour",502.0,19.09,42.58,9.34,,non_vegetarian
"Cereals, whole wheat hot natural cereal, cooked with water, with salt",62.0,2.0,0.4,13.7,1.6,vegan
"Fast Food, Pizza Chain, 14"" pizza, sausage topping, thin crust",321.0,13.36,17.71,27.0,2.5,non_vegetarian
"Pork, fresh, loin, top loin (roasts), boneless, separable lean and fat, raw",166.0,21.34,8.33,0.0,0.0,non_vegetarian
"Beans, snap, green, frozen, cooked, boiled, drained, with salt",28.0,1.49,0.17,6.45,3.0,vegan
"Crackers, cheese, whole grain",412.0,9.62,16.03,57.29,6.4,vegetarian
SILK Raspberry soy yogurt,88.0,2.35,1.18,17.65,0.6,vegetarian
"Beans, navy, mature seeds, canned",113.0,7.53,0.43,20.45,5.1,vegan
"Cornmeal, whole-grain, yellow",362.0,8.12,3.59,76.89,7.3,vegan
"Yogurt, Greek, nonfat, strawberry, DANNON OIKOS",84.0,8.03,0.22,12.53,0.4,vegetarian
"Yogurt, vanilla or lemon flavor, nonfat milk, sweetened with low-calorie sweetener, fortified with vitamin D",43.0,3.86,0.18,7.5,0.0,vegetarian
"Oil, industrial, soy (partially hydrogenated), principal uses popcorn and flavoring vegetables",884.0,0.0,100.0,0.0,0.0,vegan
"Rye flour, light",357.0,9.82,1.33,76.68,8.0,vegan
"Beef, rib eye steak/roast, boneless, lip-on, separable lean only, trimmed to 1/8"" fat, all grades, raw",156.0,21.99,7.54,0.0,0.0,non_vegetarian
"Beef, brisket, flat half, separable lean and fat, trimmed to 1/8"" fat, choice, cooked, braised",298.0,28.66,19.47,0.0,0.0,non_vegetarian
"Veal, variety meats and by-products, pancreas, cooked, braised",256.0,29.1,14.6,0.0,0.0,non_vegetarian
"Beef, shank crosscuts, separable lean only, trimmed to 1/4"" fat, choice, raw",128.0,21.75,3.85,0.0,0.0,non_vegetarian
"TACO BELL, Bean Burrito",209.0,7.35,6.05,31.23,4.2,vegan
"Peaches, frozen, sliced, sweetened",94.0,0.63,0.13,23.98,1.8,vegan
"Beef, bottom sirloin, tri-tip roast, separable lean only, trimmed to 0"" fat, choice, cooked, roasted",193.0,26.34,9.73,0.0,0.0,non_vegetarian
"Lamb, New Zealand, imported, rack - partly frenched, separable lean and fat, raw",240.0,18.12,18.52,0.13,0.0,non_vegetarian
"Pork, fresh, loin, blade (roasts), boneless, separable lean and fat, cooked, roasted",199.0,26.48,10.32,0.0,0.0,non_vegetarian
"Turnips, raw",33.9816,0.953125,0.1188,7.274975,1.915,vegan
"Squid (calamari), frozen, tubes only",43.9108,8.80625,0.5508,0.93215,,non_vegetarian
"Alcoholic beverage, rice (sake)",134.0,0.5,0.0,5.0,0.0,vegan
"Pheasant, leg, meat only, raw",134.0,22.2,4.3,0.0,0.0,non_vegetarian
"Beef, tenderloin, steak, separable lean and fat, trimmed to 1/8"" fat, prime, cooked, broiled",308.0,25.26,22.21,0.0,0.0,non_vegetarian
"Beans, black, mature seeds, cooked, boiled, with salt",132.0,8.86,0.54,23.71,8.7,vegan
"Fish, haddock, raw",74.0,16.32,0.45,0.0,0.0,non_vegetarian
"Beef, variety meats and by-products, brain, cooked, pan-fried",196.0,12.57,15.83,0.0,0.0,non_vegetarian
"SMART SOUP, Moroccan Chick Pea",51.0,2.0,1.06,9.7,3.1,vegan
"Beverages, Meal supplement drink, canned, peanut flavor",101.0,3.5,3.07,14.74,,vegan
"Cereals, QUAKER, oatmeal, REAL MEDLEYS, apple walnut, dry",390.0,8.18,10.36,70.53,7.0,vegan
"Pork, cured, bacon, unprepared",393.0,13.66,37.13,0.0,0.0,non_vegetarian
"Lamb, New Zealand, imported, frozen, shoulder, whole (arm and blade), separable lean and fat, trimmed to 1/8"" fat, raw",251.0,17.19,19.74,0.0,0.0,non_vegetarian
"Nuts, almonds, oil roasted, with salt added",607.0,21.23,55.17,17.68,10.5,vegan
"Lamb, New Zealand, imported, frozen, composite of trimmed retail cuts, separable lean and fat, trimmed to 1/8"" fat, raw",232.0,17.95,17.2,0.0,0.0,non_vegetarian
"Yogurt, fruit, low fat, 10 grams protein per 8 ounce, fortified with vitamin D",102.0,4.37,1.08,19.05,0.0,vegetarian
"Soymilk, chocolate, with added calcium, vitamins A and D",63.0,2.26,1.53,9.95,0.4,vegetarian
"Apples, raw, with skin (Includes foods for USDA's Food Distribution Program)",52.0,0.26,0.17,13.81,2.4,vegan
"Pickles, cucumber, sweet (includes bread and butter pickles)",91.0,0.58,0.41,21.15,1.0,vegetarian
"Beef, rib eye steak/roast, boneless, lip-on, separable lean and fat, trimmed to 1/8"" fat, select, raw",230.0,19.55,16.9,0.0,0.0,non_vegetarian
"Snacks, granola bars, soft, uncoated, nut and raisin",454.0,8.0,20.4,63.6,5.6,vegan
"Bread, wheat",274.0,10.67,4.53,47.54,4.0,vegan
"Chicken, broiler, rotisserie, BBQ, thigh, meat and skin",226.0,22.51,15.08,0.12,0.0,non_vegetarian
"Fish, sardine, Atlantic, canned in oil, drained solids with bone",208.0,24.62,11.45,0.0,0.0,non_vegetarian
"Grapefruit, raw, pink and red, Florida",30.0,0.55,0.1,7.5,1.1,vegan
"Beverages, fruit juice drink, greater than 3% juice, high vitamin C",46.0,0.13,0.11,11.35,0.1,vegan
"Candies, ALMOND JOY Candy Bar",479.0,4.13,26.93,59.51,5.0,vegan
"Soup, cream of mushroom, canned, prepared with equal volume water",39.0,0.66,2.59,3.33,0.3,vegetarian
"Fish, cisco, raw",98.0,18.99,1.91,0.0,0.0,non_vegetarian
"Mushrooms, brown, italian, or crimini, raw",22.0,2.5,0.1,4.3,0.6,vegan
"McDONALD'S, Double Cheeseburger",282.0,15.5,16.09,18.79,0.8,vegetarian
"Peanuts, raw",588.332,23.205,43.28,26.498,8.014,vegan
"Pork, fresh, variety meats and by-products, brain, cooked, braised",138.0,12.14,9.51,0.0,0.0,non_vegetarian
"Macaroni or noodles with cheese, microwaveable, unprepared",388.0,11.48,6.56,70.75,1.6,vegetarian
"Yogurt, vanilla, low fat.",85.0,4.93,1.25,13.8,0.0,vegetarian
"Bread, white wheat",238.0,10.66,2.15,43.91,9.2,vegan
"Lamb, New Zealand, imported, sweetbread, raw",72.0,11.0,3.16,0.0,0.0,non_vegetarian
"Veal, shoulder, arm, separable lean and fat, raw",132.0,19.34,5.44,0.0,0.0,non_vegetarian
"Beef, shoulder pot roast, boneless, separable lean only, trimmed to 0"" fat, all grades, cooked, braised",196.0,31.48,7.78,0.0,0.0,non_vegetarian
"Mother's loaf, pork",282.0,12.07,22.3,7.53,0.0,non_vegetarian
"Babyfood, oatmeal cereal with fruit, dry, instant, toddler fortified",402.0,10.5,7.05,74.1,7.8,vegan
"Mollusks, octopus, common, raw",82.0,14.91,1.04,2.2,0.0,non_vegetarian
"Nuts, coconut cream, canned, sweetened",357.0,1.17,16.31,53.21,0.2,vegetarian
"Beef, round, eye of round roast, boneless, separable lean and fat, trimmed to 0"" fat, select, raw",120.0,23.28,3.0,0.0,0.0,non_vegetarian
"Goose, domesticated, meat and skin, raw",371.0,15.86,33.62,0.0,0.0,non_vegetarian
"Fast foods, nachos, with cheese",343.0,4.32,21.5,34.91,3.2,vegetarian
"Cheese, Swiss, nonfat or fat free",127.0,28.4,0.0,3.4,0.0,vegetarian
"Salad dressing, KRAFT Mayo Light Mayonnaise",334.0,0.6,32.9,8.5,0.1,vegetarian
"Pizza, meat topping, thick crust, frozen, cooked",274.0,11.76,11.52,30.76,2.3,non_vegetarian
"Oat bran, cooked",40.0,3.21,0.86,11.44,2.6,vegan
"Fruit salad, (peach and pear and apricot and pineapple and cherry), canned, juice pack, solids and liquids",50.0,0.51,0.03,13.05,1.0,vegan
"Beef, chuck, under blade center steak, boneless, Denver Cut, separable lean only, trimmed to 0"" fat, select, cooked, grilled",209.0,26.53,11.46,0.0,0.0,non_vegetarian
"Squash, winter, butternut, cooked, baked, without salt",40.0,0.9,0.09,10.49,3.2,vegetarian
"Lamb, New Zealand, imported, loin saddle, separable lean and fat, raw",273.0,16.56,22.9,0.2,0.0,non_vegetarian
"Cereals ready-to-eat, QUAKER, CAP'N CRUNCH'S PEANUT BUTTER CRUNCH",417.0,7.1,9.23,78.65,2.7,vegetarian
"Soybeans, mature seeds, roasted, no salt added",469.0,38.55,25.4,30.22,17.7,vegan
"Fish, devilfish, meat (Alaska Native)",97.0,11.7,5.3,0.0,,non_vegetarian
"Turkey, whole, skin (light and dark), raw",407.0,12.96,38.93,0.16,0.0,non_vegetarian
"Beef, Australian, imported, Wagyu, loin, tenderloin steak/roast, boneless, separable lean and fat, Aust. marble score 4/5, raw",206.0,19.71,14.09,0.0,0.0,non_vegetarian
"Beef, round, top round, separable lean and fat, trimmed to 1/8"" fat, prime, raw",173.0,22.24,8.67,0.0,0.0,non_vegetarian
"Chicken, stewing, meat and skin, cooked, stewed",285.0,26.88,18.87,0.0,0.0,non_vegetarian
"Candies, milk chocolate, with rice cereal",511.0,7.64,29.37,59.67,3.3,vegetarian
"Soup, vegetable with beef broth, canned, condensed",66.0,2.42,1.56,10.7,1.3,non_vegetarian
"SUBWAY, oven roasted chicken sub on white bread with lettuce and tomato",157.0,10.84,3.15,21.35,1.2,non_vegetarian
"Fish, salmon, sockeye, wild caught, raw",129.984,22.3,4.936,0.0,,non_vegetarian
"Lamb, Australian, imported, fresh, rib chop, frenched, bone-in, separable lean and fat, trimmed to 1/8"" fat, cooked, grilled",305.0,28.48,21.2,0.0,0.0,non_vegetarian
"Milk, chocolate, fluid, commercial, whole, with added vitamin A and vitamin D",83.0,3.17,3.39,10.34,0.8,vegetarian
"Cookies, butter, commercially prepared, enriched",467.0,6.1,18.8,68.9,0.8,vegetarian
"Babyfood, juice, orange-carrot",43.0,0.5,0.1,9.9,0.4,vegan
"Babyfood, peas, dices, toddler",64.0,3.9,0.8,10.3,3.9,vegan
"Pancakes, blueberry, prepared from recipe",222.0,6.1,9.2,29.0,,vegan
"Beef, loin, top sirloin cap steak, boneless, separable lean and fat, trimmed to 1/8"" fat, all grades, raw",191.0,19.9,12.4,0.0,0.0,non_vegetarian
"Lamb, Australian, imported, fresh, leg, sirloin half, boneless, separable lean and fat, trimmed to 1/8"" fat, raw",254.0,17.25,20.0,0.0,,non_vegetarian
"Fast foods, cheeseburger; single, large patty; with condiments",269.0,15.21,14.4,19.72,1.2,vegetarian
"Nuts, macadamia nuts, raw",711.89,7.7857,64.93,24.0943,7.563,vegan
"Beef, round, eye of round roast, boneless, separable lean only, trimmed to 0"" fat, all grades, cooked, roasted",163.0,29.85,3.9,0.0,0.0,non_vegetarian
"Peanuts, spanish, raw",570.0,26.15,49.6,15.83,9.5,vegan
"Stew, pinto bean and hominy, badufsuki (Hopi)",32.0,1.42,0.54,5.38,1.5,vegan
"Lamb, variety meats and by-products, brain, cooked, pan-fried",273.0,16.97,22.19,0.0,0.0,non_vegetarian
"Chicken patty, frozen, cooked",287.0,14.85,19.58,12.84,0.3,non_vegetarian
"Spices, caraway seed",333.0,19.77,14.59,49.9,38.0,vegan
"Frankfurter, meat and poultry, low fat",121.0,15.5,2.8,8.4,0.1,non_vegetarian
"Beef, chuck eye steak, boneless, separable lean and fat, trimmed to 0"" fat, choice, raw",227.0,18.86,16.85,0.0,0.0,non_vegetarian
"Pineapple juice, canned or bottled, unsweetened, with added ascorbic acid",53.0,0.36,0.12,12.87,0.2,vegan
"Veal, Australian, shank, hind, bone-in, separable lean and fat, raw",144.0,19.78,7.2,0.0,0.0,non_vegetarian
"Lamb, New Zealand, imported, rack - fully frenched, separable lean and fat, raw",169.0,19.88,9.96,0.05,0.0,non_vegetarian
"MORI-NU, Tofu, silken, lite extra firm",38.0,7.0,0.7,1.0,0.0,vegan
"Guava nectar, canned, with added ascorbic acid",63.0,0.09,0.06,16.25,1.0,vegan
"Toaster pastries, fruit (includes apple, blueberry, cherry, strawberry)",388.0,4.2,9.95,70.32,1.0,vegan
"Beef, ribeye filet, boneless, separable lean only, trimmed to 0"" fat, all grades, cooked, grilled",199.0,28.77,9.2,0.17,0.0,non_vegetarian
"Taquitos, frozen, chicken and cheese, oven-heated",284.0,9.21,12.54,33.63,2.9,non_vegetarian
"Beef, short loin, porterhouse steak, separable lean and fat, trimmed to 0"" fat, USDA select, cooked, broiled",267.0,24.47,17.98,0.0,0.0,non_vegetarian
"Beef, New Zealand, imported, striploin, separable lean only, raw",150.0,20.93,7.0,0.74,0.0,non_vegetarian
"Babyfood, peaches, dices, toddler",51.0,0.5,0.2,11.8,0.8,vegan
"Macaroni and cheese, box mix with cheese sauce, prepared",164.0,6.68,4.99,23.1,1.2,vegetarian
"Nuts, brazilnuts, raw",663.586,15.03684,57.43,21.64216,5.984,vegan
"Wocas, dried seeds, Oregon, yellow pond lily (Klamath)",361.0,7.9,1.07,80.02,19.2,vegan
"Candies, MARS SNACKFOOD US, M&M's MINIs Milk Chocolate Candies",502.0,4.78,23.36,68.4,2.7,vegetarian
"Snacks, rice cakes, brown rice, corn",385.0,8.4,3.2,81.2,2.9,vegan
"Beef, round, eye of round roast, boneless, separable lean only, trimmed to 0"" fat, select, cooked, roasted",157.0,29.52,3.43,0.0,0.0,non_vegetarian
"Turkey, dark meat from whole, meat only, with added solution, raw",115.0,19.27,4.12,0.1,0.0,non_vegetarian
"Potatoes, french fried, all types, salt not added in processing, frozen, oven-heated",168.0,2.66,5.22,28.71,2.6,vegan
"Pie fillings, cherry, low calorie",53.0,0.82,0.16,11.98,1.2,vegan
"Bread, oatmeal",269.0,8.4,4.4,48.5,4.0,vegan
"Fast foods, potato, mashed",89.0,1.65,2.82,14.65,1.3,vegan
"Pancakes, plain, dry mix, incomplete (includes buttermilk)",355.0,10.0,1.7,73.6,5.4,vegetarian
"Beef, brisket, flat half, separable lean only, trimmed to 0"" fat, choice, cooked, braised",212.0,32.62,8.07,0.0,0.0,non_vegetarian
"Cheese, cottage, lowfat, 2% milkfat",81.0,10.45,2.27,4.76,0.0,vegetarian
"Lentils, sprouted, raw",106.0,8.96,0.55,22.14,,vegan
"Babyfood, cereal, oatmeal, prepared with whole milk",116.0,5.0,4.1,15.3,1.1,vegetarian
"Lamb, New Zealand, imported, flap, boneless, separable lean only, cooked, braised",234.0,27.88,13.6,0.0,0.0,non_vegetarian
"Pork, fresh, composite of trimmed retail cuts (leg, loin, and shoulder), separable lean only, cooked",201.0,27.51,9.21,0.0,0.0,non_vegetarian
"Mushrooms, enoki, raw",37.0,2.66,0.29,7.81,2.7,vegan
"Chicken, capons, meat and skin, raw",234.0,18.77,17.07,0.0,0.0,non_vegetarian
"Snacks, potato chips, plain, made with partially hydrogenated soybean oil, salted",536.0,7.0,34.6,52.9,4.8,vegan
"Lettuce, cos or romaine, raw",17.0,1.24,0.26,3.24,1.8,vegan
"Corn flour, whole-grain, yellow",361.0,6.93,3.86,76.85,7.3,vegan
"Bread, cheese",408.0,10.42,20.83,44.83,2.1,vegetarian
"Sausage, egg and cheese breakfast biscuit",324.0,9.54,22.13,21.57,2.0,non_vegetarian
"Beef, shoulder top blade steak, boneless, separable lean only, trimmed to 0"" fat, all grades, raw",139.0,20.36,6.42,0.0,0.0,non_vegetarian
"Beef, top sirloin, steak, separable lean and fat, trimmed to 1/8"" fat, choice, cooked, pan-fried",313.0,28.77,21.06,0.0,0.0,non_vegetarian
"Lettuce, green leaf, raw",15.0,1.36,0.15,2.87,1.3,vegan
"Nuts, coconut milk, frozen (liquid expressed from grated meat and water)",202.0,1.61,20.8,5.58,,non_vegetarian
"Lamb, New Zealand, imported, flap, boneless, separable lean only, raw",180.0,21.72,10.31,0.0,0.0,non_vegetarian
"Yogurt, Greek, 2% fat, pineapple, CHOBANI",94.0,7.05,1.82,12.27,0.7,vegetarian
Chocolate-flavored hazelnut spread,539.0,5.41,29.73,62.36,5.4,vegan
"Puddings, chocolate, dry mix, instant, prepared with 2% milk",105.0,3.15,1.92,18.89,0.4,vegetarian
"Beef, tenderloin, steak, separable lean only, trimmed to 1/8"" fat, all grades, cooked, broiled",200.0,29.04,8.39,0.0,0.0,non_vegetarian
"Pineapple juice, frozen concentrate, unsweetened, undiluted",179.0,1.3,0.1,44.3,0.7,vegan
"Beets, harvard, canned, solids and liquids",73.0,0.84,0.06,18.18,2.5,vegan
"Turkey thigh, pre-basted, meat and skin, cooked, roasted",157.0,18.8,8.54,0.0,0.0,non_vegetarian
"Beverages, lemonade, frozen concentrate, pink, prepared with water",43.0,0.05,0.15,10.81,0.1,vegan
"Beef, chuck, arm pot roast, separable lean and fat, trimmed to 1/8"" fat, select, cooked, braised",295.0,30.05,18.5,0.0,0.0,non_vegetarian
"Pork, fresh, shoulder, (Boston butt), blade (steaks), separable lean and fat, cooked, braised",267.0,25.07,17.69,0.0,0.0,non_vegetarian
"Sweet Potatoes, french fried, crosscut, frozen, unprepared",209.0,1.7,11.1,25.52,3.4,vegan
"Oil, soybean, salad or cooking, (partially hydrogenated)",884.0,0.0,100.0,0.0,0.0,vegan
"Fast foods, submarine sandwich, turkey breast on white bread with lettuce and tomato",147.0,9.12,2.31,22.42,1.3,non_vegetarian
"Vitasoy USA Organic Nasoya Sprouted, Tofu Plus Super Firm",115.0,13.24,5.9,2.16,1.2,vegan
"Beans, pinto, mature seeds, canned, drained solids, rinsed in tap water",117.0,7.04,0.97,20.77,,vegan
"Bread, egg",287.0,9.5,6.0,47.8,2.3,vegetarian
"Chicken, dark meat, thigh, meat only, with added solution, raw",110.0,19.11,3.69,0.0,0.0,non_vegetarian
"Cereals, QUAKER, QUAKER MultiGrain Oatmeal, prepared with water, salt",61.0,2.07,0.47,13.47,2.2,vegan
"Soup, beef broth or bouillon canned, ready-to-serve",7.0,1.14,0.22,0.04,0.0,non_vegetarian
"Egg, whole, cooked, scrambled",149.0,9.99,10.98,1.61,0.0,vegetarian
"Crackers, matzo, whole-wheat",351.0,13.1,1.5,78.9,11.8,vegan
"Game meat, antelope, cooked, roasted",150.0,29.45,2.67,0.0,0.0,non_vegetarian
"Pork, cured, ham, boneless, regular (approximately 11% fat), roasted",178.0,22.62,9.02,0.0,0.0,non_vegetarian
"Pork, cured, ham and water product, whole, boneless, separable lean only, heated, roasted",123.0,13.88,5.46,4.61,0.0,non_vegetarian
"Lamb, New Zealand, imported, tenderloin, separable lean and fat, raw",120.0,20.43,4.22,0.01,0.0,non_vegetarian
"Babyfood, cereal, rice, with bananas, dry",404.0,8.7,4.2,79.9,1.0,vegan
"Pears, canned, heavy syrup pack, solids and liquids",74.0,0.2,0.13,19.17,1.6,vegan
HOUSE FOODS Premium Firm Tofu,85.0,10.92,4.19,0.97,0.9,vegan
"Snack, Pretzel, hard chocolate coated",467.0,7.05,17.64,70.07,3.5,vegan
"Beef, rib, back ribs, bone-in, separable lean and fat, trimmed to 0"" fat, select, raw",305.0,16.75,26.23,0.6,0.0,non_vegetarian
"Plums, canned, purple, juice pack, solids and liquids",58.0,0.51,0.02,15.15,0.9,vegan
"Game meat, bison, separable lean only, cooked, roasted",143.0,28.44,2.42,0.0,0.0,non_vegetarian
"Nuts, pecans, dry roasted, with salt added",710.0,9.5,74.27,13.55,9.4,vegan
"Beef, rib eye roast, bone-in, lip-on, separable lean and fat, trimmed to 1/8"" fat, select, cooked, roasted",290.0,23.36,21.85,0.0,0.0,non_vegetarian
"Frankfurter, beef, pork, and turkey, fat free",109.0,12.5,1.59,11.21,0.0,non_vegetarian
"Lettuce, iceberg, raw",17.10875,0.7425,0.07375,3.36875,,vegan
"Soup, bean with pork, canned, prepared with equal volume water",63.0,2.88,2.16,8.31,2.9,non_vegetarian
"Soup, vegetable beef, canned, prepared with equal volume water",31.0,2.23,0.76,4.06,0.8,non_vegetarian
"Pork, fresh, loin, country-style ribs, separable lean only, boneless, cooked, roasted",219.0,29.2,11.38,0.0,0.0,non_vegetarian
"Pork, fresh, loin, country-style ribs, separable lean and fat, cooked, braised",273.0,26.49,17.71,0.0,0.0,non_vegetarian
"Cereals, QUAKER, Instant Oatmeal, raisins, dates and walnuts, dry",371.0,8.82,6.98,72.41,6.9,vegan
"Nuts, pine nuts, pinyon, dried",629.0,11.57,60.98,19.3,10.7,vegan
"Beef, composite of trimmed retail cuts, separable lean and fat, trimmed to 1/8"" fat, choice, cooked",268.0,25.85,17.68,0.0,0.0,non_vegetarian
"Cereals, QUAKER, Instant Oatmeal, DINOSAUR EGGS, Brown Sugar, dry",384.0,8.69,7.59,73.68,6.4,vegetarian
"Fish, sablefish, smoked",257.0,17.65,20.14,0.0,0.0,non_vegetarian
"Beverages, OCEAN SPRAY, Cran Cherry",46.0,0.19,0.0,12.76,0.6,vegan
"Grape juice, purple, with added vitamin C, from concentrate, shelf stable",66.1099,0.2578125,0.2875,15.6227875,,vegan
"HORMEL ALWAYS TENDER, Pork Tenderloin, Teriyaki-Flavored",119.0,18.2,3.07,4.63,,non_vegetarian
"DENNY'S, chicken strips",295.0,19.17,14.5,22.03,1.1,non_vegetarian
"Candies, fruit snacks, with high vitamin C",352.0,0.08,0.0,87.97,0.0,vegan
"Prickly pears, broiled (Northern Plains Indians)",91.0,0.39,0.31,21.57,,vegan
"Lamb, shoulder, whole (arm and blade), separable lean only, trimmed to 1/4"" fat, choice, cooked, broiled",210.0,27.12,10.5,0.0,0.0,non_vegetarian
"Babyfood, meat, ham, junior",97.0,11.3,3.8,3.7,0.0,non_vegetarian
"CRACKER BARREL, macaroni n' cheese plate, from kid's menu",192.0,6.46,11.51,15.58,0.7,vegetarian
"Beef, ground, 75% lean meat / 25% fat, crumbles, cooked, pan-browned",277.0,26.28,18.21,0.0,0.0,non_vegetarian
"Nuts, chestnuts, european, boiled and steamed",131.0,2.0,1.38,27.76,,vegan
"Beef, New Zealand, imported, eye round, separable lean only, cooked, slow roasted",164.0,29.68,4.98,0.0,0.0,non_vegetarian
"Oil, industrial, coconut (hydrogenated), used for whipped toppings and coffee whiteners",880.0,0.0,99.5,0.0,0.0,vegan
"Fish, tuna salad",187.0,16.04,9.26,9.41,0.0,non_vegetarian
"PIZZA HUT 14"" Sausage Pizza, THIN 'N CRISPY Crust",323.0,13.95,16.9,28.7,2.4,non_vegetarian
"Restaurant, Mexican, cheese enchilada",273.0,11.24,18.47,15.45,1.9,vegetarian
"Game meat, boar, wild, raw",122.0,21.51,3.33,0.0,0.0,non_vegetarian
"Beef, ground, 93% lean meat / 7% fat, raw",152.0,20.85,7.0,0.0,0.0,non_vegetarian
"Fast foods, biscuit, with egg, cheese, and bacon",301.0,12.01,17.48,24.44,0.2,non_vegetarian
"Fish, salmon, chinook, smoked",117.0,18.28,4.32,0.0,0.0,non_vegetarian
"Bread, rice bran",243.0,8.9,4.6,43.5,4.9,vegan
"Pork, fresh, loin, blade (chops), boneless, separable lean only, boneless, cooked, broiled",169.0,26.14,6.74,0.89,0.0,non_vegetarian
"Beef, round, tip round, roast, separable lean and fat, trimmed to 1/8"" fat, choice, cooked, roasted",228.0,27.27,12.34,0.0,0.0,non_vegetarian
"Duck, young duckling, domesticated, White Pekin, breast, meat and skin, boneless, cooked, roasted",202.0,24.5,10.85,0.0,,non_vegetarian
"Olives, pickled, canned or bottled, green",145.0,1.03,15.32,3.84,3.3,vegan
"Radishes, red, raw",19.60045,0.65625,0.08313,4.05682,1.314,vegan
"Grape juice, canned or bottled, unsweetened, with added ascorbic acid",60.0,0.37,0.13,14.77,0.2,vegan
"Snacks, potato chips, made from dried potatoes, fat-free, made with olestra",253.0,5.06,0.93,56.0,7.3,vegan
"Bananas, dehydrated, or banana powder",346.0,3.89,1.81,88.28,9.9,vegan
"Lime juice, raw",25.0,0.42,0.07,8.42,0.4,vegan
"Fish, trout, rainbow, wild, raw",119.0,20.48,3.46,0.0,0.0,non_vegetarian
"Rice bowl with chicken, frozen entree, prepared (includes fried, teriyaki, and sweet and sour varieties)",126.0,5.65,1.56,22.46,0.7,non_vegetarian
"Cookies, oatmeal, prepared from recipe, without raisins",447.0,6.8,17.9,66.4,,vegan
"Crackers, gluten-free, multi-seeded and multigrain",453.0,11.25,15.84,66.3,10.2,vegan
"Cheese, parmesan, low sodium",451.0,41.6,29.99,3.7,0.0,vegetarian
"Pork, cured, bacon, cooked, restaurant",500.0,40.9,36.5,2.1,,non_vegetarian
"Cabbage, common (danish, domestic, and pointed types), stored, raw",24.0,1.21,0.18,5.37,2.3,vegan
"Spinach, raw",23.0,2.86,0.39,3.63,2.2,vegan
"Onions, cooked, boiled, drained, with salt",42.0,1.36,0.19,9.56,1.4,vegan
"Fast foods, burrito, with beans, cheese, and beef",180.0,7.03,6.8,23.37,3.7,non_vegetarian
"Fat, chicken",900.0,0.0,99.8,0.0,0.0,non_vegetarian
"Fish, pollock, Alaska, cooked",86.6164,19.42,0.9946,0.0,,non_vegetarian
"Seeds, pumpkin and squash seed kernels, dried",559.0,30.23,49.05,10.71,6.0,vegan
"Beverages, fruit punch juice drink, frozen concentrate",175.0,0.3,0.7,43.1,0.2,vegan
"Pork, fresh, leg (ham), whole, separable lean and fat, raw",245.0,17.43,18.87,0.0,0.0,non_vegetarian
"Salsify, (vegetable oyster), raw",82.0,3.3,0.2,18.6,3.3,non_vegetarian
"Radishes, hawaiian style, pickled",28.0,1.1,0.3,5.2,2.2,vegan
"Pork, fresh, loin, center loin (chops), boneless, separable lean only, raw",123.0,23.75,3.09,0.0,0.0,non_vegetarian
"Beef, round, top round steak, separable lean and fat, trimmed to 1/8"" fat, all grades, cooked, broiled",204.0,30.67,9.0,0.0,0.0,non_vegetarian
"Potatoes, boiled, cooked in skin, skin, with salt",78.0,2.86,0.1,17.2,3.3,vegan
"Beef, composite of trimmed retail cuts, separable lean only, trimmed to 1/8"" fat, choice, raw",142.0,22.01,6.05,0.0,0.0,non_vegetarian
"Lamb, shoulder, blade, separable lean only, trimmed to 1/4"" fat, choice, cooked, broiled",211.0,25.48,11.32,0.0,0.0,non_vegetarian
"Ham, sliced, regular (approximately 11% fat)",164.0,16.6,8.8,3.63,1.3,non_vegetarian
"Cream, half and half, lowfat",72.0,3.33,5.0,3.33,0.0,vegetarian
"Beef, round, eye of round, roast, separable lean only, trimmed to 1/8"" fat, select, cooked, roasted",163.0,29.59,4.11,0.0,0.0,non_vegetarian
"Lamb, shoulder, arm, separable lean and fat, trimmed to 1/4"" fat, choice, cooked, broiled",281.0,24.44,19.55,0.0,0.0,non_vegetarian
"MORI-NU, Tofu, silken, firm",62.0,6.9,2.7,2.4,0.1,vegan
"Ice creams, BREYERS, 98% Fat Free Vanilla",137.0,3.3,2.2,30.51,5.4,vegetarian
"Babyfood, cereal, high protein, with apple and orange, prepared with whole milk",112.0,6.9,3.9,13.4,,vegetarian
"Pears, canned, juice pack, solids and liquids",50.0,0.34,0.07,12.94,1.6,vegan
"Chicken, gizzard, all classes, cooked, simmered",154.0,30.39,2.68,0.0,0.0,non_vegetarian
"Peas and onions, frozen, unprepared",70.0,3.98,0.32,13.51,3.5,vegan
"Bread, reduced-calorie, oat bran",201.0,8.0,3.2,41.3,12.0,vegan
"Beef, round, top round, separable lean only, trimmed to 0"" fat, select, cooked, braised",190.0,36.12,4.0,0.0,0.0,non_vegetarian
"Cereals ready-to-eat, POST HONEY BUNCHES OF OATS with cinnamon bunches",400.0,7.1,5.0,82.8,5.8,vegetarian
"Corn, sweet, white, canned, vacuum pack, no salt added",79.0,2.41,0.5,19.44,2.0,vegan
"Beef, New Zealand, imported, chuck eye roll, separable lean only, cooked, braised",208.0,32.08,8.89,0.0,0.0,non_vegetarian
"Danish pastry, cheese",374.0,8.0,21.9,37.2,1.0,vegetarian
"Beef, round, eye of round steak, boneless, separable lean and fat, trimmed to 0"" fat, all grades, cooked, grilled",159.0,29.66,4.47,0.0,0.0,non_vegetarian
"Beef, top sirloin, steak, separable lean only, trimmed to 1/8"" fat, select, raw",127.0,22.27,3.54,0.0,0.0,non_vegetarian
"Chicken, broilers or fryers, back, meat and skin, cooked, fried, batter",331.0,21.97,21.91,10.25,,non_vegetarian
"Winged bean leaves, raw",74.0,5.85,1.1,14.1,,vegan
"Salad dressing, mayonnaise, soybean oil, without salt",717.0,1.1,79.4,2.7,0.0,vegetarian
"Babyfood, Snack, GERBER, GRADUATES, LIL CRUNCHIES, baked whole grain corn snack",503.0,0.0,28.57,61.59,0.0,vegan
"Game meat, bison, ribeye, separable lean only, trimmed to 0"" fat, raw",116.0,22.1,2.4,0.0,,non_vegetarian
"Sour cream, light",136.0,3.5,10.6,7.1,0.0,vegetarian
"Vitasoy USA, Nasoya Lite Firm Tofu",54.0,8.3,1.7,1.3,0.6,vegan
"Beef, rib, small end (ribs 10-12), separable lean only, trimmed to 1/8""fat, choice, cooked, broiled",202.0,28.29,9.05,0.0,0.0,non_vegetarian
"Lamb, New Zealand, imported, netted shoulder, rolled, boneless, separable lean only, cooked, slow roasted",199.0,25.14,10.91,0.0,0.0,non_vegetarian
"Amaranth leaves, cooked, boiled, drained, with salt",21.0,2.11,0.18,4.11,,vegan
"Beans, kidney, red, mature seeds, canned, solids and liquid, low sodium",81.0,5.22,0.36,14.83,5.3,non_vegetarian
"Beverages, orange breakfast drink, ready-to-drink, with added nutrients",53.0,0.0,0.0,13.2,0.1,vegan
"Muffins, corn, prepared from recipe, made with low fat (2%) milk",316.0,7.1,12.3,44.2,,vegetarian
"Beef, ground, 75% lean meat / 25% fat, loaf, cooked, baked",254.0,24.56,16.5,0.0,0.0,non_vegetarian
"Beverages, coconut milk, sweetened, fortified with calcium, vitamins A, B12, D2",31.0,0.21,2.08,2.92,0.0,vegetarian
"Beef, loin, tenderloin roast, boneless, separable lean and fat, trimmed to 0"" fat, all grades, raw",149.0,21.67,6.93,0.0,0.0,non_vegetarian
"Fast foods, submarine sandwich, cold cut on white bread with lettuce and tomato",213.0,10.52,10.04,20.43,1.2,vegan
"LITTLE CAESARS 14"" Cheese Pizza, Large Deep Dish Crust",263.0,12.63,10.22,30.1,1.3,vegetarian
"Restaurant, family style, chicken fingers, from kid's menu",307.0,18.68,17.45,18.77,1.1,non_vegetarian
"Peppers, hot chili, red, canned, excluding seeds, solids and liquids",21.0,0.9,0.1,5.1,1.3,vegan
"Chicken, broilers or fryers, meat only, raw",119.0,21.39,3.08,0.0,0.0,non_vegetarian
"Beef, rib, eye, small end (ribs 10-12), separable lean and fat, trimmed to 0"" fat, choice, raw",274.0,17.51,22.07,0.0,0.0,non_vegetarian
"Pork, fresh, loin, center rib (chops), boneless, separable lean and fat, cooked, broiled",260.0,27.63,15.76,0.0,0.0,non_vegetarian
"Cheese puffs and twists, corn based, baked, low fat",432.0,8.5,12.1,72.35,3.6,vegetarian
"Babyfood, cereal, with eggs, strained",58.0,2.2,1.5,8.0,,vegetarian
"Beef, chuck, mock tender steak, boneless, separable lean and fat, trimmed to 0"" fat, select, cooked, braised",211.0,31.86,9.34,0.0,0.0,non_vegetarian
"Pork, cured, ham, slice, bone-in, separable lean only, heated, pan-broil",148.0,27.18,4.09,0.74,0.0,non_vegetarian
"Sausage, smoked link sausage, pork and beef (nonfat dry milk added)",313.0,13.28,27.61,1.92,0.0,non_vegetarian
"Pork, fresh, loin, sirloin (chops or roasts), boneless, separable lean only, raw",121.0,22.81,2.59,0.0,0.0,non_vegetarian
"Cabbage, green, raw",31.4275,0.96125,0.2275,6.38375,,vegan
"Cinnamon buns, frosted (includes honey buns)",452.0,4.45,26.61,48.6,1.2,vegetarian
"Candies, MARS SNACKFOOD US, COCOAVIA Chocolate Covered Almonds",573.0,9.51,37.07,50.22,10.4,vegan
"Cabbage, cooked, boiled, drained, without salt",23.0,1.27,0.06,5.51,1.9,vegan
"Game meat, bison, top round, separable lean only, 1"" steak, raw",122.0,23.32,2.43,0.0,0.0,non_vegetarian
"Artichokes, (globe or french), frozen, cooked, boiled, drained, with salt",45.0,3.11,0.5,9.18,4.6,vegan
"Edamame, frozen, prepared",121.0,11.91,5.2,8.91,5.2,vegan
"Soup, tomato rice, canned, condensed",93.0,1.64,2.12,17.08,1.3,vegan
"Beef, rib eye roast, boneless, lip-on, separable lean and fat, trimmed to 1/8"" fat, choice, cooked, roasted",303.0,23.92,22.98,0.0,0.0,non_vegetarian
"Potatoes, hash brown, frozen, with butter sauce, unprepared",135.0,1.87,6.66,18.28,2.9,vegetarian
"Potatoes, microwaved, cooked in skin, flesh, without salt",100.0,2.1,0.1,23.28,1.6,vegan
"Raisins, dark, seedless (Includes foods for USDA's Food Distribution Program)",299.0,3.3,0.25,79.32,4.5,vegan
"Potatoes, french fried, steak fries, salt added in processing, frozen, oven-heated",148.0,2.57,3.76,26.98,2.6,vegan
"Milk, whole, 3.25% milkfat, without added vitamin A and vitamin D",61.0,3.15,3.27,4.78,0.0,vegetarian
"Lamb, New Zealand, imported, frozen, leg, whole (shank and sirloin), separable lean only, cooked, roasted",181.0,27.68,7.01,0.0,0.0,non_vegetarian
"Beef, round, top round roast, boneless, separable lean and fat, trimmed to 0"" fat, all grades, cooked, roasted",160.0,29.9,4.49,0.0,0.0,non_vegetarian
"Mission Foods, Mission Flour Tortillas, Soft Taco, 8 inch",287.0,8.7,6.0,49.6,,vegan
"Game meat, muskrat, raw",162.0,20.76,8.1,0.0,0.0,non_vegetarian
"SCHIFF,TIGER'S MILK BAR",387.0,16.8,14.29,56.46,2.3,vegetarian
"Potatoes, white, flesh and skin, baked",92.0,2.1,0.15,21.08,2.1,vegan
"Beef, chuck, short ribs, boneless, separable lean only, trimmed to 0"" fat, choice, cooked, braised",250.0,28.84,14.95,0.0,0.0,non_vegetarian
"Fish, salmon, king, chinook, smoked, brined (Alaska Native)",430.0,39.9,30.0,0.0,0.0,non_vegetarian
"Fast foods, crispy chicken, bacon, and tomato club sandwich, with cheese, lettuce, and mayonnaise",257.0,15.38,11.76,22.61,1.2,non_vegetarian
"Candies, TWIZZLERS NIBS CHERRY BITS",347.0,2.3,2.64,79.37,0.6,vegan
"Squash, summer, zucchini, includes skin, frozen, cooked, boiled, drained, without salt",17.0,1.15,0.13,3.56,1.3,vegan
"Soymilk, original and vanilla, with added calcium, vitamins A and D",43.0,2.6,1.47,4.92,0.2,vegetarian
"Cranberry-orange relish, canned",178.0,0.3,0.1,46.2,0.0,vegan
"Beef, rib, small end (ribs 10-12), separable lean and fat, trimmed to 1/8"" fat, select, raw",246.0,19.56,18.0,0.0,0.0,non_vegetarian
"Fish, whitefish, mixed species, cooked, dry heat",172.0,24.47,7.51,0.0,0.0,non_vegetarian
"Lamb, Australian, imported, fresh, leg, shank half, separable lean and fat, trimmed to 1/8"" fat, raw",201.0,18.59,13.48,0.0,,non_vegetarian
"Soup, chicken noodle, low sodium, canned, prepared with equal volume water",25.0,1.27,0.95,2.95,0.2,non_vegetarian
"Beef, loin, top loin steak, boneless, lip off, separable lean only, trimmed to 0"" fat, all grades, raw",143.0,23.07,5.67,0.0,0.0,non_vegetarian
"Pork, fresh, loin, blade (chops), bone-in, separable lean and fat, cooked, pan-fried",256.0,25.02,16.56,0.0,0.0,non_vegetarian
"Beef, rib, large end (ribs 6-9), separable lean and fat, trimmed to 1/8"" fat, select, cooked, roasted",333.0,23.4,25.84,0.0,0.0,non_vegetarian
"Beef, brisket, whole, separable lean only, all grades, raw",157.0,20.72,7.37,0.6,0.0,non_vegetarian
"Bread, gluten-free, white, made with potato extract, rice starch, and rice flour",320.0,3.13,10.7,52.83,3.5,vegan
"Fish, Salmon, pink, canned, drained solids, without skin and bones",136.0,24.62,4.21,0.0,0.0,non_vegetarian
"Puddings, chocolate, dry mix, regular, prepared with whole milk",120.0,3.16,3.15,19.64,0.8,vegetarian
"Lemonade, powder, prepared with water",14.0,0.0,0.04,3.59,0.0,vegan
"Bread, cornbread, dry mix, unenriched (includes corn muffin mix)",418.0,7.0,12.2,69.5,6.5,vegan
"Mollusks, oyster, eastern, canned",68.0,7.06,2.47,3.91,0.0,non_vegetarian
"Beverages, OCEAN SPRAY, Diet Cran Cherry",4.0,0.21,0.0,0.7,0.6,vegan
"Fish, herring, Atlantic, raw",158.0,17.96,9.04,0.0,0.0,non_vegetarian
"HORMEL ALWAYS TENDER, Center Cut Chops, Fresh Pork",167.0,18.74,9.62,0.84,,non_vegetarian
"McDONALD'S, Sausage, Egg & Cheese McGRIDDLES",283.0,10.77,17.73,22.04,0.6,non_vegetarian
"Gelatin desserts, dry mix, reduced calorie, with aspartame, prepared with water",20.0,0.83,0.0,4.22,0.0,non_vegetarian
"Sweet potato, canned, syrup pack, solids and liquids",89.0,0.98,0.2,20.93,2.5,vegan
"Cornmeal, white, self-rising, bolted, with wheat flour added, enriched",348.0,8.41,2.85,73.43,6.3,vegan
"Yogurt, Greek, nonfat, Fruit on Bottom, Blackberry, CHOBANI",95.0,7.54,0.37,15.43,0.4,vegetarian
"Crustaceans, crayfish, mixed species, wild, raw",77.0,15.97,0.95,0.0,0.0,non_vegetarian
"Salad dressing, blue or roquefort cheese dressing, fat-free",115.0,1.52,1.01,25.6,1.8,vegetarian
"Pepper, banana, raw",27.0,1.66,0.45,5.35,3.4,vegan
"Game meat, beaver, cooked, roasted",212.0,34.85,6.96,0.0,0.0,non_vegetarian
"Rice flour, brown",363.0,7.23,2.78,76.48,4.6,vegan
"Cheese, low-sodium, cheddar or colby",398.0,24.35,32.62,1.91,0.0,vegetarian
"Couscous, cooked",112.0,3.79,0.16,23.22,1.4,vegan
"Beans, navy, canned, sodium added, drained and rinsed",118.79,6.56875,1.398,19.98325,,vegan
"Beverages, tea, green, ready to drink, ginseng and honey, sweetened",30.0,0.0,0.18,7.16,0.0,vegetarian
"Spinach, frozen, chopped or leaf, cooked, boiled, drained, without salt",34.0,4.01,0.87,4.8,3.7,vegan
"Babyfood, juice, orange and pineapple",48.0,0.5,0.1,11.7,0.1,vegan
"Lemon juice from concentrate, bottled, CONCORD",24.0,0.4,0.07,5.37,,vegan
"Beef, shoulder top blade steak, boneless, separable lean only, trimmed to 0"" fat, all grades, cooked, grilled",196.0,28.15,9.23,0.0,0.0,non_vegetarian
"T.G.I. FRIDAY'S, FRIDAY'S Shrimp, breaded",302.0,11.87,19.02,20.87,,non_vegetarian
"Snacks, M&M MARS, KUDOS Whole Grain Bars, peanut butter",463.0,5.88,20.78,64.69,2.6,vegetarian
"Fast foods, burrito, with beans and beef",191.0,11.52,7.47,19.52,3.0,non_vegetarian
"Margarine-like shortening, industrial, soy (partially hydrogenated), cottonseed, and soy, principal use flaky pastries",628.0,0.0,71.0,0.0,0.0,vegan
"Beverages, tea, instant, lemon, unsweetened",345.0,7.4,0.18,78.52,5.0,vegan
"Babyfood, cereal, with egg yolks, strained",51.0,1.9,1.8,7.0,0.9,vegetarian
"Lambsquarters, raw",43.0,4.2,0.8,7.3,4.0,non_vegetarian
"Cereals, ready-to-eat, MALT-O-MEAL, Blueberry Mini SPOONERS",350.0,8.81,1.92,79.4,10.3,vegan
"Apples, granny smith, with skin, raw",59.0,0.27,0.14,14.2,2.5,vegan
"Salami, dry or hard, pork, beef",378.0,21.07,31.65,0.72,0.0,non_vegetarian
"Cake, cheesecake, prepared from mix, no-bake type",274.0,5.5,12.7,35.5,1.9,vegetarian
"Vegetables, mixed, frozen, cooked, boiled, drained, with salt",60.0,2.86,0.15,13.09,4.4,vegan
"Babyfood, fruit, prunes with tapioca, without ascorbic acid, junior",70.0,0.6,0.1,18.7,2.7,vegan
"Jackfruit, canned, syrup pack",92.0,0.36,0.14,23.94,0.9,vegan
"Chicken, broilers or fryers, wing, meat only, cooked, fried",211.0,30.15,9.15,0.0,0.0,non_vegetarian
"Mollusks, oyster, eastern, farmed, cooked, dry heat",79.0,7.0,2.12,7.28,0.0,non_vegetarian
"Asparagus, cooked, boiled, drained",22.0,2.4,0.22,4.11,2.0,vegan
"Soup, vegetable beef, canned, condensed",63.0,4.45,1.51,8.11,1.6,non_vegetarian
"Pork, fresh, loin, center rib (chops), bone-in, separable lean and fat, cooked, broiled",222.0,24.42,13.04,0.0,0.0,non_vegetarian
"Rice, brown, medium-grain, raw (Includes foods for USDA's Food Distribution Program)",362.0,7.5,2.68,76.17,3.4,vegan
"Beef, rib, small end (ribs 10-12), separable lean only, trimmed to 0"" fat, all grades, cooked, broiled",193.0,29.41,7.53,0.0,0.0,non_vegetarian
"Pillsbury Golden Layer Buttermilk Biscuits, Artificial Flavor, refrigerated dough",307.0,5.88,13.24,41.18,1.2,vegetarian
"Babyfood, cereal, barley, dry fortified",376.0,13.2,6.6,69.4,6.6,vegan
"Yogurt, Greek, nonfat, lemon blend, CHOBANI",78.0,8.62,0.15,10.66,0.5,vegetarian
"Lamb, Australian, imported, fresh, foreshank, separable lean and fat, trimmed to 1/8"" fat, cooked, braised",236.0,24.78,14.44,0.0,,non_vegetarian
"Beef, round, eye of round, roast, separable lean and fat, trimmed to 1/8"" fat, choice, cooked, roasted",212.0,28.48,10.05,0.0,0.0,non_vegetarian
"Fish, spot, raw",123.0,18.51,4.9,0.0,0.0,non_vegetarian
"Beef, top sirloin, steak, separable lean and fat, trimmed to 1/8"" fat, select, cooked, broiled",230.0,27.12,12.71,0.0,0.0,non_vegetarian
"Fast Foods, Fried Chicken, Breast, meat and skin and breading",230.0,23.51,12.44,6.03,0.1,non_vegetarian
"Veal, shoulder, arm, separable lean only, raw",105.0,20.04,2.16,0.0,0.0,non_vegetarian
"Restaurant, Latino, Arroz con frijoles negros (rice and black beans)",151.0,4.64,3.85,24.4,3.4,vegan
"Restaurant, Chinese, vegetable chow mein, without meat or noodles",43.0,1.34,1.68,5.74,1.2,non_vegetarian
"Succotash, (corn and limas), canned, with whole kernel corn, solids and liquids",63.0,2.6,0.49,13.98,2.6,vegan
"Oil, soybean, salad or cooking, (partially hydrogenated) and cottonseed",884.0,0.0,100.0,0.0,0.0,vegan
"Soup, cheese, canned, prepared with equal volume milk",92.0,3.77,5.8,6.47,0.4,vegetarian
"Beef, round, eye of round, roast, separable lean only, trimmed to 1/8"" fat, all grades, cooked, roasted",169.0,29.73,4.71,0.0,0.0,non_vegetarian
"Lamb, shoulder, whole (arm and blade), separable lean and fat, trimmed to 1/4"" fat, choice, cooked, broiled",278.0,24.42,19.26,0.0,0.0,non_vegetarian
"Beans, kidney, california red, mature seeds, cooked, boiled, with salt",124.0,9.13,0.09,22.41,9.3,non_vegetarian
"Pigeon peas (red gram), mature seeds, cooked, boiled, without salt",121.0,6.76,0.38,23.25,6.7,vegan
"Nuts, chestnuts, european, roasted",245.0,3.17,2.2,52.96,5.1,vegan
"Beef, top sirloin, steak, separable lean only, trimmed to 0"" fat, select, cooked, broiled",177.0,30.8,5.03,0.0,0.0,non_vegetarian
"Potatoes, hash brown, home-prepared",265.0,3.0,12.52,35.11,3.2,vegan
"Beef, brisket, flat half, boneless, separable lean and fat, trimmed to 0"" fat, all grades, raw",165.0,20.32,9.29,0.0,0.0,non_vegetarian
"Lamb, New Zealand, imported, hind-shank, separable lean and fat, cooked, braised",247.0,29.59,14.22,0.04,0.0,non_vegetarian
"Corn, sweet, yellow, canned, cream style, regular pack",72.0,1.74,0.42,18.13,1.2,vegetarian
"Peanuts, valencia, oil-roasted, without salt",589.0,27.04,51.24,16.3,8.9,vegan
"Melons, honeydew, raw",36.0,0.54,0.14,9.09,0.8,vegetarian
"Okra, raw",33.0,1.93,0.19,7.45,3.2,vegan
"Beef, chuck, under blade center steak, boneless, Denver Cut, separable lean only, trimmed to 0"" fat, choice, raw",178.0,19.23,10.96,0.67,0.0,non_vegetarian
"Oranges, raw, California, valencias",49.0,1.04,0.3,11.89,2.5,vegan
"KFC, Fried Chicken, ORIGINAL RECIPE, Wing, meat only, skin and breading removed",216.0,28.65,10.49,1.76,,non_vegetarian
"Ice creams, vanilla, light, no sugar added",169.0,3.97,7.45,21.42,0.0,vegetarian
"Beverages, citrus fruit juice drink, frozen concentrate, prepared with water",46.0,0.34,0.03,11.42,0.1,vegan
"Egg, yolk, raw, frozen, sugared, pasteurized",307.0,13.87,22.82,10.95,0.0,vegetarian
"Fish, catfish, channel, wild, cooked, dry heat",105.0,18.47,2.85,0.0,0.0,non_vegetarian
"Pork, fresh, loin, sirloin (roasts), boneless, separable lean only, cooked, roasted",178.0,30.39,5.31,0.0,0.0,non_vegetarian
"Babyfood, dinner, vegetables, noodles and chicken, junior",64.0,1.7,2.2,9.1,1.1,non_vegetarian
"Pork, fresh, loin, country-style ribs, separable lean only, bone-in, cooked, broiled",216.0,27.83,11.65,0.0,0.0,non_vegetarian
"Beef, rib, whole (ribs 6-12), separable lean and fat, trimmed to 1/8"" fat, choice, cooked, roasted",365.0,22.6,29.79,0.0,0.0,non_vegetarian
"Mushrooms, shiitake, stir-fried",39.0,3.45,0.35,7.68,3.6,vegan
"Winged beans, mature seeds, cooked, boiled, with salt",147.0,10.62,5.84,14.94,,vegan
"Pizza, cheese topping, thin crust, frozen, cooked",263.0,11.91,11.07,28.8,3.0,vegetarian
"Oil, cocoa butter",884.0,0.0,100.0,0.0,0.0,vegetarian
"Beef, loin, top sirloin filet, boneless, separable lean only, trimmed to 0"" fat, choice, cooked, grilled",174.0,30.45,5.83,0.0,0.0,non_vegetarian
"Potatoes, frozen, french fried, par fried, extruded, prepared, heated in oven, without salt",333.0,3.55,18.71,39.68,3.2,vegan
"Grapefruit, raw, pink and red, California and Arizona",37.0,0.5,0.1,9.69,,vegan
"Candies, milk chocolate coated peanuts",519.0,13.1,33.5,49.7,4.7,vegetarian
"Salmon, sockeye, canned, drained solids, without skin and bones",158.0,26.33,5.87,0.0,0.0,non_vegetarian
"Cookies, coconut macaroon",460.0,3.02,22.55,61.22,5.1,vegan
"Cereals, CREAM OF WHEAT, regular (10 minute), cooked with water, without salt",50.0,1.44,0.21,10.52,0.5,vegetarian
"Tomato sauce, canned, no salt added",24.0,1.2,0.3,5.31,1.5,vegan
"Beef, tenderloin steak, raw",143.2,21.09375,6.456,0.18025,,non_vegetarian
"Egg custards, dry mix, prepared with whole milk",122.0,3.99,4.0,17.6,0.0,vegetarian
"Beef, chuck eye roast, boneless, America's Beef Roast, separable lean and fat, trimmed to 0"" fat, all grades, cooked, roasted",236.0,24.63,15.29,0.0,0.0,non_vegetarian
"Peanut butter, creamy",631.65,23.99124,49.43,22.70376,6.323,vegetarian
"Frankfurter, meat and poultry, unheated",277.0,9.72,24.18,5.02,0.0,non_vegetarian
"Crackers, cheese, sandwich-type with peanut butter filling",496.0,12.41,25.12,56.74,3.4,vegetarian
"Beef, rib, whole (ribs 6-12), separable lean and fat, trimmed to 1/8"" fat, select, cooked, broiled",315.0,22.73,24.2,0.0,0.0,non_vegetarian
"Lamb, variety meats and by-products, spleen, cooked, braised",156.0,26.46,4.77,0.0,0.0,non_vegetarian
Wonton wrappers (includes egg roll wrappers),291.0,9.8,1.5,57.9,1.8,vegetarian
"Beef, rib, large end (ribs 6-9), separable lean and fat, trimmed to 1/8"" fat, prime, cooked, broiled",404.0,20.65,34.97,0.0,0.0,non_vegetarian
"Potatoes, boiled, cooked in skin, flesh, with salt",87.0,1.87,0.1,20.13,2.0,vegan
"Frostings, chocolate, creamy, dry mix, prepared with margarine",404.0,1.1,12.87,71.02,1.9,vegetarian
"Soybeans, mature seeds, roasted, salted",469.0,38.55,25.4,30.22,17.7,vegan
"Apricots, canned, light syrup pack, with skin, solids and liquids",63.0,0.53,0.05,16.49,1.6,vegan
"Cowpeas, leafy tips, cooked, boiled, drained, without salt",22.0,4.67,0.1,2.8,,vegan
"Beef, top loin petite roast/filet, boneless, separable lean and fat, trimmed to 1/8"" fat, choice, raw",199.0,20.8,12.6,0.6,0.0,non_vegetarian
"Beef, chuck, arm pot roast, separable lean only, trimmed to 0"" fat, select, cooked, braised",195.0,33.37,5.8,0.0,0.0,non_vegetarian
"Bagels, plain, enriched, with calcium propionate (includes onion, poppy, sesame), toasted",287.0,11.14,1.43,57.39,1.8,vegan
"Carrots, canned, no salt added, drained solids",25.0,0.64,0.19,5.54,1.5,vegan
"Chicken, broilers or fryers, meat and skin and giblets and neck, cooked, fried, batter",291.0,22.84,17.53,9.03,,non_vegetarian
"Chicken, broilers or fryers, wing, meat only, cooked, stewed",181.0,27.18,7.18,0.0,0.0,non_vegetarian
"Mothbeans, mature seeds, cooked, boiled, with salt",117.0,7.81,0.55,20.96,,vegan
"Grapefruit, raw, pink and red, all areas",42.0,0.77,0.14,10.66,1.6,vegan
"Lambsquarters, cooked, boiled, drained, without salt",32.0,3.2,0.7,5.0,2.1,non_vegetarian
"Glutino, Gluten Free Wafers, Lemon Flavored",515.0,0.0,24.18,74.39,0.0,vegan
"Brussels sprouts, cooked, boiled, drained, without salt",36.0,2.55,0.5,7.1,2.6,vegan
"Guinea hen, meat only, raw",110.0,20.64,2.47,0.0,0.0,non_vegetarian
"Babyfood, meat, veal, strained",81.0,13.12,2.45,1.51,0.0,non_vegetarian
"APPLEBEE'S, mozzarella sticks",316.0,14.87,18.37,22.87,2.1,vegetarian
"Babyfood, cereal, with egg yolks, junior",52.0,1.9,1.8,7.1,0.9,vegetarian
"TACO BELL, Original Taco with beef, cheese and lettuce",229.0,8.86,12.7,19.85,3.9,non_vegetarian
"Mushrooms, shiitake, raw",34.0,2.24,0.49,6.79,2.5,vegan
"Onion rings, breaded, par fried, frozen, unprepared",258.0,3.15,14.1,30.53,1.8,vegan
"Pork, fresh, loin, country-style ribs, separable lean and fat, raw",189.0,19.34,11.82,0.0,0.0,non_vegetarian
"Beef, round, top round roast, boneless, separable lean and fat, trimmed to 0"" fat, all grades, raw",125.0,23.45,3.5,0.0,0.0,non_vegetarian
"Beef, chuck eye Country-Style ribs, boneless, separable lean and fat, trimmed to 0"" fat, select, raw",196.0,19.1,13.33,0.0,0.0,non_vegetarian
"Veal, leg, top round, cap off, cutlet, boneless, raw",107.0,22.07,2.07,0.0,0.0,non_vegetarian
"Ice creams, BREYERS, All Natural Light Vanilla",162.0,4.84,4.59,25.3,0.2,vegetarian
"Fish, salmon, sockeye, raw",131.0,22.25,4.69,0.0,0.0,non_vegetarian
"DOMINO'S 14"" Sausage Pizza, Ultimate Deep Dish Crust",277.0,11.03,12.03,31.17,2.6,non_vegetarian
"Vitasoy USA, Organic Nasoya Super Firm Cubed Tofu",118.0,12.4,6.3,2.8,2.0,vegan
"Beverages, cranberry-grape juice drink, bottled",56.0,0.2,0.1,14.0,0.1,vegan
"Crustaceans, crab, blue, raw",87.0,18.06,1.08,0.04,0.0,non_vegetarian
"Lamb, variety meats and by-products, heart, cooked, braised",185.0,24.97,7.91,1.93,0.0,non_vegetarian
"Lamb, composite of trimmed retail cuts, separable fat, trimmed to 1/4"" fat, choice, cooked",586.0,12.16,59.18,0.0,0.0,non_vegetarian
"Turnover, chicken- or turkey-, and vegetable-filled, reduced fat, frozen",168.0,7.87,5.51,21.74,3.1,non_vegetarian
"Gelatin desserts, dry mix, reduced calorie, with aspartame, added phosphorus, potassium, sodium, vitamin C",345.0,55.3,0.0,33.3,0.0,non_vegetarian
"Lebanon bologna, beef",172.0,19.03,10.44,0.44,0.0,non_vegetarian
"Babyfood, juice, apple-sweet potato",47.0,0.3,0.1,11.4,0.5,vegan
"Veal, leg, top round, cap off, cutlet, boneless, cooked, grilled",151.0,31.89,2.63,0.0,0.0,non_vegetarian
"Flour, 00",357.0648,11.4,1.52,74.4462,2.656,vegan
"Chili with beans, canned",103.0,6.12,3.76,13.24,3.3,vegan
"Succotash, (corn and limas), frozen, unprepared",93.0,4.31,0.89,19.94,4.0,vegan
"Beef, Australian, imported, Wagyu, rib, small end rib steak/roast, boneless, separable lean only, Aust. marble score 9, raw",330.0,17.61,28.61,0.46,0.0,non_vegetarian
"Egg, turkey, whole, fresh, raw",171.0,13.68,11.88,1.15,0.0,non_vegetarian
"Corn flour, yellow, masa, enriched",363.0,8.46,3.69,76.59,6.4,vegan
"Nuts, pecans, oil roasted, without salt added",715.0,9.2,75.23,13.01,9.5,vegan
"Chicken, broilers or fryers, dark meat, drumstick, meat only, cooked, roasted",155.0,24.24,5.7,0.0,0.0,non_vegetarian
"Flour, soy, full-fat",452.0,38.6,20.7,27.9,,vegan
"Salad dressing, mayonnaise, soybean and safflower oil, with salt",717.0,1.1,79.4,2.7,0.0,vegetarian
"Fast foods, cheeseburger; single, regular patty, with condiments",270.0,13.49,12.9,25.46,1.9,vegetarian
"Beef, chuck eye roast, boneless, America's Beef Roast, separable lean only, trimmed to 0"" fat, choice, cooked, roasted",190.0,26.41,9.36,0.0,0.0,non_vegetarian
"Beef, rib, shortribs, separable lean only, choice, cooked, braised",295.0,30.76,18.13,0.0,0.0,non_vegetarian
"Fish, salmon, chinook, smoked, (lox), regular",117.0,18.28,4.32,0.0,0.0,non_vegetarian
"CRACKER BARREL, chicken tenderloin platter, fried",293.0,18.06,15.48,20.29,0.7,non_vegetarian
"Snacks, GENERAL MILLS, BETTY CROCKER Fruit Roll Ups, berry flavored, with vitamin C",373.0,0.1,3.5,85.2,,vegan
"Onions, spring or scallions (includes tops and bulb), raw",32.0,1.83,0.19,7.34,2.6,vegan
"Nuts, almonds, whole, raw",625.75,21.45038,51.09,20.03462,10.78,vegan
"Waxgourd, (chinese preserving melon), cooked, boiled, drained, with salt",11.0,0.4,0.2,2.45,1.0,vegan
"Couscous, dry",376.0,12.76,0.64,77.43,5.0,vegan
"Cereals, QUAKER, Instant Grits, Redeye Gravy & Country Ham flavor, dry",342.0,9.83,1.58,75.86,4.6,non_vegetarian
"Mollusks, clam, mixed species, cooked, breaded and fried",202.0,14.24,11.15,10.33,,non_vegetarian
"Pie, banana cream, prepared from mix, no-bake type",251.0,3.4,12.9,31.6,0.6,vegetarian
"Apricots, dehydrated (low-moisture), sulfured, uncooked",320.0,4.9,0.62,82.89,,vegan
"Oats, whole grain, steel cut",381.248,12.51118,5.8,69.75082,,vegan
"Beef, composite of trimmed retail cuts, separable lean only, trimmed to 1/8"" fat, select, cooked",167.0,27.51,6.37,0.0,0.0,non_vegetarian
"Fish, tuna, light, canned in water, drained solids (Includes foods for USDA's Food Distribution Program)",86.0,19.44,0.96,0.0,0.0,non_vegetarian
"Sauce, peanut, made from coconut, water, sugar, peanuts",179.0,2.02,6.34,28.46,1.1,vegan
"Candies, confectioner's coating, peanut butter",529.0,18.3,29.8,46.88,5.0,vegetarian
"Egg, whole, raw, frozen, pasteurized (Includes foods for USDA's Food Distribution Program)",147.0,12.33,9.95,1.01,0.0,vegetarian
"Lamb, New Zealand, imported, frozen, foreshank, separable lean and fat, trimmed to 1/8"" fat, cooked, braised",258.0,26.97,15.83,0.0,0.0,non_vegetarian
"WENDY'S, Jr. Hamburger, without cheese",243.0,12.62,8.75,28.45,1.7,non_vegetarian
"Fish, tuna, fresh, yellowfin, raw",109.0,24.4,0.49,0.0,0.0,non_vegetarian
Shortening household soybean (hydrogenated) and palm,884.0,0.0,100.0,0.0,0.0,vegan
"Sweet potato, frozen, cooked, baked, without salt",100.0,1.71,0.12,23.4,1.8,vegan
"Cheese, parmesan, grated",420.0,28.42,27.84,13.91,0.0,vegetarian
"Soup, fish, homemade (Alaska Native)",72.0,7.4,2.2,5.6,,non_vegetarian
"Pork, fresh, backribs, separable lean and fat, cooked, roasted",292.0,23.01,21.51,0.0,0.0,non_vegetarian
"Fonio, grain, dry, raw",369.133,7.16875,1.693,81.30525,2.197,vegan
"Soup, chicken, canned, chunky, ready-to-serve",71.0,5.06,2.64,6.88,0.6,non_vegetarian
"Babyfood, dinner, macaroni and cheese, strained",67.0,3.14,2.11,8.95,0.7,vegetarian
"Nuts, pine nuts, dried",673.0,13.69,68.37,13.08,3.7,vegan
"Beef, New Zealand, imported, chuck eye roll, separable lean only, raw",131.0,20.46,5.41,0.0,0.0,non_vegetarian
"Amaranth leaves, raw",23.0,2.46,0.33,4.02,,vegan
"Corn dogs, frozen, prepared",250.0,8.57,12.02,26.96,1.0,vegan
"Soup, chicken broth, less/reduced sodium, ready to serve",7.0,1.36,0.0,0.38,0.0,non_vegetarian
"Pasta, fresh-refrigerated, spinach, cooked",130.0,5.06,0.94,25.04,,vegan
"Beef, New Zealand, imported, sweetbread, cooked, boiled",318.0,12.53,29.79,0.0,0.0,non_vegetarian
"Beverages, lemonade-flavor drink, powder, prepared with water",27.0,0.0,0.07,6.9,0.0,vegan
"Soup, mushroom barley, canned, condensed",61.0,1.5,1.8,9.6,,vegan
"Guava nectar, with sucralose, canned",48.0,0.3,0.07,13.3,1.2,vegan
"Beef, round, tip round, roast, separable lean only, trimmed to 0"" fat, select, raw",122.0,21.38,3.35,0.0,0.0,non_vegetarian
"Snacks, popcorn, cheese-flavor",526.0,9.3,33.2,51.6,9.9,vegetarian
"Milk, reduced fat, fluid, 2% milkfat, with added nonfat milk solids, without added vitamin A",56.0,3.95,1.98,5.49,0.0,vegetarian
"Beef, chuck, blade roast, separable lean and fat, trimmed to 1/8"" fat, all grades, raw",248.0,17.16,19.41,0.0,0.0,non_vegetarian
"Grapes, red or green (European type, such as Thompson seedless), raw",69.0,0.72,0.16,18.1,0.9,vegan
"Potatoes, russet, without skin, raw",83.42,2.27375,0.36,17.77125,,vegan
"Soybeans, green, raw",147.0,12.95,6.8,11.05,4.2,vegan
"Wheat flour, white (industrial), 15% protein, bleached, enriched",362.0,15.33,1.41,69.88,2.4,vegan
"Beef, round, top round steak, boneless, separable lean and fat, trimmed to 0"" fat, select, raw",120.0,23.49,2.85,0.0,0.0,non_vegetarian
"Pastrami, beef, 98% fat-free",95.0,19.6,1.16,1.54,0.0,non_vegetarian
"Carrots, cooked, boiled, drained, with salt",35.0,0.76,0.18,8.22,3.0,vegan
"Game meat, bison, shoulder clod, separable lean only, trimmed to 0"" fat, raw",109.0,21.1,2.1,0.0,,non_vegetarian
"Cheese, cream, low fat",208.0,7.85,16.67,6.73,0.0,vegetarian
"Gravy, pork, dry, powder",367.0,8.78,8.63,63.57,2.4,non_vegetarian
"Soup, beef broth, cubed, prepared with water",3.0,0.21,0.08,0.25,0.0,non_vegetarian
"Soy milk, sweetened, plain, refrigerated",40.705,2.776875,1.957,2.996125,0.0,vegetarian
"PIZZA HUT 14"" Cheese Pizza, Stuffed Crust",274.0,12.23,11.63,30.0,1.7,vegetarian
"Beef, flank, steak, separable lean and fat, trimmed to 0"" fat, all grades, cooked, broiled",192.0,27.66,8.23,0.0,0.0,non_vegetarian
"Fruit butters, apple",173.0,0.39,0.3,42.47,1.5,vegetarian
"Oscar Mayer, Bologna (beef)",316.0,11.05,29.1,2.45,0.0,non_vegetarian
"Lamb, leg, whole (shank and sirloin), separable lean and fat, trimmed to 1/8"" fat, choice, raw",209.0,18.47,14.42,0.0,0.0,non_vegetarian
"Ice creams, vanilla",207.0,3.5,11.0,23.6,0.7,vegetarian
"Snacks, trail mix, regular, with chocolate chips, salted nuts and seeds",484.0,14.2,31.9,44.9,5.0,vegan
"Beef, chuck, top blade, separable lean and fat, trimmed to 0"" fat, all grades, cooked, broiled",216.0,25.73,11.73,0.0,0.0,non_vegetarian
"Bologna, chicken, turkey, pork",298.0,9.88,26.18,5.65,0.0,non_vegetarian
"Beef, top sirloin steak, raw",140.144,21.975,5.708,0.218,,non_vegetarian
"Pork, cured, ham, separable fat, boneless, unheated",515.0,7.5,53.0,1.87,0.0,non_vegetarian
"Game meat, beefalo, composite of cuts, raw",143.0,23.3,4.8,0.0,0.0,non_vegetarian
"Babyfood, dessert, fruit pudding, pineapple, strained",81.0,1.3,0.3,20.3,0.7,vegan
"Infant formula, GERBER, GOOD START 2 SOY, with iron, powder",501.0,12.5,25.6,55.6,0.0,vegan
"McDONALD'S, McCHICKEN Sandwich (without mayonnaise)",240.0,11.08,8.46,30.95,1.4,non_vegetarian
"Pork, fresh, belly, raw",518.0,9.34,53.01,0.0,0.0,non_vegetarian
"Goose, liver, raw",133.0,16.37,4.28,6.32,0.0,non_vegetarian
"Snacks, pretzels, hard, plain, made with unenriched flour, salted",381.0,9.1,3.5,79.2,2.8,vegan
"Potatoes, russet, flesh and skin, raw (Includes foods for USDA's Food Distribution Program)",79.0,2.14,0.08,18.07,1.3,vegan
"Cookie, vanilla with caramel, coconut, and chocolate coating",489.0,3.5,25.8,64.1,4.4,vegan
"Ice creams, BREYERS, All Natural Light French Vanilla",173.0,4.82,5.56,26.03,0.2,vegetarian
"Beans, pinto, immature seeds, frozen, cooked, boiled, drained, without salt",162.0,9.31,0.48,30.87,5.4,vegan
"Beef, chuck, under blade pot roast or steak, boneless, separable lean and fat, trimmed to 0"" fat, all grades, raw",196.0,19.17,13.26,0.0,0.0,non_vegetarian
"Ice cream cones, sugar, rolled-type",402.0,7.9,3.8,84.1,1.7,vegetarian
"Veal, leg (top round), separable lean only, cooked, braised",203.0,36.71,5.09,0.0,0.0,non_vegetarian
"Chicken, broilers or fryers, dark meat, meat and skin, raw",237.0,16.69,18.34,0.0,0.0,non_vegetarian
"Yogurt, chocolate, nonfat milk",112.0,3.53,0.0,23.53,1.2,vegetarian
"Cheese, cheddar",408.0,23.3,34.0,2.44,,vegetarian
"Babyfood, vegetables, squash, junior",24.0,0.81,0.2,5.73,0.9,vegan
"Chicken, broilers or fryers, leg, meat only, cooked, stewed",185.0,26.26,8.06,0.0,0.0,non_vegetarian
"Game meat, elk, ground, cooked, pan-broiled",193.0,26.64,8.74,0.0,0.0,non_vegetarian
"Pork, fresh, shoulder, (Boston butt), blade (steaks), separable lean only, with added solution cooked, braised",227.0,27.58,12.14,0.0,0.0,non_vegetarian
"Pork, ground, 96% lean / 4% fat, cooked, crumbles",187.0,30.55,7.15,0.0,0.0,non_vegetarian
"SUBWAY, B.L.T. sub on white bread with bacon, lettuce and tomato",205.0,10.06,6.41,26.66,1.6,non_vegetarian
"Ice creams, vanilla, fat free",138.0,4.48,0.0,30.06,1.0,vegetarian
"Beans, pinto, mature seeds, canned, solids and liquids, low sodium",82.0,4.6,0.56,15.18,4.6,vegan
"Beef, round, knuckle, tip center, steak, separable lean and fat, trimmed to 0"" fat, select, cooked, grilled",162.0,26.61,5.32,0.0,0.0,non_vegetarian
"Cranberry juice cocktail, bottled, low calorie, with calcium, saccharin and corn sweetener",19.0,0.02,0.01,4.6,0.0,vegan
"Beef, chuck, short ribs, boneless, separable lean and fat, trimmed to 0"" fat, all grades, raw",235.0,17.48,18.33,0.0,0.0,non_vegetarian
"Sorghum flour, white, pearled, unenriched, dry, raw",364.018,10.2125,3.238,73.5065,3.299,vegan
"Sausage, Italian, pork, mild, cooked, pan-fried",324.0,18.4,26.4,1.86,0.0,non_vegetarian
"Soup, cream of chicken, canned, prepared with equal volume milk",77.0,3.01,4.62,6.04,0.1,non_vegetarian
"Beef, chuck, under blade pot roast, boneless, separable lean and fat, trimmed to 0"" fat, choice, cooked, braised",306.0,26.39,21.48,0.0,0.0,non_vegetarian
"Muffins, blueberry, prepared from recipe, made with low fat (2%) milk",285.0,6.5,10.8,40.7,,vegetarian
"Veal, Australian, shank, hind, bone-in, separable lean only, raw",122.0,20.37,4.47,0.0,0.0,non_vegetarian
"Walrus, meat, raw (Alaska Native)",199.0,19.2,13.6,0.0,,non_vegetarian
"Chicken, broilers or fryers, rotisserie, original seasoning, thigh, meat and skin, cooked",233.0,22.93,15.7,0.02,0.0,non_vegetarian
"Fish, cisco, smoked",177.0,16.36,11.9,0.0,0.0,non_vegetarian
"Beef, shoulder steak, boneless, separable lean and fat, trimmed to 0"" fat, select, cooked, grilled",177.0,28.41,6.14,0.0,0.0,non_vegetarian
"Lamb, variety meats and by-products, liver, cooked, braised",220.0,30.57,8.81,2.53,0.0,non_vegetarian
"Beef, chuck, shoulder clod, shoulder tender, medallion, separable lean and fat, trimmed to 0"" fat, choice, cooked, grilled",181.0,26.07,7.68,0.0,0.0,non_vegetarian
"Bread, oat bran",236.0,10.4,4.4,39.8,4.5,vegan
"Beef, round, top round roast, boneless, separable lean only, trimmed to 0"" fat, choice, cooked, roasted",158.0,30.24,4.11,0.06,0.0,non_vegetarian
"Ice creams, BREYERS, No Sugar Added, Chocolate Caramel",151.0,3.54,5.8,25.17,1.0,vegetarian
"Lamb, leg, sirloin half, separable lean and fat, trimmed to 1/8"" fat, choice, cooked, roasted",284.0,24.95,19.67,0.0,0.0,non_vegetarian
"Dutch brand loaf, chicken, pork and beef",273.0,12.0,22.91,3.93,0.3,non_vegetarian
"Sauce, oyster, ready-to-serve",51.0,1.35,0.25,10.92,0.3,non_vegetarian
"Fish, rockfish, Pacific, mixed species, raw",90.0,18.36,1.34,0.0,0.0,non_vegetarian
"Pasta, whole-wheat, dry (Includes foods for USDA's Food Distribution Program)",352.0,13.87,2.93,73.37,9.2,vegan
"Beef, plate, inside skirt steak, separable lean and fat, trimmed to 0"" fat, all grades, cooked, broiled",220.0,26.13,12.05,0.0,0.0,non_vegetarian
"Pork, cured, ham with natural juices, spiral slice, boneless, separable lean and fat, heated, roasted",139.0,22.18,5.1,1.06,0.0,non_vegetarian
"Lamb, leg, whole (shank and sirloin), separable lean only, trimmed to 1/4"" fat, choice, cooked, roasted",191.0,28.3,7.74,0.0,0.0,non_vegetarian
"Cookies, oatmeal sandwich, with creme filling",398.0,2.61,18.29,55.62,2.6,vegan
"Beverages, Whey protein powder isolate",359.0,58.14,1.16,29.07,0.0,vegetarian
"Turkey, ground, 85% lean, 15% fat, patties, broiled",249.0,25.88,16.2,0.0,0.0,non_vegetarian
"Rice, white, short-grain, enriched, cooked",130.0,2.36,0.19,28.73,,vegan
"Beef, variety meats and by-products, lungs, raw",92.0,16.2,2.5,0.0,0.0,non_vegetarian
"Figs, canned, water pack, solids and liquids",53.0,0.4,0.1,13.99,2.2,vegan
"Beef, top loin petite roast/filet, boneless, separable lean only, trimmed to 1/8"" fat, select, raw",135.0,22.77,4.88,0.0,0.0,non_vegetarian
"Beef, chuck, under blade pot roast or steak, boneless, separable lean and fat, trimmed to 0"" fat, select, raw",187.0,19.2,12.27,0.0,0.0,non_vegetarian
"Soybeans, mature seeds, sprouted, cooked, steamed",81.0,8.47,4.45,6.53,0.8,vegan
"Tomato juice, with added ingredients, from concentrate, shelf stable",23.3075,0.859375,0.2875,4.320625,,vegan
"Margarine-like, vegetable oil spread, 60% fat, stick/tub/bottle, with salt",526.0,0.6,59.17,0.0,0.0,vegan
"Sauce, white, thin, prepared-from-recipe, with butter",72.0,3.95,2.56,8.29,0.1,vegetarian
"Cereals, WHEATENA, cooked with water, with salt",59.0,2.03,0.45,11.74,2.0,vegan
"Apples, raw, gala, with skin (Includes foods for USDA's Food Distribution Program)",57.0,0.25,0.12,13.68,2.3,vegan
"Wheat flour, white, all-purpose, enriched, calcium-fortified",364.0,10.33,0.98,76.31,2.7,vegan
"Chayote, fruit, raw",19.0,0.82,0.13,4.51,1.7,vegan
"Fish, salmon, sockeye (red), raw (Alaska Native)",153.0,21.94,7.28,0.0,0.0,non_vegetarian
"Squab, (pigeon), light meat without skin, raw",134.0,21.76,4.52,0.0,0.0,non_vegetarian
"Lamb, New Zealand, imported, liver, raw",136.0,20.7,4.92,2.22,0.0,non_vegetarian
"Veal, breast, plate half, boneless, separable lean and fat, cooked, braised",282.0,25.93,18.95,0.0,,non_vegetarian
"Corn, sweet, yellow, canned, cream style, no salt added",72.0,1.74,0.42,18.13,1.2,vegetarian
"Game meat, caribou, raw",127.0,22.63,3.36,0.0,0.0,non_vegetarian
"Chicken, meatless",224.0,23.64,12.73,3.64,3.6,non_vegetarian
"Beef, rib eye steak, boneless, lip-on, separable lean and fat, trimmed to 1/8"" fat, select, cooked, grilled",273.0,24.83,19.25,0.0,0.0,non_vegetarian
"Beef, chuck, mock tender steak, boneless, separable lean only, trimmed to 0"" fat, select, cooked, braised",181.0,32.96,5.44,0.0,0.0,non_vegetarian
"Shortening frying (heavy duty), soybean (hydrogenated), linoleic (less than 1%)",884.0,0.0,100.0,0.0,0.0,vegan
"Potatoes, baked, flesh and skin, without salt",93.0,2.5,0.13,21.15,2.2,vegan
"Oil, olive, salad or cooking",884.0,0.0,100.0,0.0,0.0,vegan
"Beans, pink, mature seeds, cooked, boiled, without salt",149.0,9.06,0.49,27.91,5.3,vegan
"Pasta, whole grain, 51% whole wheat, remaining enriched semolina, cooked (Includes foods for USDA's Food Distribution Program)",156.0,5.67,1.48,30.87,4.5,vegan
"Corn, sweet, yellow and white kernels,  fresh, raw",84.55,2.789375,1.626,14.689625,2.428,vegan
"Cheese spread, American or Cheddar cheese base, reduced fat",176.0,13.41,8.88,10.71,0.0,vegetarian
"Infant formula, GERBER, GOOD START 2 Soy, with iron, ready-to-feed",65.0,1.84,3.28,7.15,0.0,vegan
"Pie, peach",224.0,1.9,10.0,32.9,0.8,vegan
"Beef, round, eye of round steak, boneless, separable lean only, trimmed to 0"" fat, select, cooked, grilled",149.0,29.52,3.43,0.0,0.0,non_vegetarian
"Beef, bologna, reduced sodium",310.0,11.7,28.4,2.0,0.0,non_vegetarian
"Beef, chuck, roast, boneless, choice, raw",231.7048,18.4,17.8,0.0,,non_vegetarian
"Collards, frozen, chopped, cooked, boiled, drained, without salt",36.0,2.97,0.41,7.1,2.8,non_vegetarian
"Babyfood, grape juice, no sugar, canned",62.0,0.0,0.0,15.38,0.0,vegan
"Gravy, meat or poultry, low sodium, prepared",53.0,3.8,2.4,6.16,0.3,non_vegetarian
"Egg, yolk, raw, frozen, pasteurized",296.0,15.53,25.6,0.81,0.0,vegetarian
"Babyfood, dinner, vegetables and noodles and turkey, strained",44.0,1.2,1.2,6.8,1.1,non_vegetarian
"Beef, loin, top loin steak, boneless, lip off, separable lean only, trimmed to 0"" fat, choice, cooked, grilled",211.0,29.22,9.52,0.0,0.0,non_vegetarian
"PAPA JOHN'S 14"" Cheese Pizza, Thin Crust",295.0,12.29,15.66,26.26,2.3,vegetarian
"Duck, wild, meat and skin, raw",211.0,17.42,15.2,0.0,0.0,non_vegetarian
"Chicken, ground, with additives, raw",133.0498,17.9125,7.161,0.0,,non_vegetarian
"Milk, dry, nonfat, regular, without added vitamin A and vitamin D",362.0,36.16,0.77,51.98,0.0,vegetarian
"Orange juice, raw (Includes foods for USDA's Food Distribution Program)",45.0,0.7,0.2,10.4,0.2,vegan
"Vitasoy USA, Organic Nasoya Extra Firm Tofu",98.0,10.1,5.2,2.6,1.3,vegan
"Peas, green, frozen, unprepared (Includes foods for USDA's Food Distribution Program)",77.0,5.22,0.4,13.62,4.5,vegan
"Veal, shank, separable lean only, raw",94.0,19.77,1.64,0.0,0.0,non_vegetarian
"Lamb, rib, separable lean only, trimmed to 1/4"" fat, choice, cooked, roasted",232.0,26.16,13.31,0.0,0.0,non_vegetarian
"Beef, chuck, shoulder clod, top blade, steak, separable lean and fat, trimmed to 0"" fat, select, cooked, grilled",212.0,25.29,11.52,0.0,0.0,non_vegetarian
"Beef, New Zealand, imported, variety meats and by-products, kidney, raw",87.0,15.68,2.64,0.0,0.0,non_vegetarian
"Beef, round, bottom round, steak, separable lean only, trimmed to 1/8"" fat, select, cooked, braised",205.0,34.46,6.43,0.0,0.0,non_vegetarian
"Split pea with ham soup, canned, reduced sodium, prepared with water or ready-to-serve",68.0,4.0,0.7,11.4,1.9,non_vegetarian
"Nuts, almonds, oil roasted, with salt added, smoke flavor",607.0,21.43,55.89,17.86,10.7,vegan
"Fish, pollock, Atlantic, raw",92.0,19.44,0.98,0.0,0.0,non_vegetarian
"BURGER KING, DOUBLE WHOPPER, with cheese",266.0,14.47,17.06,13.52,1.6,vegetarian
"Oil, industrial, palm kernel (hydrogenated), confection fat, uses similar to 95 degree hard butter",884.0,0.0,100.0,0.0,0.0,vegetarian
"Veal, shoulder, blade chop, separable lean and fat, cooked, grilled",199.0,25.72,10.57,0.15,0.0,non_vegetarian
"Beef, ground, 93% lean meat / 7% fat, crumbles, cooked, pan-browned",209.0,28.88,9.51,0.0,0.0,non_vegetarian
"Lamb, rib, separable lean and fat, trimmed to 1/4"" fat, choice, cooked, broiled",361.0,22.13,29.59,0.0,0.0,non_vegetarian
"Salad dressing, blue or roquefort cheese, low calorie",99.0,5.1,7.2,2.9,0.0,vegetarian
"Plums, canned, purple, extra heavy syrup pack, solids and liquids",101.0,0.36,0.1,26.31,1.0,vegan
"Sherbet, orange",144.0,1.1,2.0,30.4,1.3,vegan
"Beef, shoulder pot roast, boneless, separable lean only, trimmed to 0"" fat, choice, cooked, braised",200.0,31.32,8.3,0.0,0.0,non_vegetarian
"Pork, fresh, loin, center rib (roasts), bone-in, separable lean only, cooked, roasted",206.0,28.82,9.21,0.0,0.0,non_vegetarian
"Milk, reduced fat, fluid, 2% milkfat, with added vitamin A and vitamin D",50.0,3.3,1.98,4.8,0.0,vegetarian
"Mountain yam, hawaii, raw",67.0,1.34,0.1,16.3,2.5,vegan
"Fish, tilefish, raw",96.0,17.5,2.31,0.0,0.0,non_vegetarian
"Turnip greens, frozen, unprepared",22.0,2.47,0.31,3.67,2.5,vegan
"Soybeans, mature cooked, boiled, without salt",172.0,18.21,8.97,8.36,6.0,vegan
"Spinach, canned, regular pack, drained solids",23.0,2.81,0.5,3.4,2.4,vegan
"Pineapple, raw, traditional varieties",45.0,0.55,0.13,11.82,,vegan
"Fast foods, submarine sandwich, ham on white bread with lettuce and tomato",151.0,9.12,2.53,22.91,1.3,non_vegetarian
"Beef, plate steak, boneless, inside skirt, separable lean only, trimmed to 0"" fat, all grades, cooked, grilled",234.0,29.99,12.69,0.0,0.0,non_vegetarian
"Vitasoy USA Nasoya, Lite Silken Tofu",43.0,8.21,1.1,0.0,,vegan
"Game meat, muskrat, cooked, roasted",234.0,30.09,11.74,0.0,0.0,non_vegetarian
"Soup, cream of onion, canned, prepared with equal volume milk",75.0,2.74,3.78,7.4,0.3,vegetarian
"Soup, clam chowder, new england, canned, condensed",72.0,3.17,2.06,10.32,0.7,non_vegetarian
"Beef, chuck, mock tender steak, boneless, separable lean and fat, trimmed to 0"" fat, choice, raw",131.0,21.19,5.18,0.0,0.0,non_vegetarian
"Beef, short loin, porterhouse steak, separable lean and fat, trimmed to 1/8"" fat, select, raw",208.0,20.69,13.27,0.0,0.0,non_vegetarian
"Gravy, instant beef, dry",369.0,9.8,9.48,61.1,4.3,non_vegetarian
"Pickle and pimiento loaf, pork",225.0,11.23,15.95,8.46,1.5,non_vegetarian
"Cheese, brick",371.0,23.24,29.68,2.79,0.0,vegetarian
"Spaghetti with meat sauce, frozen entree",90.0,5.05,1.01,15.24,1.8,non_vegetarian
"Carrots, frozen, unprepared (Includes foods for USDA's Food Distribution Program)",37.0,0.81,0.47,7.92,3.2,vegan
"Soup, vegetarian vegetable, canned, prepared with equal volume water",28.0,0.86,0.79,4.89,0.3,vegan
"Fish, trout, rainbow, farmed, raw",141.0,19.94,6.18,0.0,0.0,non_vegetarian
"Babyfood, juice, orange and apricot",46.0,0.8,0.1,10.9,0.1,vegan
"Beerwurst, beer salami, pork",238.0,14.24,18.8,2.06,0.0,non_vegetarian
"Chicken, broilers or fryers, leg, meat only, raw",120.0,19.16,4.22,0.0,0.0,non_vegetarian
"Veal, leg (top round), separable lean and fat, raw",117.0,20.98,3.08,0.0,0.0,non_vegetarian
"Beans, great northern, mature seeds, raw (Includes foods for USDA's Food Distribution Program)",339.0,21.86,1.14,62.37,20.2,vegan
"Cherry juice, tart",59.0,0.31,0.54,13.7,,vegan
"Turkey, whole, meat only, with added solution, raw",106.0,20.87,2.39,0.14,0.0,non_vegetarian
"Cabbage, chinese (pak-choi), cooked, boiled, drained, with salt",12.0,1.56,0.16,1.78,1.0,vegan
"Peas, edible-podded, frozen, unprepared",42.0,2.8,0.3,7.2,3.1,vegan
"Oil, industrial, soy (partially hydrogenated)  and cottonseed, principal use as a tortilla shortening",884.0,0.0,100.0,0.0,0.0,vegan
"Veal, shoulder, whole (arm and blade), separable lean only, cooked, roasted",170.0,25.81,6.62,0.0,0.0,non_vegetarian
"Crustaceans, crab, queen, raw",90.0,18.5,1.18,0.0,0.0,non_vegetarian
"Babyfood, fruit, prunes with tapioca, without ascorbic acid, strained",69.0,0.6,0.1,18.5,2.7,vegan
"Turkey, gizzard, all classes, raw",111.0,18.8,3.37,0.0,0.0,non_vegetarian
"Beef, ground, unspecified fat content, cooked",240.0,25.07,14.53,0.62,0.0,non_vegetarian
"Lamb, loin, separable lean and fat, trimmed to 1/8"" fat, choice, raw",279.0,17.18,22.75,0.0,0.0,non_vegetarian
"Candies, MARS SNACKFOOD US, POP'ABLES 3 MUSKETEERS Brand Bite Size Candies",443.0,2.59,15.17,75.94,1.3,vegan
"Beef, ground, 95% lean meat / 5% fat, patty, cooked, broiled",174.0,26.29,6.8,0.0,0.0,non_vegetarian
"Beef, plate steak, boneless, outside skirt, separable lean and fat, trimmed to 0"" fat, select, cooked, grilled",281.0,27.95,18.75,0.0,0.0,non_vegetarian
Fruit syrup,341.0,0.0,0.0,85.13,0.1,vegan
"Pork, ground, 96% lean / 4% fat, raw",121.0,21.1,4.0,0.21,0.0,non_vegetarian
"Cowpeas, common (blackeyes, crowder, southern), mature seeds, cooked, boiled, with salt",116.0,7.73,0.53,20.76,6.5,vegan
"Soup, cream of asparagus, canned, prepared with equal volume milk",65.0,2.55,3.3,6.61,0.3,vegetarian
"Cheese, goat, hard type",452.0,30.52,35.59,2.17,0.0,non_vegetarian
"Peanuts, virginia, raw",563.0,25.19,48.75,16.54,8.5,vegan
"Bread, rye, toasted",284.0,9.4,3.6,53.1,6.4,vegan
"Beef, brisket, flat half, boneless, separable lean only, trimmed to 0"" fat, select, raw",124.0,21.74,4.14,0.0,0.0,non_vegetarian
"Lamb, shoulder, blade, separable lean and fat, trimmed to 1/8"" fat, choice, cooked, broiled",267.0,23.48,18.5,0.0,0.0,non_vegetarian
"Beef, variety meats and by-products, pancreas, cooked, braised",271.0,27.1,17.2,0.0,0.0,non_vegetarian
"Babyfood, dinner, vegetables and dumplings and beef, junior",48.0,2.1,0.8,8.0,,non_vegetarian
"Pork, cured, ham, boneless, extra lean (approximately 5% fat), roasted",145.0,20.93,5.53,1.5,0.0,non_vegetarian
"Lamb, New Zealand, imported, testes, raw",68.0,11.4,2.38,0.14,0.0,non_vegetarian
"Yogurt, Greek, whole, plain, CHOBANI",82.0,8.24,4.01,3.24,0.8,vegetarian
"Beef, loin, top loin, separable lean and fat, trimmed to 1/8"" fat, select, cooked, grilled",250.0,26.72,15.11,0.0,0.0,non_vegetarian
"Rice, brown, parboiled, cooked, UNCLE BENS",147.0,3.09,0.85,31.33,1.7,vegan
"Beef, composite of trimmed retail cuts, separable lean and fat, trimmed to 0"" fat, choice, cooked",233.0,28.17,12.53,0.0,0.0,non_vegetarian
Liverwurst spread,305.0,12.38,25.45,5.89,2.5,non_vegetarian
"Snacks, KELLOGG, KELLOGG'S, NUTRI-GRAIN Cereal Bars, fruit",365.0,4.22,8.67,67.61,3.0,vegan
"Pork, fresh, loin, center loin (chops), bone-in, separable lean and fat, raw",170.0,20.71,9.03,0.0,0.0,non_vegetarian
"Rice, white, glutinous, unenriched, uncooked",370.0,6.81,0.55,81.68,2.8,vegan
"School Lunch, pizza, TONY'S Breakfast Pizza Sausage, frozen",240.0,10.39,10.04,26.99,2.0,non_vegetarian
"Puddings, lemon, dry mix, regular, with added oil, potassium, sodium",366.0,0.1,1.5,90.3,0.1,vegan
"Lamb, Australian, imported, fresh, shoulder, blade, separable lean and fat, trimmed to 1/8"" fat, raw",262.0,16.48,21.28,0.0,,non_vegetarian
"Beef, chuck, under blade steak, boneless, separable lean only, trimmed to 0"" fat, select, cooked, braised",215.0,32.01,9.66,0.0,0.0,non_vegetarian
"Fast foods, chicken tenders",271.0,19.22,13.95,17.25,1.2,non_vegetarian
"Fruit juice smoothie, ODWALLA, strawberry banana",48.0,0.5,0.32,11.05,0.6,vegan
"Oil, grapeseed",884.0,0.0,100.0,0.0,0.0,vegan
"Beef, shoulder pot roast or steak, boneless, separable lean only, trimmed to 0"" fat, select, raw",121.0,21.93,3.7,0.0,0.0,non_vegetarian
"Lamb, New Zealand, imported, frozen, composite of trimmed retail cuts, separable lean and fat, raw",277.0,16.74,22.74,0.0,0.0,non_vegetarian
"Pork, fresh, variety meats and by-products, leaf fat, raw",857.0,1.76,94.16,0.0,0.0,non_vegetarian
"Oil, peanut, salad or cooking",884.0,0.0,100.0,0.0,0.0,vegan
"Squash, winter, hubbard, raw",40.0,2.0,0.5,8.7,3.9,vegan
"Cheese, monterey, low fat",313.0,28.2,21.6,0.7,0.0,vegetarian
"Cream cheese, full fat, block",342.794,5.78985,33.49,4.55615,,vegetarian
"Babyfood, fruit, applesauce and cherries, junior",51.0,0.0,0.0,14.1,1.1,vegan
"Formulated bar, high fiber, chewy, oats and chocolate",389.0,5.0,10.0,69.82,22.5,vegan
"Bratwurst, chicken, cooked",176.0,19.44,10.35,0.0,0.0,non_vegetarian
"Game meat, moose, cooked, roasted",134.0,29.27,0.97,0.0,0.0,non_vegetarian
"Mollusks, clam, mixed species, raw",86.0,14.67,0.96,3.57,0.0,non_vegetarian
"Beef, flank, steak, separable lean only, trimmed to 0"" fat, all grades, cooked, broiled",186.0,27.89,7.4,0.0,0.0,non_vegetarian
"Beef, plate, outside skirt steak, separable lean only, trimmed to 0"" fat, all grades, cooked, broiled",233.0,24.18,14.37,0.0,0.0,non_vegetarian
"Bologna, beef and pork, low fat",230.0,11.5,19.3,2.6,0.0,non_vegetarian
"Beef, shoulder steak, boneless, separable lean only, trimmed to 0"" fat, all grades, cooked, grilled",175.0,28.6,5.82,0.0,0.0,non_vegetarian
"Chicken, broiler, rotisserie, BBQ, wing, meat and skin",257.0,23.42,18.04,0.6,0.0,non_vegetarian
"Chicken, skin (drumsticks and thighs), cooked, braised",443.0,14.61,42.76,0.0,0.0,non_vegetarian
"Beans, black turtle, mature seeds, cooked, boiled, with salt",130.0,8.18,0.35,24.35,8.3,vegan
"Light Ice Cream, soft serve, blended with milk chocolate candies",182.0,4.02,6.46,26.82,0.2,vegetarian
"Pasta, cooked, enriched, without added salt",158.0,5.8,0.93,30.86,1.8,vegan
"Soup, beef broth bouillon and consomme, canned, condensed",11.0,2.52,0.0,0.32,0.0,non_vegetarian
"Beef, plate steak, boneless, inside skirt, separable lean and fat, trimmed to 0"" fat, all grades, raw",187.0,20.38,11.71,0.0,0.0,non_vegetarian
"Beef, loin, tenderloin steak, boneless, separable lean and fat, trimmed to 0"" fat, select, raw",142.0,21.95,6.02,0.0,0.0,non_vegetarian
"Cheese, mexican, queso anejo",373.0,21.44,29.98,4.63,0.0,vegetarian
"Beverages, ABBOTT, EAS soy protein powder",405.0,47.62,3.57,43.94,0.0,vegan
"Infant formula, PBM PRODUCTS, store brand, soy, powder",508.0,13.6,27.2,52.2,0.0,vegan
"Fish, caviar, black and red, granular",264.0,24.6,17.9,4.0,0.0,non_vegetarian
"Lamb, New Zealand, imported, leg chop/steak, bone-in, separable lean and fat, cooked, fast fried",212.0,24.26,12.76,0.04,0.0,non_vegetarian
"Fish, tuna, yellowfin, fresh, cooked, dry heat",130.0,29.15,0.59,0.0,0.0,non_vegetarian
"WENDY'S, CLASSIC SINGLE Hamburger, no cheese",213.0,12.63,10.6,16.82,1.3,non_vegetarian
"Macaroni and cheese loaf, chicken, pork and beef",228.0,11.76,14.96,11.63,0.0,non_vegetarian
"Sausage, Polish, beef with chicken, hot",259.0,17.6,19.4,3.6,0.0,non_vegetarian
"Margarine-like spread with yogurt, 70% fat, stick, with salt",630.0,0.3,70.0,0.5,0.0,vegetarian
"Beans, great northern, mature seeds, cooked, boiled, with salt",118.0,8.33,0.45,21.09,7.0,vegan
"Papaya nectar, canned",57.0,0.17,0.15,14.51,0.6,vegan
"Game meat, horse, cooked, roasted",175.0,28.14,6.05,0.0,0.0,non_vegetarian
"Beef, rib, large end (ribs 6-9), separable lean and fat, trimmed to 1/8"" fat, all grades, cooked, broiled",338.0,21.55,27.22,0.0,0.0,non_vegetarian
"Chicken tenders, breaded, frozen, prepared",240.0,14.62,13.58,14.86,1.7,non_vegetarian
"Beef, brisket, point half, separable lean only, trimmed to 0"" fat, all grades, cooked, braised",244.0,28.05,13.8,0.0,0.0,non_vegetarian
"Oscar Mayer, Smokies Sausage Little Cheese (pork, turkey)",315.0,13.5,28.2,1.7,0.0,non_vegetarian
"Cheese, parmesan, grated, refrigerated",403.384,30.13912,29.5,4.33188,,vegetarian
"Frybread, made with lard (Apache)",309.0,8.38,10.14,46.01,1.7,non_vegetarian
"Snacks, pork skins, plain",544.0,61.3,31.3,0.0,0.0,non_vegetarian
"OLIVE GARDEN, spaghetti with meat sauce",121.0,5.8,3.28,17.19,1.7,non_vegetarian
"Beef, rib eye steak, bone-in, lip-on, separable lean and fat, trimmed to 1/8"" fat, all grades, cooked, grilled",309.0,22.9,24.2,0.0,0.0,non_vegetarian
"Fast foods, cheeseburger; single, regular patty, with condiments and vegetables",254.0,13.06,11.5,24.97,1.4,vegetarian
"CAMPBELL'S CHUNKY, Hearty Beef Barley Soup",56.0,2.89,0.92,8.98,1.0,non_vegetarian
"Cheese, ricotta, whole milk",150.0,7.54,10.18,7.27,0.0,vegetarian
"Vermicelli, made from soy",331.0,0.1,0.1,82.32,3.9,vegan
"Margarine-like, vegetable oil spread, 60% fat, stick/tub/bottle, without salt, with added vitamin D",542.0,0.17,59.81,0.86,0.0,vegan
"Nuts, coconut meat, dried (desiccated), sweetened, flaked, canned",443.0,3.35,31.69,40.91,4.5,non_vegetarian
"Milk, nonfat, fluid, protein fortified, with added vitamin A and vitamin D (fat free and skim)",41.0,3.96,0.25,5.56,0.0,vegetarian
"Chicken, broilers or fryers, neck, meat and skin, raw",297.0,14.07,26.24,0.0,0.0,non_vegetarian
"Sauce, cheese sauce mix, dry",438.0,7.68,18.33,60.52,1.0,vegetarian
"Pasta, whole-wheat, cooked (Includes foods for USDA's Food Distribution Program)",149.0,5.99,1.71,30.07,3.9,vegan
"Succotash, (corn and limas), cooked, boiled, drained, with salt",111.0,5.07,0.8,24.37,,vegan
"Stew, dumpling with mutton (Navajo)",101.0,8.71,3.78,8.03,,non_vegetarian
"Peaches, dehydrated (low-moisture), sulfured, uncooked",325.0,4.89,1.03,83.18,,vegan
"Pork, fresh, loin, center rib (chops), boneless, separable lean only, cooked, pan-fried",224.0,27.68,11.8,0.0,0.0,non_vegetarian
"Lamb, Australian, imported, fresh, leg, whole (shank and sirloin), separable lean and fat, trimmed to 1/8"" fat, raw",215.0,18.24,15.19,0.0,,non_vegetarian
"Fish, yellowtail, mixed species, cooked, dry heat",187.0,29.67,6.72,0.0,0.0,non_vegetarian
"Lamb, New Zealand, imported, loin chop, separable lean and fat, cooked, fast fried",332.0,21.5,27.11,0.41,0.0,non_vegetarian
"Milk, goat, fluid, with added vitamin D",69.0,3.56,4.14,4.45,0.0,non_vegetarian
"Goose, domesticated, meat and skin, cooked, roasted",305.0,25.16,21.92,0.0,0.0,non_vegetarian
"Pork, fresh, shoulder, (Boston butt), blade (steaks), separable lean only, with added solution, raw",122.0,18.29,5.36,0.18,0.0,non_vegetarian
"Grapes, canned, thompson seedless, heavy syrup pack, solids and liquids",76.0,0.48,0.1,19.65,0.6,vegan
"Pork, fresh, variety meats and by-products, ears, frozen, raw",234.0,22.45,15.1,0.6,0.0,non_vegetarian
"Cheese, edam",357.0,24.99,28.57,1.43,0.0,vegetarian
"Fish, cod, Pacific, cooked",84.0,20.42,0.25,0.0,,non_vegetarian
"Cereals ready-to-eat, MALT-O-MEAL, Apple ZINGS",390.0,4.51,2.71,87.3,2.3,vegan
"Beef, New Zealand, imported, flat, separable lean and fat, cooked, braised",252.0,31.86,13.79,0.0,0.0,non_vegetarian
"Rice, white, long-grain, parboiled, unenriched, cooked",123.0,2.91,0.37,26.05,0.9,vegan
"Fish, lingcod, cooked, dry heat",109.0,22.64,1.36,0.0,0.0,non_vegetarian
"Pork, cured, ham, extra lean and regular, canned, roasted",167.0,20.94,8.43,0.49,0.0,non_vegetarian
"Lamb, shoulder, blade, separable lean and fat, trimmed to 1/8"" fat, choice, cooked, roasted",270.0,22.62,19.19,0.0,0.0,non_vegetarian
"Orange juice, no pulp, not fortified, from concentrate, refrigerated",47.225,0.734375,0.325,10.340625,,vegan
"Wheat flour, white (industrial), 10% protein, bleached, enriched",366.0,9.71,1.48,76.22,2.4,vegan
"Limeade, frozen concentrate, prepared with water",52.0,0.0,0.0,13.79,0.0,vegan
"Beef, plate steak, boneless, inside skirt, separable lean and fat, trimmed to 0"" fat, select, cooked, grilled",233.0,30.06,12.54,0.0,0.0,non_vegetarian
"Beef, chuck for stew, separable lean and fat, all grades, cooked, braised",191.0,32.41,6.82,0.0,0.0,non_vegetarian
"Peanuts, all types, oil-roasted, without salt",599.0,28.03,52.5,15.26,9.4,vegan
"Bread, rice bran, toasted",264.0,9.7,5.0,47.3,5.3,vegan
"Beef, chuck, mock tender steak, separable lean and fat, trimmed to 0"" fat, all grades, cooked, broiled",160.0,25.87,5.52,0.0,0.0,non_vegetarian
"Beverages, V8 SPLASH Juice Drinks, Strawberry Banana",29.0,0.0,0.0,7.41,,vegan
"Mountain yam, hawaii, cooked, steamed, with salt",82.0,1.73,0.08,19.99,,vegan
"Lima beans, immature seeds, cooked, boiled, drained, without salt",123.0,6.81,0.32,23.64,5.4,vegan
"Soup, chunky vegetable, canned, ready-to-serve",39.0,1.14,0.36,7.9,1.1,vegan
"Milk, chocolate, lowfat, reduced sugar",57.0,3.43,1.04,7.68,0.0,vegetarian
"Broadbeans, immature seeds, cooked, boiled, drained, without salt",62.0,4.8,0.5,10.1,3.6,vegan
"Pears, canned, heavy syrup, drained",74.0,0.24,0.18,19.08,2.7,vegan
"Lamb, Australian, imported, fresh, leg, shank half, separable lean only, trimmed to 1/8"" fat, cooked, roasted",182.0,27.18,7.27,0.0,,non_vegetarian
"Lamb, ground, cooked, broiled",283.0,24.75,19.65,0.0,0.0,non_vegetarian
"Soymilk (all flavors), nonfat, with added calcium, vitamins A and D",28.0,2.47,0.04,4.14,0.2,vegetarian
"Beef, loin, top loin steak, boneless, lip-on, separable lean only, trimmed to 1/8"" fat, choice, cooked, grilled",208.0,28.66,10.34,0.0,0.0,non_vegetarian
"Collards, cooked, boiled, drained, with salt",33.0,2.71,0.72,5.65,4.0,non_vegetarian
"Cereals ready-to-eat, POST GREAT GRAINS Banana Nut Crunch",390.0,9.8,8.8,70.9,11.2,vegan
"SILK Vanilla, soymilk",41.0,2.47,1.44,4.12,0.4,vegetarian
"Onions, frozen, chopped, unprepared",29.0,0.79,0.1,6.82,1.8,vegan
"Applesauce, canned, sweetened, without salt",68.0,0.16,0.17,17.49,1.2,vegan
"Beans, french, mature seeds, cooked, boiled, without salt",129.0,7.05,0.76,24.02,9.4,vegan
"Beef, Australian, imported, grass-fed, loin, tenderloin steak/roast, boneless, separable lean and fat, raw",151.0,20.53,7.63,0.01,0.0,non_vegetarian
"Bread, salvadoran sweet cheese (quesadilla salvadorena)",374.0,7.12,17.12,47.84,0.7,vegetarian
"Beef, plate steak, boneless, outside skirt, separable lean and fat, trimmed to 0"" fat, choice, cooked, grilled",300.0,26.46,21.62,0.0,0.0,non_vegetarian
"Orange peel, raw",97.0,1.5,0.2,25.0,10.6,vegan
"Restaurant, Latino, arroz con leche (rice pudding)",146.0,3.2,3.69,24.92,0.5,vegan
"Babyfood, fruit and vegetable, apple and sweet potato",64.0,0.3,0.22,15.3,1.4,vegan
"Babyfood, meat, lamb, strained",94.0,14.07,3.41,0.85,0.0,non_vegetarian
"Mouse nuts, seedlings (Alaska Native)",104.0,7.3,1.1,16.3,,vegan
"Soup, vegetable soup, condensed, low sodium, prepared with equal volume water",33.0,1.1,0.45,6.06,1.1,vegan
"Lamb, shoulder, whole (arm and blade), separable lean and fat, trimmed to 1/8"" fat, choice, raw",244.0,17.07,18.96,0.0,0.0,non_vegetarian
"Beef, round, tip round, roast, separable lean only, trimmed to 0"" fat, choice, cooked, roasted",176.0,27.68,6.42,0.0,0.0,non_vegetarian
"Soup, ramen noodle, beef flavor, dry",441.0,10.06,17.73,60.34,3.0,non_vegetarian
"Restaurant, Chinese, beef and vegetables",105.0,7.08,5.3,7.29,1.5,non_vegetarian
"Lamb, shoulder, arm, separable lean only, trimmed to 1/4"" fat, choice, cooked, broiled",200.0,27.71,9.02,0.0,0.0,non_vegetarian
"Soup, chili beef, canned, condensed",117.0,5.09,2.53,18.86,2.5,non_vegetarian
"Wheat bran, crude",216.0,15.55,4.25,64.51,42.8,vegan
"SUBWAY, meatball marinara sub on white bread (no toppings)",219.0,9.77,8.45,26.01,2.1,non_vegetarian
"Broadbeans, immature seeds, cooked, boiled, drained, with salt",62.0,4.8,0.5,10.1,,vegan
"Beef, round, knuckle, tip side, steak, separable lean and fat, trimmed to 0"" fat, all grades, raw",129.0,21.69,4.0,0.0,0.0,non_vegetarian
"Beef, rib, whole (ribs 6-12), separable lean and fat, trimmed to 1/8"" fat, all grades, cooked, roasted",351.0,22.77,28.11,0.0,0.0,non_vegetarian
"Pork sausage, link/patty, fully cooked, microwaved",438.0,15.12,41.66,0.62,0.0,non_vegetarian
"Veal, cubed for stew (leg and shoulder), separable lean only, cooked, braised",188.0,34.94,4.31,0.0,0.0,non_vegetarian
"Orange juice, chilled, includes from concentrate, with added calcium and vitamin D",47.0,0.68,0.12,11.27,0.3,vegan
"Candies, MARS SNACKFOOD US, DOVE Milk Chocolate",546.0,5.94,31.72,59.78,2.4,vegetarian
"Shortening industrial, lard and vegetable oil",900.0,0.0,100.0,0.0,0.0,non_vegetarian
"Cereals ready-to-eat, POST, Shredded Wheat n' Bran, spoon-size",339.0,10.93,2.06,80.65,14.7,vegan
"Candies, honey-combed, with peanut butter",473.0,8.72,20.18,67.41,1.9,vegetarian
"Wheat, hard white",342.0,11.31,1.71,75.9,12.2,vegan
"Protein supplement, milk based, Muscle Milk Light, powder",396.0,50.0,12.0,22.0,2.0,vegetarian
"Beef, top loin petite roast, boneless, separable lean only, trimmed to 1/8"" fat, select, cooked, roasted",179.0,28.48,6.95,0.74,0.0,non_vegetarian
"Milk, canned, evaporated, nonfat, with added vitamin A and vitamin D",78.0,7.55,0.2,11.35,0.0,vegetarian
"Pork, cured, ham and water product, whole, boneless, separable lean and fat, heated, roasted",123.0,13.88,5.46,4.61,0.0,non_vegetarian
"Potatoes, gold, without skin, raw",73.4738,1.8125,0.2638,15.9624,,vegan
"Headcheese, pork",157.0,13.83,10.9,0.0,0.0,non_vegetarian
"Chickpeas (garbanzo beans, bengal gram), canned, sodium added, drained and rinsed",137.22,7.01875,3.096,20.32025,,vegan
"Flour, spelt, whole grain",363.679,14.475,2.543,70.723,9.339,vegan
"Pancakes, plain, dry mix, complete (includes buttermilk)",368.0,9.77,3.1,73.65,2.9,vegetarian
"Chicken, broilers or fryers, rotisserie, original seasoning, wing, meat and skin, cooked",266.0,24.34,18.77,0.04,0.0,non_vegetarian
"Mustard spinach, (tendergreen), raw",22.0,2.2,0.3,3.9,2.8,vegan
"Mung beans, mature seeds, sprouted, cooked, boiled, drained, with salt",19.0,2.03,0.09,3.6,0.8,vegan
"Fast Foods, biscuit, with egg and sausage",312.0,11.13,20.77,21.05,0.2,non_vegetarian
"Pork, fresh, loin, blade (chops or roasts), bone-in, separable lean only, raw",143.0,21.22,5.84,0.0,0.0,non_vegetarian
"Pork, fresh, loin, center loin (chops), bone-in, separable lean and fat, cooked, pan-fried",238.0,27.63,13.32,0.0,0.0,non_vegetarian
"Pillsbury Grands, Buttermilk Biscuits, refrigerated dough",293.0,6.16,11.34,42.41,1.5,vegetarian
"Beef, top sirloin, steak, separable lean only, trimmed to 1/8"" fat, all grades, cooked, broiled",178.0,29.42,5.84,0.0,0.0,non_vegetarian
"Chicken, stewing, meat and skin, raw",258.0,17.55,20.33,0.0,0.0,non_vegetarian
"Groundcherries, (cape-gooseberries or poha), raw",53.0,1.9,0.7,11.2,,non_vegetarian
"Egg, white, dried",382.0,81.1,0.0,7.8,0.0,vegetarian
"Game meat, bison, chuck, shoulder clod, separable lean only, raw",119.0,21.12,3.15,0.0,0.0,non_vegetarian
"Carambola, (starfruit), raw",31.0,1.04,0.33,6.73,2.8,vegan
"Salad dressing, sesame seed dressing, regular",443.0,3.1,45.2,8.6,1.0,vegan
"Beef, round, knuckle, tip side, steak, separable lean and fat, trimmed to 0"" fat, choice, cooked, grilled",174.0,28.79,5.71,0.0,0.0,non_vegetarian
"Beans, kidney, dark red, canned, sodium added, sugar added, drained and rinsed",126.624,7.8,1.256,21.03,,non_vegetarian
"Wheat, durum",339.0,13.68,2.47,71.13,,vegan
"Beef, rib, whole (ribs 6-12), separable lean and fat, trimmed to 1/8"" fat, prime, raw",355.0,16.15,31.66,0.0,0.0,non_vegetarian
"Beef, rib, back ribs, bone-in, separable lean and fat, trimmed to 0"" fat, all grades, cooked, braised",360.0,24.23,29.21,0.0,0.0,non_vegetarian
"SILK Very Vanilla, soymilk",53.0,2.47,1.65,7.82,0.4,vegetarian
"WENDY'S, CLASSIC SINGLE Hamburger, with cheese",221.0,14.87,11.6,14.2,1.4,non_vegetarian
"SMART SOUP, Vietnamese Carrot Lemongrass",44.0,1.3,1.06,8.2,1.5,vegan
"Chicken, broilers or fryers, dark meat, thigh, meat only, raw",121.0,19.66,4.12,0.0,0.0,non_vegetarian
"Rennin, chocolate, dry mix, prepared with whole milk",96.0,3.2,3.34,13.34,0.5,vegetarian
"Snacks, FRITOLAY, SUNCHIPS, multigrain, French onion flavor",496.0,8.68,22.15,65.49,7.8,vegan
"Beef, ground, 95% lean meat / 5% fat, patty, cooked, pan-broiled",164.0,25.8,5.94,0.0,0.0,non_vegetarian
"BURGER KING, Double Cheeseburger",282.0,16.83,16.13,17.43,,vegetarian
"Cereals, QUAKER, Instant Oatmeal, Cinnamon-Spice, dry",369.0,10.39,5.1,74.52,8.2,vegan
"Hazelnuts, beaked (Northern Plains Indians)",628.0,14.89,52.99,22.98,9.8,vegan
"Soup, black bean, canned, prepared with equal volume water",46.0,2.42,0.66,7.71,3.4,vegan
"Beef, brisket, point half, separable lean and fat, trimmed to 1/8"" fat, all grades, raw",267.0,17.65,20.98,0.59,0.0,non_vegetarian
"Mushrooms, shiitake, cooked, without salt",56.0,1.56,0.22,14.39,2.1,vegan
"Tortilla, includes plain and from mutton sandwich (Navajo)",237.0,7.28,0.95,49.94,2.4,non_vegetarian
"Frozen novelties, juice type, orange",95.0,0.5,0.0,23.17,0.1,vegan
"Corn, sweet, white, raw",86.0,3.22,1.18,19.02,2.7,vegan
"Beef, tenderloin, steak, separable lean only, trimmed to 1/8"" fat, select, raw",148.0,22.06,5.93,0.0,0.0,non_vegetarian
"Snacks, potato chips, reduced fat",471.0,7.1,20.8,66.9,5.9,vegan
"Beef, flank, steak, separable lean and fat, trimmed to 0"" fat, choice, cooked, braised",263.0,26.98,16.44,0.0,0.0,non_vegetarian
"Turkey, ground, 85% lean, 15% fat, raw",180.0,16.9,12.54,0.0,0.0,non_vegetarian
"Game meat, deer, shoulder clod, separable lean only, cooked, braised",191.0,36.28,3.95,0.0,0.0,non_vegetarian
"Fish oil, sardine",902.0,0.0,100.0,0.0,0.0,non_vegetarian
"Cabbage, chinese (pe-tsai), raw",16.0,1.2,0.2,3.23,1.2,vegan
"Beef, round, eye of round steak, boneless, separable lean only, trimmed to 0"" fat, all grades, cooked, grilled",155.0,29.85,3.9,0.0,0.0,non_vegetarian
"Pork, cured, ham -- water added, rump, bone-in, separable lean and fat, heated, roasted",161.0,20.1,8.56,0.99,0.0,non_vegetarian
"Potatoes, o'brien, frozen, unprepared",76.0,1.83,0.14,17.47,1.9,vegan
"Pasta mix, Italian lasagna, unprepared",356.0,10.9,1.97,73.77,2.8,vegan
"Fish, sheepshead, cooked, dry heat",126.0,26.02,1.63,0.0,0.0,non_vegetarian
"Fish, swordfish, cooked, dry heat",172.0,23.45,7.93,0.0,0.0,non_vegetarian
"Crustaceans, crab, blue, crab cakes, home recipe",155.0,20.21,7.52,0.48,0.0,non_vegetarian
"Scrapple, pork",213.0,8.06,13.87,14.06,0.3,non_vegetarian
"Beans, cannellini, canned, sodium added, drained and rinsed",115.445,7.4125,1.169,18.8185,,vegan
"Beef, rib eye steak, bone-in, lip-on, separable lean and fat, trimmed to 1/8"" fat, choice, cooked, grilled",313.0,22.71,24.7,0.0,0.0,non_vegetarian
"Canadian bacon, unprepared",110.0,20.31,2.62,1.34,0.0,non_vegetarian
"Fish, whitefish, mixed species, raw (Alaska Native)",131.0,18.9,6.1,0.0,,non_vegetarian
"Moose, meat, raw (Alaska Native)",103.0,22.3,1.5,0.0,0.0,non_vegetarian
"Soy sauce made from soy and wheat (shoyu), low sodium",57.0,9.05,0.3,5.59,0.7,vegan
"Beef, ground, 80% lean meat / 20% fat, raw",254.0,17.17,20.0,0.0,0.0,non_vegetarian
"Beef, bottom sirloin, tri-tip roast, separable lean only, trimmed to 0"" fat, select, cooked, roasted",179.0,27.17,6.95,0.0,0.0,non_vegetarian
"Lentils, sprouted, cooked, stir-fried, with salt",101.0,8.8,0.45,21.25,,vegan
"Chicken, skin (drumsticks and thighs), raw",440.0,9.58,44.23,0.79,0.0,non_vegetarian
"Sweet potato, cooked, baked in skin, flesh, without salt",90.0,2.01,0.15,20.71,3.3,vegan
"Pie, Dutch Apple, Commercially Prepared",290.0,2.17,11.5,44.54,1.6,vegan
"Beef, top sirloin, steak, separable lean and fat, trimmed to 0"" fat, choice, cooked, broiled",219.0,29.02,10.54,0.0,0.0,non_vegetarian
"Mayonnaise, reduced fat, with olive oil",361.0,0.37,40.0,0.0,0.0,vegetarian
"Grapes, muscadine, raw",57.0,0.81,0.47,13.93,3.9,vegan
"Babyfood, cereal, mixed, with applesauce and bananas, junior, fortified",84.0,0.71,0.51,18.79,1.0,vegan
"Babyfood, dinner, chicken noodle, strained",74.0,3.53,3.22,7.81,1.7,non_vegetarian
Orange Pineapple Juice Blend,51.0,0.41,0.08,12.2,0.2,vegan
"Fish, salmon, sockeye, canned, without salt, drained solids with bone",153.0,20.47,7.31,0.0,0.0,non_vegetarian
"Pork, cured, shoulder, blade roll, separable lean and fat, unheated",269.0,16.47,21.98,0.0,0.0,non_vegetarian
"Fish, mackerel, Pacific and jack, mixed species, raw",158.0,20.07,7.89,0.0,0.0,non_vegetarian
"Hyacinth-beans, immature seeds, cooked, boiled, drained, without salt",50.0,2.95,0.27,9.2,,vegan
"Beans, snap, green, frozen, all styles, microwaved",33.0,1.98,0.41,6.98,3.4,vegan
"Flour, soy, defatted",366.0,51.1,3.33,32.9,,vegan
"Nuts, coconut water (liquid from coconuts)",19.0,0.72,0.2,3.71,1.1,vegan
"Game meat, elk, loin, separable lean only, cooked, broiled",167.0,31.0,3.84,0.0,0.0,non_vegetarian
"DENNY'S, golden fried shrimp",319.0,13.88,20.01,20.93,1.5,non_vegetarian
"Vinespinach, (basella), raw",19.0,1.8,0.3,3.4,,vegan
"Babyfood, dinner, vegetables and chicken, junior",53.0,2.04,1.12,8.66,1.1,non_vegetarian
"Beef, New Zealand, imported, chuck eye roll, separable lean and fat, raw",181.0,19.38,11.45,0.0,0.0,non_vegetarian
"Desserts, flan, caramel custard, prepared-from-recipe",145.0,4.53,4.03,22.78,0.0,vegetarian
"ARBY'S, roast beef sandwich, classic",242.0,15.17,10.3,22.21,1.3,non_vegetarian
"Spices, celery seed",392.0,18.07,25.27,41.35,11.8,vegan
"Sausage, pork, chorizo, link or ground, raw",296.0,13.63,25.1,3.78,0.0,non_vegetarian
"Chicken, stewing, light meat, meat only, cooked, stewed",213.0,33.04,7.98,0.0,0.0,non_vegetarian
"Cheese, cottage, creamed, large or small curd",98.0,11.12,4.3,3.38,0.0,vegetarian
"Barley, hulled",354.0,12.48,2.3,73.48,17.3,vegan
"Oil, tomatoseed",884.0,0.0,100.0,0.0,0.0,vegan
"Pork, fresh, loin, sirloin (roasts), bone-in, separable lean only, cooked, roasted",204.0,27.78,9.44,0.0,0.0,non_vegetarian
"Lamb, Australian, imported, fresh, leg, sirloin chops, boneless, separable lean only, trimmed to 1/8"" fat, cooked, broiled",188.0,27.63,7.8,0.0,,non_vegetarian
"Soup, pea, split with ham, canned, chunky, ready-to-serve",77.0,4.62,1.66,11.17,1.7,non_vegetarian
"Lamb, New Zealand, imported, loin saddle, separable lean only, raw",131.0,20.86,5.32,0.0,0.0,non_vegetarian
"Cheese, neufchatel",253.0,9.15,22.78,3.59,0.0,vegetarian
"Fast foods, bagel, with breakfast steak, egg, cheese, and condiments",282.0,15.95,14.07,22.99,0.2,vegetarian
"Pork, fresh, loin, tenderloin, separable lean and fat, with added solution, raw",114.0,20.16,3.14,0.0,0.0,non_vegetarian
"Lemon juice from concentrate, canned or bottled",17.0,0.45,0.07,5.62,0.7,vegan
"Sauce, pasta, spaghetti/marinara, ready-to-serve, low sodium",51.0,1.41,1.48,8.06,1.8,vegan
"Pie fillings, canned, cherry",115.0,0.37,0.07,28.0,0.6,vegan
"Beef, New Zealand, imported, variety meats and by-products, tripe cooked, boiled",103.0,19.0,2.98,0.0,0.0,non_vegetarian
"Lamb, Australian, imported, fresh, leg, trotter off, bone-in, separable lean only, trimmed to 1/8"" fat, raw",131.0,23.11,4.33,0.0,0.0,non_vegetarian
"Soup, HEALTHY CHOICE Chicken Noodle Soup, canned",41.0,3.69,0.63,5.2,0.8,non_vegetarian
"Beef, round, eye of round roast, boneless, separable lean and fat, trimmed to 0"" fat, all grades, raw",124.0,23.27,3.44,0.0,0.0,non_vegetarian
"Luxury loaf, pork",141.0,18.4,4.8,4.9,0.0,non_vegetarian
"Lamb, variety meats and by-products, pancreas, raw",152.0,14.84,9.82,0.0,0.0,non_vegetarian
"Egg, white, raw, frozen, pasteurized",48.0,10.2,0.0,1.04,0.0,vegetarian
"Peaches, canned, light syrup pack, solids and liquids",54.0,0.45,0.03,14.55,1.3,vegan
"Beef, chuck, arm pot roast, separable lean only, trimmed to 1/8"" fat, select, cooked, braised",205.0,34.6,6.35,0.0,0.0,non_vegetarian
"Cereals, QUAKER, QUAKER MultiGrain Oatmeal, dry",334.0,12.64,2.73,72.62,11.9,vegan
"Carrots, canned, regular pack, drained solids",25.0,0.64,0.19,5.54,1.5,vegan
"Beans, kidney, california red, mature seeds, raw",330.0,24.37,0.25,59.8,24.9,non_vegetarian
"Corn, sweet, yellow, frozen, kernels cut off cob, unprepared (Includes foods for USDA's Food Distribution Program)",88.0,3.02,0.78,20.71,2.1,vegan
"Broccoli, frozen, spears, unprepared (Includes foods for USDA's Food Distribution Program)",29.0,3.06,0.34,5.35,3.0,vegan
"Beef, brisket, whole, separable lean and fat, trimmed to 1/8"" fat, all grades, raw",253.0,18.42,19.06,0.56,0.0,non_vegetarian
"Pork, cured, bacon, cooked, baked",548.0,35.73,43.27,1.35,0.0,non_vegetarian
"Snow crab, legs only, frozen",69.223,15.5375,0.2942,1.1063,,non_vegetarian
"Beef, short loin, porterhouse steak, separable lean only, trimmed to 1/8"" fat, choice, raw",161.0,22.13,7.39,0.0,0.0,non_vegetarian
"Turkey, retail parts, drumstick, meat and skin, raw",141.0,19.96,6.84,0.0,0.0,non_vegetarian
"Lamb, Australian, imported, fresh, separable fat, raw",648.0,6.27,68.87,0.0,,non_vegetarian
"Veal, foreshank, osso buco, separable lean and fat, cooked, braised",182.0,27.94,7.77,0.11,0.0,non_vegetarian
"Pie fillings, apple, canned",100.0,0.1,0.1,26.1,1.0,vegan
"KFC, Popcorn Chicken",351.0,17.67,21.74,21.18,1.0,non_vegetarian
"Beef, rib eye, small end (ribs 10-12), separable lean only, trimmed to 0"" fat, select, raw",149.0,21.17,6.57,0.0,0.0,non_vegetarian
"Lamb, New Zealand, imported, flap, boneless, separable lean and fat, raw",337.0,16.17,30.14,0.27,0.0,non_vegetarian
"Beef, bottom sirloin, tri-tip roast, separable lean and fat, trimmed to 0"" fat, select, raw",157.0,20.64,7.68,0.0,0.0,non_vegetarian
"Balsam-pear (bitter gourd), leafy tips, cooked, boiled, drained, without salt",34.0,3.6,0.2,6.68,1.9,vegan
"Pork, fresh, loin, center loin (chops), bone-in, separable lean and fat, cooked, broiled",209.0,25.61,11.06,0.0,0.0,non_vegetarian
"Chicken, dark meat, drumstick, meat and skin, with added solution, cooked, roasted",180.0,24.72,9.0,0.05,0.0,non_vegetarian
"Beef, chuck for stew, separable lean and fat, select, raw",124.0,21.9,3.99,0.21,0.0,non_vegetarian
"Squash, summer, crookneck and straightneck, frozen, cooked, boiled, drained, without salt",25.0,1.28,0.2,5.54,1.4,vegan
"Pork, cured, ham and water product, rump, bone-in, separable lean only, heated, roasted",131.0,21.28,4.7,1.15,0.0,non_vegetarian
"Beef, New Zealand, imported, flank, separable lean only, cooked, braised",194.0,30.75,7.92,0.0,0.0,non_vegetarian
"Duck, domesticated, liver, raw",136.0,18.74,4.64,3.53,0.0,non_vegetarian
"Beverages, Vegetable and fruit juice drink, reduced calorie, with low-calorie sweetener, added vitamin C",4.0,0.0,0.0,1.1,0.0,vegan
"Chicken, canned, no broth",185.0,25.3,8.1,0.9,0.0,non_vegetarian
"Fast Food, Pizza Chain, 14"" pizza, cheese topping, thin crust",302.0,12.85,13.95,31.2,2.5,vegetarian
"Babyfood, dessert, fruit pudding, orange, strained",80.0,1.1,0.9,17.7,0.6,vegan
"Candies, WHATCHAMACALLIT Candy Bar",494.0,8.04,23.68,63.23,1.9,non_vegetarian
"Beef, chuck eye Country-Style ribs, boneless, separable lean only, trimmed to 0"" fat, all grades, cooked, braised",228.0,31.41,11.43,0.0,0.0,non_vegetarian
"Cereals, CREAM OF WHEAT, 2 1/2 minute cook time, dry",355.0,11.61,1.41,71.79,4.4,vegetarian
"Seeds, sesame butter, tahini, from roasted and toasted kernels (most common type)",595.0,17.0,53.76,21.19,9.3,vegetarian
"Cereals ready-to-eat, SUN COUNTRY, KRETSCHMER Honey Crunch Wheat Germ",372.0,26.55,7.78,58.11,10.2,vegetarian
"Asparagus, frozen, cooked, boiled, drained, without salt",18.0,2.95,0.42,1.92,1.6,vegan
"Beverages, Orange-flavor drink, breakfast type, low calorie, powder",217.0,3.6,0.0,85.9,3.8,vegan
"Beef, ground, 80% lean meat / 20% fat, loaf, cooked, baked",254.0,25.25,16.17,0.0,0.0,non_vegetarian
"Tomato products, canned, sauce, with tomato tidbits",32.0,1.32,0.39,7.09,1.4,vegan
"Yogurt, plain, low fat",63.0,5.25,1.55,7.04,0.0,vegetarian
"Broccoli, chinese, cooked",22.0,1.14,0.72,3.81,2.5,vegan
"Fish, halibut, Atlantic and Pacific, cooked, dry heat",111.0,22.54,1.61,0.0,0.0,non_vegetarian
"Snacks, tortilla chips, plain, white corn, salted",472.0,7.1,20.68,67.78,5.4,vegan
"Lamb, Australian, imported, fresh, shoulder, blade, separable lean and fat, trimmed to 1/8"" fat, cooked, broiled",291.0,21.71,22.03,0.0,,non_vegetarian
"Beef, ground, 75% lean meat / 25% fat, patty, cooked, pan-broiled",248.0,23.45,16.44,0.0,0.0,non_vegetarian
"Milk, buttermilk, fluid, whole",62.0,3.21,3.31,4.88,0.0,vegetarian
"Beef, cured, corned beef, canned",250.0,27.1,14.93,0.0,0.0,non_vegetarian
"Onions, yellow, raw",38.0,0.83,0.05,8.61,1.9,vegan
"Babyfood, Baby MUM MUM Rice Biscuits",391.0,12.5,0.87,83.21,0.0,vegan
"Beef, variety meats and by-products, tripe, cooked, simmered",94.0,11.71,4.05,1.99,0.0,non_vegetarian
"Fish oil, cod liver",902.0,0.0,100.0,0.0,0.0,non_vegetarian
"Milk, dry, whole, with added vitamin D",496.0,26.32,26.71,38.42,0.0,vegetarian
"SUBWAY, sweet onion chicken teriyaki sub on white bread with lettuce, tomato and sweet onion sauce",155.0,10.91,2.37,22.54,1.2,non_vegetarian
Roast beef spread,223.0,15.27,16.28,3.73,0.2,non_vegetarian
"Beans, adzuki, mature seed, cooked, boiled, with salt",128.0,7.52,0.1,24.77,7.3,vegan
"CAMPBELL'S, Tomato Soup, condensed",71.0,1.46,0.44,15.22,1.1,vegan
"Beverages, V8 SPLASH Smoothies, Strawberry Banana",37.0,1.22,0.0,8.16,0.0,vegan
"Beef, round, top round roast, boneless, separable lean and fat, trimmed to 0"" fat, choice, raw",128.0,23.46,3.81,0.0,0.0,non_vegetarian
"Beef, round, eye of round steak, boneless, separable lean and fat, trimmed to 0"" fat, select, raw",120.0,23.3,2.95,0.0,0.0,non_vegetarian
"Fish, sea bass, mixed species, cooked, dry heat",124.0,23.63,2.56,0.0,0.0,non_vegetarian
"Beef, New Zealand, imported, manufacturing beef, cooked, boiled",126.0,24.21,3.26,0.0,0.0,non_vegetarian
"Beverages, Energy Drink with carbonated water and high fructose corn syrup",62.0,0.42,0.0,15.0,0.0,vegan
"Jellyfish, dried, salted",36.0,5.5,1.4,0.0,0.0,non_vegetarian
"Potatoes, au gratin, home-prepared from recipe using butter",134.0,5.06,7.59,11.26,1.8,vegetarian
"Cookie, chocolate, with icing or coating",507.0,4.5,24.2,67.87,2.3,vegan
"Ice creams, regular, low carbohydrate, chocolate",237.0,3.8,12.7,26.8,4.8,vegetarian
"Asparagus, cooked, boiled, drained, with salt",22.0,2.4,0.22,4.11,2.0,vegan
"Mushrooms, white, cooked, boiled, drained, with salt",28.0,2.17,0.47,5.29,2.2,vegan
"Beef, chuck, under blade pot roast or steak, boneless, separable lean only, trimmed to 0"" fat, choice, raw",145.0,21.19,6.51,0.39,0.0,non_vegetarian
"Candies, MARS SNACKFOOD US, SNICKERS Almond bar",472.0,5.4,22.4,64.67,2.6,vegan
"Wheat flour, white, all-purpose, enriched, bleached",364.0,10.33,0.98,76.31,2.7,vegan
"Radish seeds, sprouted, raw",43.0,3.81,2.53,3.6,,vegan
"Pork, fresh, blade, (chops), boneless, separable lean and fat, cooked, broiled",202.0,24.73,11.13,0.83,0.0,non_vegetarian
"Pork, fresh, loin, center rib (chops), bone-in, separable lean only, cooked, braised",208.0,29.03,9.32,0.0,0.0,non_vegetarian
"Beverages, Fruit flavored drink, less than 3% juice, not fortified with vitamin C",64.0,0.0,0.0,16.03,0.0,vegan
"Cereals ready-to-eat, POST, FRUITY PEBBLES",402.0,4.62,4.02,86.1,0.8,vegan
"Beef, variety meats and by-products, liver, cooked, pan-fried",175.0,26.52,4.68,5.16,0.0,non_vegetarian
"Beef, round, bottom round, steak, separable lean only, trimmed to 0"" fat, choice, cooked, braised",223.0,33.08,9.03,0.0,0.0,non_vegetarian
"Babyfood, meat, chicken, strained",130.0,13.7,7.9,0.1,0.0,non_vegetarian
Cornstarch,381.0,0.26,0.05,91.27,0.9,vegan
"Beef, chuck, under blade center steak, boneless, Denver Cut, separable lean and fat, trimmed to 0"" fat, select, cooked, grilled",215.0,26.3,12.25,0.0,0.0,non_vegetarian
"Steelhead trout, dried, flesh (Shoshone Bannock)",382.0,77.27,8.06,0.0,0.0,non_vegetarian
"Ham, sliced, restaurant",121.0,19.6,3.68,2.36,,non_vegetarian
"Babyfood, juice, apple",47.0,0.0,0.1,11.7,0.1,vegan
"Seal, bearded (Oogruk), meat, low quadrant, raw (Alaska Native)",186.0,23.63,10.17,0.0,0.0,non_vegetarian
"Beef, rib eye steak, boneless, lip off, separable lean only, trimmed to 0"" fat, choice, raw",162.0,21.44,8.5,0.0,0.0,non_vegetarian
"Egg, whole, raw, frozen, pasteurized",150.0,12.3,10.3,0.91,,vegetarian
"Cereals ready-to-eat, POST, Honeycomb Cereal",394.0,6.01,2.93,86.63,3.2,vegetarian
"CARRABBA'S ITALIAN GRILL, spaghetti with meat sauce",122.0,5.87,3.92,15.71,1.5,non_vegetarian
"Beef, chuck eye steak, boneless, separable lean and fat, trimmed to 0"" fat, all grades, raw",223.0,18.86,16.35,0.0,0.0,non_vegetarian
"Cereals, QUAKER, Instant Oatmeal, Apple and Cinnamon, reduced sugar",358.0,10.29,5.64,72.17,9.7,vegan
"Guava sauce, cooked",36.0,0.32,0.14,9.48,3.6,vegan
"Snacks, corn cakes",387.0,8.1,2.4,83.4,1.9,vegan
"Veal, breast, point half, boneless, separable lean and fat, cooked, braised",248.0,28.23,14.16,0.0,,non_vegetarian
"Rice and vermicelli mix, beef flavor, prepared with 80% margarine",129.0,2.82,3.2,22.03,0.6,non_vegetarian
"Beef, chuck, under blade center steak, boneless, Denver Cut, separable lean only, trimmed to 0"" fat, all grades, raw",170.0,19.42,9.99,0.49,0.0,non_vegetarian
"Broccoli, frozen, chopped, cooked, boiled, drained, without salt",28.0,3.1,0.12,5.35,3.0,vegan
"Pork, cured, ham and water product, shank, bone-in, separable lean and fat, unheated",243.0,14.28,20.0,1.42,0.0,non_vegetarian
"Beverages, tea, ready-to-drink, lemon, diet",2.0,0.0,0.0,0.41,0.0,vegan
"SUBWAY, black forest ham sub on white bread with lettuce and tomato",151.0,9.12,2.53,22.91,1.3,non_vegetarian
"Fish, mackerel, Pacific and jack, mixed species, cooked, dry heat",201.0,25.73,10.12,0.0,0.0,non_vegetarian
"Wheat, hard red winter",327.0,12.61,1.54,71.18,12.2,vegan
"Veal, variety meats and by-products, tongue, cooked, braised",202.0,25.85,10.1,0.0,0.0,non_vegetarian
"Turkey, breast, from whole bird, meat only, with added solution, raw",102.0,21.54,1.66,0.14,0.0,non_vegetarian
"Infant formula, NESTLE, GOOD START SOY, with ARA and DHA, powder",503.0,12.5,25.6,55.6,0.0,vegan
"Beef, ribeye filet, boneless, separable lean only, trimmed to 0"" fat, choice, cooked, grilled",208.0,28.35,10.26,0.51,0.0,non_vegetarian
"Squash, summer, scallop, raw",18.0,1.2,0.2,3.84,1.2,non_vegetarian
"Lamb, rib, separable lean only, trimmed to 1/4"" fat, choice, raw",169.0,19.98,9.23,0.0,0.0,non_vegetarian
"SILK Light Vanilla, soymilk",33.0,2.47,0.82,4.12,0.4,vegetarian
"Beef macaroni with tomato sauce, frozen entree, reduced fat",113.0,5.89,1.96,17.99,1.4,non_vegetarian
"Cereals ready-to-eat, SUN COUNTRY, KRETSCHMER Wheat Germ, Regular",366.0,31.43,9.56,49.38,11.9,vegan
"Beef, ground, 70% lean meat / 30% fat, patty cooked, pan-broiled",238.0,22.86,15.54,0.0,0.0,non_vegetarian
"Cheese, pasteurized process, American, low fat",180.0,24.6,7.0,3.5,0.0,vegetarian
"Candies, MARS SNACKFOOD US, MARS Almond Bar",467.0,8.1,23.0,62.7,2.0,vegan
"Babyfood, cereal, oatmeal, dry fortified",394.0,10.99,6.36,73.48,7.3,vegan
"Fast Foods, Fried Chicken, Thigh, meat only, skin and breading removed",178.0,23.21,9.41,0.24,0.0,non_vegetarian
"Lamb, loin, separable lean only, trimmed to 1/4"" fat, choice, raw",143.0,20.88,5.94,0.0,0.0,non_vegetarian
"Seeds, pumpkin seeds (pepitas), raw",554.602,29.9079,40.03,18.6751,5.079,vegan
"Chicken, gizzard, all classes, raw",94.0,17.66,2.06,0.0,0.0,non_vegetarian
"Cereals ready-to-eat, MALT-O-MEAL, Honey Nut SCOOTERS",387.0,8.59,4.51,79.62,6.3,vegetarian
"Turkey, whole, dark meat, cooked, roasted",173.0,27.71,6.04,0.0,0.0,non_vegetarian
"Cake, coffeecake, cheese",339.0,7.0,15.2,44.3,1.0,vegetarian
"Crackers, cheese, reduced fat",418.0,10.0,11.67,68.19,3.3,vegetarian
"Candies, MARS SNACKFOOD US, MILKY WAY Midnight Bar",443.0,3.2,17.5,71.22,2.9,vegetarian
"New zealand spinach, cooked, boiled, drained, with salt",12.0,1.3,0.17,2.13,1.4,vegan
"Beverages, Fruit flavored drink containing less than 3% fruit juice, with high vitamin C",27.0,0.0,0.0,6.67,0.0,vegan
"Cereals ready-to-eat, POST, Honey Nut Shredded Wheat",373.0,8.5,2.9,83.6,10.7,vegetarian
"Melons, cantaloupe, raw",34.0,0.82,0.18,8.16,0.8,vegan
"Crackers, flavored, fish-shaped",463.0,10.16,17.71,65.67,3.1,non_vegetarian
"Fruit juice smoothie, BOLTHOUSE FARMS, GREEN GOODNESS",56.0,0.63,0.33,13.04,0.6,vegan
"Spearmint, dried",285.0,19.93,6.03,52.04,29.8,vegan
"Babyfood, juice, orange",45.0,0.6,0.3,10.2,0.1,vegan
"Beef, plate steak, boneless, inside skirt, separable lean only, trimmed to 0"" fat, all grades, raw",164.0,21.17,8.82,0.0,0.0,non_vegetarian
"Snacks, M&M MARS, KUDOS Whole Grain Bar, M&M's milk chocolate",415.0,3.78,11.95,73.01,2.4,vegetarian
"Beverages, V8 SPLASH Juice Drinks, Diet Strawberry Kiwi",4.0,0.0,0.0,1.26,,vegan
"Lamb, foreshank, separable lean and fat, trimmed to 1/8"" fat, choice, raw",201.0,18.91,13.38,0.0,0.0,non_vegetarian
"Milk, dry, nonfat, calcium reduced",354.0,35.5,0.2,51.8,0.0,vegetarian
"Muffins, plain, prepared from recipe, made with low fat (2%) milk",296.0,6.9,11.4,41.4,2.7,vegetarian
"Beef, top sirloin, steak, separable lean and fat, trimmed to 0"" fat, select, cooked, broiled",206.0,29.65,8.8,0.0,0.0,non_vegetarian
"Oil, soybean lecithin",763.0,0.0,100.0,0.0,0.0,vegan
"Yellow rice with seasoning, dry packet mix, unprepared",343.0,7.02,1.75,74.68,1.8,vegan
"PIZZA HUT 12"" Cheese Pizza, THIN 'N CRISPY Crust",303.0,15.29,14.1,28.64,1.6,vegetarian
"Apples, raw, without skin",48.0,0.27,0.13,12.76,1.3,vegan
"Rice, white, long-grain, regular, cooked, unenriched, with salt",130.0,2.69,0.28,28.17,0.4,vegan
"Soup, chicken broth or bouillon, dry",267.0,16.66,13.88,18.01,0.0,non_vegetarian
"Tomato products, canned, puree, with salt added",38.0,1.65,0.21,8.98,1.9,vegan
"Babyfood, mixed fruit juice with low fat yogurt",74.0,2.4,0.8,14.68,0.4,vegetarian
"Pork, cured, ham and water product, slice, boneless, separable lean and fat, heated, pan-broil",124.0,15.08,5.13,4.69,0.0,non_vegetarian
"Chicken, broilers or fryers, breast, skinless, boneless, meat only, with added solution, raw",108.0,20.32,3.0,0.0,0.0,non_vegetarian
"Beef, chuck eye Country-Style ribs, boneless, separable lean only, trimmed to 0"" fat, choice, cooked, braised",234.0,30.95,12.22,0.0,0.0,non_vegetarian
"Beverages, fruit punch juice drink, frozen concentrate, prepared with water",42.0,0.07,0.17,11.4,0.0,vegan
"Beef, cured, breakfast strips, raw or unheated",406.0,12.5,38.8,0.7,0.0,non_vegetarian
"Rice, brown, long-grain, raw (Includes foods for USDA's Food Distribution Program)",367.0,7.54,3.2,76.25,3.6,vegan
"Veal, variety meats and by-products, liver, cooked, pan-fried",193.0,27.37,6.51,4.47,0.0,non_vegetarian
"Tomatoes, red, ripe, cooked",18.0,0.95,0.11,4.01,0.7,vegan
"Apricot nectar, canned, with added ascorbic acid",56.0,0.17,0.45,13.63,0.1,vegan
"Buttermilk, low fat",42.835,3.464978,1.081,4.811522,,vegetarian
"Cereals, QUAKER, oatmeal, REAL MEDLEYS, peach almond, dry",387.0,10.1,9.84,68.61,7.4,vegan
"Beans, kidney, royal red, mature seeds, raw",329.0,25.33,0.45,58.33,24.9,non_vegetarian
"Babyfood, dinner, macaroni and tomato and beef, strained",61.0,2.36,1.47,9.45,1.2,non_vegetarian
"Cereals ready-to-eat, MOM'S BEST, Sweetened WHEAT-FULS",373.0,8.18,1.83,80.91,10.0,vegan
"Beans, cannellini, dry",345.223,21.5625,2.199,59.7955,,vegan
"Beef, chuck eye steak, boneless, separable lean only, trimmed to 0"" fat, choice, raw",160.0,21.31,8.29,0.0,0.0,non_vegetarian
"Shortening, industrial, soy (partially hydrogenated ) and corn for frying",884.0,0.0,100.0,0.0,0.0,vegan
"Cheese, provolone, sliced",356.794,23.45288,28.13,2.45312,,vegetarian
"Beef, rib eye steak/roast, bone-in, lip-on, separable lean and fat, trimmed to 1/8"" fat, all grades, raw",255.0,18.13,20.31,0.0,0.0,non_vegetarian
"Veal, breast, separable fat, cooked",521.0,9.4,53.35,0.0,0.0,non_vegetarian
"Beef, sandwich steaks, flaked, chopped, formed and thinly sliced, raw",309.0,16.5,27.0,0.0,0.0,non_vegetarian
"Lamb, Australian, imported, fresh, leg, bottom, boneless, separable lean and fat, trimmed to 1/8"" fat, cooked, roasted",219.0,27.54,12.04,0.0,0.0,non_vegetarian
"Mushrooms, shiitake, dried",296.0,9.58,0.99,75.37,11.5,vegan
"Chicken, broilers or fryers, drumstick, meat and skin, raw",161.0,18.08,9.2,0.11,0.0,non_vegetarian
"Corn flour, masa, enriched, white",363.0,8.46,3.69,76.59,6.4,vegan
"Margarine-like, vegetable oil spread, 60% fat, stick, with salt, with added vitamin D",537.0,0.12,60.39,0.69,0.0,vegan
"Muffins, blueberry, toaster-type",313.0,4.6,9.5,53.3,1.8,vegan
"Beef, rib, back ribs, bone-in, separable lean only, trimmed to 0"" fat, select, cooked, braised",287.0,29.28,18.84,0.0,0.0,non_vegetarian
"Oscar Mayer, Wieners (beef franks)",329.0,11.35,30.26,2.78,0.0,non_vegetarian
"Game meat, squirrel, cooked, roasted",173.0,30.77,4.69,0.0,0.0,non_vegetarian
"Beef, rib, small end (ribs 10-12), separable lean only, trimmed to 1/8"" fat, all grades, cooked, broiled",195.0,29.58,7.63,0.0,0.0,non_vegetarian
"Pork sausage, link/patty, fully cooked, unheated",392.0,13.46,37.25,0.69,0.0,non_vegetarian
"Cocoa, dry powder, unsweetened, HERSHEY'S European Style Cocoa",410.0,20.0,10.0,60.0,20.0,vegan
"Pork, loin, boneless, raw",167.769,21.11875,9.469,0.0,,non_vegetarian
"Beverages, vegetable and fruit juice blend, 100% juice, with added vitamins A, C, E",46.0,0.3,0.01,11.15,0.0,vegan
"Candies, coconut bar, not chocolate covered",481.0,2.13,27.65,55.87,6.4,vegan
"Chicken, broiler, rotisserie, BBQ, drumstick, meat only",172.0,27.71,6.76,0.0,0.0,non_vegetarian
"Fish, cod, Atlantic, wild caught, raw",65.9855,16.06875,0.6675,0.0,,non_vegetarian
"Turkey, whole, dark meat, meat and skin, cooked, roasted",206.0,27.27,9.95,0.07,0.0,non_vegetarian
"Puddings, lemon, dry mix, regular",363.0,0.1,0.5,91.8,0.1,vegan
"Beef, composite of trimmed retail cuts, separable lean only, trimmed to 0"" fat, all grades, cooked",203.0,29.9,8.37,0.0,0.0,non_vegetarian
"Shortening frying (heavy duty), beef tallow and cottonseed",900.0,0.0,100.0,0.0,0.0,non_vegetarian
"Water, with corn syrup and/or sugar and low calorie sweetener, fruit flavored",18.0,0.0,0.0,4.5,0.0,vegan
"Beef, rib, large end (ribs 6-9), separable lean and fat, trimmed to 0"" fat, choice, cooked, roasted",372.0,22.8,30.49,0.0,0.0,non_vegetarian
"KFC, Crispy Chicken Strips",274.0,20.25,15.42,13.66,1.4,non_vegetarian
"Mollusks, oyster, eastern, cooked, breaded and fried",199.0,8.77,12.58,11.62,,non_vegetarian
"Beef, Australian, imported, grass-fed, loin, top loin steak/roast, boneless, separable lean and fat, raw",199.0,19.9,13.17,0.11,0.0,non_vegetarian
Rice crackers,416.0,10.0,5.0,82.64,0.0,vegan
"Chicken, dark meat, thigh, meat only, with added solution, cooked, roasted",164.0,24.23,7.73,0.0,0.0,non_vegetarian
"Veal, shoulder, arm, separable lean and fat, cooked, roasted",183.0,25.46,8.25,0.0,0.0,non_vegetarian
"Egg substitute, powder",444.0,55.5,13.0,21.8,0.0,vegetarian
"Croissants, apple",254.0,7.4,8.7,37.1,2.5,vegan
"Muffins, corn, toaster-type",346.0,5.3,11.3,57.9,1.6,vegan
"Babyfood, snack, GERBER, GRADUATES, YOGURT MELTS",380.0,14.29,4.0,71.82,2.3,vegetarian
"Taquitos, frozen, beef and cheese, oven-heated",287.0,9.4,12.79,33.46,2.8,non_vegetarian
"Beverages, carbonated, grape soda",43.0,0.0,0.0,11.2,0.0,vegan
"Pork, cured, shoulder, arm picnic, separable lean and fat, roasted",280.0,20.43,21.35,0.0,0.0,non_vegetarian
"Mushroom, crimini",30.2035,3.09375,0.1967,4.01455,1.781,vegan
"Candies, MARS SNACKFOOD US, M&M's Almond Chocolate Candies",522.0,7.53,27.76,60.5,5.6,vegan
"Duck, young duckling, domesticated, White Pekin, breast, meat only, boneless, cooked without skin, broiled",140.0,27.6,2.5,0.0,,non_vegetarian
"Soup, beef broth or bouillon, powder, dry",213.0,15.97,8.89,17.4,0.0,non_vegetarian
"Pork, fresh, carcass, separable lean and fat, raw",376.0,13.91,35.07,0.0,0.0,non_vegetarian
"Pork, fresh, variety meats and by-products, spleen, cooked, braised",149.0,28.2,3.2,0.0,0.0,non_vegetarian
"Snacks, granola bar, with coconut, chocolate coated",531.0,5.2,32.2,55.2,6.2,vegan
"Beef, chuck, shoulder clod, shoulder tender, medallion, separable lean and fat, trimmed to 0"" fat, all grades, raw",144.0,20.54,6.22,0.0,0.0,non_vegetarian
"Snacks, potato chips, barbecue-flavor",487.0,6.51,31.06,55.92,3.8,vegan
"Toppings, strawberry",254.0,0.2,0.1,66.3,0.7,vegan
"Veal, breast, whole, boneless, separable lean and fat, cooked, braised",266.0,26.97,16.77,0.0,,non_vegetarian
"Beans, kidney, light red, canned, sodium added, sugar added, drained and rinsed",126.703,7.30625,1.299,21.44675,,non_vegetarian
"Beef, round, tip round, separable lean and fat, trimmed to 1/8"" fat, choice, raw",199.0,19.48,12.83,0.0,0.0,non_vegetarian
"Babyfood, GERBER, 3rd Foods, apple, mango and kiwi",48.0,0.47,0.0,12.88,2.0,vegan
KRAFT FREE Singles American Nonfat Pasteurized Process Cheese Product,148.0,22.7,1.0,11.7,0.2,vegetarian
"Lamb, New Zealand, imported, frozen, loin, separable lean and fat, cooked, broiled",315.0,23.43,23.88,0.0,0.0,non_vegetarian
"Turnip greens, raw",32.0,1.5,0.3,7.13,3.2,vegan
"Ham, minced",263.0,16.28,20.68,1.84,0.0,non_vegetarian
"Salami, Italian, pork",425.0,21.7,37.0,1.2,0.0,non_vegetarian
"Fat free ice cream, no sugar added, flavors other than chocolate",133.0,4.41,0.0,28.86,7.4,vegetarian
"Beef, rib, large end (ribs 6-9), separable lean and fat, trimmed to 1/8"" fat, prime, cooked, roasted",393.0,22.86,32.74,0.0,0.0,non_vegetarian
"Beverages, coffee, instant, vanilla, sweetened, decaffeinated, with non dairy creamer",465.0,0.0,13.33,86.28,0.0,vegetarian
"Vegetable juice, BOLTHOUSE FARMS, DAILY GREENS",31.0,0.49,0.04,8.13,1.9,vegan
"Pineapple, canned, water pack, solids and liquids",32.0,0.43,0.09,8.3,0.8,vegan
"Beverages, Carob-flavor beverage mix, powder, prepared with whole milk",75.0,3.16,3.11,8.68,0.4,vegetarian
"Orange juice, frozen concentrate, unsweetened, undiluted",148.0,2.4,0.25,35.19,1.0,vegan
"Bulgur, cooked",83.0,3.08,0.24,18.58,4.5,vegan
"Fish, salmon, red, (sockeye), canned, smoked (Alaska Native)",206.0,35.19,7.26,0.0,0.0,non_vegetarian
"SILK Plus for Bone Health, soymilk",41.0,2.47,1.44,4.53,0.8,vegetarian
"Ice cream, lowfat, no sugar added, cone, added peanuts and chocolate sauce",265.0,5.33,9.33,40.01,9.3,vegetarian
"Veal, seam fat only, raw",444.0,12.53,43.75,0.0,0.0,non_vegetarian
"Beef, New Zealand, imported, cube roll, separable lean and fat, cooked, fast roasted",286.0,27.79,19.45,0.03,0.0,non_vegetarian
"Beans, pinto, mature seeds, raw (Includes foods for USDA's Food Distribution Program)",347.0,21.42,1.23,62.55,15.5,vegan
"Grapefruit, raw, pink and red and white, all areas",32.0,0.63,0.1,8.08,1.1,vegan
"Pork, fresh, variety meats and by-products, stomach, raw",159.0,16.85,10.14,0.0,0.0,non_vegetarian
"Turkey, ground, 85% lean, 15% fat, pan-broiled crumbles",258.0,25.11,17.45,0.0,0.0,non_vegetarian
"Turkey, retail parts, thigh, meat and skin, raw",161.0,19.54,9.16,0.0,0.0,non_vegetarian
"Cookies, oatmeal, reduced fat",365.0,4.02,10.04,64.62,16.1,vegan
"Lamb, New Zealand, imported, square-cut shoulder chops, separable lean only, cooked, braised",255.0,31.06,14.56,0.0,0.0,non_vegetarian
"Pork, fresh, shoulder, arm picnic, separable lean only, raw",120.0,20.26,3.77,0.0,0.0,non_vegetarian
"Frostings, chocolate, creamy, ready-to-eat",397.0,1.1,17.6,63.2,0.9,vegetarian
"Oil, industrial, cottonseed, fully hydrogenated",884.0,0.0,100.0,0.0,0.0,vegan
"Yogurt, fruit variety, nonfat, fortified with vitamin D",95.0,4.4,0.2,19.0,0.0,vegetarian
"Chicken, broilers or fryers, thigh, meat and skin, cooked, fried, flour",262.0,26.75,14.98,3.18,0.1,non_vegetarian
"Cheese, mozzarella, low moisture, part-skim, shredded",304.0,23.63,19.72,8.06,0.0,vegetarian
"Mammy-apple, (mamey), raw",51.0,0.5,0.5,12.5,3.0,vegan
"Beef, chuck, blade roast, separable lean and fat, trimmed to 1/8"" fat, select, raw",230.0,17.37,17.33,0.0,0.0,non_vegetarian
"Lamb, Australian, imported, fresh, leg, sirloin chops, boneless, separable lean and fat, trimmed to 1/8"" fat, raw",208.0,18.33,14.38,0.0,,non_vegetarian
"Beef, plate steak, boneless, outside skirt, separable lean only, trimmed to 0"" fat, select, raw",198.0,19.14,13.44,0.23,0.0,non_vegetarian
"Lamb, New Zealand, imported, square-cut shoulder chops, separable lean and fat, raw",275.0,17.02,22.84,0.23,0.0,non_vegetarian
"Buckwheat groats, roasted, cooked",92.0,3.38,0.62,19.94,2.7,vegan
"Cream substitute, powdered, light",431.0,1.9,15.7,73.4,0.0,vegetarian
"Rice, white, long-grain, parboiled, unenriched, dry",374.0,7.51,1.03,80.89,1.8,vegan
"Cake, pound, commercially prepared, other than all butter, enriched",389.0,5.2,17.9,52.5,1.0,vegetarian
"Mung beans, mature seeds, sprouted, raw",30.0,3.04,0.18,5.94,1.8,vegan
"Fish, trout, rainbow, farmed, cooked, dry heat",168.0,23.8,7.38,0.0,0.0,non_vegetarian
"Lamb, New Zealand, imported, square-cut shoulder, separable lean only, raw",154.0,19.72,8.3,0.0,0.0,non_vegetarian
"Veal, Australian, rib, rib roast, separable lean and fat, raw",201.0,19.6,13.1,1.15,0.0,non_vegetarian
"Beef, short loin, porterhouse steak, separable lean only, trimmed to 1/8"" fat, all grades, raw",155.0,22.32,6.6,0.0,0.0,non_vegetarian
"Fish, wolffish, Atlantic, cooked, dry heat",123.0,22.44,3.06,0.0,0.0,non_vegetarian
"Veal, loin, separable lean only, cooked, braised",226.0,33.57,9.15,0.0,0.0,non_vegetarian
"Beef, top sirloin, steak, separable lean and fat, trimmed to 0"" fat, all grades, cooked, broiled",212.0,29.33,9.67,0.0,0.0,non_vegetarian
"Veal, shoulder, whole (arm and blade), separable lean and fat, cooked, braised",228.0,32.06,10.14,0.0,0.0,non_vegetarian
"Tomatoes, grape, raw",27.0,0.83,0.63,5.51,2.1,vegan
"Potatoes, white, flesh and skin, raw",69.0,1.68,0.1,15.71,2.4,vegan
"Pizza, cheese topping, rising crust, frozen, cooked",260.0,12.37,8.78,32.91,2.5,vegetarian
"Cereals ready-to-eat, MALT-O-MEAL, Crispy Rice",346.0,6.07,1.12,86.4,0.4,vegan
"Mutton, cooked, roasted (Navajo)",234.0,33.43,11.09,0.08,,non_vegetarian
"Babyfood, dinner, mixed vegetable, junior",34.0,1.01,0.11,7.88,1.0,vegan
"Sweet potatoes, orange flesh, without skin, raw",78.999,1.578125,0.375,17.327875,,vegan
"Plantains, ripe, raw",136.4733,1.15625,0.8933,30.95215,2.125,vegan
"Beverages, tea, instant, decaffeinated, lemon, diet",338.0,3.3,0.6,85.4,0.0,vegan
"Beef, chuck, shoulder clod, shoulder tender, medallion, separable lean and fat, trimmed to 0"" fat, select, raw",142.0,20.93,5.79,0.0,0.0,non_vegetarian
"Beef, chuck eye Country-Style ribs, boneless, separable lean only, trimmed to 0"" fat, choice, raw",152.0,20.87,7.67,0.0,0.0,non_vegetarian
"Soy protein concentrate, produced by acid wash",328.0,63.63,0.46,25.41,5.5,vegan
"Nuts, acorn flour, full fat",501.0,7.49,30.17,54.65,,vegan
"Beef, round, top round roast, boneless, separable lean only, trimmed to 0"" fat, all grades, raw",121.0,23.59,2.94,0.0,0.0,non_vegetarian
"Beef, loin, top loin steak, boneless, lip off, separable lean and fat, trimmed to 0"" fat, all grades, cooked, grilled",223.0,28.57,11.15,0.0,0.0,non_vegetarian
"Beef, chuck, mock tender steak, separable lean and fat, trimmed to 0"" fat, USDA select, cooked, broiled",159.0,26.08,5.24,0.0,0.0,non_vegetarian
"Cake, boston cream pie, commercially prepared",252.0,2.4,8.5,42.9,1.4,vegetarian
"Lentils, mature seeds, cooked, boiled, with salt",114.0,9.02,0.38,19.54,7.9,vegan
"Crackers, wheat, low salt",473.0,8.6,20.6,64.9,4.5,vegan
"Breakfast bar, corn flake crust with fruit",376.0,4.4,7.5,72.8,2.1,vegan
"Cereals, QUAKER, Instant Grits, Butter flavor, dry",369.0,8.12,5.64,74.83,4.7,vegetarian
"Cookies, ladyfingers, without lemon juice and rind",363.0,10.6,9.1,59.7,1.0,vegan
"Squash, winter, butternut, frozen, cooked, boiled, without salt",39.0,1.23,0.07,10.05,,vegetarian
"Chicken, roasting, light meat, meat only, cooked, roasted",153.0,27.13,4.07,0.0,0.0,non_vegetarian
"Toppings, marshmallow cream",322.0,0.8,0.3,79.0,0.1,vegetarian
"Apples, frozen, unsweetened, unheated (Includes foods for USDA's Food Distribution Program)",48.0,0.28,0.32,12.31,1.3,vegan
"Cereals, QUAKER, Quick Oats with Iron, Dry",371.0,13.7,6.87,68.18,9.4,vegan
"Butterbur, canned",3.0,0.11,0.13,0.38,,vegetarian
"Shortening industrial, soybean (hydrogenated) and cottonseed",884.0,0.0,100.0,0.0,0.0,vegan
"Lamb, New Zealand, imported, frozen, shoulder, whole (arm and blade), separable lean and fat, trimmed to 1/8"" fat, cooked, braised",342.0,29.43,24.03,0.0,0.0,non_vegetarian
"Babyfood, juice treats, fruit medley, toddler",347.0,0.0,0.02,86.68,0.0,vegan
"Salad dressing, peppercorn dressing, commercial, regular",564.0,1.2,61.4,3.5,0.0,vegan
"Lamb, variety meats and by-products, kidneys, cooked, braised",137.0,23.65,3.62,0.99,0.0,non_vegetarian
"Potatoes, french fried, cross cut, frozen, unprepared",187.0,2.7,10.0,22.95,2.3,vegan
"Beans, kidney, red, mature seeds, canned, solids and liquids",81.0,5.22,0.36,14.83,4.3,non_vegetarian
"Fish, catfish, channel, farmed, raw",119.0,15.23,5.94,0.0,0.0,non_vegetarian
"Beef, composite of trimmed retail cuts, separable lean only, trimmed to 0"" fat, all grades, raw",138.0,22.15,5.54,0.0,0.0,non_vegetarian
"Nuts, walnuts, dry roasted, with salt added",643.0,14.29,60.71,17.86,7.1,vegan
"Turkey breast, low salt, prepackaged or deli, luncheon meat",109.0,21.81,0.83,3.51,0.5,non_vegetarian
"Nuts, walnuts, english",654.0,15.23,65.21,13.71,6.7,vegan
Ham and cheese loaf or roll,241.0,13.6,18.7,4.0,0.0,non_vegetarian
"Fish, tuna, light, canned in water, without salt, drained solids",116.0,25.51,0.82,0.0,0.0,non_vegetarian
"Bratwurst, pork, cooked",333.0,13.72,29.18,2.85,0.0,non_vegetarian
"Pork loin, fresh, backribs, bone-in, cooked-roasted, lean only",255.0,24.15,17.65,0.0,0.0,non_vegetarian
"Fish, salmon, chinook, raw",179.0,19.93,10.43,0.0,0.0,non_vegetarian
"Pork, cured, ham and water product, shank, bone-in, separable lean and fat, heated, roasted",234.0,18.17,17.29,1.42,0.0,non_vegetarian
"Peas, edible-podded, frozen, cooked, boiled, drained, with salt",50.0,3.5,0.38,8.43,3.1,vegan
"Yogurt, plain, whole milk",61.0,3.47,3.25,4.66,0.0,vegetarian
"Snacks, rice cracker brown rice, plain",387.0,8.2,2.8,81.5,4.2,vegan
"Lamb, composite of trimmed retail cuts, separable lean and fat, trimmed to 1/4"" fat, choice, cooked",294.0,24.52,20.94,0.0,0.0,non_vegetarian
"Spices, garlic powder",331.0,16.55,0.73,72.73,9.0,vegan
"Cereals, CREAM OF WHEAT, 1 minute cook time, cooked with water, stove-top, without salt",56.0,1.65,0.42,11.16,0.4,vegetarian
"Pork, fresh, loin, sirloin (roasts), bone-in, separable lean and fat, cooked, roasted",230.0,26.64,12.87,0.0,0.0,non_vegetarian
"Beef, short loin, t-bone steak, separable lean and fat, trimmed to 0"" fat, USDA choice, cooked, broiled",258.0,24.05,17.26,0.0,0.0,non_vegetarian
"Beef, loin, top loin steak, boneless, lip-on, separable lean only, trimmed to 1/8"" fat, select, cooked, grilled",184.0,29.67,7.26,0.0,0.0,non_vegetarian
"Veal, variety meats and by-products, spleen, cooked, braised",129.0,24.08,2.89,0.0,0.0,non_vegetarian
"Lamb, New Zealand, imported, tunnel-boned leg, chump off, shank off, separable lean and fat, cooked, slow roasted",208.0,23.41,12.68,0.03,0.0,non_vegetarian
Ice cream sundae cone,254.0,3.0,14.0,28.89,1.0,vegetarian
"Turkey, all classes, light meat, cooked, roasted",147.0,30.13,2.08,0.0,0.0,non_vegetarian
"Beef, round, eye of round steak, boneless, separable lean only, trimmed to 0"" fat, choice, cooked, grilled",158.0,29.94,4.26,0.0,0.0,non_vegetarian
"Cereals, QUAKER, Oat Bran, QUAKER/MOTHER'S Oat Bran, prepared with water, no salt",43.0,2.03,0.95,7.49,1.7,vegan
"Babyfood, GERBER, GRADUATES Lil Biscuits Vanilla Wheat",407.0,7.97,9.27,72.48,5.9,vegan
"Lemon juice, raw",22.0,0.35,0.24,6.9,0.3,vegan
"Fish, seatrout, mixed species, raw",104.0,16.74,3.61,0.0,0.0,non_vegetarian
"Beef, New Zealand, imported, tenderloin, separable lean only, cooked, fast fried",200.0,29.37,9.01,0.27,0.0,non_vegetarian
"Turkey, drumstick, smoked, cooked, with skin, bone removed",200.0,27.9,9.8,0.0,0.0,non_vegetarian
"Rice mix, white and wild, flavored, unprepared",142.0,3.49,2.57,26.28,0.8,vegan
"Beef, top sirloin, steak, separable lean only, trimmed to 0"" fat, choice, cooked, broiled",188.0,30.29,6.55,0.0,0.0,non_vegetarian
"Beef, round, eye of round roast, boneless, separable lean and fat, trimmed to 0"" fat, select, cooked, roasted",162.0,29.45,3.97,0.0,0.0,non_vegetarian
"Potatoes, microwaved, cooked, in skin, skin with salt",132.0,4.39,0.1,29.63,5.5,vegan
"Chicken, broilers or fryers, wing, meat and skin, cooked, stewed",249.0,22.78,16.82,0.0,0.0,non_vegetarian
"Soup, clam chowder, new england, canned, ready-to-serve",79.0,2.61,3.94,8.28,1.0,non_vegetarian
"Toaster Pastries, fruit, frosted (include apples, blueberry, cherry, strawberry)",385.0,4.01,9.02,71.83,1.8,vegan
"Babyfood, finger snacks, GERBER, GRADUATES, PUFFS, apple and cinnamon",344.0,6.19,2.3,85.79,3.8,vegan
"Biscuits, plain or buttermilk, refrigerated dough, lower fat, baked",319.0,7.8,9.1,51.6,2.3,vegetarian
"Chicken, broilers or fryers, thigh, meat and skin, cooked, stewed",232.0,23.26,14.74,0.0,0.0,non_vegetarian
"Fast foods, submarine sandwich, sweet onion chicken teriyaki on white bread with lettuce, tomato and sweet onion sauce",155.0,10.91,2.37,22.54,1.2,non_vegetarian
"Shortening bread, soybean (hydrogenated) and cottonseed",884.0,0.0,100.0,0.0,0.0,vegan
"Fish, cod, Pacific, raw (may have been previously frozen)",69.0,15.27,0.41,0.0,0.0,non_vegetarian
"Sweet potato, cooked, boiled, without skin",76.0,1.37,0.14,17.72,2.5,vegan
"Apricots, canned, extra heavy syrup pack, without skin, solids and liquids",96.0,0.55,0.04,24.85,1.6,vegan
"Soup, cream of celery, canned, prepared with equal volume water",37.0,0.68,2.29,3.62,0.3,vegetarian
"Lamb, Australian, imported, fresh, composite of trimmed retail cuts, separable lean only, trimmed to 1/8"" fat, cooked",201.0,26.71,9.63,0.0,,non_vegetarian
"Beef, round, top round, separable lean only, trimmed to 1/8"" fat, choice, cooked, pan-fried",228.0,33.93,8.33,2.03,0.0,non_vegetarian
SILK Vanilla soy yogurt (single serving size),88.0,2.94,1.76,14.71,0.6,vegetarian
"Turkey, ground, 93% lean/ 7% fat, raw",152.615,17.34375,9.591,0.0,,non_vegetarian
"Rice, white, long-grain, parboiled, enriched, cooked",123.0,2.91,0.37,26.05,0.9,vegan
"Pork, fresh, variety meats and by-products, spleen, raw",100.0,17.86,2.59,0.0,0.0,non_vegetarian
"Beef, shoulder pot roast, boneless, separable lean and fat, trimmed to 0"" fat, all grades, cooked, braised",204.0,31.03,8.92,0.0,0.0,non_vegetarian
"Chicken, broilers or fryers, light meat, meat and skin, cooked, fried, flour",246.0,30.45,12.09,1.82,0.1,non_vegetarian
"Ice creams, vanilla, light, soft-serve",126.0,4.9,2.6,21.8,0.0,vegetarian
"Cornmeal, yellow, self-rising, degermed, enriched",355.0,8.41,1.72,74.79,7.1,vegan
"Carrots, canned, no salt added, solids and liquids",23.0,0.59,0.14,5.36,1.8,vegan
"Java-plum, (jambolan), raw",60.0,0.72,0.23,15.56,,vegan
"Apples, dried, sulfured, uncooked",243.0,0.93,0.32,65.89,8.7,vegan
"Parsnips, raw",87.0745,1.265625,0.5381,19.292275,5.351,vegan
"Archway Home Style Cookies, Date Filled Oatmeal",400.0,4.67,12.05,68.16,2.1,vegan
"Veal, loin, chop, separable lean only, cooked, grilled",159.0,29.75,4.44,0.07,0.0,non_vegetarian
"Pork, cured, ham, regular (approximately 13% fat), canned, roasted",226.0,20.53,15.2,0.42,0.0,non_vegetarian
"Fish, salmon, coho, farmed, cooked, dry heat",178.0,24.3,8.23,0.0,0.0,non_vegetarian
"Pork, cured, ham, steak, boneless, extra lean, unheated",122.0,19.56,4.25,0.0,0.0,non_vegetarian
"Fish, lingcod, liver (Alaska Native)",424.0,5.6,42.0,6.0,,non_vegetarian
"Tomato products, canned, paste, without salt added (Includes foods for USDA's Food Distribution Program)",82.0,4.32,0.47,18.91,4.1,vegan
"Biscuits, plain or buttermilk, frozen, baked",338.0,6.2,11.03,53.87,1.3,vegetarian
"Beef, round, top round, steak, separable lean only, trimmed to 1/8"" fat, choice, raw",140.0,22.69,4.78,0.0,0.0,non_vegetarian
"Onions, sweet, raw",32.0,0.8,0.08,7.55,0.9,vegan
"Yogurt, Greek, 2% fat, strawberry banana, CHOBANI",88.0,8.0,1.71,10.24,0.7,vegetarian
"Cereals ready-to-eat, RALSTON Corn Flakes",384.0,5.9,0.91,88.01,2.7,vegan
"Beef, short loin, porterhouse steak, separable lean and fat, trimmed to 1/8"" fat, select, cooked, grilled",263.0,26.21,16.75,0.0,0.0,non_vegetarian
"Beef, loin, top loin, separable lean and fat, trimmed to 1/8"" fat, select, raw",224.0,20.59,15.04,0.0,0.0,non_vegetarian
"Mckee Baking, Little Debbie Nutty Bars, Wafers with Peanut Butter, Chocolate Covered",548.0,8.0,32.8,55.2,,vegetarian
"Vegetables, mixed, frozen, cooked, boiled, drained, without salt",65.0,2.86,0.15,13.09,4.4,vegan
"Beef, chuck eye roast, boneless, America's Beef Roast, separable lean only, trimmed to 0"" fat, all grades, cooked, roasted",183.0,26.65,8.46,0.0,0.0,non_vegetarian
"Fast foods, potatoes, hash browns, round pieces or patty",272.0,2.58,17.04,28.88,2.7,vegan
"Turkey, retail parts, breast, meat only, cooked, roasted",136.0,29.51,1.97,0.0,0.0,non_vegetarian
"Sausage, Italian, turkey, smoked",158.0,15.05,8.75,4.65,0.9,non_vegetarian
"Grapefruit juice, white, bottled, unsweetened, OCEAN SPRAY",37.0,0.54,0.64,7.51,0.6,vegan
"Beef, round, top round steak, boneless, separable lean only, trimmed to 0"" fat, select, raw",116.0,23.59,2.45,0.0,0.0,non_vegetarian
"Lamb, Australian, imported, fresh, seam fat, raw",459.0,15.65,44.01,0.0,0.0,non_vegetarian
"Fish oil, menhaden",902.0,0.0,100.0,0.0,0.0,non_vegetarian
"Yogurt, vanilla or lemon flavor, nonfat milk, sweetened with low-calorie sweetener",43.0,3.86,0.18,7.5,0.0,vegetarian
"Lamb, composite of trimmed retail cuts, separable fat, trimmed to 1/4"" fat, choice, raw",665.0,6.65,70.61,0.0,0.0,non_vegetarian
"Beef, New Zealand, imported, subcutaneous fat, raw",685.0,8.5,72.38,0.0,0.0,non_vegetarian
"Fast foods, chicken fillet sandwich, plain with pickles",250.0,16.28,11.19,20.89,1.4,non_vegetarian
"Soymilk, original and vanilla, light, unsweetened, with added calcium, vitamins A and D",34.0,2.62,0.85,3.85,0.6,vegetarian
"Babyfood, dinner, vegetables, noodles and chicken, strained",63.0,2.0,2.5,7.9,1.1,non_vegetarian
"Soup, chicken broth cubes, dry",198.0,14.6,4.7,23.5,0.0,non_vegetarian
"Babyfood, dinner, beef noodle, strained",63.0,2.44,2.26,8.18,1.3,non_vegetarian
"Babyfood, dessert, blueberry yogurt, strained",77.0,0.5,0.7,17.05,0.4,vegetarian
"SILK Light Chocolate, soymilk",49.0,2.06,0.62,9.05,0.8,vegetarian
"Beef, round, full cut, separable lean and fat, trimmed to 1/8"" fat, select, raw",184.0,20.56,10.68,0.0,0.0,non_vegetarian
"Frostings, vanilla, creamy, dry mix, prepared with margarine",413.0,0.34,12.74,74.28,0.1,vegetarian
"Pork, fresh, leg (ham), rump half, separable lean only, raw (Includes foods for USDA's Food Distribution Program)",120.0,21.81,2.93,0.0,0.0,non_vegetarian
"Soybean, curd cheese",151.0,12.5,8.1,6.9,0.0,vegetarian
"Pork, fresh, loin, center loin (chops), boneless, separable lean only, cooked, pan-broiled",162.0,30.02,4.65,0.0,0.0,non_vegetarian
"Crackers, whole grain, sandwich-type, with peanut butter filling",465.0,14.12,21.18,54.59,9.4,vegetarian
"Chicken, broilers or fryers, skin only, cooked, stewed",363.0,15.22,33.04,0.0,0.0,non_vegetarian
"Veal, composite of trimmed retail cuts, separable lean only, cooked",196.0,31.9,6.58,0.0,0.0,non_vegetarian
"Rice, white, glutinous, unenriched, cooked",97.0,2.02,0.19,21.09,1.0,vegan
"Ice creams, BREYERS, All Natural Light French Chocolate",201.0,5.3,7.28,29.68,1.0,vegetarian
"OLIVE GARDEN, lasagna classico",184.0,11.28,10.84,10.33,1.6,vegan
"Lamb, New Zealand, imported, neck chops, separable lean only, cooked, braised",264.0,31.4,15.36,0.0,0.0,non_vegetarian
"Chicken, stewing, dark meat, meat only, cooked, stewed",258.0,28.14,15.28,0.0,0.0,non_vegetarian
"Beef, loin, tenderloin steak, boneless, separable lean only, trimmed to 0"" fat, choice, cooked, grilled",211.0,30.45,9.03,0.0,0.0,non_vegetarian
"Puddings, banana, dry mix, instant, with added oil",386.0,0.0,4.4,89.0,0.0,vegan
"Pork, fresh, ground, cooked",297.0,25.69,20.77,0.0,0.0,non_vegetarian
"Walrus, meat and subcutaneous fat raw (Alaska Native)",282.0,16.3,24.1,0.0,,non_vegetarian
"Beef, short loin, t-bone steak, separable lean and fat, trimmed to 0"" fat, all grades, cooked, broiled",247.0,24.18,15.93,0.0,0.0,non_vegetarian
"Apricots, canned, extra light syrup pack, with skin, solids and liquids (Includes foods for USDA's Food Distribution Program)",49.0,0.6,0.1,12.5,1.6,vegan
"Frostings, coconut-nut, ready-to-eat",433.0,1.5,24.0,52.7,2.5,vegan
"Beef, brisket, flat half, separable lean and fat, trimmed to 0"" fat, choice, cooked, braised",221.0,32.21,9.24,0.0,0.0,non_vegetarian
"Beef, ground, 97% lean meat / 3% fat, raw",121.0,21.98,3.0,0.0,0.0,non_vegetarian
"Lamb, Australian, imported, fresh, composite of trimmed retail cuts, separable lean and fat, trimmed to 1/8"" fat, cooked",256.0,24.52,16.82,0.0,,non_vegetarian
"Fish, tilefish, cooked, dry heat",147.0,24.49,4.69,0.0,0.0,non_vegetarian
"Balsam-pear (bitter gourd), pods, cooked, boiled, drained, without salt",19.0,0.84,0.18,4.32,2.0,vegan
"Chayote, fruit, cooked, boiled, drained, without salt",24.0,0.62,0.48,5.09,2.8,vegan
"Broccoli, cooked, boiled, drained, with salt",35.0,2.38,0.41,7.18,3.3,vegan
"Corn grain, white",365.0,9.42,4.74,74.26,,vegan
"Syrups, table blends, corn, refiner, and sugar",319.0,0.0,0.0,83.9,0.0,vegan
"Chicken, broilers or fryers, thigh, meat and skin, cooked, roasted",232.0,23.26,14.71,0.0,0.0,non_vegetarian
"Mollusks, oyster, eastern, farmed, raw",59.0,5.22,1.55,5.53,0.0,non_vegetarian
"Game meat, buffalo, water, raw",99.0,20.39,1.37,0.0,0.0,non_vegetarian
"Pork, Shoulder petite tender, boneless, separable lean and fat, raw",128.0,21.65,3.91,0.0,0.0,non_vegetarian
"Turkey, retail parts, wing, meat and skin, raw",202.0,19.53,13.79,0.05,0.0,non_vegetarian
"Chicken, broilers or fryers, back, meat only, cooked, stewed",209.0,25.31,11.19,0.0,0.0,non_vegetarian
"Cereals ready-to-eat, POST, HONEY BUNCHES OF OATS, pecan bunches",399.0,7.0,5.4,82.0,5.2,vegetarian
"Beef, rib, back ribs, bone-in, separable lean only, trimmed to 0"" fat, all grades, cooked, braised",299.0,28.36,20.57,0.0,0.0,non_vegetarian
"Wild rice, raw",357.0,14.73,1.08,74.9,6.2,vegan
"Fast Foods, cheeseburger; double, large patty; with condiments, vegetables and mayonnaise",253.0,15.5,15.63,12.62,1.3,vegetarian
"Pork, fresh, loin, sirloin (chops), bone-in, separable lean only, cooked, braised",195.0,31.0,6.9,0.0,0.0,non_vegetarian
"Kale, cooked, boiled, drained, without salt",36.0,2.94,1.21,5.3,4.0,vegan
"Radishes, oriental, cooked, boiled, drained, without salt",17.0,0.67,0.24,3.43,1.6,vegan
"Hearts of palm, canned",28.0,2.52,0.62,4.62,2.4,non_vegetarian
"Fish, trout, rainbow, wild, cooked, dry heat",150.0,22.92,5.82,0.0,0.0,non_vegetarian
"Candies, jellybeans",375.0,0.0,0.05,93.55,0.2,vegan
"Pie, apple, prepared from recipe",265.0,2.4,12.5,37.1,,vegan
"SUBWAY, turkey breast sub on white bread with lettuce and tomato",147.0,9.12,2.31,22.42,1.3,non_vegetarian
"Cheese, cheddar, sharp, sliced",410.0,24.25,33.82,2.13,0.0,vegetarian
"Beef, tenderloin, steak, separable lean and fat, trimmed to 1/8"" fat, choice, raw",246.0,19.82,17.88,0.0,0.0,non_vegetarian
"Beef, New Zealand, imported, eye round, separable lean and fat, raw",129.0,19.88,4.92,1.32,0.0,non_vegetarian
"Stew, hominy with mutton (Navajo)",83.0,6.71,2.06,9.38,2.0,non_vegetarian
"Restaurant, Chinese, egg rolls, assorted",250.0,8.28,11.94,27.29,2.6,vegetarian
Soy protein isolate,335.0,88.32,3.39,0.0,0.0,vegan
"Snacks, corn-based, extruded, chips, plain",539.0,6.17,33.36,57.27,4.0,vegan
"Beef, chuck, arm pot roast, separable lean and fat, trimmed to 1/8"" fat, all grades, cooked, braised",302.0,30.12,19.22,0.0,0.0,non_vegetarian
"Lamb, Australian, imported, fresh, foreshank, separable lean and fat, trimmed to 1/8"" fat, raw",195.0,18.85,12.68,0.0,,non_vegetarian
"Beef, rib, eye, small end (ribs 10- 12) separable lean only, trimmed to 0"" fat, select, cooked, broiled",182.0,29.93,6.05,0.0,0.0,non_vegetarian
"Beverages, orange drink, canned, with added vitamin C",49.0,0.0,0.07,12.34,0.0,vegan
"Beef, ground, 75% lean meat / 25% fat, raw",293.0,15.76,25.0,0.0,0.0,non_vegetarian
"Swordfish, frozen, wild caught",151.855,19.2375,8.123,0.4495,,non_vegetarian
"Beans, black, mature seeds, canned, low sodium",91.0,6.03,0.29,16.55,6.9,vegan
"Beef, variety meats and by-products, tripe, raw",85.0,12.07,3.69,0.0,0.0,non_vegetarian
"Archway Home Style Cookies, Strawberry Filled",400.0,4.35,13.26,65.92,2.2,vegan
"Pie crust, cookie-type, prepared from recipe, graham cracker, chilled",484.0,4.1,24.4,63.9,1.5,non_vegetarian
"Infant formula, ABBOTT NUTRITION, SIMILAC, SENSITIVE, (LACTOSE FREE), liquid concentrate, with ARA and DHA",128.0,2.73,6.95,13.64,0.0,vegetarian
"Egg, white, dried, stabilized, glucose reduced",357.0,84.08,0.32,4.51,0.0,vegetarian
"Soup, cream of chicken, canned, condensed, reduced sodium",58.0,1.8,1.3,9.5,0.4,non_vegetarian
"Beverages, OCEAN SPRAY, Cran Lemonade",45.0,0.07,0.0,11.12,0.6,vegan
"Turkey, whole, light meat, raw",114.0,23.66,1.48,0.14,0.0,non_vegetarian
"Beef, round, top round, steak, separable lean and fat, trimmed to 1/8"" fat, choice, cooked, broiled",224.0,30.7,10.27,0.0,0.0,non_vegetarian
"Bread, cornbread, dry mix, enriched (includes corn muffin mix)",418.0,7.0,12.2,69.5,6.5,vegan
"Cheese, swiss, low sodium",374.0,28.4,27.4,3.4,0.0,vegetarian
"Plantains, green, boiled",121.0,1.09,0.08,29.15,2.6,vegan
"Spices, cumin seed",375.0,17.81,22.27,44.24,10.5,vegan
"Oil, industrial, soy, low linolenic",900.0,0.0,100.0,0.0,0.0,vegan
"Fish, monkfish, raw",76.0,14.48,1.52,0.0,0.0,non_vegetarian
"Beverages, OCEAN SPRAY, White Cranberry Peach",45.0,0.13,0.01,11.88,0.6,vegan
"Beverages, V8 SPLASH Smoothies, Peach Mango",37.0,1.22,0.0,7.76,0.0,vegan
"Pork, fresh, loin, tenderloin, separable lean and fat, cooked, broiled",201.0,29.86,8.11,0.0,0.0,non_vegetarian
"Fish, herring, Atlantic, pickled",262.0,14.19,18.0,9.64,0.0,non_vegetarian
"Beef, New Zealand, imported, hind shin, separable lean only, cooked, braised",167.0,31.23,4.64,0.0,0.0,non_vegetarian
"Beans, snap, yellow, canned, no salt added, solids and liquids",15.0,0.8,0.1,3.5,1.5,vegan
"Candies, MARS SNACKFOOD US, STARBURST Fruit Chews, Original fruits",408.0,0.41,8.21,82.57,0.0,vegan
"Apricots, canned, water pack, without skin, solids and liquids",22.0,0.69,0.03,5.48,1.1,vegan
"Soup, beef broth, bouillon, consomme, prepared with equal volume water",12.0,2.22,0.0,0.73,0.0,non_vegetarian
"Grapes, green, seedless, raw",80.1025,0.89875,0.2325,18.60375,,vegan
Hormel Pillow Pak Sliced Turkey Pepperoni,243.0,30.99,11.52,3.78,0.0,non_vegetarian
"Beef, shoulder top blade steak, boneless, separable lean only, trimmed to 0"" fat, select, raw",133.0,20.39,5.73,0.0,0.0,non_vegetarian
"Chicken, broilers or fryers, light meat, meat only, cooked, roasted",173.0,30.91,4.51,0.0,0.0,non_vegetarian
"Babyfood, juice, fruit punch, with calcium",52.0,0.2,0.1,12.7,0.4,vegan
"Seal, bearded (Oogruk), meat, dried, in oil (Alaska Native)",367.0,35.31,25.08,0.0,0.0,non_vegetarian
"Beef, rib, back ribs, bone-in, separable lean and fat, trimmed to 0"" fat, choice, raw",336.0,15.75,29.89,0.9,0.0,non_vegetarian
"Cheese, mexican, queso cotija",366.0,20.0,30.0,3.97,0.0,vegetarian
"Chicken, broilers or fryers, thigh, meat and skin, cooked, fried, batter",277.0,21.61,16.53,9.08,0.3,non_vegetarian
"Snacks, soy chips or crisps, salted",385.0,26.5,7.35,53.15,3.5,vegan
"Lamb, New Zealand, imported, square-cut shoulder, separable lean only, cooked, slow roasted",192.0,25.08,10.13,0.0,0.0,non_vegetarian
"Potatoes, mashed, prepared from granules, without milk, whole milk and margarine",108.0,2.05,4.93,14.4,2.2,vegetarian
"Cereals ready-to-eat, MALT-O-MEAL, Blueberry MUFFIN TOPS Cereal",443.0,4.9,11.48,79.91,4.7,vegan
"Salad dressing, mayonnaise-type, light",158.0,0.65,10.0,16.4,0.0,vegetarian
Tofu yogurt,94.0,3.5,1.8,15.96,0.2,vegetarian
"Pork, fresh, variety meats and by-products, lungs, cooked, braised",99.0,16.6,3.1,0.0,0.0,non_vegetarian
"Cereals ready-to-eat, QUAKER, Oatmeal Squares, cinnamon",379.0,11.23,4.88,78.09,8.7,vegan
"Beef, New Zealand, imported, striploin, separable lean and fat, cooked, fast fried",301.0,24.89,22.33,0.02,0.0,non_vegetarian
"Pork, fresh, loin, blade (chops), bone-in, separable lean only, cooked, braised",222.0,28.02,11.29,0.0,0.0,non_vegetarian
"Beef, loin, top loin steak, boneless, lip off, separable lean and fat, trimmed to 0"" fat, select, cooked, grilled",207.0,29.16,9.12,0.0,0.0,non_vegetarian
"Melons, casaba, raw",28.0,1.11,0.1,6.58,0.9,vegan
"Beverages, Apple juice drink, light, fortified with vitamin C",22.0,0.0,0.1,5.1,0.0,vegan
"Fish, salmon, chum, raw",120.0,20.14,3.77,0.0,0.0,non_vegetarian
"Fast foods, fish sandwich, with tartar sauce and cheese",279.0,11.26,14.64,26.39,0.8,non_vegetarian
"Chicken, broilers or fryers, neck, meat only, raw",154.0,17.55,8.78,0.0,0.0,non_vegetarian
"Beef, brisket, point half, separable lean and fat, trimmed to 1/8"" fat, all grades, cooked, braised",349.0,24.4,27.17,0.0,0.0,non_vegetarian
"Pan Dulce, La Ricura, Salpora de Arroz con Azucar, cookie-like, contains wheat flour and rice flour",445.0,8.81,16.11,66.28,1.2,vegan
"Pork, fresh, shoulder, arm picnic, separable lean and fat, raw",193.0,18.71,12.51,0.0,0.0,non_vegetarian
"Tofu, fried",270.0,18.82,20.18,8.86,3.9,vegan
"Beverages, V8 SPLASH Juice Drinks, Diet Fruit Medley",4.0,0.0,0.0,1.26,,vegan
"Babyfood, cereal, oatmeal, with honey, prepared with whole milk",115.0,5.0,3.9,15.3,,vegetarian
"Beans, snap, green, frozen, all styles, unprepared (Includes foods for USDA's Food Distribution Program)",33.0,1.79,0.21,7.54,2.6,vegan
"Fish, smelt, rainbow, cooked, dry heat",124.0,22.6,3.1,0.0,0.0,non_vegetarian
"Lamb, shoulder, blade, separable lean and fat, trimmed to 1/4"" fat, choice, cooked, broiled",278.0,23.08,19.94,0.0,0.0,non_vegetarian
"Cereals ready-to-eat, POST, HONEY BUNCHES OF OATS, honey roasted",401.0,7.12,5.46,81.19,4.2,vegetarian
"Lamb, Australian, imported, fresh, leg, bottom, boneless, separable lean and fat, trimmed to 1/8"" fat, raw",187.0,20.97,11.43,0.0,0.0,non_vegetarian
"Fruit juice smoothie, NAKED JUICE, MIGHTY MANGO",63.0,0.42,0.0,15.0,0.0,vegan
"ON THE BORDER, cheese enchilada",271.0,11.67,17.74,16.2,1.8,vegetarian
"Beef, loin, top sirloin cap steak, boneless, separable lean and fat, trimmed to 1/8"" fat, choice, raw",199.0,19.7,13.4,0.0,0.0,non_vegetarian
"Turkey, all classes, wing, meat and skin, cooked, roasted",229.0,27.38,12.43,0.0,0.0,non_vegetarian
"Beef, New Zealand, imported, brisket navel end, separable lean only, cooked, braised",265.0,29.35,16.37,0.0,0.0,non_vegetarian
"Quail, meat and skin, raw",192.0,19.63,12.05,0.0,0.0,non_vegetarian
"Olives, green, Manzanilla, stuffed with pimiento",130.0,1.15,12.9,4.96,4.0,vegan
"Vitasoy USA Organic Nasoya, Tofu Plus Firm",74.0,9.19,3.4,1.71,0.8,vegan
"Beef, New Zealand, imported, intermuscular fat, raw",602.0,6.97,63.78,0.01,0.0,non_vegetarian
"Veal, sirloin, separable lean and fat, cooked, braised",252.0,31.26,13.14,0.0,0.0,non_vegetarian
"Turkey, diced, light and dark meat, seasoned",138.0,18.7,6.0,1.0,0.0,non_vegetarian
"Crackers, cheese, sandwich-type with cheese filling",490.0,8.92,24.41,58.76,1.9,vegetarian
"Chicken, broilers or fryers, neck, meat and skin, cooked simmered",247.0,19.61,18.1,0.0,0.0,non_vegetarian
"Beverages, almond milk, chocolate, ready-to-drink",50.0,0.63,1.25,9.38,0.4,vegetarian
"Beans, black turtle, mature seeds, canned",91.0,6.03,0.29,16.55,6.9,vegan
"Chicken, roasting, meat only, cooked, roasted",167.0,25.01,6.63,0.0,0.0,non_vegetarian
"Babyfood, pears, dices, toddler",57.0,0.3,0.1,13.6,1.2,vegan
"Bologna, meat and poultry",281.0,10.34,23.77,6.31,0.0,non_vegetarian
"Spices, coriander seed",298.0,12.37,17.77,54.99,41.9,vegan
"Soup, cream of asparagus, canned, prepared with equal volume water",35.0,0.94,1.68,4.38,0.2,vegetarian
"Beef, cured, corned beef, brisket, raw",198.0,14.68,14.9,0.14,0.0,non_vegetarian
"Seeds, safflower seed meal, partially defatted",342.0,35.62,2.39,48.73,,vegan
"Apricots, raw",48.0,1.4,0.39,11.12,2.0,vegan
"Turkey, all classes, breast, meat and skin, raw",157.0,21.89,7.02,0.0,0.0,non_vegetarian
"Kiwifruit (kiwi), green, peeled, raw",65.0648,1.008125,0.64,13.818075,2.129,vegan
"Beef, loin, tenderloin roast, boneless, separable lean only, trimmed to 0"" fat, all grades, raw",139.0,21.94,5.74,0.0,0.0,non_vegetarian
"Figs, canned, extra heavy syrup pack, solids and liquids",107.0,0.38,0.1,27.86,,vegan
"Lamb, composite of trimmed retail cuts, separable lean and fat, trimmed to 1/8"" fat, choice, raw",243.0,17.54,18.66,0.0,0.0,non_vegetarian
"Snacks, granola bars, soft, uncoated, chocolate chip, graham and marshmallow",427.0,6.1,15.5,70.8,4.0,non_vegetarian
"Candies, MARS SNACKFOOD US, M&M's Peanut Butter Chocolate Candies",529.0,10.16,29.32,56.89,4.0,vegetarian
"Beef, chuck, arm pot roast, separable lean and fat, trimmed to 0"" fat, all grades, cooked, braised",297.0,28.94,19.17,0.0,0.0,non_vegetarian
"Beef, composite of trimmed retail cuts, separable lean and fat, trimmed to 1/8"" fat, all grades, raw",215.0,20.01,14.42,0.0,0.0,non_vegetarian
KRAFT CHEEZ WHIZ Pasteurized Process Cheese Sauce,276.0,12.0,21.0,9.2,0.3,vegetarian
"Beef, ground, 85% lean meat / 15% fat, patty, cooked, pan-broiled",232.0,24.62,14.02,0.0,0.0,non_vegetarian
"Chicken, broilers or fryers, breast, meat and skin, cooked, fried, flour",222.0,31.84,8.87,1.64,0.1,non_vegetarian
"Cowpeas, common (blackeyes, crowder, southern), mature seeds, cooked, boiled, without salt",116.0,7.73,0.53,20.76,6.5,vegan
"Turkey, whole, meat and skin, cooked, roasted",189.0,28.55,7.39,0.06,0.0,non_vegetarian
"Pork, cured, ham with natural juices, slice, boneless, separable lean only, heated, pan-broil",116.0,20.95,3.16,1.05,0.0,non_vegetarian
"Beef, ribeye cap steak, boneless, separable lean only, trimmed to 0"" fat, select, cooked, grilled",226.0,25.28,13.43,1.1,0.0,non_vegetarian
"Fish, pike, northern, liver (Alaska Native)",156.0,16.6,8.0,4.3,,non_vegetarian
"Pork, cured, ham, boneless, low sodium, extra lean (approximately 5% fat), roasted",145.0,20.9,5.5,1.5,0.0,non_vegetarian
"Plantains, yellow, baked",155.0,1.52,0.16,41.37,2.2,vegan
"Fast foods, breakfast burrito, with egg, cheese, and sausage",277.0,11.1,15.63,22.97,1.2,non_vegetarian
"Cookie, with peanut butter filling, chocolate-coated",562.0,8.1,35.3,52.9,3.5,vegetarian
"Mushrooms, portabella, exposed to ultraviolet light, grilled",29.0,3.28,0.58,4.44,2.2,vegan
"Restaurant, Latino, tamale, corn",186.0,3.48,7.21,26.68,3.2,vegan
"Pork, cured, ham -- water added, whole, boneless, separable lean only, unheated",110.0,17.34,3.97,1.45,0.0,non_vegetarian
"Cream, fluid, light (coffee cream or table cream)",195.0,2.96,19.1,3.66,0.0,vegetarian
"Beef, loin, tenderloin roast, boneless, separable lean only, trimmed to 0"" fat, select, raw",135.0,22.16,5.1,0.0,0.0,non_vegetarian
"Lamb, Australian, imported, fresh, composite of trimmed retail cuts, separable lean and fat, trimmed to 1/8"" fat, raw",229.0,17.84,16.97,0.0,,non_vegetarian
"Margarine-like, vegetable oil spread, 60% fat, tub, with salt",533.0,0.17,59.81,0.86,0.0,vegan
"Beef, plate steak, boneless, inside skirt, separable lean only, trimmed to 0"" fat, select, raw",153.0,21.61,7.41,0.0,0.0,non_vegetarian
"Fish, pollock, Alaska, cooked, dry heat (may contain additives to retain moisture)",111.0,23.48,1.18,0.0,0.0,non_vegetarian
"Pork, cured, ham -- water added, whole, boneless, separable lean and fat, unheated",121.0,17.06,5.38,1.42,0.0,non_vegetarian
Candied fruit,322.0,0.34,0.07,82.74,1.6,vegan
"Tortellini, pasta with cheese filling, fresh-refrigerated, as purchased",307.0,13.5,7.23,47.0,1.9,vegetarian
"Cheese food, pasteurized process, American, without added vitamin D",330.0,16.86,25.63,8.56,0.0,vegetarian
"Veal, rib, separable lean and fat, raw",162.0,18.86,9.01,0.0,0.0,non_vegetarian
"Beans, chili, barbecue, ranch style, cooked",97.0,5.0,1.0,16.9,4.2,vegan
"Chickpeas (garbanzo beans, bengal gram), mature seeds, canned, drained, rinsed in tap water",138.0,7.04,2.47,22.87,6.3,vegan
"Babyfood, peas and brown rice",64.0,3.4,0.5,11.49,2.5,vegan
"Babyfood, dinner, chicken noodle, junior",74.0,3.53,3.23,7.8,1.7,non_vegetarian
"Chicken, broilers or fryers, leg, meat only, cooked, roasted",174.0,24.22,7.8,0.0,0.0,non_vegetarian
"Veal, loin, separable lean and fat, cooked, braised",284.0,30.19,17.21,0.0,0.0,non_vegetarian
"Cornmeal, yellow (Navajo)",384.0,9.85,5.88,72.9,9.4,vegan
"Mushrooms, shiitake",44.095,2.414375,0.195,8.170625,4.166,vegan
"Chicken, broilers or fryers, rotisserie, original seasoning, breast, meat and skin, cooked",184.0,27.48,8.18,0.02,0.0,non_vegetarian
"Lamb, Australian, imported, fresh, leg, sirloin chops, boneless, separable lean only, trimmed to 1/8"" fat, raw",132.0,20.43,4.91,0.0,,non_vegetarian
"Corn, sweet, white, frozen, kernels cut off cob, boiled, drained, with salt",80.0,2.75,0.43,19.56,2.4,vegan
"Yogurt, Greek, vanilla, nonfat",78.0,8.64,0.18,10.37,0.5,vegetarian
"Snacks, candy rolls, yogurt-covered, fruit flavored with high vitamin C",359.0,0.46,6.53,74.64,3.3,vegetarian
"Lamb, shoulder, arm, separable lean and fat, trimmed to 1/4"" fat, choice, cooked, roasted",279.0,22.53,20.24,0.0,0.0,non_vegetarian
"Shortening, multipurpose, soybean (hydrogenated) and palm (hydrogenated)",884.0,0.0,100.0,0.0,0.0,vegan
"Sausage, pork and beef, fresh, cooked",396.0,13.8,36.25,2.7,0.0,non_vegetarian
"Cereals ready-to-eat, frosted oat cereal with marshmallows",400.0,7.1,3.33,84.7,4.3,vegan
"Bread, reduced-calorie, oat bran, toasted",239.0,9.5,3.8,49.2,14.3,vegan
"Luncheon meat, pork with ham, minced, canned, includes Spam (Hormel)",315.0,13.4,26.6,4.6,0.0,non_vegetarian
"Chicken, roasting, meat and skin and giblets and neck, cooked, roasted",220.0,23.96,13.07,0.05,0.0,non_vegetarian
"Rolls, gluten-free, white, made with brown rice flour, tapioca starch, and sorghum flour",257.0,5.65,8.2,40.24,2.9,vegan
"Pork, fresh, loin, tenderloin, separable lean only, cooked, roasted",143.0,26.17,3.51,0.0,0.0,non_vegetarian
"McDONALD'S, Sausage Burrito",277.0,11.1,15.63,22.97,1.2,non_vegetarian
"Peas, green, split, mature seeds, raw",364.0,23.12,3.89,61.63,22.2,vegan
"Beets, raw",44.6205,1.6875,0.3025,8.787,3.119,vegan
"Pork, ground, raw",228.2728,17.80625,17.49,0.0,,non_vegetarian
"Apple juice, frozen concentrate, unsweetened, undiluted, with added ascorbic acid",166.0,0.51,0.37,41.0,,vegan
"Beans, kidney, all types, mature seeds, cooked, boiled, with salt",127.0,8.67,0.5,22.8,6.4,non_vegetarian
"Refried beans, canned, fat-free",79.0,5.34,0.45,13.5,4.7,vegan
"Corn flour, yellow, degermed, unenriched",375.0,5.59,1.39,82.75,1.9,vegan
"Grape juice, canned or bottled, unsweetened, without added ascorbic acid",60.0,0.37,0.13,14.77,0.2,vegan
"Beef, chuck, arm pot roast, separable lean only, trimmed to 1/8"" fat, all grades, cooked, braised",214.0,34.66,7.36,0.0,0.0,non_vegetarian
"Seeds, sesame seed kernels, dried (decorticated)",631.0,20.45,61.21,11.73,11.6,vegan
"Lamb, Australian, imported, fresh, tenderloin, boneless, separable lean only, trimmed to 1/8"" fat, cooked, roasted",184.0,30.97,6.71,0.0,0.0,non_vegetarian
"Nuts, almonds, oil roasted, lightly salted",607.0,21.23,55.17,17.68,10.5,vegan
"Dip, salsa con queso, cheese and salsa- medium",143.0,3.14,9.51,11.14,0.7,vegetarian
"Pork, fresh, loin, blade (chops), bone-in, separable lean and fat, cooked, broiled",231.0,23.72,14.35,0.0,0.0,non_vegetarian
"Oil, industrial, palm kernel, confection fat, uses similar to high quality cocoa butter",884.0,0.0,100.0,0.0,0.0,vegetarian
"Pork, cured, shoulder, blade roll, separable lean and fat, roasted",287.0,17.28,23.48,0.37,0.0,non_vegetarian
"Beef, round, tip round, roast, separable lean and fat, trimmed to 0"" fat, all grades, cooked, roasted",188.0,26.79,8.21,0.0,0.0,non_vegetarian
"Pork, cured, ham, shank, bone-in, separable lean and fat, heated, roasted",191.0,24.39,9.35,0.64,0.0,non_vegetarian
"Cream puff shell, prepared from recipe",360.0,9.0,25.9,22.8,0.8,vegetarian
"Beef, ribeye petite roast, boneless, separable lean only, trimmed to 0"" fat, select, cooked, roasted",164.0,28.37,5.65,0.0,0.0,non_vegetarian
"Tomatoes, yellow, raw",15.0,0.98,0.26,2.98,0.7,vegan
"Lamb, New Zealand, imported, rack - partly frenched, separable lean only, raw",160.0,20.65,8.61,0.0,0.0,non_vegetarian
"Pork, cured, bacon, pre-sliced, cooked, pan-fried",468.0,33.92,35.09,1.7,0.0,non_vegetarian
"Veal, external fat only, cooked",540.0,15.28,53.23,0.0,0.0,non_vegetarian
"Butter, light, stick, without salt",499.0,3.3,55.1,0.0,0.0,vegetarian
"Snacks, corn-based, extruded, chips, barbecue-flavor",523.0,7.0,32.7,56.2,5.2,vegan
"Apple juice, with added vitamin C, from concentrate, shelf stable",48.3763,0.0859375,0.2863,11.3639625,,vegan
"Candies, HERSHEY, REESESTICKS crispy wafers, peanut butter, milk chocolate",521.0,9.53,31.34,55.38,3.3,vegetarian
"Fish, whitefish, mixed species, smoked",108.0,23.4,0.93,0.0,0.0,non_vegetarian
"Frozen yogurts, chocolate, soft-serve",160.0,4.0,6.0,24.9,2.2,vegetarian
"Crustaceans, crayfish, mixed species, wild, cooked, moist heat",82.0,16.77,1.2,0.0,0.0,non_vegetarian
"Lamb, shoulder, whole (arm and blade), separable lean only, trimmed to 1/4"" fat, choice, cooked, roasted",204.0,24.94,10.77,0.0,0.0,non_vegetarian
"Bread, pita, whole-wheat",262.0,9.8,1.71,55.89,6.1,vegan
"Fish, salmon, chum, dried (Alaska Native)",378.0,62.09,14.38,0.0,0.0,non_vegetarian
"Turkey, whole, wing, meat only, cooked, roasted",147.0,30.13,2.08,0.0,0.0,non_vegetarian
"Fish, burbot, raw",90.0,19.31,0.81,0.0,0.0,non_vegetarian
"Fish, sunfish, pumpkin seed, cooked, dry heat",114.0,24.87,0.9,0.0,0.0,non_vegetarian
"Lamb, composite of trimmed retail cuts, separable lean and fat, trimmed to 1/8"" fat, choice, cooked",271.0,25.51,18.01,0.0,0.0,non_vegetarian
"Peaches, dried, sulfured, stewed, without added sugar",77.0,1.16,0.25,19.69,2.7,vegan
"Chicken, skin (drumsticks and thighs), cooked, roasted",462.0,16.57,43.99,0.0,0.0,non_vegetarian
"Beef, New Zealand, imported, brisket navel end, separable lean and fat, cooked, braised",453.0,20.14,41.33,0.0,0.0,non_vegetarian
Potato pancakes,268.0,6.08,14.76,27.81,3.3,vegan
"Eggplant, cooked, boiled, drained, with salt",33.0,0.83,0.23,8.14,2.5,vegetarian
"Beef, loin, tenderloin roast, boneless, separable lean and fat, trimmed to 0"" fat, select, raw",144.0,21.91,6.21,0.0,0.0,non_vegetarian
"Babyfood, dessert, dutch apple, strained",75.0,0.2,0.4,19.74,1.4,vegan
"Cereals ready-to-eat, MOM'S BEST, Honey Nut TOASTY O'S",388.0,8.6,4.51,79.84,6.3,vegetarian
"Crackers, saltines, unsalted tops (includes oyster, soda, soup)",434.0,9.2,11.8,71.5,3.0,non_vegetarian
"Beef, New Zealand, imported, oyster blade, separable lean and fat, raw",178.0,21.27,10.31,0.0,0.0,non_vegetarian
"Beef, loin, tenderloin roast, boneless, separable lean only, trimmed to 0"" fat, choice, raw",143.0,21.78,6.16,0.0,0.0,non_vegetarian
"Peaches, canned, extra heavy syrup pack, solids and liquids",96.0,0.47,0.03,26.06,1.0,vegan
"Beef, round, outside round, bottom round, steak, separable lean and fat, trimmed to 0"" fat, choice, raw",150.0,21.24,6.59,0.0,0.0,non_vegetarian
"Turkey, whole, breast, meat only, raw",114.0,23.66,1.48,0.14,0.0,non_vegetarian
"Cheese, monterey",373.0,24.48,30.28,0.68,0.0,vegetarian
"DENNY'S, spaghetti and meatballs",170.0,7.84,8.52,15.51,1.5,non_vegetarian
"Pork, fresh, shoulder, blade, boston (roasts), separable lean and fat, cooked, roasted",269.0,23.11,18.86,0.0,0.0,non_vegetarian
"Beef, tenderloin, separable lean and fat, trimmed to 1/8"" fat, prime, raw",274.0,18.15,21.83,0.0,0.0,non_vegetarian
"Fruit juice smoothie, NAKED JUICE, strawberry banana",50.0,0.48,0.27,11.66,0.6,vegan
"Cereals ready-to-eat, wheat, puffed, fortified",364.0,14.7,1.2,79.6,4.4,vegan
"Parsnips, cooked, boiled, drained, with salt",71.0,1.32,0.3,17.01,4.0,vegan
"DIGIORNO Pizza, pepperoni topping, cheese stuffed crust, frozen, baked",279.0,13.92,11.71,29.46,2.1,vegetarian
"Walrus, meat, dried (Alaska Native)",251.0,57.0,2.6,0.0,,non_vegetarian
"Lamb, New Zealand, imported, brains, raw",118.0,11.33,8.03,0.0,0.0,non_vegetarian
"Peaches, yellow, raw",42.0,0.91,0.27,10.1,1.5,vegan
"Beverages, orange-flavor drink, breakfast type, powder",386.0,0.0,0.0,98.94,0.4,vegan
"Chicken, broilers or fryers, light meat, meat only, raw",114.0,23.2,1.65,0.0,0.0,non_vegetarian
"Fish, ling, raw",87.0,18.99,0.64,0.0,0.0,non_vegetarian
"Babyfood, GERBER, Banana with orange medley",69.0,1.06,0.0,20.41,2.1,vegan
"Game meat, antelope, raw",114.0,22.38,2.03,0.0,0.0,non_vegetarian
"Babyfood, fortified cereal bar, fruit filling",344.0,5.43,5.3,68.63,1.7,vegan
"Beef, top sirloin, steak, separable lean and fat, trimmed to 1/8"" fat, all grades, cooked, broiled",243.0,26.96,14.23,0.0,0.0,non_vegetarian
"Yogurt, Greek, 2%fat, coconut blend, CHOBANI",92.0,8.11,1.71,11.04,0.5,vegetarian
"Beef, ribeye, steak, boneless, choice, raw",254.11,18.74375,20.04,0.0,,non_vegetarian
"Lamb, New Zealand, imported, brains, cooked, soaked and fried",154.0,14.03,10.92,0.0,0.0,non_vegetarian
"Mushroom, pioppini",39.2148,3.5,0.24,5.7637,2.753,vegan
"Milk dessert bar, frozen, made from lowfat milk",147.0,4.41,1.47,32.0,6.6,vegetarian
"Beverages, chocolate syrup, prepared with whole milk",90.0,3.07,2.96,12.78,0.3,vegetarian
"Beef, rib eye steak, boneless, lip off, separable lean only, trimmed to 0"" fat, all grades, raw",154.0,21.85,7.41,0.0,0.0,non_vegetarian
"Restaurant, Chinese, sweet and sour pork",260.0,8.88,13.6,25.5,1.0,non_vegetarian
"McDONALD'S, Sausage Biscuit with Egg",311.0,11.27,22.26,19.28,0.8,non_vegetarian
"Beef, chuck, shoulder clod, shoulder top and center steaks, separable lean and fat, trimmed to 0"" fat, select, raw",140.0,21.13,5.51,0.0,0.0,non_vegetarian
"Candies, peanut brittle, prepared-from-recipe",486.0,7.57,18.98,71.24,2.5,vegan
"JIMMY DEAN, Sausage, Egg, and Cheese Breakfast Biscuit, frozen, unprepared",328.0,9.29,22.9,21.07,2.0,non_vegetarian
"Egg rolls, chicken, refrigerated, heated",197.0,10.44,4.51,28.54,2.4,non_vegetarian
"Beef, round, knuckle, tip center, steak, separable lean and fat, trimmed to 0"" fat, choice, cooked, grilled",188.0,26.88,8.13,0.0,0.0,non_vegetarian
"Fast foods, griddle cake sandwich, egg, cheese, and bacon",272.0,12.03,13.19,26.19,0.8,non_vegetarian
"Fish, salmon, coho, wild, cooked, moist heat",184.0,27.36,7.5,0.0,0.0,non_vegetarian
"Rice, white, long-grain, regular, cooked, enriched, with salt",130.0,2.69,0.28,28.17,0.4,vegan
"Chicken, broiler, rotisserie, BBQ, drumstick, meat and skin",206.0,25.65,11.46,0.12,0.0,non_vegetarian
"Soup, clam chowder, manhattan, canned, prepared with equal volume water",30.0,0.85,0.86,4.77,0.6,non_vegetarian
"Lamb, Australian, imported, fresh, leg, trotter off, bone-in, separable lean and fat, trimmed to 1/8"" fat, raw",175.0,21.95,9.73,0.0,0.0,non_vegetarian
"Beef, chuck, arm pot roast, separable lean and fat, trimmed to 1/8"" fat, choice, cooked, braised",309.0,30.2,19.93,0.0,0.0,non_vegetarian
"Egg, whole, cooked, hard-boiled",155.0,12.58,10.61,1.12,0.0,vegetarian
"Soup, tomato, canned, prepared with equal volume low fat (2%) milk",55.0,2.42,1.24,9.82,0.5,vegetarian
"Cowpeas (blackeyes), immature seeds, frozen, cooked, boiled, drained, without salt",132.0,8.49,0.66,23.76,6.4,vegan
"Beef, short loin, t-bone steak, separable lean and fat, trimmed to 1/8"" fat, all grades, raw",223.0,20.11,15.18,0.0,0.0,non_vegetarian
"Cereals, oats, instant, fortified, with raisins and spice, prepared with water",88.0,1.98,0.95,17.91,1.3,vegan
"Veal, shoulder, blade, separable lean and fat, cooked, braised",225.0,31.26,10.09,0.0,0.0,non_vegetarian
"Soup, cream of shrimp, canned, condensed",72.0,2.22,4.14,6.53,0.2,non_vegetarian
"Beef, round, bottom round, steak, separable lean and fat, trimmed to 1/8"" fat, select, cooked, braised",240.0,32.67,11.19,0.0,0.0,non_vegetarian
"Beef, round, top round, steak, separable lean and fat, trimmed to 1/8"" fat, choice, raw",168.0,21.94,8.19,0.0,0.0,non_vegetarian
"Soup, bean with ham, canned, chunky, ready-to-serve",95.0,5.19,3.5,11.16,4.6,non_vegetarian
"Butterbur, cooked, boiled, drained, with salt",8.0,0.23,0.02,2.16,,vegetarian
"Peaches, dried, sulfured, stewed, with added sugar",103.0,1.06,0.22,26.6,2.4,vegan
"Lettuce, iceberg (includes crisphead types), raw",14.0,0.9,0.14,2.97,1.2,vegan
"Pork, cured, ham -- water added, slice, bone-in, separable lean and fat, heated, pan-broil",166.0,20.8,8.73,1.54,0.0,non_vegetarian
"Agutuk, meat-caribou (Alaskan ice cream) (Alaska Native)",258.0,21.7,18.6,0.9,,non_vegetarian
"Pork, fresh, loin, center loin (roasts), bone-in, separable lean and fat, cooked, roasted",231.0,27.01,12.8,0.0,0.0,non_vegetarian
"Lamb, Australian, imported, fresh, leg, sirloin half, boneless, separable lean only, trimmed to 1/8"" fat, cooked, roasted",215.0,27.75,10.65,0.0,,non_vegetarian
"Beef, ground, 93% lean meat /7% fat, patty, cooked, pan-broiled",182.0,25.56,8.01,0.06,0.0,non_vegetarian
"Tofu, fried, prepared with calcium sulfate",270.0,18.82,20.18,8.86,3.9,vegan
"Beans, kidney, all types, mature seeds, raw",333.0,23.58,0.83,60.01,24.9,non_vegetarian
"Fish, herring, Pacific, raw",195.0,16.39,13.88,0.0,0.0,non_vegetarian
"Pork, fresh, loin, top loin (chops), boneless, separable lean and fat, cooked, pan-fried",196.0,29.36,7.86,0.0,0.0,non_vegetarian
"Flour, semolina, fine",357.81,13.33125,1.838,71.98575,3.683,vegan
"Lamb, foreshank, separable lean and fat, trimmed to 1/4"" fat, choice, cooked, braised",243.0,28.37,13.46,0.0,0.0,non_vegetarian
"Rice flour, white, unenriched",366.0,5.95,1.42,80.13,2.4,vegan
"Chicken, broilers or fryers, wing, meat and skin, cooked, fried, flour",321.0,26.11,22.16,2.39,0.1,non_vegetarian
"Tomato products, canned, puree, without salt added",38.0,1.65,0.21,8.98,1.9,vegan
"HORMEL ALWAYS TENDER, Pork Loin Filets, Lemon Garlic-Flavored",118.0,17.83,4.16,1.79,,non_vegetarian
"Pork, cured, ham, boneless, extra lean and regular, roasted",165.0,21.97,7.66,0.5,0.0,non_vegetarian
"Croissants, butter",406.0,8.2,21.0,45.8,2.6,vegetarian
"Beef, loin, tenderloin roast, boneless, separable lean and fat, trimmed to 0"" fat, all grades, cooked, roasted",183.0,27.31,8.14,0.0,0.0,non_vegetarian
"Sea lion, Steller, meat (Alaska Native)",120.0,25.85,1.88,0.0,,non_vegetarian
"Fish, eel, mixed species, cooked, dry heat",236.0,23.65,14.95,0.0,0.0,non_vegetarian
"Beef, rib, small end (ribs 10-12), separable lean and fat, trimmed to 1/8"" fat, prime, cooked, broiled",354.0,24.13,27.86,0.0,0.0,non_vegetarian
"Beef, brisket, flat half, separable lean and fat, trimmed to 0"" fat, select, cooked, braised",205.0,33.59,6.77,0.0,0.0,non_vegetarian
"Cookies, oatmeal, refrigerated dough",424.0,5.4,18.9,59.1,2.5,vegan
"Oil, industrial, soy, fully hydrogenated",884.0,0.0,100.0,0.0,0.0,vegan
"McDONALD'S, FILET-O-FISH",282.0,11.26,14.64,26.39,1.4,non_vegetarian
"Pork, fresh, separable fat, raw",632.0,9.25,65.7,0.0,0.0,non_vegetarian
"Corn, white, steamed (Navajo)",386.0,9.72,5.18,75.2,16.6,vegan
"Archway Home Style Cookies, Old Fashioned Molasses",406.0,4.27,11.83,70.55,1.1,vegan
"Fruit salad, (peach and pear and apricot and pineapple and cherry), canned, extra heavy syrup, solids and liquids",88.0,0.33,0.06,22.77,1.0,vegan
"Bacon, turkey, low sodium",253.0,13.33,20.0,4.8,0.0,non_vegetarian
"Pork, fresh, loin, center rib (chops), boneless, separable lean and fat, cooked, braised",255.0,26.29,15.79,0.0,0.0,non_vegetarian
"Cereals, CREAM OF WHEAT, instant, prepared with water, without salt",62.0,1.84,0.24,13.08,0.6,vegetarian
"Turnips, frozen, cooked, boiled, drained, with salt",21.0,1.53,0.24,3.73,2.0,vegan
"Apple juice, frozen concentrate, unsweetened, diluted with 3 volume water, with added ascorbic acid",47.0,0.14,0.1,11.54,0.1,vegan
"Beef, rib, small end (ribs 10-12), separable lean and fat, trimmed to 1/8"" fat, prime, cooked, roasted",411.0,22.15,35.12,0.0,0.0,non_vegetarian
"Babyfood, banana juice with low fat yogurt",86.0,2.5,0.8,17.54,0.4,vegetarian
"Beef, chuck, mock tender steak, boneless, separable lean only, trimmed to 0"" fat, choice, raw",127.0,21.36,4.6,0.0,0.0,non_vegetarian
"Fast foods, griddle cake sandwich, egg, cheese, and sausage",291.0,10.77,17.73,22.04,0.6,non_vegetarian
"Water, non-carbonated, bottles, natural fruit flavors, sweetened with low calorie sweetener",1.0,0.0,0.0,0.13,0.0,vegan
"Passion-fruit juice, yellow, raw",60.0,0.67,0.18,14.45,0.2,vegan
"Kale, cooked, boiled, drained, with salt",44.0,2.94,1.21,5.3,2.3,vegan
"Plums, canned, purple, heavy syrup pack, solids and liquids",89.0,0.36,0.1,23.24,0.9,vegan
"Lamb, shoulder, blade, separable lean only, trimmed to 1/4"" fat, choice, cooked, roasted",209.0,24.61,11.57,0.0,0.0,non_vegetarian
"Lamb, Australian, imported, fresh, leg, whole (shank and sirloin), separable lean only, trimmed to 1/8"" fat, cooked, roasted",190.0,27.31,8.1,0.0,,non_vegetarian
"Beef, Australian, imported, Wagyu, seam fat, Aust. marble score 4/5, raw",594.0,6.0,63.3,0.0,0.0,non_vegetarian
"Beef composite, separable lean only, trimmed to 1/8"" fat, choice, cooked",203.0,28.73,9.16,0.0,0.0,non_vegetarian
"Beef, top sirloin, steak, separable lean only, trimmed to 1/8"" fat, choice, cooked, broiled",187.0,29.51,6.72,0.0,0.0,non_vegetarian
"Chicken, broilers or fryers, neck, meat only, cooked, simmered",179.0,24.56,8.18,0.0,0.0,non_vegetarian
"Babyfood, juice, apple and prune",72.0,0.2,0.1,18.1,0.1,vegan
"Soup, cream of asparagus, canned, condensed",69.0,1.82,3.26,8.52,0.4,vegetarian
"SILK Mocha, soymilk",58.0,2.06,1.44,9.05,0.0,vegetarian
"Beverages, Malted drink mix, chocolate, powder, prepared with whole milk",85.0,3.37,3.29,11.2,0.5,vegetarian
"Potatoes, red, flesh and skin, raw",70.0,1.89,0.14,15.9,1.7,vegan
"Chicken, heart, all classes, raw",153.0,15.55,9.33,0.71,0.0,non_vegetarian
"Beef, ribeye cap steak, boneless, separable lean only, trimmed to 0"" fat, all grades, raw",180.0,19.7,10.6,1.51,0.0,non_vegetarian
"Fat, goose",900.0,0.0,99.8,0.0,0.0,non_vegetarian
"Chicken, broilers or fryers, dark meat, thigh, meat and skin, cooked, braised",229.0,22.57,15.43,0.0,0.0,non_vegetarian
"Beans, cranberry (roman), mature seeds, canned",83.0,5.54,0.28,15.12,6.3,vegan
"Yogurt, Greek, 2% fat, key lime blend, CHOBANI",92.0,7.75,1.47,11.91,0.5,vegetarian
"Formulated bar, SLIM-FAST OPTIMA meal bar, milk chocolate peanut",386.0,16.19,8.92,60.21,5.1,vegetarian
"Melon, banana (Navajo)",21.0,0.84,0.2,4.06,0.3,vegan
"BURGER KING, WHOPPER, no cheese",233.0,10.74,12.84,18.55,1.8,vegetarian
"Peas, green, frozen, cooked, boiled, drained, without salt",78.0,5.15,0.27,14.26,4.5,vegan
"Archway Home Style Cookies, Iced Molasses",420.0,3.5,14.43,69.12,1.0,vegan
"Beef, rib eye steak, boneless, lip-on, separable lean and fat, trimmed to 1/8"" fat, all grades, cooked, grilled",291.0,23.69,21.81,0.0,0.0,non_vegetarian
"Lamb, Australian, imported, fresh, shoulder, whole (arm and blade), separable lean only, trimmed to 1/8"" fat, cooked",233.0,26.18,13.44,0.0,,non_vegetarian
"Yogurt, Greek, 2% fat, mango, CHOBANI",93.0,7.64,1.69,11.84,0.5,vegetarian
"Refried beans, canned, traditional, reduced sodium",89.0,4.98,2.01,13.55,3.7,vegan
"Grapefruit juice, white, frozen concentrate, unsweetened, diluted with 3 volume water",41.0,0.55,0.13,9.73,0.1,vegan
"Candies, MARS SNACKFOOD US, TWIX Peanut Butter Cookie Bars",547.0,9.18,32.67,54.14,3.1,vegetarian
"Beef, brisket, flat half, separable lean only, trimmed to 0"" fat, select, cooked, braised",198.0,33.9,5.92,0.0,0.0,non_vegetarian
"Vegetables, mixed, canned, solids and liquids",36.0,1.42,0.25,7.13,3.8,vegan
"Sauce, horseradish",503.0,1.09,50.89,10.05,1.0,vegan
"Turkey, ground, 93% lean, 7% fat, pan-broiled crumbles",213.0,27.1,11.6,0.0,0.0,non_vegetarian
"Sorghum, whole grain, white, dry, raw",372.591,10.08125,4.219,73.57375,8.274,vegan
"Lamb, Australian, imported, fresh, leg, trotter off, bone-in, separable lean and fat, trimmed to 1/8"" fat, cooked, roasted",226.0,30.15,11.64,0.08,0.0,non_vegetarian
"Beverages, Orange-flavor drink, breakfast type, with pulp, frozen concentrate, prepared with water",49.0,0.03,0.14,12.21,0.0,vegan
"Milk, fluid, 1% fat, without added vitamin A and vitamin D",42.0,3.37,0.97,4.99,0.0,vegetarian
"Chicken, thigh, boneless, skinless, raw",144.07,18.6125,7.916,0.0,,non_vegetarian
"Bagels, oat bran",255.0,10.7,1.2,53.3,3.6,vegan
"Picnic loaf, pork, beef",232.0,14.92,16.64,4.76,0.0,non_vegetarian
"BURGER KING, CROISSAN'WICH with Sausage and Cheese",376.0,13.73,25.45,23.0,0.7,non_vegetarian
"Cream, fluid, heavy whipping",340.0,2.84,36.08,2.84,0.0,vegetarian
"Lamb, shoulder, arm, separable lean only, trimmed to 1/4"" fat, choice, raw",132.0,19.99,5.2,0.0,0.0,non_vegetarian
"Pork, cured, ham and water product, slice, boneless, separable lean only, heated, pan-broil",123.0,15.09,5.06,4.69,0.0,non_vegetarian
"Puddings, lemon, dry mix, instant",378.0,0.0,0.7,95.4,0.0,vegan
"Snacks, potato chips, made from dried potatoes, cheese-flavor",551.0,7.0,37.0,50.6,3.4,vegetarian
"Fish, sheepshead, raw",108.0,20.21,2.41,0.0,0.0,non_vegetarian
"Puddings, coconut cream, dry mix, instant",415.0,0.9,10.0,83.5,4.0,vegetarian
"Cornmeal, white, self-rising, degermed, enriched",355.0,8.41,1.72,74.79,7.1,vegan
"Beef, round, bottom round, steak, separable lean only, trimmed to 1/8"" fat, all grades, cooked, braised",216.0,34.34,7.73,0.0,0.0,non_vegetarian
"Chicken, broilers or fryers, rotisserie, original seasoning, thigh, meat only, cooked",196.0,24.06,11.09,0.0,0.0,non_vegetarian
"Turkey, wing, from whole bird, meat only, with added solution, raw",102.0,21.54,1.66,0.14,0.0,non_vegetarian
"Lima beans, large, mature seeds, cooked, boiled, without salt",115.0,7.8,0.38,20.88,7.0,vegan
"Beef, rib, small end (ribs 10-12), separable lean only, trimmed to 0"" fat, select, cooked, broiled",198.0,28.04,8.7,0.0,0.0,non_vegetarian
"Sausage, pork, turkey, and beef, reduced sodium",284.0,10.71,26.79,0.11,0.1,non_vegetarian
"Fish, burbot, cooked, dry heat",115.0,24.76,1.04,0.0,0.0,non_vegetarian
"Lamb, Australian, ground,  85% lean / 15% fat, raw",255.0,17.14,20.71,0.0,,non_vegetarian
"Duck, young duckling, domesticated, White Pekin, leg, meat only, bone in, cooked without skin, braised",178.0,29.1,5.96,0.0,,non_vegetarian
"Corn, dried, yellow (Northern Plains Indians)",419.0,14.48,10.64,66.27,20.5,vegan
"Tortillas, ready-to-bake or -fry, flour, refrigerated",306.0,8.2,7.99,49.38,3.5,vegan
"Soup, SWANSON, vegetable broth",6.0,0.23,0.07,1.02,0.0,vegan
"Doughnuts, cake-type, plain, chocolate-coated or frosted",452.0,4.93,25.25,51.33,1.9,vegan
"Salad dressing, honey mustard, regular",464.0,0.87,40.83,23.33,0.4,vegetarian
"Yam, raw",118.0,1.53,0.17,27.88,4.1,vegan
"Beef, chuck, under blade steak, boneless, separable lean only, trimmed to 0"" fat, choice, cooked, braised",222.0,30.91,10.91,0.0,0.0,non_vegetarian
"PIZZA HUT 14"" Cheese Pizza, Hand-Tossed Crust",275.0,11.98,10.42,33.42,2.4,vegetarian
"Lamb, New Zealand, imported, square-cut shoulder chops, separable lean only, raw",164.0,20.62,9.08,0.0,0.0,non_vegetarian
"Spinach, canned, no salt added, solids and liquids",19.0,2.11,0.37,2.92,2.2,vegan
"School Lunch, pizza, TONY'S SMARTPIZZA Whole Grain 4x6 Pepperoni Pizza 50/50 Cheese, frozen",238.0,12.14,8.19,28.84,4.1,vegetarian
"Fast foods, crispy chicken in tortilla, with lettuce, cheese, and ranch sauce",275.0,11.48,15.1,23.22,1.3,non_vegetarian
"Game meat, bison, top sirloin, separable lean only, trimmed to 0"" fat, raw",113.0,21.4,2.4,0.0,,non_vegetarian
"Beef, rib, large end (ribs 6-9), separable lean only, trimmed to 0"" fat, choice, cooked, roasted",253.0,27.53,15.0,0.0,0.0,non_vegetarian
"Pork, cured, ham -- water added, rump, bone-in, separable lean and fat, unheated",172.0,13.99,12.5,0.8,0.0,non_vegetarian
"Pork, fresh, loin, top loin (chops), boneless, separable lean only, with added solution, cooked, broiled",170.0,29.65,5.73,0.0,0.0,non_vegetarian
"Snacks, fruit leather, pieces",359.0,1.0,2.68,82.82,0.0,vegan
"POPEYES, Fried Chicken, Mild, Drumstick, meat and skin with breading",293.0,20.44,19.14,9.84,,non_vegetarian
"Lamb, New Zealand, imported, loin, boneless, separable lean only, raw",120.0,21.5,3.77,0.0,0.0,non_vegetarian
"Spices, fennel seed",345.0,15.8,14.87,52.29,39.8,vegan
"Puddings, lemon, dry mix, instant, prepared with 2% milk",107.0,2.76,1.71,20.2,0.0,vegetarian
"Beef, chuck, under blade center steak, boneless, Denver Cut, separable lean and fat, trimmed to 0"" fat, choice, cooked, grilled",236.0,26.1,14.41,0.4,0.0,non_vegetarian
"Apricots, frozen, sweetened",98.0,0.7,0.1,25.1,2.2,vegan
"Prickly pears, raw (Northern Plains Indians)",42.0,0.12,0.11,10.17,5.3,vegan
"BURGER KING, Hamburger",261.0,14.85,10.55,26.76,1.0,non_vegetarian
"Melon balls, frozen",33.0,0.84,0.25,7.94,0.7,vegan
"Turnip greens and turnips, frozen, cooked, boiled, drained, without salt",35.0,2.99,0.38,4.85,3.1,vegan
"Pate de foie gras, canned (goose liver pate), smoked",462.0,11.4,43.84,4.67,0.0,non_vegetarian
"Sausage, Vienna, canned, chicken, beef, pork",230.0,10.5,19.4,2.6,0.0,non_vegetarian
"Grapefruit juice, pink or red, with added calcium",39.0,0.51,0.68,7.74,0.3,vegan
"Frozen novelties, ice type, sugar free, orange, cherry, and grape POPSICLE pops",21.0,0.0,0.0,5.14,0.0,vegan
"Yardlong bean, raw",47.0,2.8,0.4,8.35,,vegan
"Beef, chuck, short ribs, boneless, separable lean and fat, trimmed to 0"" fat, select, cooked, braised",287.0,25.81,20.38,0.0,0.0,non_vegetarian
"Beef, rib, back ribs, bone-in, separable lean only, trimmed to 0"" fat, choice, cooked, braised",306.0,27.75,21.72,0.0,0.0,non_vegetarian
"Noodles, egg, spinach, enriched, dry",382.0,14.61,4.55,70.32,6.8,vegetarian
"Beef, loin, tenderloin steak, boneless, separable lean only, trimmed to 0"" fat, select, raw",135.0,22.16,5.1,0.0,0.0,non_vegetarian
"Scallops, bay, Patagonian, frozen, wild caught",78.456,16.3875,0.4192,2.2833,,non_vegetarian
"Beans, snap, green, raw",39.9998,1.96875,0.275,7.41245,3.011,vegan
"Snacks, KRAFT, CORNNUTS, plain",446.0,8.5,15.64,71.86,6.9,vegan
"Lamb, New Zealand, imported, sweetbread, cooked, soaked and simmered",144.0,21.13,6.61,0.0,0.0,non_vegetarian
"School Lunch, pizza, sausage topping, thick crust, whole grain, frozen, cooked",257.0,13.26,9.07,30.58,4.0,non_vegetarian
"Frozen novelties, ice type, fruit, no sugar added",24.0,0.5,0.1,6.2,0.0,vegan
Rye grain,338.0,10.34,1.63,75.86,15.1,vegan
"Van's, The Perfect 10, Crispy Six Whole Grain + Four Seed Baked Crackers, Gluten Free",471.0,7.63,18.93,67.57,,vegan
"Potato salad, home-prepared",143.0,2.68,8.2,11.17,1.3,vegan
"Puddings, vanilla, dry mix, regular, prepared with whole milk",113.0,2.8,2.9,18.92,0.1,vegetarian
"Radishes, oriental, dried",271.0,7.9,0.72,63.37,23.9,vegan
"Beef, loin, top loin steak, boneless, lip-on, separable lean and fat, trimmed to 1/8"" fat, select, raw",191.0,21.54,11.65,0.0,0.0,non_vegetarian
"Babyfood, cereal, rice, prepared with whole milk",85.0,3.45,3.38,10.31,0.0,vegetarian
"Cabbage, savoy, cooked, boiled, drained, with salt",24.0,1.8,0.09,5.41,2.8,vegan
"Puddings, rice, dry mix, prepared with whole milk",121.0,3.25,2.82,20.68,0.1,vegetarian
"Squash, winter, hubbard, cooked, boiled, mashed, with salt",30.0,1.48,0.37,6.46,2.9,vegan
"Snacks, popcorn, home-prepared, oil-popped, unsalted",500.0,9.0,28.1,58.1,10.0,vegan
"Crackers, rye, wafers, plain",334.0,9.6,0.9,80.4,22.9,vegan
"Fish, whitefish, mixed species, raw",134.0,19.09,5.86,0.0,0.0,non_vegetarian
"Veal, variety meats and by-products, heart, raw",110.0,17.18,3.98,0.08,0.0,non_vegetarian
"Candies, HERSHEY'S POT OF GOLD Almond Bar",577.0,12.82,38.46,44.89,3.8,vegan
"Infant formula, PBM PRODUCTS, store brand, powder",524.0,12.0,28.0,56.0,0.0,vegan
"Potato puffs, frozen, unprepared",178.0,1.93,8.71,24.8,2.3,vegan
"Beef, rib, small end (ribs 10-12), separable lean and fat, trimmed to 1/8"" fat, select, cooked, roasted",323.0,22.76,25.02,0.0,0.0,non_vegetarian
"Beef, plate steak, boneless, inside skirt, separable lean and fat, trimmed to 0"" fat, select, raw",174.0,20.87,10.11,0.0,0.0,non_vegetarian
"Peanuts, valencia, oil-roasted, with salt",589.0,27.04,51.24,16.3,8.9,vegan
"Fish oil, salmon",902.0,0.0,100.0,0.0,0.0,non_vegetarian
"Beef, New Zealand, imported, brisket point end, separable lean only, cooked, braised",202.0,34.51,7.05,0.0,0.0,non_vegetarian
"Muffins, oat bran",270.0,7.0,7.4,48.3,4.6,vegan
"Beef, short loin, t-bone steak, separable lean and fat, trimmed to 1/8"" fat, select, cooked, grilled",281.0,25.18,19.22,0.0,0.0,non_vegetarian
"BURGER KING, Chicken Strips",292.0,18.2,15.25,20.49,1.3,non_vegetarian
"Nuts, cashew butter, plain, with salt added",609.0,12.12,53.03,30.3,3.0,vegetarian
"Chicken, broilers or fryers, meat only, cooked, stewed",177.0,27.29,6.71,0.0,0.0,non_vegetarian
"Fish, mackerel, salted",305.0,18.5,25.1,0.0,0.0,non_vegetarian
"Beef, brisket, point half, separable lean and fat, trimmed to 0"" fat, all grades, cooked, braised",358.0,23.53,28.5,0.0,0.0,non_vegetarian
"Mollusks, scallop, mixed species, raw",69.0,12.06,0.49,3.18,0.0,non_vegetarian
"Beans, snap, yellow, raw",31.0,1.82,0.12,7.13,3.4,vegan
"Veal, ground, cooked, broiled",172.0,24.38,7.56,0.0,0.0,non_vegetarian
"KFC, Fried Chicken, ORIGINAL RECIPE, Drumstick, meat and skin with breading",239.0,22.3,14.22,5.39,,non_vegetarian
"Cereals, QUAKER, Weight Control Instant Oatmeal, banana bread",361.0,16.5,6.16,64.42,12.6,vegan
"Tangerines, (mandarin oranges), canned, juice pack, drained",38.0,0.75,0.04,9.41,1.2,vegan
"Duck, domesticated, meat and skin, cooked, roasted",337.0,18.99,28.35,0.0,0.0,non_vegetarian
"Frankfurter, pork",269.0,12.81,23.68,0.28,0.1,non_vegetarian
"McDONALD'S, Sausage McMUFFIN",333.0,12.66,21.06,24.52,1.4,non_vegetarian
"Fish, salmon, pink, cooked, dry heat",153.0,24.58,5.28,0.0,0.0,non_vegetarian
"Apple juice, canned or bottled, unsweetened, without added ascorbic acid",46.0,0.1,0.13,11.3,0.2,vegan
"Sorghum flour, whole-grain",359.0,8.43,3.34,76.64,6.6,vegan
"Turnip greens, cooked, boiled, drained, with salt",20.0,1.14,0.23,4.36,3.5,vegan
"Beans, yellow, mature seeds, cooked, boiled, with salt",144.0,9.16,1.08,25.28,10.4,vegan
"Potatoes, frozen, french fried, par fried, extruded, unprepared",260.0,2.83,14.95,30.15,2.9,vegan
"Babyfood, rice cereal, dry, EARTHS BEST ORGANIC WHOLE GRAIN, fortified only with iron",386.0,7.5,4.9,78.06,0.5,vegan
"Noodles, egg, unenriched, cooked, without added salt",138.0,4.54,2.07,25.16,1.2,vegetarian
"Beef, loin, top loin steak, boneless, lip off, separable lean and fat, trimmed to 0"" fat, all grades, raw",163.0,22.43,8.17,0.0,0.0,non_vegetarian
"Sausage, turkey, hot, smoked",158.0,15.05,8.75,4.65,0.3,non_vegetarian
"Grapes, red, seedless, raw",85.919,0.914375,0.1638,20.196825,,vegan
"Beef, short loin, t-bone steak, bone-in, separable lean only, trimmed to 1/8"" fat, select, raw",144.0,22.41,5.34,0.0,0.0,non_vegetarian
"Beverages, Clam and tomato juice, canned",48.0,0.6,0.2,10.95,0.4,non_vegetarian
"Chicken, dark meat, thigh, meat and skin, with added solution, cooked, roasted",214.0,23.47,13.81,0.09,0.0,non_vegetarian
"Bear, black, meat (Alaska Native)",155.0,20.1,8.3,0.0,,non_vegetarian
"Beef, chuck, clod roast, separable lean and fat, trimmed to 0"" fat, choice, cooked, roasted",216.0,24.61,12.26,0.0,0.0,non_vegetarian
"Shortening, household, soybean (partially hydrogenated)-cottonseed (partially hydrogenated)",884.0,0.0,100.0,0.0,0.0,vegan
"Beans, small white, mature seeds, raw",336.0,21.11,1.18,62.25,24.9,vegan
"Turkey, dark meat from whole, meat and skin, with added solution, cooked, roasted",199.0,25.55,10.81,0.0,0.0,non_vegetarian
"Fruit juice smoothie, NAKED JUICE, GREEN MACHINE",53.0,0.6,0.26,12.53,0.7,vegan
"Chicken, broilers or fryers, light meat, meat only, cooked, stewed",159.0,28.88,3.99,0.0,0.0,non_vegetarian
"Cookies, gluten-free, lemon wafer",515.0,0.0,24.18,74.39,0.0,vegan
"Squash, winter, acorn, cooked, boiled, mashed, with salt",34.0,0.67,0.08,8.79,2.6,vegan
"Lamb, Australian, imported, fresh, leg, hindshank, heel on, bone-in, separable lean only, trimmed to 1/8"" fat, cooked, braised",174.0,30.73,5.63,0.0,0.0,non_vegetarian
"Bread, paratha, whole wheat, commercially prepared, frozen",326.0,6.36,13.2,45.35,9.6,vegan
"Beef, chuck, top blade, separable lean only, trimmed to 0"" fat, all grades, cooked, broiled",203.0,26.13,10.16,0.0,0.0,non_vegetarian
"Beverages, OCEAN SPRAY, Cran Grape",54.0,0.21,0.0,13.16,0.6,vegan
"DOMINO'S 14"" Cheese Pizza, Classic Hand-Tossed Crust",257.0,10.8,8.97,33.24,2.2,vegetarian
"Snacks, crisped rice bar, chocolate chip",404.0,5.1,13.5,73.0,2.2,vegan
"Fish, perch, mixed species, cooked, dry heat",117.0,24.86,1.18,0.0,0.0,non_vegetarian
"Cheese product, pasteurized process, American, reduced fat, fortified with vitamin D",240.0,17.6,14.1,10.6,0.0,vegetarian
"Beef, composite of trimmed retail cuts, separable lean only, trimmed to 0"" fat, select, cooked",188.0,29.88,7.12,0.0,0.0,non_vegetarian
"Babyfood, juice, apple and grape",46.0,0.1,0.2,11.34,0.1,vegan
"Peppers, banana or Hungarian wax, seeded, raw",23.9398,0.723125,0.1314,4.966175,1.79,vegan
"Beef, chuck, shoulder clod, shoulder top and center steaks, separable lean and fat, trimmed to 0"" fat, select, cooked, grilled",176.0,26.66,6.94,0.0,0.0,non_vegetarian
"Vitasoy USA, Organic Nasoya Firm Tofu",84.0,8.9,4.4,2.3,0.8,vegan
"Oil, flaxseed, contains added sliced flaxseed",878.0,0.37,99.01,0.39,,vegan
"Pork, fresh, leg (ham), shank half, separable lean only, cooked, roasted",175.0,28.69,5.83,0.0,0.0,non_vegetarian
"Bratwurst, pork, beef, link",323.0,14.3,27.8,2.98,0.0,non_vegetarian
"Cowpeas (blackeyes), immature seeds, frozen, cooked, boiled, drained, with salt",131.0,8.49,0.66,23.5,6.4,vegan
"Corn grain, yellow",365.0,9.42,4.74,74.26,7.3,vegan
"Fish, herring, Atlantic, cooked, dry heat",203.0,23.03,11.59,0.0,0.0,non_vegetarian
"Soup, cream of mushroom, low sodium, ready-to-serve, canned",53.0,1.0,3.7,4.53,0.2,vegetarian
"Babyfood, yogurt, whole milk, with fruit, multigrain cereal and added iron fortified",92.0,3.05,3.08,13.0,0.6,vegetarian
"Babyfood, juice, orange and banana",50.0,0.7,0.1,11.9,,vegan
"Ravioli, meat-filled, with tomato sauce or meat sauce, canned",97.0,3.24,3.41,13.26,1.5,non_vegetarian
"Yogurt, Greek, fruit, whole milk",106.0,7.33,3.0,12.29,0.0,vegetarian
"Kale, frozen, cooked, boiled, drained, without salt",36.0,2.94,1.21,5.3,2.3,vegan
"Candies, milk chocolate coated raisins",390.0,4.1,14.8,68.4,3.1,vegetarian
"Lamb, New Zealand, imported, rack - partly frenched, separable lean and fat, cooked, fast roasted",253.0,22.06,18.29,0.04,0.0,non_vegetarian
"Pasta, gluten-free, corn, dry",357.0,7.46,2.08,79.26,11.0,vegan
"Turkey, stuffing, mashed potatoes w/gravy, assorted vegetables, frozen, microwaved",128.0,6.97,3.89,16.32,1.3,non_vegetarian
"McDONALD'S, Bacon, Egg & Cheese McGRIDDLES",272.0,12.03,13.19,26.19,0.8,non_vegetarian
"Oil, vegetable, Natreon canola, high stability, non trans, high oleic (70%)",884.0,0.0,100.0,0.0,0.0,vegan
"Fast foods, cheeseburger; double, large patty; with condiments",272.0,16.96,16.22,14.43,1.0,vegetarian
"Pork, cured, ham with natural juices, slice, bone-in, separable lean only, heated, pan-broil",150.0,27.75,4.38,0.0,0.0,non_vegetarian
"Quail, breast, meat only, raw",123.0,22.59,2.99,0.0,0.0,non_vegetarian
"Squash, summer, crookneck and straightneck, frozen, unprepared",20.0,0.83,0.14,4.8,1.2,vegan
"Pie fillings, blueberry, canned",181.0,0.41,0.2,44.38,2.6,vegan
"Pork, cured, ham and water product, slice, bone-in, separable lean and fat, heated, pan-broil",155.0,19.85,7.78,1.41,0.0,non_vegetarian
"Pork, fresh, loin, center rib (chops), boneless, separable lean only, cooked, braised",211.0,27.95,10.14,0.0,0.0,non_vegetarian
"Beverages, chocolate-flavor beverage mix, powder, prepared with whole milk",85.0,3.23,3.24,11.96,0.4,vegetarian
"Peas and carrots, canned, regular pack, solids and liquids",38.0,2.17,0.27,8.48,2.0,vegan
"Crustaceans, shrimp, farm raised, raw",71.4265,15.56875,0.8013,0.48495,,non_vegetarian
"Pork, ground, 84% lean / 16% fat, cooked, crumbles",289.0,26.69,20.04,0.58,0.0,non_vegetarian
"Frankfurter, turkey",223.0,12.23,17.29,3.81,0.0,non_vegetarian
"Artichokes, (globe or french), cooked, boiled, drained, with salt",51.0,2.89,0.34,11.39,5.7,vegan
"Beef, cured, dried",153.0,31.1,1.94,2.76,0.0,non_vegetarian
"Beef, variety meats and by-products, tongue, raw",224.0,14.9,16.09,3.68,0.0,non_vegetarian
"Beverages, grape drink, canned",61.0,0.0,0.0,15.72,0.0,vegan
"Oil, industrial, soy, refined, for woks and light frying",884.0,0.0,100.0,0.0,0.0,vegan
"Pork, oriental style, dehydrated",615.0,11.8,62.4,1.4,0.0,non_vegetarian
"Lamb, shoulder, blade, separable lean only, trimmed to 1/4"" fat, choice, cooked, braised",288.0,32.35,16.64,0.0,0.0,non_vegetarian
"Potatoes, hash brown, refrigerated, prepared, pan-fried in canola oil",242.0,3.24,10.3,33.99,3.6,vegan
"Gooseberries, raw",44.0,0.88,0.58,10.18,4.3,non_vegetarian
"Luncheon slices, meatless",189.0,17.78,11.11,4.44,1.1,non_vegetarian
"Beef, chuck, blade roast, separable lean and fat, trimmed to 1/8"" fat, choice, raw",268.0,16.98,21.31,0.97,0.0,non_vegetarian
"Fish, tuna, fresh, skipjack, raw",103.0,22.0,1.01,0.0,0.0,non_vegetarian
"Babyfood, dinner, chicken and rice",51.0,1.6,0.9,9.2,1.1,non_vegetarian
"Beverages, tea, instant, lemon, with added ascorbic acid",385.0,0.6,0.3,97.6,0.0,vegan
"Yogurt, fruit, lowfat, with low calorie sweetener, fortified with vitamin D",105.0,4.86,1.41,18.6,0.0,vegetarian
"Tomatoes, red, ripe, canned, stewed",26.0,0.91,0.19,6.19,1.0,vegan
"Muffins, English, whole-wheat",203.0,8.8,2.1,40.4,6.7,vegan
"Chicken, stewing, meat only, raw",148.0,21.26,6.32,0.0,0.0,non_vegetarian
"Yogurt, Greek, vanilla, lowfat",95.0,8.64,2.5,9.54,0.0,vegetarian
"Cookies, peanut butter, commercially prepared, soft-type",457.0,5.3,24.4,57.7,1.7,vegetarian
"Apples, raw, without skin, cooked, microwave",56.0,0.28,0.42,14.41,2.8,vegan
"Beef, rib, large end (ribs 6-9), separable lean and fat, trimmed to 1/8"" fat, choice, raw",333.0,16.03,29.34,0.0,0.0,non_vegetarian
"Restaurant, Chinese, sweet and sour chicken",250.0,10.1,12.65,23.86,1.0,non_vegetarian
"Cereals, QUAKER, Instant Grits, Ham 'n' Cheese flavor, dry",355.0,10.73,4.68,71.08,4.2,non_vegetarian
"Pork, fresh, variety meats and by-products, pancreas, cooked, braised",219.0,28.5,10.8,0.0,0.0,non_vegetarian
"Soup, clam chowder, new england, canned, prepared with equal volume low fat (2%) milk",61.0,3.24,2.02,7.46,0.3,non_vegetarian
"Fish, salmon, sockeye, canned, drained solids",167.0,23.59,7.39,0.0,0.0,non_vegetarian
"Beef, ribeye  petite roast/filet, boneless, separable lean only, trimmed to 0"" fat, select, raw",125.0,22.89,3.72,0.0,0.0,non_vegetarian
"Strawberry-flavor beverage mix, powder",389.0,0.1,0.2,99.1,0.0,vegan
"Beverages, ABBOTT, EAS whey protein powder",385.0,66.67,5.13,17.95,0.0,vegetarian
"Cereals, oats, instant, fortified, with cinnamon and spice, prepared with water",96.0,2.37,1.21,18.95,2.0,vegan
"Grape juice, white, with added vitamin C, from concentrate, shelf stable",66.135,0.09375,0.265,15.84375,,vegan
"Pork, fresh, spareribs, separable lean and fat, raw",277.0,15.47,23.4,0.0,0.0,non_vegetarian
"Pineapple, frozen, chunks, sweetened",86.0,0.4,0.1,22.2,1.1,vegan
"Lamb, Australian, imported, fresh, leg, sirloin half, boneless, separable lean only, trimmed to 1/8"" fat, raw",138.0,20.48,5.64,0.0,,non_vegetarian
"Lamb, Australian, imported, fresh, shoulder, arm, separable lean and fat, trimmed to 1/8"" fat, raw",243.0,17.06,18.89,0.0,,non_vegetarian
"Turnip greens, frozen, cooked, boiled, drained, without salt",29.0,3.35,0.42,4.98,3.4,vegan
"Chicken, broilers or fryers, back, meat only, cooked, roasted",239.0,28.19,13.16,0.0,0.0,non_vegetarian
"Formulated bar, MARS SNACKFOOD US, SNICKERS MARATHON Honey Nut Oat Bar",381.0,22.5,7.87,55.13,11.0,vegetarian
"Tortillas, ready-to-bake or -fry, whole wheat",310.0,9.76,9.76,45.89,9.8,vegan
"Infant formula, PBM PRODUCTS, store brand, soy, liquid concentrate, not reconstituted",126.0,3.6,7.0,12.18,0.0,vegan
"Muffins, blueberry, toaster-type, toasted",333.0,4.9,10.1,56.7,1.9,vegan
"Salad dressing, blue or roquefort cheese dressing, commercial, regular",484.0,1.37,51.1,4.77,0.4,vegetarian
"Soybeans, mature seeds, sprouted, raw",122.0,13.09,6.7,9.57,1.1,vegan
"Tofu, raw, regular, prepared with calcium sulfate",76.0,8.08,4.78,1.87,0.3,vegan
"Frankfurter, meat, heated",278.0,9.77,24.31,4.9,0.0,non_vegetarian
"Beef, short loin, t-bone steak, separable lean and fat, trimmed to 0"" fat, USDA select, cooked, broiled",230.0,24.38,14.0,0.0,0.0,non_vegetarian
"Potatoes, french fried, wedge cut, frozen, unprepared",162.0,2.56,7.47,22.22,2.4,vegan
"Cereals, QUAKER, corn grits, instant, plain, prepared (microwaved or boiling water added), without salt",74.0,1.58,0.49,15.95,1.1,vegan
"Nuts, chestnuts, european, raw, peeled",196.0,1.63,1.25,44.17,,vegan
"Lamb, leg, sirloin half, separable lean and fat, trimmed to 1/8"" fat, choice, raw",261.0,17.21,20.8,0.0,0.0,non_vegetarian
"Cookies, graham crackers, plain or honey (includes cinnamon)",430.0,6.69,10.6,77.66,3.4,non_vegetarian
"Restaurant, family style, onion rings",356.0,4.89,19.28,40.72,2.6,vegan
"Pork, fresh, loin, sirloin (roasts), boneless, separable lean and fat, cooked, roasted",192.0,29.62,7.32,0.0,0.0,non_vegetarian
"Ham, turkey, sliced, extra lean, prepackaged or deli",134.0,19.6,5.8,0.93,0.0,non_vegetarian
"Beans, pinto, mature seeds, cooked, boiled, without salt",143.0,9.01,0.65,26.22,9.0,vegan
"Broccoli, frozen, spears, cooked, boiled, drained, with salt",28.0,3.1,0.11,5.35,3.0,vegan
"Beans, baked, canned, with pork and sweet sauce",105.0,4.52,0.89,21.57,4.4,non_vegetarian
"MORI-NU, Tofu, silken, extra firm",55.0,7.4,1.9,2.0,0.1,vegan
"Lupins, mature seeds, cooked, boiled, with salt",116.0,15.57,2.92,9.29,2.8,vegan
"Beef, plate steak, boneless, inside skirt, separable lean and fat, trimmed to 0"" fat, choice, cooked, grilled",253.0,28.9,15.3,0.0,0.0,non_vegetarian
"Cookies, shortbread, commercially prepared, pecan",542.0,4.9,32.5,58.3,1.8,vegan
"Pasta mix, classic cheeseburger macaroni, unprepared",349.0,11.6,1.88,71.51,2.7,vegetarian
"Babyfood, dinner, spaghetti and tomato and meat, junior",68.0,2.57,1.37,11.42,1.1,non_vegetarian
"Peaches, canned, extra light syrup, solids and liquids (Includes foods for USDA's Food Distribution Program)",42.0,0.4,0.1,11.1,1.0,vegan
"Beans, navy, mature seeds, sprouted, cooked, boiled, drained, with salt",78.0,7.07,0.81,15.01,,vegan
"Cereals, QUAKER, Instant Oatmeal, Raisin and Spice, dry",360.0,9.11,4.0,75.68,5.8,vegan
"Snacks, granola bars, soft, almond, confectioners coating",455.0,8.6,20.0,60.13,4.3,vegan
"Beef, New Zealand, imported, brisket point end, separable lean and fat, raw",163.0,20.05,9.23,0.0,0.0,non_vegetarian
"Chicken, broiler, rotisserie, BBQ, back, meat and skin",251.0,20.29,18.86,0.4,0.0,non_vegetarian
"Lamb, New Zealand, imported, subcutaneous fat, raw",703.0,3.87,76.16,0.55,0.0,non_vegetarian
"Yogurt, frozen, flavors other than chocolate, lowfat",139.0,8.0,2.5,21.0,0.0,vegetarian
"Frozen novelties, No Sugar Added CREAMSICLE Pops",72.0,3.69,0.61,12.88,3.6,vegetarian
"Beef, chuck eye Country-Style ribs, boneless, separable lean and fat, trimmed to 0"" fat, all grades, raw",205.0,18.97,14.32,0.0,0.0,non_vegetarian
"Lamb, New Zealand, imported, ground lamb, raw",193.0,20.33,12.41,0.0,0.0,non_vegetarian
"Beef, chuck, arm pot roast, separable lean and fat, trimmed to 1/8"" fat, select, raw",239.0,19.33,17.39,0.0,0.0,non_vegetarian
"Yogurt, Greek, plain, nonfat",61.0,10.3,0.37,3.64,,vegetarian
"Soymilk, chocolate, unfortified",63.0,2.26,1.53,9.95,0.4,vegetarian
"Rice, red, unenriched, dry, raw",369.828,8.5625,3.44,76.1545,4.198,vegan
"Pork, fresh, loin, tenderloin, separable lean and fat, with added solution, cooked, roasted",121.0,21.5,3.7,0.31,0.0,non_vegetarian
"Beef, tenderloin, steak, separable lean only, trimmed to 1/8"" fat, select, cooked, broiled",194.0,29.07,7.76,0.0,0.0,non_vegetarian
"Pizza, cheese topping, regular crust, frozen, cooked",268.0,10.36,12.28,29.02,2.2,vegetarian
"Tortillas, ready-to-bake or -fry, corn, without added salt",222.0,5.7,2.5,46.6,5.2,vegan
"Pie crust, deep dish, frozen, unbaked, made with enriched flour",468.0,5.52,28.74,46.79,1.4,vegan
"Chicken, broilers or fryers, dark meat, drumstick, meat only, cooked, braised",149.0,23.93,5.95,0.0,0.0,non_vegetarian
"Turnip greens and turnips, frozen, cooked, boiled, drained, with salt",34.0,2.99,0.38,4.74,3.1,vegan
"Potatoes, baked, skin only, with salt",198.0,4.29,0.1,46.06,7.9,vegan
"Oat milk, unsweetened, plain, refrigerated",48.3298,0.796875,2.749,5.100325,0.0,vegetarian
"Peaches, canned, juice pack, solids and liquids",44.0,0.63,0.03,11.57,1.3,vegan
"Lamb, Australian, imported, fresh, seam fat, cooked",554.0,13.81,54.72,1.55,0.0,non_vegetarian
"Tomato, puree, canned",40.845,1.578125,0.265,8.036875,1.971,vegan
"Corn, sweet, white, canned, vacuum pack, regular pack",79.0,2.41,0.5,19.44,2.0,vegan
"Pork, cured, breakfast strips, raw or unheated",388.0,11.74,37.16,0.7,0.0,non_vegetarian
"Beef, rib, small end (ribs 10-12), separable lean and fat, trimmed to 1/8"" fat, all grades, raw",254.0,19.33,19.06,0.0,0.0,non_vegetarian
"Mushrooms, portabella, exposed to ultraviolet light, raw",22.0,2.11,0.35,3.87,1.3,vegan
"Lamb, Australian, imported, fresh, leg, hindshank, heel on, bone-in, separable lean only, trimmed to 1/8"" fat, raw",122.0,22.49,3.53,0.0,0.0,non_vegetarian
"Snacks, rice cakes, brown rice, buckwheat",380.0,9.0,3.5,80.1,3.8,vegan
"Pork, fresh, loin, whole, separable lean and fat, cooked, broiled",242.0,27.32,13.92,0.0,0.0,non_vegetarian
"McDONALD'S, Hotcakes and Sausage",294.0,7.81,12.5,37.55,1.6,non_vegetarian
"Lamb, shoulder, arm, separable lean and fat, trimmed to 1/8"" fat, choice, raw",244.0,17.19,18.94,0.0,0.0,non_vegetarian
"Turkey, light or dark meat, smoked, cooked, skin and bone removed",162.0,29.3,5.0,0.0,0.0,non_vegetarian
"Beef, round, bottom round, roast, separable lean only, trimmed to 1/8"" fat, choice, raw",140.0,22.22,4.96,0.0,0.0,non_vegetarian
"Soup, chicken broth cubes, dry, prepared with water",5.0,0.39,0.12,0.62,,non_vegetarian
"Oil, industrial, coconut, principal uses candy coatings, oil sprays, roasting nuts",884.0,0.0,100.0,0.0,0.0,vegan
"Chicken, cornish game hens, meat and skin, cooked, roasted",259.0,22.27,18.21,0.0,0.0,non_vegetarian
"Gravy, HEINZ Home Style, savory beef",39.0,1.09,1.13,6.24,0.7,non_vegetarian
"Beef, brisket, flat half, separable lean and fat, trimmed to 0"" fat, all grades, cooked, braised",213.0,32.9,8.01,0.0,0.0,non_vegetarian
"Beef, short loin, t-bone steak, bone-in, separable lean only, trimmed to 1/8"" fat, choice, raw",160.0,22.1,7.27,0.0,0.0,non_vegetarian
"Beef, rib, small end (ribs 10-12), separable lean only, trimmed to 1/8"" fat, choice, raw",148.0,22.12,5.91,0.0,0.0,non_vegetarian
"Nuts, almond paste",458.0,9.0,27.74,47.81,4.8,vegan
"Rice, white, short-grain, raw, unenriched",358.0,6.5,0.52,79.15,,vegan
"Chicken, broiler, rotisserie, BBQ, thigh, meat only",193.0,24.09,10.74,0.0,0.0,non_vegetarian
"Pork, shoulder, petite tender, boneless, separable lean and fat, cooked, broiled",155.0,27.47,4.23,0.0,0.0,non_vegetarian
"Biscuits, plain or buttermilk, dry mix",428.0,8.0,15.4,63.4,2.1,vegetarian
"Lamb, Australian, imported, fresh, shoulder, whole (arm and blade), separable lean only,   trimmed to 1/8"" fat, raw",155.0,19.36,8.01,0.0,,non_vegetarian
"Mushrooms, morel, raw",31.0,3.12,0.57,5.1,2.8,vegan
"Wheat flour, white (industrial), 13% protein, bleached, enriched",362.0,13.07,1.38,72.2,2.4,vegan
"Beef, loin, top sirloin petite roast, boneless, separable lean only, trimmed to 0"" fat, choice, cooked, roasted",173.0,28.97,6.37,0.0,0.0,non_vegetarian
"Bread, wheat, sprouted, toasted",205.0,14.3,0.0,36.82,5.7,vegan
"Restaurant, Chinese, kung pao chicken",129.0,9.76,6.98,6.87,1.5,non_vegetarian
"Beef, short loin, t-bone steak, bone-in, separable lean only, trimmed to 1/8"" fat, all grades, cooked, grilled",212.0,27.86,10.37,0.0,0.0,non_vegetarian
"Mollusks, clam, mixed species, canned, drained solids",142.0,24.25,1.59,5.9,0.0,non_vegetarian
"Yogurt, Greek, strawberry, lowfat",105.0,8.17,2.57,12.29,1.0,vegetarian
"Sausage, Polish, pork and beef, smoked",301.0,12.07,26.56,1.98,0.0,non_vegetarian
"Nuts, brazilnuts, dried, unblanched",659.0,14.32,67.1,11.74,7.5,vegan
"Lamb, Australian, imported, fresh, composite of trimmed retail cuts, separable lean only, trimmed to 1/8"" fat, raw",142.0,20.25,6.18,0.0,,non_vegetarian
"PIZZA HUT 14"" Sausage Pizza, Hand-Tossed Crust",287.0,11.92,13.5,29.39,2.3,non_vegetarian
"Beverages, Orange juice drink",54.0,0.2,0.0,13.41,0.2,vegan
"Pork, cured, ham, shank, bone-in, separable lean only, heated, roasted",139.0,26.49,3.68,0.68,0.0,non_vegetarian
"Peaches, dehydrated (low-moisture), sulfured, stewed",133.0,2.01,0.42,34.14,,vegan
"Asparagus, raw",20.0,2.2,0.12,3.88,2.1,vegan
"Fast Food, Pizza Chain, 14"" pizza, cheese topping, regular crust",266.0,11.39,9.69,33.33,2.3,vegetarian
"Pork, cured, ham, extra lean (approximately 4% fat), canned, unheated",120.0,18.49,4.56,0.0,0.0,non_vegetarian
"CAMPBELL'S CHUNKY, Old Fashioned Vegetable Beef Soup",49.0,3.16,1.23,6.24,1.3,non_vegetarian
"Salami, Italian, pork and beef, dry, sliced, 50% less sodium",350.0,21.8,26.4,6.4,0.0,non_vegetarian
"Beans, liquid from stewed kidney beans",47.0,1.8,3.2,2.8,0.1,non_vegetarian
"Beef, round, top round, separable lean and fat, trimmed to 0"" fat, choice, cooked, braised",216.0,35.62,7.09,0.0,0.0,non_vegetarian
"Blackeye pea, dry",354.015,21.225,2.419,61.836,,vegan
"Beef, composite of trimmed retail cuts, separable lean and fat, trimmed to 0"" fat, select, raw",157.0,21.2,8.0,0.0,0.0,non_vegetarian
"Beef, round, top round, steak, separable lean and fat, trimmed to 1/8"" fat, select, cooked, broiled",201.0,30.63,7.73,0.0,0.0,non_vegetarian
"Beef, round, eye of round, roast, separable lean only, trimmed to 1/8"" fat, choice, cooked, roasted",175.0,29.87,5.3,0.0,0.0,non_vegetarian
"Veal, shoulder, whole (arm and blade), separable lean only, cooked, braised",199.0,33.68,6.1,0.0,0.0,non_vegetarian
"Animal fat, bacon grease",897.0,0.0,99.5,0.0,0.0,non_vegetarian
"Margarine-like, vegetable oil spread, 20% fat, with salt",175.0,0.0,19.5,0.4,0.0,vegan
"Babyfood, meat, beef with vegetables, toddler",69.0,3.5,2.1,8.72,1.8,non_vegetarian
"Yardlong beans, mature seeds, cooked, boiled, with salt",118.0,8.29,0.45,21.09,3.8,vegan
"Raspberries, puree, seedless",41.0,1.02,0.87,7.99,0.9,vegan
"Cereals, CREAM OF WHEAT, regular, 10 minute cooking, dry",370.0,10.5,1.5,76.5,3.8,vegetarian
"Cheese, feta, whole milk, crumbled",272.884,19.70782,19.08,5.58318,,vegetarian
"Vegetable juice cocktail, canned",22.0,0.93,0.31,3.87,0.5,vegan
"Beef, chuck for stew, separable lean and fat, select, cooked, braised",186.0,32.29,6.34,0.0,0.0,non_vegetarian
"Salad dressing, mayonnaise, imitation, soybean without cholesterol",482.0,0.1,47.7,15.8,0.0,vegetarian
"Biscuits, plain or buttermilk, refrigerated dough, higher fat, baked",324.0,6.79,11.22,49.05,2.8,vegetarian
"Beef, chuck, under blade center steak, boneless, Denver Cut, separable lean and fat, trimmed to 0"" fat, all grades, raw",182.0,18.99,11.64,0.36,0.0,non_vegetarian
"Babyfood, dinner, vegetables and turkey, junior",53.0,1.72,1.74,7.55,0.9,non_vegetarian
"Carrots, baby, raw",40.7723,0.805,0.1375,9.0787,2.694,vegan
"Sauce, plum, ready-to-serve",184.0,0.89,1.04,42.81,0.7,vegan
"Squash, summer, scallop, cooked, boiled, drained, with salt",16.0,1.03,0.17,3.3,1.9,non_vegetarian
"Fish, salmon, coho, wild, raw",146.0,21.62,5.93,0.0,0.0,non_vegetarian
"Turkey, back, from whole bird, meat only, with added solution, roasted",127.0,26.97,2.08,0.0,0.0,non_vegetarian
"Millet, whole grain",375.618,10.02177,4.194,74.44623,2.619,vegan
"Polish sausage, pork",326.0,14.1,28.72,1.63,0.0,non_vegetarian
"Beans, snap, green, microwaved",33.0,2.31,0.5,6.41,3.4,vegan
"Beef, top loin filet, boneless, separable lean only, trimmed to 1/8"" fat, select, cooked, grilled",184.0,29.85,7.12,0.2,0.0,non_vegetarian
"Beef, short loin, t-bone steak, separable lean and fat, trimmed to 1/8"" fat, all grades, cooked, grilled",289.0,24.6,20.36,0.0,0.0,non_vegetarian
"Beef, composite of trimmed retail cuts, separable lean and fat, trimmed to 1/8"" fat, select, cooked",245.0,26.06,15.09,0.0,0.0,non_vegetarian
"Burrito, beef and bean, frozen",239.0,7.26,9.61,30.84,4.2,non_vegetarian
"Soup, chicken and vegetable, canned, ready-to-serve",33.0,1.97,0.73,4.68,0.9,non_vegetarian
"Beef, chuck, shoulder clod, shoulder tender, medallion, separable lean and fat, trimmed to 0"" fat, choice, raw",145.0,20.51,6.36,0.0,0.0,non_vegetarian
"Wheat flour, white (industrial), 9% protein, bleached, unenriched",367.0,8.89,1.43,77.32,2.4,vegan
"Rice, black, unenriched, raw",369.97,7.56875,3.438,77.18825,4.179,vegan
"Seeds, flaxseed",534.0,18.29,42.16,28.88,27.3,vegan
"Cereals, QUAKER, Instant Oatmeal, weight control, cinnamon",361.0,16.5,6.28,64.21,13.0,vegan
"Pork, fresh, variety meats and by-products, feet, raw",212.0,23.16,12.59,0.0,0.0,non_vegetarian
"Squash, summer, all varieties, cooked, boiled, drained, without salt",20.0,0.91,0.31,4.31,1.4,vegan
"Beef, rib eye roast, bone-in, lip-on, separable lean and fat, trimmed to 1/8"" fat, choice, cooked, roasted",307.0,23.53,23.61,0.0,0.0,non_vegetarian
"Mango, Tommy Atkins, peeled, raw",68.4625,0.5625,0.5725,15.265,1.753,vegan
"Fast foods, nachos, with cheese, beans, ground beef, and tomatoes",219.0,6.21,12.48,21.39,3.7,non_vegetarian
"Soy flour, full-fat, raw",434.0,37.81,20.65,31.92,9.6,vegan
"Fruit salad, (pineapple and papaya and banana and guava), tropical, canned, heavy syrup, solids and liquids",86.0,0.41,0.1,22.36,1.3,vegan
"Crackers, standard snack-type, sandwich, with peanut butter filling",494.0,11.47,24.54,58.38,2.3,vegetarian
"Babyfood, dessert, banana yogurt, strained",78.0,1.1,0.52,17.35,0.5,vegetarian
"Cheese, caraway",376.0,25.18,29.2,3.06,0.0,vegetarian
"Bread, wheat, sprouted",188.0,13.16,0.0,33.88,5.3,vegan
"Beef, short loin, t-bone steak, separable lean and fat, trimmed to 1/8"" fat, choice, cooked, grilled",294.0,24.21,21.13,0.0,0.0,non_vegetarian
"Rice, white, long-grain, regular, enriched, cooked",130.0,2.69,0.28,28.17,0.4,vegan
"Beef, round, full cut, separable lean only, trimmed to 1/4"" fat, select, cooked, broiled",172.0,29.25,5.22,0.0,0.0,non_vegetarian
"Mung beans, mature seeds, cooked, boiled, without salt",105.0,7.02,0.38,19.15,7.6,vegan
"Beef, New Zealand, imported, flat, separable lean only, cooked, braised",226.0,33.22,10.3,0.0,0.0,non_vegetarian
"Lamb, Australian, imported, fresh, leg, sirloin half, boneless, separable lean and fat, trimmed to 1/8"" fat, cooked, roasted",281.0,24.88,19.38,0.0,,non_vegetarian
"Cookies, ladyfingers, with lemon juice and rind",365.0,10.6,9.1,59.7,1.0,vegan
"Beef, round, outside round, bottom round, steak, separable lean and fat, trimmed to 0"" fat, select, raw",129.0,22.15,3.83,0.0,0.0,non_vegetarian
"Cookies, peanut butter sandwich, regular",478.0,8.8,21.1,65.6,1.9,vegetarian
Molasses,290.0,0.0,0.1,74.73,0.0,vegan
"Beverages, Water with added vitamins and minerals, bottles, sweetened, assorted fruit flavors",22.0,0.0,0.0,5.49,0.0,vegan
"Lamb, Australian, imported, fresh, rack, roast, frenched, denuded, bone-in, separable lean only, trimmed to 0"" fat, cooked, roasted",175.0,26.52,7.63,0.0,0.0,non_vegetarian
"Pork, cured, separable fat (from ham and arm picnic), unheated",579.0,5.68,61.41,0.09,0.0,non_vegetarian
"Cornmeal, degermed, enriched, white",370.0,7.11,1.75,79.45,3.9,vegan
"Turkey, all classes, leg, meat and skin, cooked, roasted",208.0,27.87,9.82,0.0,0.0,non_vegetarian
"Lamb, Australian, imported, fresh, shoulder, arm, separable lean only,   trimmed to 1/8"" fat, cooked, braised",238.0,34.17,10.23,0.0,,non_vegetarian
"Beans, white, mature seeds, cooked, boiled, with salt",139.0,9.73,0.35,25.09,6.3,vegan
"Pasta, dry, unenriched",371.0,13.04,1.51,74.67,3.2,vegan
"Peas, split, mature seeds, cooked, boiled, without salt",118.0,8.34,0.39,21.1,8.3,vegan
"Cake, fruitcake, commercially prepared",324.0,2.9,9.1,61.6,3.7,vegan
"Lamb, shoulder, whole (arm and blade), separable lean only, trimmed to 1/4"" fat, choice, cooked, braised",283.0,32.81,15.89,0.0,0.0,non_vegetarian
"Babyfood, fruit, apricot with tapioca, junior",63.0,0.3,0.0,17.3,1.5,vegan
"Soup, vegetable with beef broth, canned, prepared with equal volume water",33.0,1.21,0.78,5.35,0.7,non_vegetarian
"Cereals, WHEATENA, dry",357.0,13.1,2.9,75.6,12.8,vegan
"Buckwheat flour, whole-groat",335.0,12.62,3.1,70.59,10.0,vegan
"Kiwifruit, green, raw",58.0,1.06,0.44,14.0,3.0,vegan
"Game meat, rabbit, wild, raw",114.0,21.79,2.32,0.0,0.0,non_vegetarian
"Flour, rice, glutinous",358.0,6.69,1.16,80.1,,vegan
"Cheese, parmesan, shredded",415.0,37.86,27.34,3.41,0.0,vegetarian
"Onions, red, raw",44.0,0.94,0.1,9.93,2.2,vegan
"Lamb, variety meats and by-products, brain, cooked, braised",145.0,12.55,10.17,0.0,0.0,non_vegetarian
"Broadbeans (fava beans), mature seeds, cooked, boiled, with salt",110.0,7.6,0.4,19.65,5.4,vegan
"Pork, fresh, shoulder, (Boston butt), blade (steaks), separable lean and fat, raw",186.0,17.42,12.36,0.0,0.0,non_vegetarian
"Nuts, almonds, blanched",590.0,21.4,52.52,18.67,9.9,vegan
"Potatoes, baked, flesh and skin, with salt",93.0,2.5,0.13,21.15,2.2,vegan
"Beef, round, eye of round, roast, separable lean only, trimmed to 1/8"" fat, all grades, raw",124.0,22.6,3.0,0.0,0.0,non_vegetarian
"Bologna, chicken, pork, beef",272.0,11.33,22.73,5.61,0.0,non_vegetarian
"Babyfood, vegetables, spinach, creamed, strained",37.0,2.5,1.3,5.7,1.8,vegetarian
"Pork, fresh, loin, center rib (chops), boneless, separable lean and fat, cooked, pan-fried",273.0,25.82,18.05,0.0,0.0,non_vegetarian
"Beef, plate steak, boneless, outside skirt, separable lean only, trimmed to 0"" fat, choice, cooked, grilled",291.0,27.03,20.28,0.0,0.0,non_vegetarian
"Waxgourd, (chinese preserving melon), cooked, boiled, drained, without salt",14.0,0.4,0.2,3.04,1.0,vegan
"Beef, variety meats and by-products, pancreas, raw",235.0,15.7,18.6,0.0,0.0,non_vegetarian
"Snacks, rice cakes, brown rice, buckwheat, unsalted",380.0,9.0,3.5,80.1,,vegan
"Beverages, tea, instant, lemon, sweetened, powder",401.0,0.12,0.73,98.55,0.7,vegan
"Beverages, Orange-flavor drink, breakfast type, with pulp, frozen concentrate.",172.0,0.1,0.5,42.9,0.2,vegan
"Cookies, oatmeal, with raisins",441.0,5.86,15.76,68.95,3.3,vegan
"Mung beans, mature seeds, sprouted, cooked, stir-fried",50.0,4.3,0.21,10.59,1.9,vegan
"Milk, chocolate beverage, hot cocoa, homemade",77.0,3.52,2.34,10.74,1.0,vegetarian
"Beef, plate steak, boneless, outside skirt, separable lean and fat, trimmed to 0"" fat, all grades, cooked, grilled",292.0,27.06,20.47,0.0,0.0,non_vegetarian
"Winged bean, immature seeds, cooked, boiled, drained, with salt",37.0,5.31,0.66,3.21,,vegan
"Fish, pike, northern, cooked, dry heat",113.0,24.69,0.88,0.0,0.0,non_vegetarian
"Ice cream bar, covered with chocolate and nuts",303.0,5.62,25.84,11.89,1.1,vegetarian
"Chicken, broilers or fryers, drumstick, meat and skin, cooked, roasted",191.0,23.35,10.15,0.0,0.0,non_vegetarian
"Veal, ground, cooked, pan-fried",215.0,25.83,11.78,1.51,0.0,non_vegetarian
"Squash, winter, hubbard, baked, with salt",50.0,2.48,0.62,10.81,4.9,vegan
"WEND'YS, Crispy Chicken Sandwich",278.0,11.72,13.93,26.36,,non_vegetarian
"Restaurant, Chinese, shrimp and vegetables",78.0,5.9,4.05,4.52,1.4,non_vegetarian
"Beef, ground, 80% lean meat / 20% fat, patty, cooked, broiled",270.0,25.75,17.78,0.0,0.0,non_vegetarian
"Potatoes, hash brown, frozen, plain, prepared, pan fried in canola oil",219.0,2.65,11.59,28.51,3.2,vegan
"Beef, ribeye cap steak, boneless, separable lean only, trimmed to 0"" fat, all grades, cooked, grilled",246.0,24.66,15.7,1.53,0.0,non_vegetarian
"Babyfood, fruit, applesauce and apricots, junior",47.0,0.2,0.2,12.4,1.8,vegan
"Restaurant, Italian, lasagna with meat",185.0,10.83,10.69,11.36,1.5,non_vegetarian
"Beef, chuck eye Country-Style ribs, boneless, separable lean only, trimmed to 0"" fat, all grades, raw",146.0,20.96,6.95,0.0,0.0,non_vegetarian
"Fish, salmon, chinook, cooked, dry heat",231.0,25.72,13.38,0.0,0.0,non_vegetarian
"Brussels sprouts, frozen, cooked, boiled, drained, without salt",42.0,3.64,0.39,8.32,4.1,vegan
"Nuts, cashew nuts, dry roasted, without salt added",574.0,15.31,46.35,32.69,3.0,vegan
"Hyacinth-beans, immature seeds, raw",46.0,2.1,0.2,9.19,3.3,vegan
"Babyfood, cereal, mixed, with applesauce and bananas, strained",82.0,0.71,0.51,18.38,1.0,vegan
"Seeds, sunflower seed kernels, dry roasted, without salt",582.0,19.33,49.8,24.07,11.1,vegan
Sorghum grain,329.0,10.62,3.46,72.09,6.7,vegan
"Restaurant, family style, fish fillet, battered or breaded, fried",219.0,13.49,10.79,16.89,0.9,non_vegetarian
"Nabisco, Nabisco Grahams Crackers",424.0,6.99,10.0,76.2,3.4,non_vegetarian
"Beef, New Zealand, imported, variety meats and by-products, liver, raw",133.0,20.5,4.05,3.6,0.0,non_vegetarian
"Beef, chuck eye roast, boneless, America's Beef Roast, separable lean only, trimmed to 0"" fat, select, raw",133.0,20.52,5.71,0.0,0.0,non_vegetarian
"Potatoes, flesh and skin, raw",77.0,2.05,0.09,17.49,2.1,vegan
"Soup, beef barley, ready to serve",52.0,2.81,0.96,7.94,0.9,non_vegetarian
"Oil, teaseed",884.0,0.0,100.0,0.0,0.0,vegan
"Salad dressing, KRAFT Mayo Fat Free Mayonnaise Dressing",64.0,0.2,0.0,15.8,2.0,vegetarian
"Milk, fluid, nonfat, calcium fortified (fat free or skim)",35.0,3.4,0.18,4.85,0.0,vegetarian
"Acerola, (west indian cherry), raw",32.0,0.4,0.3,7.69,1.1,vegan
"Beans, pinto, immature seeds, frozen, unprepared",170.0,9.8,0.5,32.5,5.7,vegan
"Crackers, melba toast, rye (includes pumpernickel)",389.0,11.6,3.4,77.3,8.0,vegan
"KFC, Fried Chicken, ORIGINAL RECIPE, Thigh, meat only, skin and breading removed",175.0,22.78,9.31,0.01,,non_vegetarian
"Cornmeal, degermed, enriched, yellow",370.0,7.11,1.75,79.45,3.9,vegan
"Beverages, V8 SPLASH Juice Drinks, Strawberry Kiwi",29.0,0.0,0.0,7.41,,vegan
"Beef, rib eye steak/roast, bone-in, lip-on, separable lean only, trimmed to 1/8"" fat, choice, raw",173.0,20.93,9.97,0.0,0.0,non_vegetarian
"Soybeans, mature seeds, sprouted, cooked, steamed, with salt",81.0,8.47,4.45,6.53,0.8,vegan
"Lamb, New Zealand, imported, tenderloin, separable lean only, cooked, fast fried",155.0,27.94,4.81,0.0,0.0,non_vegetarian
"Beans, kidney, red, mature seeds, canned, drained solids, rinsed in tap water",121.0,8.12,0.93,20.8,6.0,non_vegetarian
"Fish, flatfish (flounder and sole species), raw",70.0,12.41,1.93,0.0,0.0,non_vegetarian
"Cauliflower, green, raw",31.0,2.95,0.3,6.09,3.2,vegan
"Frozen yogurts, chocolate, nonfat milk, sweetened without sugar",107.0,4.4,0.8,19.7,2.0,vegetarian
"Bamboo shoots, cooked, boiled, drained, with salt",11.0,1.53,0.22,1.52,1.0,vegan
"Pork, fresh, variety meats and by-products, tail, cooked, simmered",396.0,17.0,35.8,0.0,0.0,non_vegetarian
"Lamb, New Zealand, imported, frozen, composite of trimmed retail cuts, separable lean and fat, cooked",305.0,24.42,22.26,0.0,0.0,non_vegetarian
"Chicken, broilers or fryers, neck, meat and skin, cooked, fried, flour",332.0,24.01,23.61,4.24,,non_vegetarian
"Nuts, coconut meat, dried (desiccated), toasted",592.0,5.3,47.0,44.4,,non_vegetarian
"Rice and vermicelli mix, beef flavor, unprepared",359.0,10.84,1.27,76.02,1.6,non_vegetarian
"Yogurt, Greek, strawberry, nonfat",83.0,8.06,0.15,12.2,0.6,vegetarian
"Crackers, saltines, low salt (includes oyster, soda, soup)",421.0,9.5,8.85,74.34,2.9,non_vegetarian
"Fast foods, egg, scrambled",212.0,13.84,16.18,2.08,0.0,vegetarian
"Beverages, almond milk, sweetened, vanilla flavor, ready-to-drink",38.0,0.42,1.04,6.59,0.4,vegetarian
"Cauliflower, raw",27.5923,1.640625,0.2375,4.723075,1.948,vegan
"Turkey, mechanically deboned, from turkey frames, raw",201.0,13.29,15.96,0.0,0.0,non_vegetarian
"Candies, fudge, peanut butter, prepared-from-recipe",387.0,3.78,6.59,77.75,0.7,vegetarian
"Bagels, plain, unenriched, without calcium propionate(includes onion, poppy, sesame)",275.0,10.5,1.6,53.4,2.3,vegan
"Babyfood, cereal, oatmeal, with bananas, prepared with whole milk",86.0,3.82,3.46,10.0,0.4,vegetarian
"Egg, whole, dried",592.0,48.05,43.9,1.13,0.0,vegetarian
"Frozen novelties, ice cream type, vanilla ice cream, light, no sugar added, chocolate coated",221.0,6.4,10.1,26.11,0.8,vegetarian
"Winged bean tuber, raw",148.0,11.6,0.9,28.1,,vegan
"Beans, snap, yellow, frozen, cooked, boiled, drained, with salt",28.0,1.49,0.17,6.45,3.0,vegan
"Babyfood, vegetables, green beans, strained",27.0,1.2,0.17,6.29,2.2,vegan
"Pork, fresh, variety meats and by-products, chitterlings, raw",182.0,7.64,16.61,0.0,0.0,non_vegetarian
"Candies, REESE'S, FAST BREAK, milk chocolate peanut butter and soft nougats",474.0,8.66,23.42,61.6,2.9,vegetarian
"Beef, round, bottom round, steak, separable lean and fat, trimmed to 1/8"" fat, all grades, cooked, braised",247.0,32.76,11.87,0.0,0.0,non_vegetarian
"Lamb, New Zealand, imported, liver, cooked, soaked and fried",168.0,25.8,6.56,1.48,0.0,non_vegetarian
"Cowpeas, leafy tips, cooked, boiled, drained, with salt",22.0,4.67,0.1,2.8,,vegan
"Bacon, pre-sliced, reduced/low sodium, unprepared",407.0,12.53,39.27,0.83,0.0,non_vegetarian
"Cornmeal, white, self-rising, bolted, plain, enriched",334.0,8.28,3.4,70.28,6.7,vegan
"Peas, green (includes baby and lesuer types), canned, drained solids, unprepared",68.0,4.47,0.8,11.36,4.9,vegan
"Hyacinth beans, mature seeds, cooked, boiled, without salt",117.0,8.14,0.58,20.69,,vegan
"Beef, chuck, shoulder clod, shoulder top and center steaks, separable lean and fat, trimmed to 0"" fat, all grades, raw",141.0,20.67,5.88,0.0,0.0,non_vegetarian
"Chicken, broilers or fryers, breast, meat and skin, cooked, roasted",197.0,29.8,7.78,0.0,0.0,non_vegetarian
"Restaurant, Latino, pupusas con queso (pupusas, cheese)",256.0,11.72,13.25,22.39,2.9,vegetarian
"Snacks, granola bars, soft, coated, milk chocolate coating, chocolate chip",466.0,5.8,24.9,63.8,3.4,vegetarian
"Sauce, fish, ready-to-serve",35.0,5.06,0.01,3.64,0.0,non_vegetarian
"Flour, wheat, all-purpose, unenriched, unbleached",362.0,12.0,1.7,74.6,3.0,vegan
"Macaroni or noodles with cheese, made from reduced fat packaged mix, unprepared",297.0,13.1,4.03,52.06,2.0,vegetarian
"Potatoes, french fried, all types, salt added in processing, frozen, unprepared",147.0,2.24,4.66,24.81,1.9,vegan
"Tofu, dried-frozen (koyadofu), prepared with calcium sulfate",470.0,52.43,30.34,8.3,1.2,vegan
"Fish, pompano, florida, raw",164.0,18.48,9.47,0.0,0.0,non_vegetarian
"Beef, brisket, whole, separable lean and fat, trimmed to 0"" fat, all grades, cooked, braised",291.0,26.79,19.52,0.0,0.0,non_vegetarian
"Fish, sturgeon, mixed species, raw",105.0,16.14,4.04,0.0,0.0,non_vegetarian
"Broadbeans (fava beans), mature seeds, canned",71.0,5.47,0.22,12.41,3.7,vegan
"Beans, small white, mature seeds, cooked, boiled, without salt",142.0,8.97,0.64,25.81,10.4,vegan
"Pie, pecan, commercially prepared",407.0,4.5,16.69,59.61,2.1,vegan
"Fish, herring eggs, Pacific, dry (Alaska Native)",312.0,60.4,6.6,2.8,,non_vegetarian
"Lamb, New Zealand, imported, loin, boneless, separable lean and fat, cooked, fast roasted",157.0,28.96,4.57,0.0,0.0,non_vegetarian
"Babyfood, dessert, custard pudding, vanilla, strained",85.0,1.6,2.0,16.0,0.0,vegetarian
"Corn, sweet, yellow, cooked, boiled, drained, with salt",96.0,3.41,1.5,20.98,2.4,vegan
"Pork, cured, ham, whole, separable lean only, unheated",147.0,22.32,5.71,0.05,0.0,non_vegetarian
"Cookies, marshmallow, chocolate-coated (includes marshmallow pies)",421.0,4.0,16.9,67.7,2.0,vegan
"Babyfood, dinner, beef lasagna, toddler",77.0,4.2,2.1,10.0,,non_vegetarian
"Crackers, whole-wheat, low salt",443.0,8.8,17.2,68.6,10.5,vegan
"Babyfood, juice, pear",43.0,0.0,0.0,11.86,0.1,vegan
"Mushroom, king oyster",46.3951,2.40625,0.3075,8.50065,3.009,non_vegetarian
"Soup, stock, chicken, home-prepared",36.0,2.52,1.2,3.53,0.0,non_vegetarian
"Candies, MARS SNACKFOOD US, M&M's Milk Chocolate Candies",492.0,4.33,21.13,71.19,2.8,vegetarian
"Beef, round, eye of round steak, boneless, separable lean and fat, trimmed to 0"" fat, choice, cooked, grilled",163.0,29.79,4.83,0.0,0.0,non_vegetarian
"Lamb, New Zealand, imported, frozen, composite of trimmed retail cuts, separable fat, cooked",586.0,9.72,60.39,0.0,0.0,non_vegetarian
"Babyfood, fruit, pears and pineapple, strained",41.0,0.3,0.1,10.9,2.6,vegan
"Pork, cured, ham, separable fat, boneless, heated",507.0,8.77,51.57,2.0,0.0,non_vegetarian
"Nuts, almonds, honey roasted, unblanched",594.0,18.17,49.9,27.9,13.7,vegetarian
"Turkey, retail parts, thigh, meat only, raw",116.0,20.6,3.69,0.0,0.0,non_vegetarian
"Soup, bean with frankfurters, canned, prepared with equal volume water",75.0,3.99,2.79,8.8,,vegan
"Snacks, beef jerky, chopped and formed",410.0,33.2,25.6,11.0,1.8,non_vegetarian
"Fish, whiting, mixed species, cooked, dry heat",116.0,23.48,1.69,0.0,0.0,non_vegetarian
"Sausage, pork and turkey, pre-cooked",342.0,12.05,30.64,3.63,0.0,non_vegetarian
"Beef, chuck, under blade center steak, boneless, Denver Cut, separable lean and fat, trimmed to 0"" fat, select, raw",172.0,19.2,10.5,0.09,0.0,non_vegetarian
"Beef, New Zealand, imported, oyster blade, separable lean and fat, cooked, braised",197.0,29.79,8.68,0.0,0.0,non_vegetarian
"Seeds, pumpkin and squash seeds, whole, roasted, without salt",446.0,18.55,19.4,53.75,18.4,vegan
"Shortening, industrial, soy (partially hydrogenated ) for baking and confections",884.0,0.0,100.0,0.0,0.0,vegan
"Snacks, KELLOGG, KELLOGG'S Low Fat Granola Bar, Crunchy Almond/Brown Sugar",390.0,8.0,7.4,78.0,6.2,vegan
"Juice, apple, grape and pear blend, with added ascorbic acid and calcium",52.0,0.17,0.12,12.96,0.2,vegan
"New Zealand spinach, raw",14.0,1.5,0.2,2.5,1.5,vegan
"Cereals ready-to-eat, RALSTON CRISP RICE",383.0,6.69,1.26,86.22,0.7,vegan
"Turkey, all classes, gizzard, cooked, simmered",155.0,26.45,4.64,0.0,0.0,non_vegetarian
"Pork, fresh, loin, center loin (chops), boneless, separable lean and fat, raw",201.0,21.14,12.96,0.0,0.0,non_vegetarian
"Beef, variety meats and by-products, kidneys, cooked, simmered",158.0,27.27,4.65,0.0,0.0,non_vegetarian
"Crustaceans, spiny lobster, mixed species, cooked, moist heat",143.0,26.41,1.94,3.12,0.0,non_vegetarian
"Bread, oat bran, toasted",259.0,11.4,4.8,43.7,4.9,vegan
"Cheese, cottage, lowfat, 1% milkfat",72.0,12.39,1.02,2.72,0.0,vegetarian
"Bread, potato",266.0,12.5,3.13,47.07,6.3,vegan
"Almond milk, unsweetened, plain, shelf stable",14.5562,0.5546875,1.221,0.3371125,0.0,vegetarian
"Rice, white, long-grain, parboiled, enriched, dry",374.0,7.51,1.03,80.89,1.8,vegan
"Beef, round, eye of round steak, boneless, separable lean and fat, trimmed to 0"" fat, all grades, raw",124.0,23.26,3.48,0.0,0.0,non_vegetarian
"Balsam-pear (bitter gourd), leafy tips, cooked, boiled, drained, with salt",32.0,3.6,0.2,6.16,1.9,vegan
"Beef, loin, top loin steak, boneless, lip off, separable lean only, trimmed to 0"" fat, select, raw",135.0,23.3,4.66,0.0,0.0,non_vegetarian
"Soymilk, original and vanilla, light, with added calcium, vitamins A and D",30.0,2.38,0.77,3.51,0.3,vegetarian
"Beef, grass-fed, ground, raw",198.0,19.42,12.73,0.0,0.0,non_vegetarian
"Wheat flour, white (industrial), 13% protein, bleached, unenriched",362.0,13.07,1.38,72.2,2.4,vegan
"Mushroom, oyster",41.0475,2.89875,0.1875,6.94125,2.85,non_vegetarian
"Gravy, CAMPBELL'S, chicken",51.0,0.79,2.73,5.87,,non_vegetarian
"Yogurt, Greek, strawberry, DANNON OIKOS",106.0,8.25,2.92,11.67,1.0,vegetarian
"McDONALD'S, DOUBLE QUARTER POUNDER with Cheese",262.0,16.96,16.22,14.43,1.0,vegetarian
"Tomato, roma",21.9574,0.695625,0.425,3.837475,0.9706,vegan
"Passion-fruit juice, purple, raw",51.0,0.39,0.05,13.6,0.2,vegan
"Snacks, sesame sticks, wheat-based, salted",541.0,10.9,36.7,46.5,2.8,vegan
"Cheese, American, restaurant",375.0,17.5,31.1,6.35,,vegetarian
"Beef, shoulder top blade steak, boneless, separable lean and fat, trimmed to 0"" fat, all grades, cooked, grilled",210.0,27.59,11.07,0.0,0.0,non_vegetarian
"Corn, sweet, white, frozen, kernels on cob, cooked, boiled, drained, with salt",94.0,3.11,0.74,22.33,2.8,vegan
"Collards, frozen, chopped, cooked, boiled, drained, with salt",36.0,2.97,0.41,7.1,2.8,non_vegetarian
"Cream substitute, liquid, with lauric acid oil and sodium caseinate",136.0,1.0,9.97,11.38,0.0,vegetarian
"Sauce, cheese, ready-to-serve",174.0,6.71,13.29,6.83,0.5,vegetarian
"Bagels, plain, unenriched, with calcium propionate (includes onion, poppy, sesame)",275.0,10.5,1.6,53.4,2.3,vegan
"Moose, liver, braised (Alaska Native)",155.0,24.38,4.89,3.43,,non_vegetarian
"Beef, round, eye of round roast, boneless, separable lean and fat, trimmed to 0"" fat, choice, cooked, roasted",171.0,29.79,4.83,0.0,0.0,non_vegetarian
"Salmon, red (sockeye), filets with skin, smoked (Alaska Native)",345.0,60.62,11.43,0.0,0.0,non_vegetarian
"Onion rings, breaded, par fried, frozen, prepared, heated in oven",288.0,4.52,14.4,36.3,2.4,vegan
"Potatoes, frozen, whole, cooked, boiled, drained, without salt",65.0,1.98,0.13,14.52,1.4,vegan
"Margarine-like spread, SMART BALANCE Omega Plus Spread (with plant sterols & fish oil)",605.0,0.13,70.95,0.16,0.0,non_vegetarian
"Oil, rice bran",884.0,0.0,100.0,0.0,0.0,vegan
"Celery, cooked, boiled, drained, with salt",18.0,0.83,0.16,4.0,1.6,vegan
"Babyfood, banana no tapioca, strained",91.0,1.0,0.2,21.34,1.6,vegan
"Beef, chuck, blade roast, separable lean and fat, trimmed to 1/8"" fat, all grades, cooked, braised",341.0,26.78,25.12,0.0,0.0,non_vegetarian
"Goose, domesticated, meat only, raw",161.0,22.75,7.13,0.0,0.0,non_vegetarian
"Snacks, popcorn, microwave, 94% fat free",402.0,10.72,6.1,76.04,13.6,vegan
"Grapefruit juice, white, frozen concentrate, unsweetened, undiluted",146.0,1.97,0.48,34.56,0.4,vegan
"Beans, great northern, mature seeds, cooked, boiled, without salt",118.0,8.33,0.45,21.09,7.0,vegan
"Archway Home Style Cookies, Coconut Macaroon",460.0,3.02,22.55,61.23,5.1,vegan
"Snacks, granola bars, soft, uncoated, chocolate chip",418.0,5.65,16.57,70.2,3.8,vegan
"Pie, egg custard, commercially prepared",210.0,5.5,11.6,20.8,1.6,vegetarian
"Nuts, coconut cream, raw (liquid expressed from grated meat)",330.0,3.63,34.68,6.65,2.2,non_vegetarian
"Fast foods, potato, french fried in vegetable oil",312.0,3.43,14.73,41.44,3.8,vegan
"Shortening, special purpose for cakes and frostings, soybean (hydrogenated)",884.0,0.0,100.0,0.0,0.0,vegan
"Potatoes, microwaved, cooked, in skin, flesh and skin, with salt",105.0,2.44,0.1,24.24,2.3,vegan
"Seeds, sesame seed kernels, toasted, without salt added (decorticated)",567.0,16.96,48.0,26.04,16.9,vegan
"Beef, loin, top sirloin cap steak, boneless, separable lean and fat, trimmed to 1/8"" fat, choice, cooked, grilled",238.0,26.3,14.3,1.1,0.0,non_vegetarian
"Gravy, onion, dry, mix",322.0,9.0,3.0,67.64,6.0,vegan
"Mushrooms, straw, canned, drained solids",32.0,3.83,0.68,4.64,2.5,vegan
"Salad dressing, mayonnaise, regular",680.0,0.96,74.85,0.57,0.0,vegetarian
"Pate, goose liver, smoked, canned",462.0,11.4,43.84,4.67,0.0,non_vegetarian
"Biscuits, plain or buttermilk, refrigerated dough, lower fat",270.0,6.7,7.83,43.7,2.0,vegetarian
"Soup, tomato rice, canned, prepared with equal volume water",47.0,0.82,1.06,8.54,0.7,vegan
"Crackers, saltines (includes oyster, soda, soup)",418.0,9.46,8.64,74.05,2.8,non_vegetarian
"Spices, mustard seed, ground",508.0,26.08,36.24,28.09,12.2,vegan
"T.G.I. FRIDAY'S, chicken fingers, from kids' menu",330.0,18.11,20.78,17.72,0.9,non_vegetarian
"Snacks, granola bars, hard, peanut butter",483.0,9.8,23.8,62.3,2.9,vegetarian
"Game meat, buffalo, water, cooked, roasted",131.0,26.83,1.8,0.0,0.0,non_vegetarian
"Pineapple, canned, juice pack, drained",60.0,0.51,0.11,15.56,1.3,vegan
"Beverages, pineapple and orange juice drink, canned",50.0,1.3,0.0,11.8,0.1,vegan
"Beef, shoulder pot roast or steak, boneless, separable lean only, trimmed to 0"" fat, choice, raw",125.0,21.45,4.35,0.11,0.0,non_vegetarian
"Beef, shoulder pot roast or steak, boneless, separable lean and fat, trimmed to 0"" fat, all grades, raw",130.0,21.39,4.97,0.0,0.0,non_vegetarian
"Corn, dried (Navajo)",386.0,9.88,5.22,74.93,,vegan
"Cornmeal, whole-grain, white",362.0,8.12,3.59,76.89,7.3,vegan
"Babyfood, apple yogurt dessert, strained",93.0,0.8,1.6,19.5,0.5,vegetarian
"SILK Light Plain, soymilk",29.0,2.47,0.82,3.29,0.4,vegetarian
"TACO BELL, Soft Taco with chicken, cheese and lettuce",189.0,13.3,6.35,19.69,1.2,non_vegetarian
"Nuts, chestnuts, european, dried, peeled",369.0,5.01,3.91,78.43,,vegan
"Snacks, brown rice chips",384.0,8.2,2.8,81.5,4.2,vegan
"Lamb, New Zealand, imported, leg chop/steak, bone-in, separable lean and fat, raw",206.0,18.64,14.52,0.13,0.0,non_vegetarian
"Snacks, beef sticks, smoked",550.0,21.5,49.6,5.4,,non_vegetarian
"Pork, cured, ham, whole, separable lean only, roasted",157.0,25.05,5.5,0.0,0.0,non_vegetarian
"Beef, loin, tenderloin roast, boneless, separable lean and fat, trimmed to 0"" fat, choice, raw",153.0,21.5,7.4,0.0,0.0,non_vegetarian
"Egg rolls, vegetable, frozen, prepared",214.0,5.95,6.97,31.77,2.4,vegetarian
"Beef, shoulder top blade steak, boneless, separable lean only, trimmed to 0"" fat, choice, cooked, grilled",202.0,28.28,9.83,0.0,0.0,non_vegetarian
"Crustaceans, shrimp, raw",85.0,20.1,0.51,0.0,,non_vegetarian
"Candies, HERSHEY'S, ALMOND JOY BITES",563.0,5.58,34.5,57.54,4.3,vegan
"Lamb, New Zealand, imported, hind-shank, separable lean and fat, raw",186.0,18.39,12.12,0.73,0.0,non_vegetarian
"Cereals ready-to-eat, QUAKER, QUAKER CRUNCHY BRAN",331.0,6.37,4.06,83.68,15.3,vegan
"CAMPBELL'S, Cream of Mushroom Soup, condensed",81.0,1.29,5.5,6.59,0.6,vegetarian
"Cheese, roquefort",369.0,21.54,30.64,2.0,0.0,vegetarian
"Pasta, cooked, unenriched, with added salt",157.0,5.8,0.93,30.59,1.8,vegan
"Fast Foods, Fried Chicken, Breast, meat only, skin and breading removed",153.0,27.93,4.54,0.0,0.0,non_vegetarian
"CARRABBA'S ITALIAN GRILL, cheese ravioli with marinara sauce",156.0,7.96,6.0,17.62,1.4,vegetarian
"SILK Chocolate, soymilk",58.0,2.06,1.44,9.47,0.8,vegetarian
"Cabbage, savoy, raw",27.0,2.0,0.1,6.1,3.1,vegan
"Fish, whitefish, broad, head, eyes, cheeks and soft bones (Alaska Native)",107.0,18.6,3.6,0.0,,non_vegetarian
"Pears, canned, extra heavy syrup pack, solids and liquids",97.0,0.19,0.13,25.25,1.6,vegan
"Yogurt, fruit, lowfat, with low calorie sweetener",105.0,4.86,1.41,18.6,0.0,vegetarian
"Cheese, goat, semisoft type",364.0,21.58,29.84,0.12,0.0,non_vegetarian
"Pork, fresh, loin, center rib (chops), bone-in, separable lean and fat, cooked, braised",261.0,26.66,16.28,0.0,0.0,non_vegetarian
"Fish, tuna, white, canned in oil, without salt, drained solids",186.0,26.53,8.08,0.0,0.0,non_vegetarian
"Chicken, broilers or fryers, meat and skin and giblets and neck, raw",213.0,18.33,14.83,0.13,0.0,non_vegetarian
"Beef, chuck eye steak, boneless, separable lean only, trimmed to 0"" fat, choice, cooked, grilled",215.0,27.97,11.47,0.0,0.0,non_vegetarian
"Cereals ready-to-eat, QUAKER, Shredded Wheat, bagged cereal",348.0,11.24,2.01,81.01,11.8,vegan
"Beef, top loin petite roast/filet, boneless, separable lean only, trimmed to 1/8"" fat, all grades, raw",143.0,22.61,5.84,0.0,0.0,non_vegetarian
"Restaurant, Latino, black bean soup",103.0,5.1,2.57,14.79,4.9,vegan
"Pork, fresh, enhanced, loin, tenderloin, separable lean only, raw",106.0,20.39,2.09,0.0,0.0,non_vegetarian
"Beef, chuck, clod roast, separable lean only, trimmed to 0"" fat, choice, cooked, roasted",171.0,25.95,6.69,0.0,0.0,non_vegetarian
"Frankfurter, beef, unheated",315.0,11.69,28.1,2.97,0.0,non_vegetarian
"Mushrooms, oyster, raw",33.0,3.31,0.41,6.09,2.3,non_vegetarian
"Chicken, broilers or fryers, back, meat and skin, cooked, stewed",258.0,22.18,18.14,0.0,0.0,non_vegetarian
"Beef, round, eye of round steak, boneless, separable lean only, trimmed to 0"" fat, select, raw",116.0,23.41,2.52,0.0,0.0,non_vegetarian
"Flour, rye",359.4,8.3952,1.908,77.1618,13.68,vegan
"Veal, rib, separable lean only, cooked, braised",218.0,34.44,7.81,0.0,0.0,non_vegetarian
"Beans, kidney, red, mature seeds, raw",337.0,22.53,1.06,61.29,15.2,non_vegetarian
"Lamb, shoulder, blade, separable lean and fat, trimmed to 1/8"" fat, choice, raw",244.0,17.01,18.97,0.0,0.0,non_vegetarian
"Wheat flours, bread, unenriched",361.0,11.98,1.66,72.53,2.4,vegan
"Beef, ribeye  petite roast/filet, boneless, separable lean only, trimmed to 0"" fat, all grades, raw",133.0,22.66,4.66,0.04,0.0,non_vegetarian
"Soup, stock, fish, home-prepared",16.0,2.26,0.81,0.0,0.0,non_vegetarian
"Beef, plate, inside skirt steak, separable lean only, trimmed to 0"" fat, all grades, cooked, broiled",205.0,26.66,10.06,0.0,0.0,non_vegetarian
Corned beef and potatoes in tortilla (Apache),224.0,7.91,8.31,29.35,1.5,non_vegetarian
"Fish, fish sticks, frozen, prepared",277.0,11.01,16.23,21.66,1.5,non_vegetarian
"Chicken, broilers or fryers, dark meat, drumstick, meat only, raw",116.0,19.41,3.71,0.0,0.0,non_vegetarian
"Beans, pinto, mature seeds, sprouted, cooked, boiled, drained, without salt",22.0,1.86,0.32,4.1,,vegan
"Beans, snap, yellow, canned, regular pack, solids and liquids",15.0,0.8,0.1,3.5,1.5,vegan
"Beef, bottom sirloin, tri-tip roast, separable lean only, trimmed to 0"" fat, select, raw",129.0,21.34,4.21,0.0,0.0,non_vegetarian
"Cereals, CREAM OF WHEAT, 1 minute cook time, dry",359.0,11.77,1.47,72.63,4.4,vegetarian
"ON THE BORDER, refried beans",144.0,7.3,5.0,17.52,8.2,vegan
"Fast foods, sundae, strawberry",175.0,4.09,5.13,29.18,0.0,vegan
"Formulated bar, MARS SNACKFOOD US, COCOAVIA, Chocolate Almond Snack Bar",347.0,7.72,14.19,51.68,5.2,vegan
"Pork, fresh, shoulder, whole, separable lean and fat, raw",236.0,17.18,17.99,0.0,0.0,non_vegetarian
"Beef, chuck, short ribs, boneless, separable lean and fat, trimmed to 0"" fat, select, raw",227.0,17.87,17.28,0.0,0.0,non_vegetarian
"Restaurant, Chinese, chicken and vegetables",95.0,8.18,4.56,5.38,0.9,non_vegetarian
"Snacks, cornnuts, barbecue-flavor",436.0,9.0,14.3,71.7,8.4,vegan
"Fish, pollock, raw",56.0,12.3,0.41,0.0,,non_vegetarian
"Beef, loin, top sirloin cap steak, boneless, separable lean only, trimmed to 1/8"" fat, all grades, cooked, grilled",181.0,28.26,7.23,0.73,0.0,non_vegetarian
"Gelatin desserts, dry mix",381.0,7.8,0.0,90.5,0.0,non_vegetarian
"Candies, MARS SNACKFOOD US, MILKY WAY Caramels, milk chocolate covered",463.0,4.28,19.17,68.49,0.7,vegetarian
"Sausage, smoked link sausage, pork and beef",320.0,12.0,28.73,2.42,0.0,non_vegetarian
"Fast foods, english muffin, with cheese and sausage",338.0,13.28,20.67,25.28,0.5,non_vegetarian
"Veal, shoulder, blade chop, separable lean only, cooked, grilled",159.0,27.33,5.53,0.0,0.0,non_vegetarian
"Cheese, mozzarella, low moisture, part-skim",295.0,23.75,19.78,5.58,0.0,vegetarian
"Fish, herring, Pacific, cooked, dry heat",250.0,21.01,17.79,0.0,0.0,non_vegetarian
"Lamb, foreshank, separable lean only, trimmed to 1/4"" fat, choice, cooked, braised",187.0,31.01,6.02,0.0,0.0,non_vegetarian
"Broccoli, frozen, spears, cooked, boiled, drained, without salt",28.0,3.1,0.11,5.36,3.0,vegan
"Seeds, sunflower seed kernels, oil roasted, with salt added",592.0,20.06,51.3,22.89,10.6,vegan
"APPLEBEE'S, 9 oz house sirloin steak",189.0,26.85,9.08,0.0,,non_vegetarian
"Sausage, Italian, pork, mild, raw",290.0,13.9,24.26,2.97,0.0,non_vegetarian
"Soy flour, low-fat",372.0,49.81,8.9,30.63,16.0,vegan
"Frozen novelties, fruit and juice bars",87.0,1.2,0.1,20.2,1.0,vegan
"Cheese, white, queso blanco",310.0,20.38,24.31,2.53,,vegetarian
"Pork, fresh, composite of trimmed retail cuts (loin and shoulder blade), separable lean and fat, cooked",235.0,26.07,13.66,0.0,0.0,non_vegetarian
SILK Key Lime soy yogurt,88.0,2.35,1.18,17.65,0.6,vegetarian
"Fast foods, cheeseburger; double, regular patty; with condiments",282.0,16.24,16.18,17.97,0.9,vegetarian
"Turkey, retail parts, thigh, meat only, cooked, roasted",159.0,25.14,6.25,0.46,0.0,non_vegetarian
"Cheese, American, nonfat or fat free",126.0,21.05,0.0,10.53,0.0,vegetarian
"Gravy, instant turkey, dry",409.0,11.72,14.66,57.56,3.8,non_vegetarian
"Beverages, MINUTE MAID, Lemonada, Limeade",50.0,0.0,0.0,13.75,0.0,vegan
"Beef, Australian, imported, Wagyu, rib, small end rib steak/roast, boneless, separable lean only, Aust. marble score 4/5, raw",234.0,20.35,16.93,0.0,0.0,non_vegetarian
"Mollusks, oyster, Pacific, cooked, moist heat",163.0,18.9,4.6,9.9,0.0,non_vegetarian
"Lamb, composite of trimmed retail cuts, separable lean only, trimmed to 1/4"" fat, choice, raw",134.0,20.29,5.25,0.0,0.0,non_vegetarian
"Grapefruit, raw, white, all areas",33.0,0.69,0.1,8.41,1.1,vegan
"Bananas, raw",89.0,1.09,0.33,22.84,2.6,vegan
Soy sauce made from hydrolyzed vegetable protein,60.0,7.0,0.51,7.84,0.5,vegan
"Beef, New Zealand, imported, brisket navel end, separable lean and fat, raw",345.0,15.81,31.27,0.0,0.0,non_vegetarian
"Beverages, OCEAN SPRAY, Cran Raspberry Juice Drink",49.0,0.28,0.0,11.96,0.6,vegan
"Soymilk, chocolate and other flavors, light, with added calcium, vitamins A and D",47.0,2.1,0.64,8.24,0.7,vegetarian
"Soup, turkey, chunky, canned, ready-to-serve",57.0,4.33,1.87,5.96,,non_vegetarian
"Pie, pecan, prepared from recipe",412.0,4.9,22.2,52.2,,vegan
"Beef, composite of trimmed retail cuts, separable lean and fat, trimmed to 1/8"" fat, select, raw",193.0,19.06,12.4,0.0,0.0,non_vegetarian
"Corn flour, whole-grain, white",361.0,6.93,3.86,76.85,7.3,vegan
"Mango, Ataulfo, peeled, raw",78.4665,0.6875,0.6813,17.3962,1.289,vegan
"Beef, chuck, blade roast, separable lean only, trimmed to 0"" fat, all grades, cooked, braised",253.0,31.06,13.3,0.0,0.0,non_vegetarian
"Veal, sirloin, separable lean only, raw",110.0,20.2,2.59,0.0,0.0,non_vegetarian
"Cheese, mexican, queso asadero",356.0,22.6,25.0,4.13,0.0,vegetarian
"Beans, snap, yellow, frozen, all styles, unprepared",33.0,1.8,0.21,7.58,2.8,vegan
"Cheese, ricotta, part skim milk",138.0,11.39,7.91,5.14,0.0,vegetarian
"Soup, pea, green, canned, condensed",125.0,6.54,2.23,20.18,3.9,vegan
"Beef, round, top round roast, boneless, separable lean only, trimmed to 0"" fat, choice, raw",124.0,23.59,3.26,0.0,0.0,non_vegetarian
"Crustaceans, shrimp, mixed species, cooked, moist heat (may contain additives to retain moisture)",119.0,22.78,1.7,1.52,0.0,non_vegetarian
"Beverages, tea, instant, decaffeinated, lemon, sweetened",401.0,0.12,0.73,98.55,0.0,vegan
"Prairie Turnips, raw (Northern Plains Indians)",156.0,2.62,0.36,35.67,8.0,vegan
"Puddings, rice, ready-to-eat",108.0,3.23,2.15,18.39,0.3,vegan
"Yogurt, frozen, flavors not chocolate, nonfat milk, with low-calorie sweetener",104.0,4.4,0.8,19.7,2.0,vegetarian
"Lamb, New Zealand, imported, frozen, composite of trimmed retail cuts, separable lean only, raw",128.0,20.75,4.41,0.0,0.0,non_vegetarian
"Bamboo shoots, canned, drained solids",19.0,1.72,0.4,3.22,1.4,vegan
"Lamb, New Zealand, imported, hind-shank, separable lean only, cooked, braised",196.0,32.5,7.37,0.0,0.0,non_vegetarian
"Beef, tenderloin, steak, separable lean only, trimmed to 1/8"" fat, all grades, raw",153.0,22.12,6.52,0.0,0.0,non_vegetarian
"Cheese, limburger",327.0,20.05,27.25,0.49,0.0,vegetarian
"Corn, sweet, yellow, frozen, kernels, cut off cob, boiled, drained, with salt",79.0,2.55,0.67,18.71,2.4,vegan
"Ice cream, bar or stick, chocolate covered",331.0,4.1,24.1,24.5,0.8,vegetarian
"Turkey, retail parts, wing, meat only, raw",112.0,22.48,2.49,0.0,0.0,non_vegetarian
"Ice creams, vanilla, light",180.0,4.78,4.83,29.46,0.3,vegetarian
"Bread, white, prepared from recipe, made with low fat (2%) milk",285.0,7.9,5.7,49.6,2.0,vegetarian
"Cereals, QUAKER, Whole Wheat Natural Cereal, dry",333.0,11.8,2.0,74.8,9.9,vegan
"Lamb, New Zealand, imported, square-cut shoulder chops, separable lean and fat, cooked, braised",322.0,26.79,23.86,0.05,0.0,non_vegetarian
"Tomato, paste, canned, without salt added",104.2825,4.234375,0.7325,20.188125,4.704,vegan
"Vitasoy USA, Vitasoy Light Vanilla Soymilk",30.0,1.6,0.82,4.1,0.1,vegetarian
"Cheese, parmesan, dry grated, reduced fat",265.0,20.0,20.0,1.37,0.0,vegetarian
"Doughnuts, yeast-leavened, glazed, enriched (includes honey buns)",421.0,6.14,22.7,47.93,2.1,vegetarian
"Beef, chuck, shoulder clod, top blade, steak, separable lean and fat, trimmed to 0"" fat, all grades, raw",176.0,18.99,10.52,0.0,0.0,non_vegetarian
"Radicchio, raw",26.3679,1.30875,0.1431,4.96125,2.114,vegan
"Beef, New Zealand, imported, sweetbread, raw",303.0,11.51,28.6,0.0,0.0,non_vegetarian
"Soymilk (All flavors), enhanced",45.0,2.94,1.99,3.45,0.4,vegetarian
"Fish, pike, northern, raw",88.0,19.26,0.69,0.0,0.0,non_vegetarian
"Raisins, seeded",296.0,2.52,0.54,78.47,6.8,vegan
"Bologna, beef and pork",308.0,15.2,24.59,5.49,0.0,non_vegetarian
"Soup, beef broth, cubed, dry",170.0,17.3,4.0,16.1,0.0,non_vegetarian
"Chicken, roasting, dark meat, meat only, raw",113.0,18.74,3.61,0.0,0.0,non_vegetarian
Ice cream cookie sandwich,240.0,3.7,7.4,39.6,1.2,vegetarian
"Snacks, corn-based, extruded, chips, barbecue-flavor, made with enriched masa flour",523.0,7.0,32.7,56.2,,vegan
"Cereals, oats, instant, fortified, maple and brown sugar, dry",386.0,9.25,4.73,76.67,7.2,vegan
"Babyfood, cereal, oatmeal, with applesauce and bananas, junior, fortified",76.0,0.89,0.89,16.03,0.9,vegan
"Beef, tenderloin, steak, separable lean and fat, trimmed to 1/8"" fat, choice, cooked, broiled",273.0,26.43,17.78,0.0,0.0,non_vegetarian
"Beverages, V8 V-FUSION Juices, Strawberry Banana",49.0,0.41,0.0,11.79,0.0,vegan
"Pork, fresh, shoulder, arm picnic, separable lean and fat, cooked, braised",235.0,24.88,14.33,0.0,0.0,non_vegetarian
"Archway Home Style Cookies, Raspberry Filled",400.0,4.35,13.26,65.92,2.2,vegan
"Pork, fresh, shoulder, arm picnic, separable lean only, cooked, roasted",228.0,26.68,12.62,0.0,0.0,non_vegetarian
"Luncheon meat, pork, canned",334.0,12.5,30.3,2.1,0.0,non_vegetarian
"Soup, chicken vegetable with potato and cheese, chunky, ready-to-serve",65.0,1.16,4.46,5.2,0.3,non_vegetarian
"Cabbage, kimchi",15.0,1.1,0.5,2.4,1.6,vegan
"Snacks, rice cakes, brown rice, multigrain",387.0,8.5,3.5,80.1,3.0,vegan
"Soup, pea, green, canned, prepared with equal volume water",61.0,3.2,1.09,9.88,1.9,vegan
"Margarine, margarine-type vegetable oil spread, 70% fat, soybean and partially hydrogenated soybean, stick",628.0,0.26,70.22,1.53,,vegan
"Beans, baked, canned, with pork",106.0,5.19,1.55,19.99,5.5,non_vegetarian
"Beef, chuck eye Country-Style ribs, boneless, separable lean only, trimmed to 0"" fat, select, raw",137.0,21.1,5.89,0.0,0.0,non_vegetarian
"Apricots, dried, sulfured, stewed, with added sugar",113.0,1.17,0.15,29.26,4.1,vegan
"Beef, chuck, short ribs, boneless, separable lean and fat, trimmed to 0"" fat, all grades, cooked, braised",305.0,25.48,22.58,0.0,0.0,non_vegetarian
"Fast foods, cheeseburger; double, regular patty; double decker bun with condiments and special sauce",261.0,11.94,14.1,21.53,1.4,vegetarian
"Chicken, dark meat, drumstick, meat only, with added solution, raw",106.0,19.19,3.26,0.0,0.0,non_vegetarian
"Pork, cured, bacon, cooked, microwaved",476.0,39.01,34.12,0.48,0.0,non_vegetarian
"Seeds, breadfruit seeds, raw",191.0,7.4,5.59,29.24,5.2,vegan
"Lamb, leg, shank half, separable lean and fat, trimmed to 1/4"" fat, choice, cooked, roasted",225.0,26.41,12.45,0.0,0.0,non_vegetarian
"Pork, cured, ham with natural juices, shank, bone-in, separable lean and fat, heated, roasted",191.0,22.88,10.93,0.33,0.0,non_vegetarian
"Barbecue loaf, pork, beef",173.0,15.84,8.9,6.4,0.0,non_vegetarian
"Soybeans, mature seeds, raw",446.0,36.49,19.94,30.16,9.3,vegan
"Baking chocolate, MARS SNACKFOOD US, M&M's Milk Chocolate Mini Baking Bits",502.0,4.78,23.36,68.4,2.7,vegetarian
"Pineapple, raw, extra sweet variety",51.0,0.53,0.11,13.5,1.4,vegan
"Chicken breast, oven-roasted, fat-free, sliced",79.0,16.79,0.39,2.17,0.0,non_vegetarian
"Peanut spread, reduced sugar",650.0,24.8,54.89,14.23,7.8,vegan
"Peppered loaf, pork, beef",149.0,17.3,6.37,4.53,0.0,non_vegetarian
"Mayonnaise dressing, no cholesterol",688.0,0.0,77.8,0.3,0.0,vegetarian
"Beef, round, bottom round, steak, separable lean only, trimmed to 1/8"" fat, choice, cooked, braised",228.0,34.22,9.02,0.0,0.0,non_vegetarian
"Nuts, pine nuts, raw",688.614,15.7039,61.27,18.5921,3.941,vegan
"Babyfood, cereal, rice, with honey, prepared with whole milk",115.0,3.9,3.3,17.1,,vegetarian
"Veal, variety meats and by-products, brain, cooked, pan-fried",213.0,14.48,16.75,0.0,0.0,non_vegetarian
"Beef, plate steak, boneless, inside skirt, separable lean and fat, trimmed to 0"" fat, choice, raw",195.0,20.06,12.78,0.0,0.0,non_vegetarian
"Fish, salmon, red, (sockeye), kippered (Alaska Native)",141.0,24.5,4.75,0.0,0.0,non_vegetarian
"Snacks, tortilla chips, unsalted, white corn",503.0,7.79,23.36,65.32,5.3,vegan
"Rice, white, long-grain, precooked or instant, enriched, dry",380.0,7.82,0.94,82.32,1.9,vegan
"Babyfood, dinner, spaghetti and tomato and meat, toddler",75.0,5.3,1.0,10.8,,non_vegetarian
"Nuts, pecans, halves, raw",750.152,9.9587,73.28,12.6993,5.793,vegan
"Veal, breast, whole, boneless, separable lean and fat, raw",208.0,17.47,14.75,0.0,,non_vegetarian
"Beef, variety meats and by-products, thymus, cooked, braised",319.0,21.85,24.98,0.0,0.0,non_vegetarian
"Jams, preserves, marmalades, sweetened with fruit juice",212.0,0.0,0.0,52.93,0.9,vegan
"Biscuits, plain or buttermilk, dry mix, prepared",335.0,7.3,12.1,48.4,1.8,vegetarian
"Beverages, Lemonade fruit juice drink light, fortified with vitamin E and C",21.0,0.0,0.0,5.0,0.0,vegan
"Cheese, cheshire",387.0,23.37,30.6,4.78,0.0,vegetarian
"Oil, almond",884.0,0.0,100.0,0.0,0.0,vegan
"Olives, ripe, canned (jumbo-super colossal)",81.0,0.97,6.87,5.61,2.5,vegan
"Cereals ready-to-eat, QUAKER, QUAKER 100% Natural Granola with Oats, Wheat, Honey, and Raisins",412.0,9.66,10.38,74.67,9.4,vegetarian
"Babyfood, banana apple dessert, strained",68.0,0.3,0.2,16.3,1.0,vegan
"Pigeon peas (red gram), mature seeds, cooked, boiled, with salt",121.0,6.76,0.38,23.25,6.7,vegan
"Buckwheat groats, roasted, dry",346.0,11.73,2.71,74.95,10.3,vegan
"Babyfood, fruit, plums with tapioca, without ascorbic acid, junior",74.0,0.1,0.0,20.5,1.2,vegan
"Cheese, pasteurized process, cheddar or American, low sodium",376.0,22.2,31.19,1.6,0.0,vegetarian
"Milk, dry, nonfat, instant, without added vitamin A and vitamin D",358.0,35.1,0.72,52.19,0.0,vegetarian
"Archway Home Style Cookies, Oatmeal",421.0,5.48,14.08,68.17,2.9,vegan
"Lamb, New Zealand, imported, tunnel-boned leg, chump off, shank off, separable lean only, cooked, slow roasted",159.0,25.29,6.44,0.0,0.0,non_vegetarian
"Lamb, variety meats and by-products, pancreas, cooked, braised",234.0,22.83,15.12,0.0,0.0,non_vegetarian
"Beef, flank, steak, separable lean and fat, trimmed to 0"" fat, choice, raw",165.0,21.22,8.29,0.0,0.0,non_vegetarian
"Beef, rib eye steak, boneless, lip off, separable lean only, trimmed to 0"" fat, choice, cooked, grilled",215.0,27.39,11.75,0.0,0.0,non_vegetarian
"Beef, shank crosscuts, separable lean only, trimmed to 1/4"" fat, choice, cooked, simmered",201.0,33.68,6.36,0.0,0.0,non_vegetarian
"Milk, imitation, non-soy",46.0,1.6,2.0,5.3,0.0,vegetarian
"Lamb, Australian, imported, fresh, shoulder, arm, separable lean and fat, trimmed to 1/8"" fat, cooked, braised",311.0,29.7,20.38,0.0,,non_vegetarian
"Pork sausage rice links, brown and serve, cooked",407.0,13.7,37.63,2.36,0.0,non_vegetarian
"Peanut flour, defatted",327.0,52.2,0.55,34.7,15.8,vegan
Raspberry juice concentrate,221.0,3.04,1.34,53.19,1.1,vegan
"Mung beans, mature seeds, cooked, boiled, with salt",105.0,7.02,0.38,19.15,7.6,vegan
"Beef, ribeye petite roast, boneless, separable lean only, trimmed to 0"" fat, choice, cooked, roasted",188.0,28.0,8.42,0.0,0.0,non_vegetarian
"Salad dressing, mayonnaise and mayonnaise-type, low calorie",263.0,0.9,19.0,23.9,0.0,vegetarian
"Fast foods, biscuit, with egg and bacon",305.0,11.33,20.73,19.06,0.5,non_vegetarian
"Babyfood, fruit, bananas and pineapple with tapioca, junior",68.0,0.2,0.1,18.4,1.6,vegan
"Peas, green, canned, regular pack, solids and liquids",58.0,3.01,0.48,10.6,3.3,vegan
"Orange-grapefruit juice, canned or bottled, unsweetened",43.0,0.6,0.1,10.28,0.1,vegan
"DOMINO'S 14"" Cheese Pizza, Ultimate Deep Dish Crust",265.0,10.76,9.83,33.48,2.4,vegetarian
"Pork, fresh, loin, sirloin (chops), bone-in, separable lean and fat, cooked, broiled",222.0,26.96,11.82,0.0,0.0,non_vegetarian
"Cookies, oatmeal, dry mix",462.0,6.5,19.2,67.3,,vegan
"Beans, pinto, canned, drained solids",114.0,6.99,0.9,20.22,5.5,vegan
"Pork, cured, ham, center slice, country-style, separable lean only, raw",195.0,27.8,8.32,0.3,0.0,non_vegetarian
"Beverages, Fruit punch drink, frozen concentrate",162.0,0.2,0.0,41.4,0.4,vegan
"Crustaceans, shrimp, cooked",99.0,23.98,0.28,0.2,,non_vegetarian
"Beef, ground, 80% lean meat / 20% fat, crumbles, cooked, pan-browned",272.0,27.0,17.36,0.0,0.0,non_vegetarian
"Soup, cheese, canned, prepared with equal volume water",63.0,2.19,4.24,4.26,0.4,vegetarian
"Soybeans, mature seeds, sprouted, cooked, stir-fried",125.0,13.1,7.1,9.4,0.8,vegan
SILK Strawberry soy yogurt,94.0,2.35,1.18,18.24,0.6,vegetarian
"Lamb, New Zealand, imported, breast, separable lean only, raw",149.0,18.31,7.98,1.02,0.0,non_vegetarian
"Fish, sheefish, raw (Alaska Native)",115.0,22.25,2.84,0.0,0.0,non_vegetarian
"Beef, chuck eye roast, boneless, America's Beef Roast, separable lean and fat, trimmed to 0"" fat, select, cooked, roasted",229.0,24.86,14.41,0.0,0.0,non_vegetarian
"Popcorn, microwave, low fat and sodium",429.0,12.6,9.5,73.39,14.2,vegan
"Cheese, cottage, lowfat, 1% milkfat, with vegetables",67.0,10.9,1.0,3.0,0.0,vegetarian
"Swisswurst, pork and beef, with swiss cheese, smoked",307.0,12.69,27.37,1.6,0.0,non_vegetarian
"Pork, fresh, loin, tenderloin, separable lean and fat, raw",120.0,20.65,3.53,0.0,0.0,non_vegetarian
"Tomato products, canned, sauce",24.0,1.2,0.3,5.31,1.5,vegan
"Rice noodles, dry",364.0,5.95,0.56,80.18,1.6,vegan
"Beef, round, eye of round roast, boneless, separable lean only, trimmed to 0"" fat, select, raw",116.0,23.41,2.52,0.0,0.0,non_vegetarian
"Lamb, New Zealand, imported, heart, raw",105.0,18.09,3.68,0.0,0.0,non_vegetarian
"Pork, ground, 72% lean / 28% fat, cooked, pan-broiled",377.0,22.59,31.42,1.08,0.0,non_vegetarian
"BURGER KING, Premium Fish Sandwich",260.0,10.29,12.45,26.69,0.9,non_vegetarian
"Apricots, canned, heavy syrup pack, with skin, solids and liquids",83.0,0.53,0.08,21.47,1.6,vegan
"Pork, fresh, variety meats and by-products, pancreas, raw",199.0,18.56,13.24,0.0,0.0,non_vegetarian
"Fast foods, english muffin, with egg, cheese, and sausage",286.0,13.38,18.1,17.44,0.2,non_vegetarian
"Whale, beluga, meat, raw (Alaska Native)",111.0,26.5,0.5,0.0,0.0,non_vegetarian
"Crackers, milk",446.0,7.6,13.77,71.73,3.4,vegetarian
"Pork, fresh, variety meats and by-products, liver, raw",134.0,21.39,3.65,2.47,0.0,non_vegetarian
"Pork, cured, ham, slice, bone-in, separable lean and fat, unheated",173.0,22.45,9.17,0.21,0.0,non_vegetarian
"Cheese, dry white, queso seco",326.0,24.5,24.3,2.07,,vegetarian
"Tortilla, blue corn, Sakwavikaviki (Hopi)",276.0,7.83,1.4,58.12,3.4,vegan
"Beef, round, top round, steak, separable lean only, trimmed to 1/8"" fat, all grades, raw",135.0,22.91,4.09,0.0,0.0,non_vegetarian
"Fish, haddock, smoked",116.0,25.23,0.96,0.0,0.0,non_vegetarian
"Figs, dried, uncooked",249.0,3.3,0.92,63.9,9.8,vegan
"Squash, winter, acorn, cooked, baked, with salt",56.0,1.12,0.14,14.58,4.4,vegan
"Lamb, Australian, imported, fresh, external fat, cooked",538.0,16.9,52.3,0.0,0.0,non_vegetarian
"Frankfurter, beef, low fat",140.0,12.0,9.5,1.6,0.0,non_vegetarian
"Millet, cooked",119.0,3.51,1.0,23.67,1.3,vegan
"Wheat flour, white, all-purpose, self-rising, enriched",354.0,9.89,0.97,74.22,2.7,vegan
"Margarine, 80% fat, stick, includes regular and hydrogenated corn and soybean oils",717.0,0.16,80.71,0.7,0.0,vegan
"Turkey from whole, light meat, meat only, with added solution, cooked, roasted",127.0,26.97,2.08,0.0,0.0,non_vegetarian
"Lamb, New Zealand, imported, chump, boneless, separable lean only, cooked, fast roasted",142.0,23.69,5.27,0.0,0.0,non_vegetarian
"Beef, chuck, clod roast, separable lean only, trimmed to 1/4"" fat, all grades, cooked, roasted",173.0,26.36,6.75,0.0,0.0,non_vegetarian
"Cereals ready-to-eat, POST Raisin Bran Cereal",324.0,7.6,1.6,78.9,13.7,vegan
"Frostings, vanilla, creamy, dry mix",410.0,0.3,4.9,93.8,0.1,vegetarian
"Restaurant, Chinese, general tso's chicken",295.0,12.9,16.36,23.99,0.9,non_vegetarian
"Soup, cream of mushroom, canned, prepared with equal volume low fat (2%) milk",65.0,2.36,3.58,5.76,0.3,vegetarian
"Frozen novelties, ice cream type, sundae, prepackaged",190.0,4.3,6.0,29.64,0.3,vegetarian
"Tortillas, ready-to-bake or -fry, flour, shelf stable",297.0,8.01,7.58,49.27,2.4,vegan
"Lamb, New Zealand, imported, flap, boneless, separable lean and fat, cooked, braised",376.0,20.48,32.63,0.14,0.0,non_vegetarian
"APPLEBEE'S, KRAFT, Macaroni & Cheese, from kid's menu",143.0,5.01,4.34,21.08,1.3,vegetarian
"Turnips, cooked, boiled, drained, with salt",22.0,0.71,0.08,5.06,2.0,vegan
"Babyfood, vegetables, mix vegetables junior",36.0,1.4,0.4,8.2,1.5,vegan
"Okra, cooked, boiled, drained, without salt",22.0,1.87,0.21,4.51,2.5,vegan
"Milk dessert, frozen, milk-fat free, chocolate",167.0,4.3,1.0,37.7,0.0,vegetarian
"Beef, New Zealand, imported, bolar blade, separable lean only, raw",129.0,22.09,4.49,0.0,0.0,non_vegetarian
"Babyfood, fruit, tutti frutti, junior",69.0,0.4,0.4,16.0,0.4,vegan
"Orange juice, frozen concentrate, unsweetened, undiluted, with added calcium",147.0,2.4,0.25,33.86,1.0,vegan
"Yogurt, fruit, low fat,9 g protein/8 oz",99.0,3.98,1.15,18.64,0.0,vegetarian
"Beef, rib, back ribs, bone-in, separable lean only, trimmed to 0"" fat, choice, raw",252.0,18.72,19.36,0.64,0.0,non_vegetarian
"Beef, loin, tenderloin roast, boneless, separable lean only, trimmed to 0"" fat, choice, cooked, roasted",183.0,27.48,8.13,0.0,0.0,non_vegetarian
"Wheat, KAMUT khorasan, uncooked",337.0,14.54,2.13,70.58,11.1,vegan
"Lamb, New Zealand, imported, frozen, composite of trimmed retail cuts, separable fat, raw",640.0,6.92,67.63,0.0,0.0,non_vegetarian
"Bread, white, prepared from recipe, made with nonfat dry milk",274.0,7.7,2.6,53.6,2.0,vegetarian
"Ham, chopped, not canned",221.0,16.5,16.7,0.0,0.0,non_vegetarian
"Beef, bottom sirloin, tri-tip roast, separable lean and fat, trimmed to 0"" fat, choice, cooked, roasted",221.0,25.66,12.36,0.0,0.0,non_vegetarian
"Snacks, corn-based, extruded, puffs or twists, cheese-flavor, unenriched",558.0,5.76,35.76,54.1,2.2,vegetarian
"Pizza, meat and vegetable topping, rising crust, frozen, cooked",271.0,12.63,11.75,28.78,2.3,non_vegetarian
"Babyfood, juice, prune and orange",70.0,0.6,0.3,16.8,,vegan
"Beverages, cranberry-apple juice drink, bottled",63.0,0.0,0.11,15.85,0.0,vegan
"Beef, ground, 97% lean meat / 3% fat, loaf, cooked, baked",154.0,27.58,4.06,0.0,0.0,non_vegetarian
"Veal, external fat only, raw",503.0,8.85,51.6,0.89,0.0,non_vegetarian
"Cheese, mozzarella, whole milk",299.0,22.17,22.14,2.4,0.0,vegetarian
"Beverages, carbonated, lemon-lime soda, no caffeine",41.0,0.09,0.0,10.42,0.0,vegan
"Candies, dark chocolate coated coffee beans",540.0,7.5,30.0,59.95,7.5,vegan
"Lamb, leg, shank half, separable lean only, trimmed to 1/4"" fat, choice, raw",125.0,20.52,4.19,0.0,0.0,non_vegetarian
"Flour, amaranth",384.076,13.2093,6.236,68.7787,7.209,vegan
"Cereals, corn grits, yellow, regular and quick, enriched, cooked with water, without salt",65.0,1.23,0.39,13.86,0.7,vegan
"Babyfood, meat, chicken sticks, junior",188.0,14.6,14.4,1.5,0.2,non_vegetarian
"Oil, ucuhuba butter",884.0,0.0,100.0,0.0,0.0,vegetarian
SILK Hazelnut Creamer,133.0,0.0,6.67,20.0,0.0,vegetarian
"Chicken, broilers or fryers, light meat, meat and skin, cooked, stewed",201.0,26.14,9.97,0.0,0.0,non_vegetarian
"Beans, shellie, canned, solids and liquids",30.0,1.76,0.19,6.19,3.4,vegan
"Cereals ready-to-eat, QUAKER Oatmeal Squares, Golden Maple",380.0,11.3,4.83,78.04,8.3,vegan
"Onions, young green, tops only",27.0,0.97,0.47,5.74,1.8,vegan
"Wheat flour, whole-grain (Includes foods for USDA's Food Distribution Program)",340.0,13.21,2.5,71.97,10.7,vegan
"Pickles, cucumber, dill, reduced sodium",12.0,0.5,0.3,2.41,1.0,vegan
"Lamb, New Zealand, imported, loin chop, separable lean only, cooked, fast fried",208.0,27.43,10.7,0.41,0.0,non_vegetarian
"Nuts, coconut meat, dried (desiccated), not sweetened",660.0,6.88,64.53,23.65,16.3,non_vegetarian
"McDONALD'S, McCHICKEN Sandwich",273.0,10.43,13.21,27.97,1.3,non_vegetarian
"Cabbage, raw",25.0,1.28,0.1,5.8,2.5,vegan
"Beef, chuck, top blade, separable lean and fat, trimmed to 0"" fat, select, cooked, broiled",200.0,25.67,9.99,0.0,0.0,non_vegetarian
"Pork, fresh, shoulder, (Boston butt), blade (steaks), separable lean only, raw",132.0,18.73,5.71,0.0,0.0,non_vegetarian
"Potatoes, raw, skin",58.0,2.57,0.1,12.44,2.5,vegan
"Pigeonpeas, immature seeds, raw",136.0,7.2,1.64,23.88,5.1,vegan
"Pork, fresh, loin, country-style ribs, separable lean only, boneless, cooked, broiled",216.0,27.83,11.65,0.0,0.0,non_vegetarian
"Sea lion, Steller, kidney (Alaska Native)",93.0,18.1,1.7,1.4,,non_vegetarian
"Babyfood, fruit supreme dessert",73.0,0.5,0.2,17.18,2.0,vegan
"Peppers, hot chili, green, canned, pods, excluding seeds, solids and liquids",21.0,0.9,0.1,5.1,1.3,vegan
"Kielbasa, Polish, turkey and beef, smoked",226.0,13.1,17.6,3.9,0.0,non_vegetarian
"Beef, chuck, blade roast, separable lean and fat, trimmed to 1/8"" fat, choice, cooked, braised",359.0,26.37,27.26,0.0,0.0,non_vegetarian
"Turkey, drumstick, from whole bird, meat only, with added solution, roasted",158.0,26.1,6.0,0.0,0.0,non_vegetarian
"Turnips, frozen, cooked, boiled, drained, without salt",23.0,1.53,0.24,4.35,2.0,vegan
"Cowpeas, catjang, mature seeds, cooked, boiled, without salt",117.0,8.13,0.71,20.32,3.6,vegan
"Beef, short loin, t-bone steak, bone-in, separable lean only, trimmed to 1/8"" fat, choice, cooked, grilled",217.0,27.48,11.05,0.0,0.0,non_vegetarian
Carob flour,222.0,4.62,0.65,88.88,39.8,vegan
"Pork, cured, ham and water product, rump, bone-in, separable lean only, unheated",107.0,17.93,3.38,1.24,0.0,non_vegetarian
"SILK Nog, soymilk",74.0,2.46,1.64,12.3,0.0,vegetarian
"Salad dressing, mayonnaise, imitation, milk cream",97.0,2.1,5.1,11.1,0.0,vegetarian
"Beef, loin, tenderloin steak, boneless, separable lean only, trimmed to 0"" fat, all grades, cooked, grilled",198.0,30.7,8.32,0.0,0.0,non_vegetarian
"Babyfood, cereal, brown rice, dry, instant",406.0,8.7,3.0,85.98,6.5,vegan
"Cereals ready-to-eat, SUN COUNTRY, KRETSCHMER Toasted Wheat Bran",200.0,17.56,5.16,59.51,41.3,vegan
"Pork, fresh, variety meats and by-products, feet, cooked, simmered",238.0,21.94,16.05,0.0,0.0,non_vegetarian
"Beef, rib, small end (ribs 10-12), separable lean and fat, trimmed to 1/8"" fat, select, cooked, broiled",278.0,27.17,18.0,0.0,0.0,non_vegetarian
"Cabbage, mustard, salted",28.0,1.1,0.1,5.63,3.1,vegan
"Pork, fresh, loin, tenderloin, separable lean only, with added solution, cooked, roasted",116.0,21.61,3.15,0.31,0.0,non_vegetarian
"Beef, chuck, short ribs, boneless, separable lean only, trimmed to 0"" fat, select, cooked, braised",224.0,28.79,12.08,0.0,0.0,non_vegetarian
"Fish, pompano, florida, cooked, dry heat",211.0,23.69,12.14,0.0,0.0,non_vegetarian
"Applesauce, canned, unsweetened, without added ascorbic acid (Includes foods for USDA's Food Distribution Program)",42.0,0.17,0.1,11.27,1.1,vegan
"Cereals ready-to-eat, MALT-O-MEAL, OAT BLENDERS with honey & almonds",379.0,7.8,4.88,77.26,6.1,vegetarian
"Cereals, Oat Bran, QUAKER, QUAKER/MOTHER'S Oat Bran, prepared with water, salt",43.0,2.03,0.95,7.49,1.7,vegan
"Pork, fresh, variety meats and by-products, heart, cooked, braised",148.0,23.6,5.05,0.4,0.0,non_vegetarian
"Beef, tenderloin, steak, separable lean and fat, trimmed to 1/8"" fat, all grades, raw",247.0,19.61,18.16,0.0,0.0,non_vegetarian
"Pigeonpeas, immature seeds, cooked, boiled, drained, with salt",111.0,5.96,1.36,19.49,4.2,vegan
"Beef, round, top round roast, boneless, separable lean and fat, trimmed to 0"" fat, choice, cooked, roasted",163.0,30.08,4.79,0.0,0.0,non_vegetarian
"Cream, fluid, half and half",131.0,3.13,11.5,4.3,0.0,vegetarian
"Game meat, deer, ground, cooked, pan-broiled",187.0,26.45,8.22,0.0,0.0,non_vegetarian
"Chicken, broilers or fryers, dark meat, meat and skin, cooked, fried, batter",298.0,21.85,18.64,9.38,,non_vegetarian
"Snacks, granola bars, hard, almond",495.0,7.7,25.5,62.0,4.8,vegan
"Cereals, QUAKER, Instant Grits, Country Bacon flavor, dry",340.0,9.93,1.73,75.39,5.1,non_vegetarian
"Carrots, mature, raw",47.9906,0.94125,0.3506,10.26755,3.095,vegan
"Fish, whitefish, broad, liver (Alaska Native)",104.0,11.0,4.4,5.1,,non_vegetarian
"Pork, fresh, spareribs, separable lean and fat, cooked, roasted",361.0,20.89,30.86,0.0,0.0,non_vegetarian
"Beef, chuck, mock tender steak, boneless, separable lean and fat, trimmed to 0"" fat, select, raw",122.0,21.05,4.2,0.0,0.0,non_vegetarian
"Pork, fresh, loin, top loin (chops), boneless, separable lean and fat, cooked, braised",200.0,29.2,8.31,0.0,0.0,non_vegetarian
"Beef, loin, top sirloin cap steak, boneless, separable lean only, trimmed to 1/8"" fat, choice, raw",138.0,21.34,5.82,0.0,0.0,non_vegetarian
"Snacks, popcorn, oil-popped, microwave, regular flavor, no trans fat",583.0,7.29,43.55,45.06,8.1,vegan
"Cheese, cheddar, nonfat or fat free",157.0,32.14,0.0,7.14,0.0,vegetarian
"Veal, shank (fore and hind), separable lean and fat, raw",113.0,19.15,3.48,0.0,,non_vegetarian
"Sauce, peanut, made from peanut butter, water, soy sauce",257.0,6.31,16.02,22.02,1.8,vegetarian
"Lamb, New Zealand, imported, fore-shank, separable lean only, cooked, braised",209.0,33.31,8.4,0.0,0.0,non_vegetarian
"Beef, top sirloin, steak, separable lean only, trimmed to 1/8"" fat, choice, raw",135.0,21.91,4.62,0.0,0.0,non_vegetarian
"Quail, cooked, total edible",227.0,25.1,14.1,0.0,0.0,non_vegetarian
"Nuts, pecans, oil roasted, with salt added",715.0,9.2,75.23,13.01,9.5,vegan
"Peas and carrots, canned, no salt added, solids and liquids",38.0,2.17,0.27,8.48,3.3,vegan
"Pear, Anjou, green, with skin, raw",63.6613,0.3125,0.3713,14.7674,2.636,vegan
"Bacon, turkey, unprepared",226.0,15.94,16.93,1.89,,non_vegetarian
"Plantains, green, raw",152.0,1.25,0.07,36.66,2.2,vegan
"Einkorn, grain, dry, raw",369.383,15.11719,3.811,68.65381,8.913,vegan
"Beef, round, top round steak, boneless, separable lean and fat, trimmed to 0"" fat, all grades, raw",124.0,23.49,3.34,0.0,0.0,non_vegetarian
"Peanut flour, low fat",428.0,33.8,21.9,31.27,15.8,vegan
"Pickles, cucumber, dill or kosher dill",12.0,0.48,0.43,1.99,1.0,vegan
"Babyfood, fruit dessert, mango with tapioca",70.0,0.3,0.2,19.0,1.1,vegan
"Beef, New Zealand, imported, ribs prepared, raw",146.0,21.31,6.78,0.0,0.0,non_vegetarian
"Fast foods, croissant, with egg, cheese, and bacon",289.0,12.92,16.4,22.5,1.0,non_vegetarian
"Game meat, rabbit, domesticated, composite of cuts, cooked, roasted",197.0,29.06,8.05,0.0,0.0,non_vegetarian
"Honey roll sausage, beef",182.0,18.58,10.5,2.18,0.0,non_vegetarian
"Pork, fresh, loin, tenderloin, separable lean and fat, cooked, roasted",147.0,26.04,3.96,0.0,0.0,non_vegetarian
"Beef, rib, back ribs, bone-in, separable lean and fat, trimmed to 0"" fat, choice, cooked, braised",372.0,23.34,30.95,0.0,0.0,non_vegetarian
"Beef, variety meats and by-products, suet, raw",854.0,1.5,94.0,0.0,0.0,non_vegetarian
"Pasta, fresh-refrigerated, plain, cooked",131.0,5.15,1.05,24.93,,vegan
"Archway Home Style Cookies, Iced Oatmeal",435.0,4.89,16.53,66.76,2.0,vegan
"Ice cream, light, soft serve, chocolate",141.0,3.36,3.69,23.15,0.0,vegetarian
"Burrito, beef and bean, microwaved",298.0,8.73,11.94,38.95,6.9,non_vegetarian
"Beans, snap, green, canned, no salt added, solids and liquids",15.0,0.8,0.1,3.5,1.5,vegan
"Chicken, stewing, giblets, cooked, simmered",194.0,25.73,9.3,0.11,0.0,non_vegetarian
"Pork, fresh, shoulder, arm picnic, separable lean and fat, cooked, roasted",317.0,23.47,24.01,0.0,0.0,non_vegetarian
"Macaroni, vegetable, enriched, dry",367.0,13.14,1.04,74.88,4.3,vegan
"Pork, fresh, loin, blade (chops or roasts), boneless, separable lean only, raw",123.0,21.35,3.78,0.82,0.0,non_vegetarian
"Pork, cured, ham and water product, shank, bone-in, separable lean only, heated, roasted",132.0,21.69,4.45,1.26,0.0,non_vegetarian
"Game meat, goat, cooked, roasted",143.0,27.1,3.03,0.0,0.0,non_vegetarian
"Sour cream, imitation, cultured",208.0,2.4,19.52,6.63,0.0,vegetarian
"Babyfood, meat, pork, strained",124.0,14.0,7.1,0.0,0.0,non_vegetarian
"Cheese, cottage, creamed, with fruit",97.0,10.69,3.85,4.61,0.2,vegetarian
"Lamb, New Zealand, imported, rack - fully frenched, separable lean and fat, cooked, fast roasted",195.0,23.56,11.2,0.01,0.0,non_vegetarian
"Crackers, gluten-free, multigrain and vegetable, made with corn starch and white rice flour",456.0,2.5,15.41,76.94,3.0,vegan
"Beef, New Zealand, imported, cube roll, separable lean only, raw",161.0,19.77,8.51,1.38,0.0,non_vegetarian
"Babyfood, dessert, peach cobbler, junior",67.0,0.3,0.0,18.3,0.7,vegan
"Veal, variety meats and by-products, brain, raw",118.0,10.32,8.21,0.0,0.0,non_vegetarian
"Chicken, broilers or fryers, drumstick, meat and skin, cooked, fried, flour",245.0,26.96,13.72,1.63,0.1,non_vegetarian
"Oranges, raw, navels (Includes foods for USDA's Food Distribution Program)",47.0,0.91,0.15,11.8,2.0,vegan
"Babyfood, vegetables, peas, strained",50.0,3.27,0.43,8.36,2.0,vegan
"KFC, Fried Chicken, EXTRA CRISPY, Breast, meat only, skin and breading removed",153.0,27.25,4.82,0.25,,non_vegetarian
"Potatoes, baked, skin, without salt",198.0,4.29,0.1,46.06,7.9,vegan
"Veal, composite of trimmed retail cuts, separable fat, raw",638.0,6.02,67.83,0.0,0.0,non_vegetarian
"Oranges, raw, all commercial varieties",47.0,0.94,0.12,11.75,2.4,vegan
"Eggplant, raw",26.0848,0.851875,0.12,5.399325,2.448,vegetarian
"Cereals ready-to-eat, chocolate-flavored frosted puffed corn",405.0,3.34,3.5,87.2,3.8,vegan
"Cheese, Mexican blend",384.0,23.54,32.14,0.13,0.0,vegetarian
"Veggie burgers or soyburgers, unprepared",177.0,15.7,6.3,14.27,4.9,vegetarian
"Beef, ground, patties, frozen, cooked, broiled",295.0,23.05,21.83,0.0,0.0,non_vegetarian
"Beef, ground, 97% lean meat /3% fat, patty, cooked, pan-broiled",144.0,26.03,3.65,0.0,0.0,non_vegetarian
"Pineapple, canned, light syrup pack, solids and liquids",52.0,0.36,0.12,13.45,0.8,vegan
"Milk, canned, condensed, sweetened",321.0,7.91,8.7,54.4,0.0,vegetarian
"Restaurant, Italian, spaghetti with pomodoro sauce (no meat)",104.0,3.9,1.89,17.77,1.7,non_vegetarian
"Beverages, V8 SPLASH Juice Drinks, Guava Passion Fruit",33.0,0.0,0.0,7.82,,vegan
"Formulated bar, MARS SNACKFOOD US, SNICKERS MARATHON Chewy Chocolate Peanut Bar",396.0,24.29,13.12,47.24,2.5,vegan
"Beef, New Zealand, imported, hind shin, separable lean only, raw",114.0,21.46,3.12,0.0,0.0,non_vegetarian
"Cheese, cotija, solid",351.4,23.83568,27.24,2.72432,,vegetarian
"Pasta, fresh-refrigerated, spinach, as purchased",289.0,11.26,2.1,55.72,,vegan
"Turkey, whole, giblets, raw",124.0,18.18,5.09,0.07,0.0,non_vegetarian
"Egg, yolk, raw, fresh",322.0,15.86,26.54,3.59,0.0,vegetarian
"Babyfood, dessert, cherry vanilla pudding, strained",68.0,0.2,0.3,17.8,0.3,vegan
"Artichokes, (globe or french), cooked, boiled, drained, without salt",53.0,2.89,0.34,11.95,5.7,vegan
"Beans, french, mature seeds, cooked, boiled, with salt",129.0,7.05,0.76,24.02,9.4,vegan
"Babyfood, vegetables, garden vegetable, strained",32.0,2.3,0.2,6.8,1.5,vegan
"Wheat, sprouted",198.0,7.49,1.27,42.53,1.1,vegan
"Duck, domesticated, meat and skin, raw",404.0,11.49,39.34,0.0,0.0,non_vegetarian
"Chicken, broilers or fryers, neck, meat only, cooked, fried",229.0,26.87,11.88,1.77,0.0,non_vegetarian
"Beef, shoulder steak, boneless, separable lean only, trimmed to 0"" fat, select, cooked, grilled",169.0,28.71,5.17,0.0,0.0,non_vegetarian
"Pork, fresh, variety meats and by-products, liver, cooked, braised",165.0,26.02,4.4,3.76,0.0,non_vegetarian
"Babyfood, cereal, high protein, with apple and orange, dry",374.0,25.4,6.5,57.6,7.1,vegan
"Mollusks, oyster, eastern, wild, cooked, dry heat",79.0,8.87,2.65,4.23,0.0,non_vegetarian
"Mollusks, clam, mixed species, cooked, moist heat",148.0,25.55,1.95,5.13,0.0,non_vegetarian
"Salami, dry or hard, pork",407.0,22.58,33.72,1.6,0.0,non_vegetarian
"Pie, apple, commercially prepared, enriched flour",237.0,1.9,11.0,34.0,1.6,vegan
"Noodles, egg, dry, enriched",384.0,14.16,4.44,71.27,3.3,vegetarian
"BURGER KING, Original Chicken Sandwich",286.0,12.14,14.69,26.22,2.4,non_vegetarian
"Babyfood, fruit, applesauce and pineapple, junior",39.0,0.1,0.1,10.5,1.5,vegan
"Fast foods, vanilla, light, soft-serve ice cream, with cone",163.0,4.24,4.86,26.36,0.1,vegetarian
"Beef, round, eye of round steak, boneless, separable lean only, trimmed to 0"" fat, all grades, raw",121.0,23.37,3.04,0.0,0.0,non_vegetarian
"Fast foods, grilled chicken, bacon and tomato club sandwich, with cheese, lettuce, and mayonnaise",220.0,17.19,8.05,19.87,1.2,non_vegetarian
"Beef, chuck, shoulder clod, top blade, steak, separable lean and fat, trimmed to 0"" fat, select, raw",166.0,19.38,9.22,0.0,0.0,non_vegetarian
"Syrups, corn, high-fructose",281.0,0.0,0.0,76.0,0.0,vegan
"Mollusks, scallop, mixed species, cooked, breaded and fried",216.0,18.07,10.94,10.13,,non_vegetarian
"Milk shakes, thick chocolate",119.0,3.05,2.7,21.15,0.3,vegetarian
"Fruit juice smoothie, BOLTHOUSE FARMS, BERRY BOOST",46.0,0.63,0.02,10.9,0.0,vegan
"Lamb, shoulder, arm, separable lean and fat, trimmed to 1/4"" fat, choice, cooked, braised",346.0,30.39,24.0,0.0,0.0,non_vegetarian
"Snacks, potato chips, made from dried potatoes, reduced fat",502.0,4.56,26.14,64.76,3.2,vegan
"Salami, cooked, beef and pork",336.0,21.85,25.9,2.4,0.0,non_vegetarian
