food_id,food_name,source,protein_g,fat_g,carbs_g,fiber_g,calories,food_type
167782,"Abiyuch, raw",SR Legacy,1.5,0.1,17.6,5.3,69.0,unknown
171687,"Acerola juice, raw",SR Legacy,0.4,0.3,4.8,0.3,23.0,unknown
168992,"Agave, cooked (Southwest)",SR Legacy,0.99,0.29,32.0,10.6,135.0,unknown
168993,"Agave, dried (Southwest)",SR Legacy,1.71,0.69,81.98,15.6,341.0,unknown
169814,"Agave, raw (Southwest)",SR Legacy,0.52,0.15,16.23,6.6,68.0,unknown
168749,"Alcoholic beverage, beer, light",SR Legacy,0.24,0.0,1.64,0.0,29.0,unknown
169572,"Alcoholic beverage, beer, light, BUD LIGHT",SR Legacy,0.25,0.0,1.3,0.0,29.0,unknown
168748,"Alcoholic beverage, beer, light, BUDWEISER SELECT",SR Legacy,0.2,0.0,0.87,0.0,28.0,unknown
174145,"Alcoholic beverage, beer, light, higher alcohol",SR Legacy,0.25,0.0,0.77,0.0,46.0,unknown
169575,"Alcoholic beverage, beer, light, low carb",SR Legacy,0.17,0.0,0.73,0.0,27.0,unknown
168746,"Alcoholic beverage, beer, regular, all",SR Legacy,0.46,0.0,3.55,0.0,43.0,unknown
168747,"Alcoholic beverage, beer, regular, BUDWEISER",SR Legacy,0.36,0.0,2.97,0.0,41.0,unknown
173168,"Alcoholic beverage, creme de menthe, 72 proof",SR Legacy,0.0,0.3,41.6,0.0,371.0,unknown
169573,"Alcoholic beverage, daiquiri, canned",SR Legacy,0.0,0.0,15.7,0.0,125.0,unknown
169574,"Alcoholic beverage, daiquiri, prepared-from-recipe",SR Legacy,0.06,0.06,6.94,0.1,186.0,unknown
173664,"Alcoholic beverage, distilled, all (gin, rum, vodka, whiskey) 100 proof",SR Legacy,0.0,0.0,0.0,0.0,295.0,unknown
174815,"Alcoholic beverage, distilled, all (gin, rum, vodka, whiskey) 80 proof",SR Legacy,0.0,0.0,0.0,0.0,231.0,unknown
171919,"Alcoholic beverage, distilled, all (gin, rum, vodka, whiskey) 86 proof",SR Legacy,0.0,0.0,0.1,0.0,250.0,unknown
171920,"Alcoholic beverage, distilled, all (gin, rum, vodka, whiskey) 90 proof",SR Legacy,0.0,0.0,0.0,0.0,263.0,unknown
173663,"Alcoholic beverage, distilled, all (gin, rum, vodka, whiskey) 94 proof",SR Legacy,0.0,0.0,0.0,0.0,275.0,unknown
174817,"Alcoholic beverage, distilled, rum, 80 proof",SR Legacy,0.0,0.0,0.0,0.0,231.0,unknown
174818,"Alcoholic beverage, distilled, vodka, 80 proof",SR Legacy,0.0,0.0,0.0,0.0,231.0,unknown
174819,"Alcoholic beverage, distilled, whiskey, 86 proof",SR Legacy,0.0,0.0,0.1,0.0,250.0,unknown
175097,"Alcoholic beverage, liqueur, coffee, 53 proof",SR Legacy,0.1,0.3,46.8,0.0,336.0,unknown
173665,"Alcoholic beverage, liqueur, coffee, 63 proof",SR Legacy,0.1,0.3,32.2,0.0,308.0,unknown
168750,"Alcoholic beverage, pina colada, canned",SR Legacy,0.6,7.6,27.6,0.1,237.0,unknown
168752,"Alcoholic beverage, pina colada, prepared-from-recipe",SR Legacy,0.42,1.88,22.66,0.3,174.0,unknown
168753,"Alcoholic beverage, tequila sunrise, canned",SR Legacy,0.3,0.1,11.3,0.0,110.0,unknown
173662,"Alcoholic beverage, whiskey sour",SR Legacy,0.0,0.03,13.17,0.0,149.0,unknown
174810,"Alcoholic beverage, whiskey sour, canned",SR Legacy,0.0,0.0,13.4,0.1,119.0,unknown
174812,"Alcoholic beverage, whiskey sour, prepared from item 14028",SR Legacy,0.06,0.06,12.82,0.0,153.0,unknown
173164,"Alcoholic beverage, whiskey sour, prepared with water, whiskey and powder mix",SR Legacy,0.1,0.02,15.85,0.0,164.0,unknown
169070,"Alcoholic beverage, wine, cooking",SR Legacy,0.5,0.0,6.3,0.0,50.0,unknown
175112,"Alcoholic beverage, wine, dessert, dry",SR Legacy,0.2,0.0,11.67,0.0,152.0,unknown
173176,"Alcoholic beverage, wine, dessert, sweet",SR Legacy,0.2,0.0,13.69,0.0,160.0,unknown
169071,"Alcoholic beverage, wine, light",SR Legacy,0.07,0.0,1.17,0.0,49.0,unknown
173185,"Alcoholic beverage, wine, table, all",SR Legacy,0.07,0.0,2.72,0.0,83.0,unknown
173190,"Alcoholic beverage, wine, table, red",SR Legacy,0.07,0.0,2.61,0.0,85.0,unknown
173191,"Alcoholic Beverage, wine, table, red, Barbera",SR Legacy,0.07,0.0,2.79,,85.0,unknown
173208,"Alcoholic Beverage, wine, table, red, Burgundy",SR Legacy,0.07,0.0,3.69,,86.0,unknown
174834,"Alcoholic Beverage, wine, table, red, Cabernet Franc",SR Legacy,0.07,0.0,2.45,,83.0,unknown
174833,"Alcoholic Beverage, wine, table, red, Cabernet Sauvignon",SR Legacy,0.07,0.0,2.6,,83.0,unknown
174840,"Alcoholic Beverage, wine, table, red, Carignane",SR Legacy,0.07,0.0,2.4,,74.0,unknown
173194,"Alcoholic Beverage, wine, table, red, Claret",SR Legacy,0.07,0.0,3.01,,83.0,unknown
171872,"Alcoholic Beverage, wine, table, red, Gamay",SR Legacy,0.07,0.0,2.38,,78.0,unknown
174838,"Alcoholic Beverage, wine, table, red, Lemberger",SR Legacy,0.07,0.0,2.46,,80.0,unknown
171925,"Alcoholic Beverage, wine, table, red, Merlot",SR Legacy,0.07,0.0,2.51,0.0,83.0,unknown
174109,"Alcoholic Beverage, wine, table, red, Mouvedre",SR Legacy,0.07,0.0,2.64,,88.0,unknown
173193,"Alcoholic Beverage, wine, table, red, Petite Sirah",SR Legacy,0.07,0.0,2.68,,85.0,unknown
174835,"Alcoholic Beverage, wine, table, red, Pinot Noir",SR Legacy,0.07,0.0,2.31,,82.0,unknown
174839,"Alcoholic Beverage, wine, table, red, Sangiovese",SR Legacy,0.07,0.0,2.62,,86.0,unknown
174836,"Alcoholic Beverage, wine, table, red, Syrah",SR Legacy,0.07,0.0,2.58,,83.0,unknown
173192,"Alcoholic Beverage, wine, table, red, Zinfandel",SR Legacy,0.07,0.0,2.86,,88.0,unknown
174837,"Alcoholic beverage, wine, table, white",SR Legacy,0.07,0.0,2.6,0.0,82.0,unknown
174110,"Alcoholic beverage, wine, table, white, Chardonnay",SR Legacy,0.07,0.0,2.16,0.0,84.0,unknown
173195,"Alcoholic beverage, wine, table, white, Chenin Blanc",SR Legacy,0.07,0.0,3.31,,80.0,unknown
173196,"Alcoholic beverage, wine, table, white, Fume Blanc",SR Legacy,0.07,0.0,2.27,,82.0,unknown
174843,"Alcoholic beverage, wine, table, white, Gewurztraminer",SR Legacy,0.07,0.0,2.6,,81.0,unknown
173202,"Alcoholic beverage, wine, table, white, late harvest",SR Legacy,0.07,0.0,13.39,,112.0,unknown
174844,"Alcoholic beverage, wine, table, white, late harvest, Gewurztraminer",SR Legacy,0.07,0.0,11.39,,108.0,unknown
173198,"Alcoholic beverage, wine, table, white, Muller Thurgau",SR Legacy,0.07,0.0,3.48,,76.0,unknown
174849,"Alcoholic beverage, wine, table, white, Muscat",SR Legacy,0.07,0.0,5.23,,82.0,unknown
174848,"Alcoholic beverage, wine, table, white, Pinot Blanc",SR Legacy,0.07,0.0,1.94,,81.0,unknown
174841,"Alcoholic beverage, wine, table, white, Pinot Gris (Grigio)",SR Legacy,0.07,0.0,2.06,,83.0,unknown
173200,"Alcoholic beverage, wine, table, white, Riesling",SR Legacy,0.07,0.0,3.74,,80.0,unknown
173201,"Alcoholic beverage, wine, table, white, Sauvignon Blanc",SR Legacy,0.07,0.0,2.05,,81.0,unknown
174845,"Alcoholic beverage, wine, table, white, Semillon",SR Legacy,0.07,0.0,3.12,,82.0,unknown
171906,"Alcoholic beverages, beer, higher alcohol",SR Legacy,0.9,0.0,0.27,0.0,58.0,unknown
171908,"Alcoholic beverages, wine, rose",SR Legacy,0.36,0.0,3.8,0.0,83.0,unknown
167590,"Andrea's, Gluten Free Soft Dinner Roll",SR Legacy,5.65,8.2,40.24,2.9,257.0,unknown
175071,"Archway Home Style Cookies, Chocolate Chip Ice Box",SR Legacy,4.28,24.4,65.02,2.0,497.0,unknown
173247,"Archway Home Style Cookies, Dutch Cocoa",SR Legacy,4.5,14.99,69.44,2.6,431.0,unknown
173251,"Archway Home Style Cookies, Old Fashioned Windmill Cookies",SR Legacy,5.17,17.55,72.23,1.8,468.0,unknown
175077,"Archway Home Style Cookies, Reduced Fat Ginger Snaps",SR Legacy,4.67,11.14,76.23,1.1,424.0,unknown
168493,"Arrowhead, cooked, boiled, drained, with salt",SR Legacy,4.49,0.1,16.14,,78.0,unknown
169204,"Arrowhead, cooked, boiled, drained, without salt",SR Legacy,4.49,0.1,16.14,,78.0,unknown
169203,"Arrowhead, raw",SR Legacy,5.33,0.29,20.23,,99.0,unknown
168490,"Arrowroot, raw",SR Legacy,4.24,0.2,13.39,1.3,65.0,unknown
168978,Ascidians (tunughnak) (Alaska Native),SR Legacy,3.8,0.5,0.0,,20.0,unknown
2710824,"Avocado, Hass, peeled, raw",Foundation Foods,1.8125,20.31,8.3235,,223.334,unknown
171705,"Avocados, raw, all commercial varieties",SR Legacy,2.0,14.66,8.53,6.7,160.0,unknown
171706,"Avocados, raw, California",SR Legacy,1.96,15.41,8.64,6.8,167.0,unknown
171707,"Avocados, raw, Florida",SR Legacy,2.23,10.06,7.82,5.6,120.0,unknown
169047,"Babyfood, baked product, finger snacks cereal fortified",SR Legacy,6.4,9.9,76.68,2.3,421.0,unknown
170964,"Babyfood, cereal, mixed, dry fortified",SR Legacy,6.66,6.66,78.21,6.7,399.0,unknown
170975,"Babyfood, cookies",SR Legacy,11.8,13.2,67.1,0.2,433.0,unknown
171369,"Babyfood, cookies, arrowroot",SR Legacy,7.6,10.0,75.4,0.2,424.0,unknown
171000,"Babyfood, Multigrain whole grain cereal, dry fortified",SR Legacy,6.67,6.67,80.06,6.7,407.0,unknown
171370,"Babyfood, pretzels",SR Legacy,10.8,2.0,82.2,2.3,397.0,unknown
171340,"Babyfood, prunes, without vitamin c, strained",SR Legacy,1.0,0.2,23.52,2.7,100.0,unknown
172253,"Babyfood, water, bottled, GERBER, without added fluoride",SR Legacy,0.0,0.0,0.0,0.0,0.0,unknown
172664,"Bagels, cinnamon-raisin",SR Legacy,9.8,1.7,55.2,2.3,274.0,unknown
172665,"Bagels, cinnamon-raisin, toasted",SR Legacy,10.6,1.8,59.3,2.5,294.0,unknown
171852,"Bagels, multigrain",SR Legacy,9.9,1.24,47.47,6.2,241.0,unknown
174092,"Bagels, whole grain white",SR Legacy,9.3,0.0,54.52,4.7,255.0,unknown
169581,"Baking chocolate, MARS SNACKFOOD US, M&M's Semisweet Chocolate Mini Baking Bits",SR Legacy,4.44,26.15,65.96,6.7,517.0,unknown
167999,"Baking chocolate, mexican, squares",SR Legacy,3.64,15.59,77.41,4.0,426.0,unknown
167567,"Baking chocolate, unsweetened, liquid",SR Legacy,12.1,47.7,36.2,18.1,472.0,unknown
167568,"Baking chocolate, unsweetened, squares",SR Legacy,14.32,52.31,28.42,16.6,642.0,unknown
169783,"BANQUET, Salisbury Steak With Gravy, family size, frozen, unprepared",SR Legacy,6.89,11.1,6.96,1.0,155.0,unknown
167806,Baobab powder,SR Legacy,3.69,0.47,79.65,44.5,250.0,unknown
172232,"Basil, fresh",SR Legacy,3.15,0.64,2.65,1.6,23.0,unknown
169073,"Beverage, instant breakfast powder, chocolate, not reconstituted",SR Legacy,19.9,1.4,66.2,0.4,353.0,unknown
169897,"Beverage, instant breakfast powder, chocolate, sugar-free, not reconstituted",SR Legacy,35.8,5.1,41.0,2.0,358.0,unknown
174108,"Beverages,  Energy drink, Citrus",SR Legacy,0.0,0.0,11.27,0.0,45.0,unknown
167727,"Beverages, ABBOTT, ENSURE PLUS, ready-to-drink",SR Legacy,5.16,4.52,19.88,0.0,141.0,unknown
174823,"Beverages, ABBOTT, ENSURE, Nutritional Shake, Ready-to-Drink",SR Legacy,3.8,2.53,16.88,0.0,105.0,unknown
173175,"Beverages, Acai berry drink, fortified",SR Legacy,0.83,0.83,12.83,1.2,62.0,unknown
174131,"Beverages, aloe vera juice drink, fortified with Vitamin C",SR Legacy,0.0,0.0,3.75,0.0,15.0,unknown
174146,"Beverages, AMBER, hard cider",SR Legacy,0.0,0.0,5.92,0.0,56.0,unknown
174842,"Beverages, carbonated, club soda",SR Legacy,0.0,0.0,0.0,0.0,0.0,unknown
175093,"Beverages, carbonated, cola, fast-food cola",SR Legacy,0.07,0.02,9.56,0.0,37.0,unknown
174852,"Beverages, carbonated, cola, regular",SR Legacy,0.0,0.25,10.36,0.0,42.0,unknown
174851,"Beverages, carbonated, cola, without caffeine",SR Legacy,0.0,0.0,10.58,0.0,41.0,unknown
174846,"Beverages, carbonated, ginger ale",SR Legacy,0.0,0.0,8.76,0.0,34.0,unknown
175099,"Beverages, carbonated, low calorie, cola or pepper-type, with aspartame, contains caffeine",SR Legacy,0.11,0.03,0.29,0.0,2.0,unknown
174850,"Beverages, carbonated, low calorie, cola or pepper-type, with aspartame, without caffeine",SR Legacy,0.12,0.0,0.12,0.0,1.0,unknown
171876,"Beverages, carbonated, low calorie, cola or pepper-types, with sodium saccharin, contains caffeine",SR Legacy,0.0,0.0,0.1,0.0,0.0,unknown
173204,"Beverages, carbonated, low calorie, other than cola or pepper,  without caffeine",SR Legacy,0.1,0.0,0.0,0.0,0.0,unknown
173207,"Beverages, carbonated, low calorie, other than cola or pepper, with aspartame, contains caffeine",SR Legacy,0.1,0.0,0.0,0.0,0.0,unknown
173209,"Beverages, carbonated, pepper-type, contains caffeine",SR Legacy,0.0,0.1,10.4,0.0,41.0,unknown
174853,"Beverages, carbonated, reduced sugar, cola, contains caffeine and sweeteners",SR Legacy,0.0,0.0,5.16,0.0,20.0,unknown
171871,"Beverages, carbonated, root beer",SR Legacy,0.0,0.0,10.6,0.0,41.0,unknown
171869,"Beverages, carbonated, tonic water",SR Legacy,0.0,0.0,8.8,0.0,34.0,unknown
174114,"Beverages, Carob-flavor beverage mix, powder",SR Legacy,1.8,0.2,93.3,8.0,372.0,unknown
174824,"Beverages, chocolate powder, no sugar added",SR Legacy,9.09,4.5,68.31,9.1,350.0,unknown
174117,"Beverages, chocolate syrup",SR Legacy,2.1,1.13,65.1,2.6,279.0,unknown
167739,"Beverages, Cocktail mix, non-alcoholic, concentrated, frozen",SR Legacy,0.08,0.01,71.6,0.0,287.0,unknown
175114,"Beverages, Cocoa mix, low calorie, powder, with added calcium, phosphorus, aspartame, without added sodium or vitamin A",SR Legacy,25.1,3.0,58.0,1.1,359.0,unknown
174124,"Beverages, Cocoa mix, NESTLE, Hot Cocoa Mix Rich Chocolate With Marshmallows",SR Legacy,2.8,15.0,75.0,3.7,400.0,unknown
171886,"Beverages, Cocoa mix, no sugar added, powder",SR Legacy,15.49,3.0,71.93,7.5,377.0,unknown
174122,"Beverages, Cocoa mix, powder",SR Legacy,6.67,4.0,83.73,3.7,398.0,unknown
174123,"Beverages, Cocoa mix, powder, prepared with water",SR Legacy,0.92,0.55,11.54,0.5,55.0,unknown
175092,"Beverages, cocoa mix, with aspartame, powder, prepared with water",SR Legacy,1.21,0.23,5.61,0.6,29.0,unknown
174127,"Beverages, coffee and cocoa, instant, decaffeinated, with whitener and low calorie sweetener",SR Legacy,9.0,13.21,71.4,4.8,440.0,unknown
174138,"Beverages, coffee substitute, cereal grain beverage, powder",SR Legacy,6.01,2.52,78.42,23.3,360.0,unknown
174139,"Beverages, coffee substitute, cereal grain beverage, prepared with water",SR Legacy,0.1,0.04,1.3,0.4,6.0,unknown
171881,"Beverages, coffee, brewed, breakfast blend",SR Legacy,0.3,0.0,0.17,0.0,2.0,unknown
171891,"Beverages, coffee, brewed, espresso, restaurant-prepared",SR Legacy,0.12,0.18,1.67,0.0,9.0,unknown
174125,"Beverages, coffee, brewed, espresso, restaurant-prepared, decaffeinated",SR Legacy,0.1,0.18,1.69,0.0,9.0,unknown
171890,"Beverages, coffee, brewed, prepared with tap water",SR Legacy,0.12,0.02,0.0,0.0,1.0,unknown
171889,"Beverages, coffee, brewed, prepared with tap water, decaffeinated",SR Legacy,0.1,0.0,0.0,0.0,0.0,unknown
174134,"Beverages, coffee, instant, chicory",SR Legacy,0.09,0.0,0.75,0.0,3.0,unknown
174133,"Beverages, coffee, instant, decaffeinated, powder",SR Legacy,11.6,0.2,76.0,0.0,351.0,unknown
171894,"Beverages, coffee, instant, decaffeinated, prepared with water",SR Legacy,0.12,0.0,0.43,0.0,2.0,unknown
174135,"Beverages, coffee, instant, mocha, sweetened",SR Legacy,5.29,15.87,74.04,1.9,460.0,unknown
174126,"Beverages, coffee, instant, regular, half the caffeine",SR Legacy,14.42,0.5,73.18,0.0,352.0,unknown
171893,"Beverages, coffee, instant, regular, powder",SR Legacy,12.2,0.5,75.4,0.0,353.0,unknown
174130,"Beverages, coffee, instant, regular, prepared with water",SR Legacy,0.1,0.0,0.34,0.0,2.0,unknown
171897,"Beverages, coffee, instant, with chicory",SR Legacy,9.3,0.2,78.9,0.5,355.0,unknown
168122,"Beverages, coffee, instant, with whitener, reduced calorie",SR Legacy,1.96,29.1,59.94,0.5,509.0,unknown
173214,"Beverages, Cranberry juice cocktail",SR Legacy,0.0,0.34,12.25,,52.0,unknown
173650,"Beverages, dairy drink mix, chocolate, reduced calorie, with aspartame, powder, prepared with water and ice",SR Legacy,2.19,0.23,4.51,0.8,29.0,unknown
173649,"Beverages, Dairy drink mix, chocolate, reduced calorie, with low-calorie sweeteners, powder",SR Legacy,25.0,2.6,51.4,9.4,329.0,unknown
173658,"Beverages, DANNON, water, bottled, non-carbonated, with Fluoride",SR Legacy,0.0,0.0,0.03,,0.0,unknown
174171,"Beverages, Energy drink, AMP",SR Legacy,0.25,0.08,12.08,0.0,46.0,unknown
171936,"Beverages, Energy drink, AMP, sugar free",SR Legacy,0.0,0.0,1.03,0.0,2.0,unknown
174172,"Beverages, Energy drink, FULL THROTTLE",SR Legacy,0.25,0.08,12.08,0.0,46.0,unknown
171935,"Beverages, Energy Drink, Monster, fortified with vitamins C, B2, B3, B6, B12",SR Legacy,0.47,0.0,11.28,0.0,47.0,unknown
173210,"Beverages, Energy drink, RED BULL",SR Legacy,0.46,0.0,10.23,0.0,43.0,unknown
171870,"Beverages, Energy drink, RED BULL, sugar free, with added caffeine, niacin, pantothenic acid, vitamins B6 and B12",SR Legacy,0.25,0.08,0.7,0.0,5.0,unknown
171937,"Beverages, Energy drink, ROCKSTAR",SR Legacy,0.34,0.22,12.7,0.0,58.0,unknown
171938,"Beverages, Energy drink, ROCKSTAR, sugar free",SR Legacy,0.25,0.08,0.7,0.0,4.0,unknown
174822,"Beverages, Energy Drink, sugar free",SR Legacy,0.42,0.0,0.42,0.0,4.0,unknown
174177,"Beverages, Energy drink, VAULT Zero, sugar-free, citrus flavor",SR Legacy,0.25,0.08,0.7,0.0,1.0,unknown
171943,"Beverages, Energy drink, VAULT, citrus flavor",SR Legacy,0.0,0.0,12.99,0.0,49.0,unknown
173183,"Beverages, GEROLSTEINER BRUNNEN GmbH & Co. KG (Gerolsteiner), naturally sparkling, mineral bottled water",SR Legacy,0.0,0.0,0.0,0.0,0.0,unknown
174827,"Beverages, GEROLSTEINER BRUNNEN GmbH & Co. KG,Gerolsteiner naturally sparkling mineral water,",SR Legacy,0.0,0.0,0.0,0.0,0.0,unknown
171941,"Beverages, Horchata, as served in restaurant",SR Legacy,0.48,0.71,11.52,0.0,54.0,unknown
171898,"Beverages, KRAFT, coffee, instant, French Vanilla Cafe",SR Legacy,2.5,19.2,74.6,1.4,481.0,unknown
171907,"Beverages, Malt liquor beverage",SR Legacy,0.35,0.0,0.0,0.0,40.0,unknown
174866,"Beverages, malted drink mix, chocolate, powder",SR Legacy,5.1,4.76,86.94,4.8,411.0,unknown
173220,"Beverages, Malted drink mix, natural, powder, dairy based.",SR Legacy,14.29,9.52,71.21,0.1,428.0,unknown
173162,"Beverages, MONSTER energy drink, low carb",SR Legacy,0.0,0.0,1.38,0.0,5.0,unknown
173169,"Beverages, NESTLE, Boost plus, nutritional drink, ready-to-drink",SR Legacy,5.38,5.38,17.29,1.2,138.0,unknown
174181,"Beverages, nutritional shake mix, high protein, powder",SR Legacy,53.57,10.71,20.38,0.0,392.0,unknown
171909,"Beverages, OCEAN SPRAY, Cran Pomegranate",SR Legacy,0.07,0.01,12.56,0.6,47.0,unknown
174816,"Beverages, OCEAN SPRAY, Cran-Energy, Cranberry Energy Juice Drink",SR Legacy,0.0,0.0,3.75,0.0,15.0,unknown
171896,"Beverages, OCEAN SPRAY, Diet Cranberry Juice",SR Legacy,0.07,0.0,0.8,0.6,4.0,unknown
174148,"Beverages, OCEAN SPRAY, Light Cranberry",SR Legacy,0.22,0.01,4.72,0.7,19.0,unknown
174856,"Beverages, OCEAN SPRAY, Ruby Red cranberry",SR Legacy,0.07,0.01,11.58,0.6,45.0,unknown
173222,"Beverages, OVALTINE, chocolate malt powder",SR Legacy,0.0,0.0,92.96,0.0,372.0,unknown
174864,"Beverages, OVALTINE, Classic Malt powder",SR Legacy,0.0,0.0,93.33,0.0,372.0,unknown
174178,"Beverages, PEPSICO QUAKER, Gatorade G2, low calorie",SR Legacy,0.05,0.01,1.94,0.0,8.0,unknown
173660,"Beverages, PEPSICO QUAKER, Gatorade, G performance O 2, ready-to-drink.",SR Legacy,0.0,0.0,6.43,0.0,26.0,unknown
171923,"Beverages, Powerade Zero Ion4, calorie-free, assorted flavors",SR Legacy,0.0,0.0,0.0,0.0,0.0,unknown
174113,"Beverages, POWERADE, Zero, Mixed Berry",SR Legacy,0.0,0.0,0.14,0.0,0.0,unknown
173182,"Beverages, rich chocolate, powder",SR Legacy,0.0,0.0,92.96,0.0,372.0,unknown
173170,"Beverages, SLIMFAST, Meal replacement,  High Protein Shake, Ready-To-Drink, 3-2-1 plan",SR Legacy,6.59,3.38,0.85,0.4,61.0,unknown
174155,"Beverages, tea, black, brewed, prepared with distilled water",SR Legacy,0.0,0.0,0.3,0.0,1.0,unknown
173227,"Beverages, tea, black, brewed, prepared with tap water",SR Legacy,0.0,0.0,0.3,0.0,1.0,unknown
174871,"Beverages, tea, black, brewed, prepared with tap water, decaffeinated",SR Legacy,0.0,0.0,0.3,0.0,1.0,unknown
174144,"Beverages, tea, black, ready to drink",SR Legacy,0.0,0.0,0.0,0.0,0.0,unknown
173212,"Beverages, tea, black, ready to drink, decaffeinated",SR Legacy,0.0,0.0,8.75,0.0,38.0,unknown
173211,"Beverages, tea, black, ready to drink, decaffeinated, diet",SR Legacy,0.0,0.0,0.83,0.0,0.0,unknown
171910,"Beverages, tea, green, brewed, decaffeinated",SR Legacy,0.0,0.0,0.0,0.0,0.0,unknown
171917,"Beverages, tea, green, brewed, regular",SR Legacy,0.22,0.0,0.0,0.0,1.0,unknown
171911,"Beverages, tea, green, ready to drink, unsweetened",SR Legacy,0.0,0.0,0.0,0.0,0.0,unknown
174121,"Beverages, tea, green, ready-to-drink, citrus, diet, fortified with vitamin C",SR Legacy,0.0,0.0,0.31,0.0,1.0,unknown
171885,"Beverages, tea, green, ready-to-drink, diet",SR Legacy,0.0,0.0,0.93,0.0,4.0,unknown
174128,"Beverages, tea, green, ready-to-drink, sweetened",SR Legacy,0.0,0.22,6.2,0.0,27.0,unknown
171946,"Beverages, tea, hibiscus, brewed",SR Legacy,0.0,0.0,0.0,0.0,0.0,unknown
174872,"Beverages, tea, instant, decaffeinated, unsweetened",SR Legacy,20.21,0.0,58.66,8.5,315.0,unknown
173230,"Beverages, tea, instant, unsweetened, powder",SR Legacy,20.21,0.0,58.66,8.5,315.0,unknown
174873,"Beverages, tea, instant, unsweetened, prepared with water",SR Legacy,0.06,0.0,0.17,0.0,1.0,unknown
174120,"Beverages, tea, Oolong, brewed",SR Legacy,0.0,0.0,0.15,0.0,1.0,unknown
175104,"Beverages, The COCA-COLA company, DASANI, water, bottled, non-carbonated",SR Legacy,0.0,0.0,0.0,,0.0,unknown
174809,"Beverages, THE COCA-COLA COMPANY, NOS Zero, energy drink, sugar-free with guarana, fortified with vitamins B6 and B12",SR Legacy,0.0,0.0,1.03,0.0,4.0,unknown
171915,"Beverages, Tropical Punch, ready-to-drink",SR Legacy,0.0,0.0,2.5,0.0,10.0,unknown
173172,"Beverages, UNILEVER, SLIMFAST Shake Mix, powder, 3-2-1 Plan",SR Legacy,8.13,13.34,73.92,18.1,448.0,unknown
173171,"Beverages, UNILEVER, SLIMFAST, meal replacement, regular, ready-to-drink,  3-2-1 Plan",SR Legacy,3.32,1.93,7.74,1.6,57.0,unknown
171928,"Beverages, V8 SPLASH Juice Drinks, Berry Blend",SR Legacy,0.0,0.0,7.41,,29.0,unknown
174162,"Beverages, V8 SPLASH Juice Drinks, Diet Berry Blend",SR Legacy,0.0,0.0,1.23,,4.0,unknown
171927,"Beverages, V8 SPLASH Juice Drinks, Diet Tropical Blend",SR Legacy,0.0,0.0,1.26,,4.0,unknown
174167,"Beverages, V8 SPLASH Juice Drinks, Orchard Blend",SR Legacy,0.0,0.0,7.82,,33.0,unknown
171932,"Beverages, V8 SPLASH Juice Drinks, Tropical Blend",SR Legacy,0.0,0.0,7.41,,29.0,unknown
174830,"Beverages, V8 SPLASH Smoothies, Tropical Colada",SR Legacy,1.22,0.0,8.54,0.4,41.0,unknown
174170,"Beverages, V8 V- FUSION Juices, Acai Berry",SR Legacy,0.0,0.0,10.98,0.0,45.0,unknown
174169,"Beverages, V8 V-FUSION Juices, Tropical",SR Legacy,0.41,0.0,11.38,0.0,49.0,unknown
175106,"Beverages, water, bottled, non-carbonated, CALISTOGA",SR Legacy,0.0,0.0,0.0,,0.0,unknown
175107,"Beverages, water, bottled, non-carbonated, CRYSTAL GEYSER",SR Legacy,0.0,0.0,0.0,,0.0,unknown
173655,"Beverages, water, bottled, non-carbonated, DANNON",SR Legacy,0.0,0.0,0.0,,0.0,unknown
171922,"Beverages, water, bottled, non-carbonated, EVIAN",SR Legacy,0.0,0.0,0.0,,0.0,unknown
173656,"Beverages, water, bottled, non-carbonated, PEPSI, AQUAFINA",SR Legacy,0.0,0.0,0.0,,0.0,unknown
173233,"Beverages, water, bottled, PERRIER",SR Legacy,0.0,0.0,0.0,0.0,0.0,unknown
173234,"Beverages, water, bottled, POLAND SPRING",SR Legacy,0.0,0.0,0.0,0.0,0.0,unknown
173166,"Beverages, water, bottled, yumberry, pomegranate with anti-oxidants, zero calories",SR Legacy,0.0,0.0,1.25,0.0,5.0,unknown
173647,"Beverages, water, tap, drinking",SR Legacy,0.0,0.0,0.0,0.0,0.0,unknown
175103,"Beverages, water, tap, municipal",SR Legacy,0.0,0.0,0.0,0.0,0.0,unknown
175096,"Beverages, water, tap, well",SR Legacy,0.0,0.0,0.0,0.0,0.0,unknown
171924,"Beverages, WENDY'S, tea, ready-to-drink, unsweetened",SR Legacy,0.22,0.0,0.0,,1.0,unknown
174811,"Beverages, Whiskey sour mix, bottled",SR Legacy,0.1,0.1,21.4,0.0,87.0,unknown
173163,"Beverages, Whiskey sour mix, powder",SR Legacy,0.6,0.1,97.3,0.0,383.0,unknown
174157,"Beverages, Wine, non-alcoholic",SR Legacy,0.5,0.0,1.1,0.0,6.0,unknown
174828,"Beverages, yellow green colored citrus soft drink with caffeine",SR Legacy,0.0,0.0,12.83,0.0,49.0,unknown
174825,"Beverages, ZEVIA, cola",SR Legacy,0.0,0.0,1.13,0.0,0.0,unknown
174826,"Beverages, ZEVIA, cola, caffeine free",SR Legacy,0.0,0.0,1.13,0.0,0.0,unknown
172671,"Biscuits, mixed grain, refrigerated dough",SR Legacy,6.1,5.6,47.4,,263.0,unknown
173847,"Bison, ground, grass-fed, cooked",SR Legacy,25.45,8.62,0.0,0.0,179.0,unknown
175293,"Bison, ground, grass-fed, raw",SR Legacy,20.23,7.21,0.05,0.0,146.0,unknown
171709,"Blackberries, canned, heavy syrup, solids and liquids",SR Legacy,1.31,0.14,23.1,3.4,92.0,unknown
171710,"Blackberries, frozen, unsweetened",SR Legacy,1.18,0.43,15.67,5.0,64.0,unknown
173946,"Blackberries, raw",SR Legacy,1.39,0.49,9.61,5.3,43.0,unknown
168982,"Blackberries, wild, raw (Alaska Native)",SR Legacy,0.84,1.07,9.84,3.2,52.0,unknown
173947,"Blackberry juice, canned",SR Legacy,0.3,0.6,7.8,0.1,38.0,unknown
173948,"Blueberries, canned, heavy syrup, solids and liquids",SR Legacy,0.65,0.33,22.06,1.6,88.0,unknown
168179,"Blueberries, canned, light syrup, drained",SR Legacy,1.04,0.4,22.66,2.6,88.0,unknown
168158,"Blueberries, dried, sweetened",SR Legacy,2.5,2.5,80.0,7.5,317.0,unknown
173951,"Blueberries, frozen, sweetened",SR Legacy,0.4,0.13,21.95,2.2,85.0,unknown
173950,"Blueberries, frozen, unsweetened (Includes foods for USDA's Food Distribution Program)",SR Legacy,0.42,0.64,12.17,2.7,51.0,unknown
171711,"Blueberries, raw",SR Legacy,0.74,0.33,14.49,2.4,57.0,unknown
168180,"Blueberries, wild, canned, heavy syrup, drained",SR Legacy,0.56,0.34,28.32,4.9,107.0,unknown
169799,"Blueberries, wild, frozen (Alaska Native)",SR Legacy,0.7,0.0,10.4,,44.0,unknown
173949,"Blueberries, wild, frozen (Includes foods for USDA's Food Distribution Program)",SR Legacy,0.0,0.16,13.85,4.4,57.0,unknown
167640,"Blueberries, wild, raw (Alaska Native)",SR Legacy,1.22,0.76,12.31,2.6,61.0,unknown
168509,"Borage, cooked, boiled, drained, with salt",SR Legacy,2.09,0.81,3.55,,25.0,unknown
170482,"Borage, cooked, boiled, drained, without salt",SR Legacy,2.09,0.81,3.55,,25.0,unknown
170481,"Borage, raw",SR Legacy,1.8,0.7,3.06,,21.0,unknown
171712,"Boysenberries, canned, heavy syrup",SR Legacy,0.99,0.12,22.31,2.6,88.0,unknown
171713,"Boysenberries, frozen, unsweetened",SR Legacy,1.1,0.26,12.19,5.3,50.0,unknown
174907,"Bread, boston brown, canned",SR Legacy,5.2,1.5,43.3,4.7,195.0,unknown
171844,"Bread, chapati or roti, plain, commercially prepared",SR Legacy,11.25,7.45,46.36,4.9,297.0,unknown
171849,"Bread, cinnamon",SR Legacy,7.05,5.29,44.38,3.5,253.0,unknown
174928,"Bread, crumbs, dry, grated, plain",SR Legacy,13.35,5.3,71.98,4.5,395.0,unknown
172806,"Bread, crumbs, dry, grated, seasoned",SR Legacy,14.13,5.48,68.49,4.9,383.0,unknown
172675,"Bread, french or vienna (includes sourdough)",SR Legacy,10.75,2.42,51.88,2.2,272.0,unknown
174911,"Bread, french or vienna, toasted (includes sourdough)",SR Legacy,13.0,2.14,61.93,3.1,319.0,unknown
174912,"Bread, irish soda, prepared from recipe",SR Legacy,6.6,5.0,56.0,2.6,290.0,unknown
174913,"Bread, Italian",SR Legacy,9.49,2.73,48.11,2.1,259.0,unknown
167633,"Bread, kneel down (Navajo)",SR Legacy,4.29,2.21,39.47,,195.0,unknown
168013,"Bread, multi-grain (includes whole-grain)",SR Legacy,13.36,4.23,43.34,7.4,265.0,unknown
174914,"Bread, multi-grain, toasted (includes whole-grain)",SR Legacy,14.52,4.6,47.11,8.1,288.0,unknown
171845,"Bread, naan, plain, commercially prepared, refrigerated",SR Legacy,9.62,5.65,50.43,2.2,291.0,unknown
167935,"Bread, pan dulce, sweet yeast bread",SR Legacy,9.42,11.58,56.38,2.3,367.0,unknown
174915,"Bread, pita, white, enriched",SR Legacy,9.1,1.2,55.7,2.2,275.0,unknown
172816,"Bread, pita, white, unenriched",SR Legacy,9.1,1.2,55.7,2.2,275.0,unknown
167527,"Bread, pound cake type, pan de torta salvadoran",SR Legacy,7.06,17.45,51.29,1.7,390.0,unknown
174917,"Bread, protein (includes gluten)",SR Legacy,12.1,2.2,43.8,3.0,245.0,unknown
172809,"Bread, protein, (includes gluten), toasted",SR Legacy,13.2,2.4,48.1,3.3,270.0,unknown
174918,"Bread, pumpernickel",SR Legacy,8.7,3.1,47.5,6.5,250.0,unknown
172680,"Bread, raisin, enriched",SR Legacy,7.9,4.4,52.3,4.3,274.0,unknown
172681,"Bread, raisin, enriched, toasted",SR Legacy,8.6,4.8,56.9,4.7,297.0,unknown
172817,"Bread, raisin, unenriched",SR Legacy,7.9,4.4,52.3,4.3,274.0,unknown
174922,"Bread, reduced-calorie, white",SR Legacy,8.7,2.5,44.3,9.7,207.0,unknown
174078,"Bread, roll, Mexican, bollilo",SR Legacy,10.65,5.8,55.77,2.2,318.0,unknown
174929,"Bread, sticks, plain",SR Legacy,12.0,9.5,68.4,3.0,412.0,unknown
174930,"Bread, stuffing, dry mix",SR Legacy,11.0,3.4,76.2,3.2,386.0,unknown
174931,"Bread, stuffing, dry mix, prepared",SR Legacy,2.73,12.05,18.84,0.8,195.0,unknown
325871,"Bread, white, commercially prepared",Foundation Foods,9.43,3.59,49.2,2.3,270.0,unknown
174924,"Bread, white, commercially prepared (includes soft bread crumbs)",SR Legacy,8.85,3.33,49.42,2.7,266.0,unknown
172818,"Bread, white, commercially prepared, low sodium, no salt",SR Legacy,8.2,3.6,49.6,2.3,267.0,unknown
174925,"Bread, white, commercially prepared, toasted",SR Legacy,9.0,4.0,54.5,2.9,290.0,unknown
172826,"Bread, white, commercially prepared, toasted, low sodium no salt",SR Legacy,9.0,4.0,54.4,,293.0,unknown
167651,"Buffalo, free range, top round steak, cooked (Shoshone Bannock)",SR Legacy,32.51,1.8,0.0,,146.0,unknown
167649,"Buffalo, free range, top round steak, raw (Shoshone Bannock)",SR Legacy,21.44,1.3,0.0,,97.0,unknown
169333,"Burdock root, cooked, boiled, drained, with salt",SR Legacy,2.09,0.14,21.15,1.8,88.0,unknown
170384,"Burdock root, cooked, boiled, drained, without salt",SR Legacy,2.09,0.14,21.15,1.8,88.0,unknown
169974,"Burdock root, raw",SR Legacy,1.53,0.15,17.34,3.3,72.0,unknown
170327,"BURGER KING, french fries",SR Legacy,3.23,12.48,38.7,2.9,280.0,unknown
172077,"BURGER KING, french toast sticks",SR Legacy,6.0,17.74,41.21,1.4,349.0,unknown
172078,"BURGER KING, Hash Brown Rounds",SR Legacy,2.8,19.3,29.37,2.3,302.0,unknown
170700,"BURGER KING, Vanilla Shake",SR Legacy,3.19,8.74,19.03,0.0,168.0,unknown
172694,"Cake, angelfood, commercially prepared",SR Legacy,5.9,0.8,57.8,1.5,258.0,unknown
172695,"Cake, angelfood, dry mix, prepared",SR Legacy,6.1,0.3,58.7,0.2,257.0,unknown
174934,"Cake, chocolate, commercially prepared with chocolate frosting, in-store bakery",SR Legacy,3.48,20.05,52.84,2.2,389.0,unknown
172697,"Cake, chocolate, prepared from recipe without frosting",SR Legacy,5.3,15.1,53.4,1.6,371.0,unknown
172700,"Cake, coffeecake, cinnamon with crumb topping, commercially prepared, enriched",SR Legacy,6.8,23.3,46.7,2.0,418.0,unknown
175052,"Cake, coffeecake, cinnamon with crumb topping, commercially prepared, unenriched",SR Legacy,6.8,23.3,46.7,2.0,418.0,unknown
174938,"Cake, coffeecake, cinnamon with crumb topping, dry mix, prepared",SR Legacy,5.5,9.6,52.8,1.2,318.0,unknown
174936,"Cake, coffeecake, creme-filled with chocolate frosting",SR Legacy,5.0,10.8,53.8,2.0,331.0,unknown
172701,"Cake, gingerbread, dry mix",SR Legacy,4.4,13.8,74.6,1.7,437.0,unknown
172702,"Cake, gingerbread, prepared from recipe",SR Legacy,3.9,16.4,49.2,,356.0,unknown
167937,"Cake, pound, Bimbo Bakeries USA, Panque Casero, home baked style",SR Legacy,6.62,21.7,48.94,1.0,418.0,unknown
173243,"Cake, pound, commercially prepared, fat-free",SR Legacy,5.4,1.2,61.0,1.1,283.0,unknown
174935,"Cake, pudding-type, chocolate, dry mix",SR Legacy,4.6,8.14,80.16,2.3,391.0,unknown
172708,"Cake, pudding-type, white, enriched, dry mix",SR Legacy,3.9,9.5,80.9,0.7,423.0,unknown
175054,"Cake, pudding-type, white, unenriched, dry mix",SR Legacy,3.9,9.5,81.0,0.7,423.0,unknown
174946,"Cake, pudding-type, yellow, dry mix",SR Legacy,4.0,9.8,80.0,0.7,423.0,unknown
174941,"Cake, shortcake, biscuit-type, prepared from recipe",SR Legacy,6.1,14.2,48.5,,346.0,unknown
174942,"Cake, snack cakes, creme-filled, chocolate with frosting",SR Legacy,3.63,15.93,60.31,3.2,399.0,unknown
174082,"Cake, snack cakes, creme-filled, chocolate with frosting, low-fat, with added fiber",SR Legacy,3.71,13.0,69.37,14.9,409.0,unknown
174943,"Cake, snack cakes, creme-filled, sponge",SR Legacy,3.47,11.54,64.03,1.0,374.0,unknown
171839,"Cake, snack cakes, not chocolate, with icing or filling, low-fat, with added fiber",SR Legacy,3.71,11.14,74.3,14.9,412.0,unknown
172706,"Cake, sponge, commercially prepared",SR Legacy,5.4,2.7,61.0,0.5,290.0,unknown
172707,"Cake, sponge, prepared from recipe",SR Legacy,7.3,4.3,57.7,,297.0,unknown
172709,"Cake, white, prepared from recipe without frosting",SR Legacy,5.4,12.4,57.2,0.8,357.0,unknown
174944,"Cake, yellow, commercially prepared, with chocolate frosting, in-store bakery",SR Legacy,3.16,17.75,55.36,1.5,379.0,unknown
174945,"Cake, yellow, commercially prepared, with vanilla frosting",SR Legacy,2.99,17.91,56.2,0.3,391.0,unknown
174947,"Cake, yellow, enriched, dry mix",SR Legacy,3.7,3.5,81.92,1.2,374.0,unknown
173244,"Cake, yellow, light, dry mix",SR Legacy,4.7,5.5,84.1,1.3,404.0,unknown
172710,"Cake, yellow, prepared from recipe without frosting",SR Legacy,5.3,14.6,53.0,0.7,361.0,unknown
175055,"Cake, yellow, unenriched, dry mix",SR Legacy,4.4,11.6,78.1,1.1,432.0,unknown
167985,"Candies, 5TH AVENUE Candy Bar",SR Legacy,8.78,23.98,62.68,3.1,482.0,unknown
167975,"Candies, CARAMELLO Candy Bar",SR Legacy,6.19,21.19,63.81,1.2,462.0,unknown
167974,"Candies, caramels",SR Legacy,4.6,8.1,77.0,0.0,382.0,unknown
167566,"Candies, caramels, chocolate-flavor roll",SR Legacy,1.59,3.31,87.73,0.1,387.0,unknown
167973,"Candies, carob, unsweetened",SR Legacy,8.15,31.36,56.29,3.8,540.0,unknown
169059,"Candies, chocolate covered, caramel with nuts",SR Legacy,9.5,21.0,60.67,4.3,470.0,unknown
169881,"Candies, chocolate covered, low sugar or low calorie",SR Legacy,12.39,43.27,37.68,3.5,590.0,unknown
170274,"Candies, chocolate, dark, NFS (45-59% cacao solids 90%; 60-69% cacao solids 5%; 70-85% cacao solids 5%)",SR Legacy,5.09,32.2,59.97,7.2,550.0,unknown
168846,"Candies, divinity, prepared-from-recipe",SR Legacy,1.32,0.06,89.05,0.0,364.0,unknown
167986,"Candies, fondant, prepared-from-recipe",SR Legacy,0.0,0.02,93.18,0.0,373.0,unknown
169669,"Candies, fudge, chocolate marshmallow, prepared-from-recipe",SR Legacy,2.26,17.48,71.34,1.7,453.0,unknown
168817,"Candies, fudge, chocolate marshmallow, with nuts, prepared-by-recipe",SR Legacy,3.24,21.11,67.69,2.1,474.0,unknown
167987,"Candies, fudge, chocolate, prepared-from-recipe",SR Legacy,2.39,10.41,76.7,1.7,410.0,unknown
167988,"Candies, fudge, chocolate, with nuts, prepared-from-recipe",SR Legacy,4.38,18.93,68.15,2.5,460.0,unknown
167580,"Candies, fudge, vanilla with nuts",SR Legacy,3.0,13.69,74.61,0.9,435.0,unknown
167579,"Candies, fudge, vanilla, prepared-from-recipe",SR Legacy,1.05,5.45,82.15,0.0,383.0,unknown
169061,"Candies, gum drops, no sugar or low calorie (sorbitol)",SR Legacy,0.0,0.2,88.1,0.0,354.0,unknown
167989,"Candies, gumdrops, starch jelly pieces",SR Legacy,0.0,0.0,98.9,0.1,396.0,unknown
167996,"Candies, halavah, plain",SR Legacy,12.49,21.52,60.49,4.5,469.0,unknown
167990,"Candies, hard",SR Legacy,0.0,0.2,98.0,0.0,394.0,unknown
169880,"Candies, hard, dietetic or low calorie (sorbitol)",SR Legacy,0.0,0.0,98.6,0.0,394.0,unknown
168801,"Candies, HEATH BITES",SR Legacy,3.94,30.38,63.39,2.0,530.0,unknown
168757,"Candies, HERSHEY'S SKOR Toffee Bar",SR Legacy,3.13,30.37,63.73,1.3,541.0,unknown
169629,"Candies, HERSHEY, KIT KAT BIG KAT Bar",SR Legacy,6.24,27.84,63.64,1.9,520.0,unknown
170680,"Candies, HERSHEYS, PAYDAY Bar",SR Legacy,13.44,25.0,52.88,3.8,490.0,unknown
167992,"Candies, KIT KAT Wafer Bar",SR Legacy,6.51,25.99,64.59,1.0,518.0,unknown
167993,"Candies, KRACKEL Chocolate Bar",SR Legacy,6.62,26.58,64.34,2.2,523.0,unknown
170676,"Candies, M&M MARS 3 MUSKETEERS Truffle Crisp",SR Legacy,6.41,28.85,63.15,0.0,538.0,unknown
170678,"Candies, M&M MARS Pretzel Chocolate Candies",SR Legacy,5.0,15.0,72.94,2.5,447.0,unknown
168767,"Candies, MARS SNACKFOOD US, 3 MUSKETEERS Bar",SR Legacy,2.6,12.75,77.77,1.5,436.0,unknown
169651,"Candies, MARS SNACKFOOD US, COCOAVIA Chocolate Bar",SR Legacy,5.81,29.3,62.99,8.7,539.0,unknown
169653,"Candies, MARS SNACKFOOD US, COCOAVIA Crispy Chocolate Bar",SR Legacy,8.21,26.23,62.06,7.8,517.0,unknown
168805,"Candies, MARS SNACKFOOD US, DOVE Dark Chocolate",SR Legacy,5.19,32.45,59.4,7.6,520.0,unknown
168814,"Candies, MARS SNACKFOOD US, M&M's Crispy Chocolate Candies",SR Legacy,4.28,19.32,72.4,2.0,475.0,unknown
168843,"Candies, MARS SNACKFOOD US, SKITTLES Original Bite Size Candies",SR Legacy,0.19,4.37,90.78,0.0,405.0,unknown
168842,"Candies, MARS SNACKFOOD US, SKITTLES Sours Original",SR Legacy,0.18,4.0,91.02,0.0,401.0,unknown
169667,"Candies, MARS SNACKFOOD US, SKITTLES Tropical Bite Size Candies",SR Legacy,0.19,4.34,90.77,0.0,405.0,unknown
168840,"Candies, MARS SNACKFOOD US, SKITTLES Wild Berry Bite Size Candies",SR Legacy,0.19,4.25,90.76,0.0,402.0,unknown
169589,"Candies, MARS SNACKFOOD US, SNICKERS Bar",SR Legacy,7.53,23.85,61.51,2.3,491.0,unknown
169663,"Candies, MARS SNACKFOOD US, SNICKERS CRUNCHER",SR Legacy,6.86,24.38,62.85,1.9,488.0,unknown
169639,"Candies, MARS SNACKFOOD US, SNICKERS MUNCH bar",SR Legacy,15.25,36.22,43.64,4.7,536.0,unknown
168768,"Candies, MARS SNACKFOOD US, TWIX Caramel Cookie Bars",SR Legacy,4.91,24.85,64.8,1.1,502.0,unknown
168102,"Candies, MARS SNACKFOOD US, TWIX chocolate fudge cookie bars",SR Legacy,7.3,33.3,56.0,3.0,553.0,unknown
167995,"Candies, marshmallows",SR Legacy,1.8,0.2,81.3,0.1,318.0,unknown
168759,"Candies, MOUNDS Candy Bar",SR Legacy,4.6,26.6,58.88,3.7,493.0,unknown
168760,"Candies, MR. GOODBAR Chocolate Bar",SR Legacy,10.22,33.21,54.34,3.8,538.0,unknown
168761,"Candies, NESTLE, 100 GRAND Bar",SR Legacy,2.5,19.33,70.97,1.0,468.0,unknown
168766,"Candies, NESTLE, AFTER EIGHT Mints",SR Legacy,1.67,11.9,79.53,2.4,432.0,unknown
167582,"Candies, NESTLE, BABY RUTH Bar",SR Legacy,5.4,21.6,64.8,2.0,475.0,unknown
167586,"Candies, NESTLE, CHUNKY Bar",SR Legacy,7.5,27.5,60.4,2.5,519.0,unknown
168762,"Candies, NESTLE, CRUNCH Bar and Dessert Topping",SR Legacy,5.0,26.0,67.0,1.9,500.0,unknown
167997,"Candies, NESTLE, OH HENRY! Bar",SR Legacy,7.7,23.0,65.5,1.9,462.0,unknown
169587,"Candies, NESTLE, RAISINETS Chocolate Covered Raisins",SR Legacy,4.4,17.0,71.0,2.2,422.0,unknown
168791,"Candies, praline, prepared-from-recipe",SR Legacy,3.3,25.9,59.59,3.5,485.0,unknown
169623,"Candies, REESE'S BITES",SR Legacy,11.34,29.85,55.18,3.1,521.0,unknown
169624,"Candies, REESE'S NUTRAGEOUS Candy Bar",SR Legacy,11.28,32.09,52.8,3.9,517.0,unknown
168764,"Candies, REESE'S PIECES Candy",SR Legacy,12.46,24.77,59.86,3.0,497.0,unknown
167976,"Candies, semisweet chocolate",SR Legacy,4.2,30.0,63.9,5.9,480.0,unknown
169588,"Candies, sesame crunch",SR Legacy,11.6,33.3,50.3,7.7,516.0,unknown
169592,"Candies, SPECIAL DARK Chocolate Bar",SR Legacy,5.54,32.4,60.49,6.5,556.0,unknown
167977,"Candies, sweet chocolate",SR Legacy,3.9,34.2,60.4,5.5,507.0,unknown
169670,"Candies, taffy, prepared-from-recipe",SR Legacy,0.03,3.33,91.56,0.0,397.0,unknown
170281,"Candies, Tamarind",SR Legacy,0.0,0.0,91.96,2.5,331.0,unknown
169671,"Candies, toffee, prepared-from-recipe",SR Legacy,1.07,32.75,64.72,0.0,560.0,unknown
167971,"Candies, TOOTSIE ROLL, chocolate-flavor roll",SR Legacy,1.59,3.31,87.73,0.1,387.0,unknown
169580,"Candies, truffles, prepared-from-recipe",SR Legacy,6.21,33.76,44.88,2.5,510.0,unknown
167571,"Candies, white chocolate",SR Legacy,5.87,32.09,59.24,0.2,539.0,unknown
168776,"Candies, YORK BITES",SR Legacy,1.78,7.32,81.64,2.0,394.0,unknown
167982,"Candies, YORK Peppermint Pattie",SR Legacy,2.19,7.17,80.99,2.0,384.0,unknown
172238,"Capers, canned",SR Legacy,2.36,0.86,4.89,3.2,23.0,unknown
171921,"Carbonated beverage, chocolate-flavored soda",SR Legacy,0.0,0.0,10.7,0.0,42.0,unknown
175113,"Carbonated beverage, low calorie, other than cola or pepper, with sodium saccharin, without caffeine",SR Legacy,0.0,0.0,0.1,0.0,0.0,unknown
169338,"Cardoon, cooked, boiled, drained, with salt",SR Legacy,0.76,0.11,4.74,1.7,20.0,unknown
169982,"Cardoon, cooked, boiled, drained, without salt",SR Legacy,0.76,0.11,5.33,1.7,22.0,unknown
169981,"Cardoon, raw",SR Legacy,0.7,0.1,4.07,1.6,17.0,unknown
169800,"Caribou, bone marrow, raw (Alaska Native)",SR Legacy,6.7,84.4,0.0,,786.0,unknown
169801,"Caribou, eye, raw (Alaska Native)",SR Legacy,10.8,31.4,0.0,,326.0,unknown
168985,"Caribou, tongue, raw (Alaska Native)",SR Legacy,13.7,22.8,0.0,,260.0,unknown
169030,"CARRABBA'S ITALIAN GRILL, lasagne",SR Legacy,10.48,11.06,12.36,1.3,191.0,unknown
169853,"CARRABBA'S ITALIAN GRILL, spaghetti with pomodoro sauce",SR Legacy,3.42,1.75,18.63,1.7,104.0,unknown
169985,"Cassava, raw",SR Legacy,1.36,0.28,38.06,1.8,160.0,unknown
168556,Catsup,SR Legacy,1.04,0.1,27.4,0.3,101.0,unknown
169381,"Catsup, low sodium",SR Legacy,1.04,0.1,27.4,0.3,101.0,unknown
168994,"Cattail, Narrow Leaf Shoots (Northern Plains Indians)",SR Legacy,1.18,0.0,5.14,4.5,25.0,unknown
169341,"Celeriac, cooked, boiled, drained, with salt",SR Legacy,0.96,0.19,5.9,,27.0,unknown
169987,"Celeriac, cooked, boiled, drained, without salt",SR Legacy,0.96,0.19,5.9,1.2,27.0,unknown
170400,"Celeriac, raw",SR Legacy,1.5,0.3,9.2,1.8,42.0,unknown
169990,"Celtuce, raw",SR Legacy,0.85,0.3,3.65,1.7,18.0,unknown
169075,"Cereals ready-to-eat, ALPEN",SR Legacy,11.2,3.3,75.7,9.1,352.0,unknown
173018,"Cereals ready-to-eat, BARBARA'S PUFFINS, original",SR Legacy,7.41,3.7,84.0,18.5,333.0,unknown
169076,"Cereals ready-to-eat, FAMILIA",SR Legacy,9.5,6.3,73.8,8.5,388.0,unknown
173884,"Cereals ready-to-eat, GENERAL MILLS, CHEERIOS",SR Legacy,12.4,6.6,73.2,10.1,372.0,unknown
171646,"Cereals ready-to-eat, granola, homemade",SR Legacy,13.67,24.31,53.88,8.9,489.0,unknown
172981,"Cereals ready-to-eat, HEALTH VALLEY, FIBER 7 Flakes",SR Legacy,14.44,1.41,78.15,14.1,353.0,unknown
172982,"Cereals ready-to-eat, MALT-O-MEAL, BERRY COLOSSAL CRUNCH",SR Legacy,4.19,4.17,86.55,1.8,396.0,unknown
174664,"Cereals ready-to-eat, MALT-O-MEAL, CHOCOLATE MARSHMALLOW MATEYS",SR Legacy,3.5,3.67,88.18,2.5,392.0,unknown
174646,"Cereals ready-to-eat, MALT-O-MEAL, CINNAMON TOASTERS",SR Legacy,3.32,12.06,78.33,5.0,425.0,unknown
174619,"Cereals ready-to-eat, MALT-O-MEAL, COCO-ROOS",SR Legacy,3.41,4.61,86.75,3.3,389.0,unknown
174647,"Cereals ready-to-eat, MALT-O-MEAL, Cocoa DYNO-BITES",SR Legacy,4.15,3.43,87.93,1.1,397.0,unknown
174631,"Cereals ready-to-eat, MALT-O-MEAL, COLOSSAL CRUNCH",SR Legacy,3.64,5.28,81.59,1.7,401.0,unknown
172990,"Cereals ready-to-eat, MALT-O-MEAL, Frosted Flakes",SR Legacy,4.25,0.87,90.2,1.2,389.0,unknown
173000,"Cereals ready-to-eat, MALT-O-MEAL, Frosted Mini SPOONERS",SR Legacy,9.09,1.94,81.81,10.9,354.0,unknown
174643,"Cereals ready-to-eat, MALT-O-MEAL, GOLDEN PUFFS",SR Legacy,5.77,0.89,89.72,2.6,370.0,unknown
173909,"Cereals ready-to-eat, MALT-O-MEAL, MARSHMALLOW MATEYS",SR Legacy,6.94,3.53,82.77,4.9,387.0,unknown
173017,"Cereals ready-to-eat, NATURE'S PATH, Organic FLAX PLUS flakes",SR Legacy,11.91,5.46,75.27,16.6,350.0,unknown
174654,"Cereals ready-to-eat, NATURE'S PATH, Organic FLAX PLUS, Pumpkin Granola",SR Legacy,11.23,18.33,66.1,8.4,467.0,unknown
171641,"Cereals ready-to-eat, POST, ALPHA-BITS",SR Legacy,10.0,4.6,80.3,7.1,389.0,unknown
173885,"Cereals ready-to-eat, POST, COCOA PEBBLES",SR Legacy,4.8,4.1,85.7,1.6,397.0,unknown
171652,"Cereals ready-to-eat, POST, GOLDEN CRISP",SR Legacy,5.5,1.7,90.1,5.0,380.0,unknown
174628,"Cereals ready-to-eat, Post, Waffle Crisp",SR Legacy,6.6,5.0,83.0,4.4,390.0,unknown
171642,"Cereals ready-to-eat, QUAKER, CAP'N CRUNCH",SR Legacy,4.39,5.12,85.51,2.5,398.0,unknown
171643,"Cereals ready-to-eat, QUAKER, CAP'N CRUNCH with CRUNCHBERRIES",SR Legacy,4.45,4.83,85.93,2.6,397.0,unknown
174657,"Cereals ready-to-eat, QUAKER, CAP'N CRUNCH'S Halloween Crunch",SR Legacy,4.41,5.66,85.14,2.5,402.0,unknown
173013,"Cereals ready-to-eat, QUAKER, Cap'n Crunch's OOPS! All Berries Cereal",SR Legacy,4.6,3.99,87.1,2.6,395.0,unknown
174652,"Cereals ready-to-eat, QUAKER, Christmas Crunch",SR Legacy,4.44,4.83,85.92,2.6,397.0,unknown
173890,"Cereals ready-to-eat, QUAKER, KING VITAMAN",SR Legacy,6.41,3.44,83.85,3.4,381.0,unknown
172976,"Cereals ready-to-eat, QUAKER, Low Fat 100% Natural Granola with Raisins",SR Legacy,8.42,5.52,80.57,9.6,388.0,unknown
174659,"Cereals ready-to-eat, QUAKER, Maple Brown Sugar LIFE Cereal",SR Legacy,9.17,4.06,78.86,6.3,373.0,unknown
174634,"Cereals ready-to-eat, QUAKER, MOTHER'S COCOA BUMPERS",SR Legacy,4.21,1.61,89.91,2.7,382.0,unknown
171649,"Cereals ready-to-eat, QUAKER, SWEET CRUNCH/QUISP",SR Legacy,4.51,6.08,85.03,2.3,406.0,unknown
172974,"Cereals ready-to-eat, QUAKER, Toasted Multigrain Crisps",SR Legacy,12.38,5.11,74.9,10.2,372.0,unknown
174649,"Cereals ready-to-eat, RALSTON Crispy Hexagons",SR Legacy,5.94,0.95,86.78,1.5,379.0,unknown
173893,"Cereals ready-to-eat, RALSTON TASTEEOS",SR Legacy,10.71,5.36,75.96,10.7,395.0,unknown
174639,"Cereals ready-to-eat, UNCLE SAM CEREAL",SR Legacy,15.98,11.6,65.78,20.3,346.0,unknown
169040,"Cereals ready-to-eat, WEETABIX whole grain cereal",SR Legacy,11.43,2.86,81.5,11.4,371.0,unknown
173917,"Cereals, farina, enriched, cooked with water, with salt",SR Legacy,1.82,0.34,10.92,0.8,53.0,unknown
173916,"Cereals, farina, unenriched, dry",SR Legacy,10.6,0.5,78.0,1.9,369.0,unknown
171674,"Cereals, MALT-O-MEAL, chocolate, dry",SR Legacy,10.6,0.82,79.55,2.8,363.0,unknown
173004,"Cereals, MALT-O-MEAL, chocolate, prepared with water, without salt",SR Legacy,1.37,0.1,9.22,0.4,47.0,unknown
173903,"Cereals, MALT-O-MEAL, original, plain, dry",SR Legacy,11.8,0.7,77.25,2.1,365.0,unknown
174651,"Cereals, MALT-O-MEAL, original, plain, prepared with water, without salt",SR Legacy,1.67,0.09,10.09,0.3,48.0,unknown
174629,"Cereals, QUAKER, hominy grits, white, quick, dry",SR Legacy,8.8,1.2,79.6,4.8,348.0,unknown
174630,"Cereals, QUAKER, hominy grits, white, regular, dry",SR Legacy,8.8,1.6,79.2,1.6,361.0,unknown
169343,"Chard, swiss, cooked, boiled, drained, with salt",SR Legacy,1.88,0.08,4.13,2.1,20.0,unknown
170401,"Chard, swiss, cooked, boiled, drained, without salt",SR Legacy,1.88,0.08,4.13,2.1,20.0,unknown
169991,"Chard, swiss, raw",SR Legacy,1.8,0.2,3.74,1.6,19.0,unknown
173953,"Cherimoya, raw",SR Legacy,1.57,0.68,17.71,3.0,75.0,unknown
167769,"Cherries, sour, canned, water pack, drained",SR Legacy,0.69,0.21,10.45,1.2,42.0,unknown
171717,"Cherries, sour, red, canned, extra heavy syrup pack, solids and liquids",SR Legacy,0.71,0.09,29.23,0.8,114.0,unknown
171716,"Cherries, sour, red, canned, heavy syrup pack, solids and liquids",SR Legacy,0.73,0.1,23.27,1.1,91.0,unknown
173956,"Cherries, sour, red, canned, light syrup pack, solids and liquids",SR Legacy,0.74,0.1,19.3,0.8,75.0,unknown
173955,"Cherries, sour, red, canned, water pack, solids and liquids",SR Legacy,0.77,0.1,8.94,1.1,36.0,unknown
171718,"Cherries, sour, red, frozen, unsweetened (Includes foods for USDA's Food Distribution Program)",SR Legacy,0.92,0.44,11.02,1.6,46.0,unknown
173954,"Cherries, sour, red, raw",SR Legacy,1.0,0.3,12.18,1.6,50.0,unknown
171720,"Cherries, sweet, canned, extra heavy syrup pack, solids and liquids",SR Legacy,0.59,0.15,26.23,1.5,102.0,unknown
173958,"Cherries, sweet, canned, juice pack, solids and liquids",SR Legacy,0.91,0.02,13.81,1.5,54.0,unknown
173959,"Cherries, sweet, canned, light syrup pack, solids and liquids",SR Legacy,0.61,0.15,17.29,1.5,67.0,unknown
173960,"Cherries, sweet, canned, pitted, heavy syrup pack, solids and liquids",SR Legacy,0.6,0.15,21.27,1.4,83.0,unknown
167770,"Cherries, sweet, canned, pitted, heavy syrup, drained",SR Legacy,0.73,0.21,21.07,2.3,83.0,unknown
173957,"Cherries, sweet, canned, water pack, solids and liquids",SR Legacy,0.77,0.13,11.76,1.5,46.0,unknown
2346399,"Cherries, sweet, dark red, raw",Foundation Foods,1.039375,0.1925,16.163125,,70.5425,unknown
171719,"Cherries, sweet, raw",SR Legacy,1.06,0.2,16.01,2.1,63.0,unknown
171708,"Cherries, tart, dried, sweetened (Includes foods for USDA's Food Distribution Program)",SR Legacy,1.25,0.73,80.45,2.5,333.0,unknown
168771,Chewing gum,SR Legacy,0.0,0.3,96.7,2.4,360.0,unknown
169882,"Chewing gum, sugarless",SR Legacy,0.0,0.4,94.8,2.4,268.0,unknown
170303,"CHICK-FIL-A, Chick-n-Strips",SR Legacy,21.4,11.2,10.39,0.9,228.0,unknown
170304,"CHICK-FIL-A, hash browns",SR Legacy,3.0,18.5,30.51,3.2,301.0,unknown
169992,"Chicory greens, raw",SR Legacy,1.7,0.3,4.7,4.0,23.0,unknown
169993,"Chicory roots, raw",SR Legacy,1.4,0.2,17.51,1.5,72.0,unknown
170404,"Chicory, witloof, raw",SR Legacy,0.9,0.1,4.0,3.1,17.0,unknown
167630,Chilchen (Red Berry Beverage) (Navajo),SR Legacy,0.81,0.63,8.68,,44.0,unknown
172313,"Child formula, ABBOTT NUTRITION, PEDIASURE, ready-to-feed",SR Legacy,2.86,4.77,11.15,0.0,99.0,unknown
173550,"Child formula, ABBOTT NUTRITION, PEDIASURE, ready-to-feed, with iron and fiber",SR Legacy,2.8,4.7,11.28,0.5,99.0,unknown
168986,"Chiton, leathery, gumboots (Alaska Native)",SR Legacy,17.1,1.6,0.0,,83.0,unknown
170075,"Chives, freeze-dried",SR Legacy,21.2,3.5,64.29,26.2,311.0,unknown
169994,"Chives, raw",SR Legacy,3.27,0.73,4.35,2.5,30.0,unknown
170271,"Chocolate, dark, 45- 59% cacao solids",SR Legacy,4.88,31.28,61.17,7.0,546.0,unknown
170272,"Chocolate, dark, 60-69% cacao solids",SR Legacy,6.12,38.31,52.42,8.0,579.0,unknown
170273,"Chocolate, dark, 70-85% cacao solids",SR Legacy,7.79,42.63,45.9,10.9,598.0,unknown
168999,"Chokecherries, raw, pitted (Northern Plains Indians)",SR Legacy,3.04,1.69,33.62,20.0,162.0,unknown
168058,"Chokecherries, raw, pitted (Shoshone Bannock)",SR Legacy,2.89,0.98,33.88,17.0,156.0,unknown
168491,"Chrysanthemum leaves, raw",SR Legacy,3.36,0.56,3.01,3.0,24.0,unknown
168522,"Chrysanthemum, garland, cooked, boiled, drained, with salt",SR Legacy,1.64,0.09,4.31,2.3,20.0,unknown
170405,"Chrysanthemum, garland, cooked, boiled, drained, without salt",SR Legacy,1.64,0.09,4.31,2.3,20.0,unknown
169995,"Chrysanthemum, garland, raw",SR Legacy,3.36,0.56,3.02,3.0,24.0,unknown
168195,"Clementines, raw",SR Legacy,0.85,0.15,12.02,1.7,47.0,unknown
173477,Clif Z bar,SR Legacy,5.55,9.72,74.72,8.3,416.0,unknown
169802,"Cloudberries, raw (Alaska Native)",SR Legacy,2.4,0.8,8.6,,51.0,unknown
169803,"Cockles, raw (Alaska Native)",SR Legacy,13.5,0.7,4.7,,79.0,unknown
171887,"Cocoa mix, NESTLE, Rich Chocolate Hot Cocoa Mix",SR Legacy,3.0,15.0,75.0,4.0,400.0,unknown
170657,"Cocoa, dry powder, hi-fat or breakfast, processed with alkali",SR Legacy,16.8,23.71,49.71,33.9,479.0,unknown
169593,"Cocoa, dry powder, unsweetened",SR Legacy,19.6,13.7,57.9,37.0,228.0,unknown
169594,"Cocoa, dry powder, unsweetened, processed with alkali",SR Legacy,18.1,13.1,58.3,29.8,220.0,unknown
168014,"Cookies, animal crackers (includes arrowroot, tea biscuits)",SR Legacy,6.9,13.8,74.1,1.1,446.0,unknown
171837,"Cookies, animal, with frosting or icing",SR Legacy,3.0,24.1,70.09,0.9,509.0,unknown
172713,"Cookies, brownies, commercially prepared",SR Legacy,4.8,16.3,63.9,2.1,405.0,unknown
171840,"Cookies, brownies, commercially prepared, reduced fat, with added fiber",SR Legacy,2.77,9.68,61.58,11.1,345.0,unknown
174948,"Cookies, brownies, dry mix, regular",SR Legacy,4.0,14.9,76.6,,434.0,unknown
172731,"Cookies, brownies, dry mix, sugar free",SR Legacy,2.9,12.5,80.4,4.2,426.0,unknown
174949,"Cookies, brownies, prepared from recipe",SR Legacy,6.2,29.1,50.2,,466.0,unknown
174095,"Cookies, chocolate chip sandwich, with creme filling",SR Legacy,2.94,17.65,63.52,0.0,425.0,unknown
172716,"Cookies, chocolate chip, commercially prepared, regular, higher fat, enriched",SR Legacy,5.1,24.72,65.36,2.0,492.0,unknown
172820,"Cookies, chocolate chip, commercially prepared, regular, higher fat, unenriched",SR Legacy,5.4,22.6,66.8,2.5,481.0,unknown
172715,"Cookies, chocolate chip, commercially prepared, regular, lower fat",SR Legacy,5.97,17.91,67.49,3.0,451.0,unknown
172717,"Cookies, chocolate chip, commercially prepared, soft-type",SR Legacy,3.63,19.77,65.75,1.8,444.0,unknown
172732,"Cookies, chocolate chip, commercially prepared, special dietary",SR Legacy,3.9,16.8,73.4,1.6,450.0,unknown
174952,"Cookies, chocolate chip, dry mix",SR Legacy,4.6,25.2,66.1,,497.0,unknown
174955,"Cookies, chocolate chip, prepared from recipe, made with margarine",SR Legacy,5.7,28.3,58.4,2.8,488.0,unknown
174953,"Cookies, chocolate chip, refrigerated dough",SR Legacy,3.98,21.33,61.02,1.5,451.0,unknown
174954,"Cookies, chocolate chip, refrigerated dough, baked",SR Legacy,4.9,22.6,68.2,1.7,492.0,unknown
171841,"Cookies, chocolate sandwich, with creme filling, reduced fat",SR Legacy,2.94,13.24,76.17,2.9,436.0,unknown
172718,"Cookies, chocolate sandwich, with creme filling, regular",SR Legacy,5.21,19.14,71.0,2.9,464.0,unknown
172733,"Cookies, chocolate sandwich, with creme filling, special dietary",SR Legacy,4.5,22.1,68.0,4.1,461.0,unknown
172720,"Cookies, chocolate sandwich, with extra creme filling",SR Legacy,4.33,24.52,68.2,2.7,497.0,unknown
172714,"Cookies, chocolate wafers",SR Legacy,6.6,14.2,72.7,3.4,433.0,unknown
172722,"Cookies, fortune",SR Legacy,4.2,2.7,84.0,1.6,378.0,unknown
174951,"Cookies, fudge, cake-type (includes trolley cakes)",SR Legacy,5.0,3.7,78.3,2.8,349.0,unknown
174956,"Cookies, gingersnaps",SR Legacy,5.6,9.8,76.9,2.2,416.0,unknown
171857,"Cookies, gluten-free, chocolate sandwich, with creme filling",SR Legacy,2.19,17.89,76.03,2.5,474.0,unknown
171858,"Cookies, gluten-free, chocolate wafer",SR Legacy,4.06,30.42,62.82,1.6,541.0,unknown
171860,"Cookies, gluten-free, vanilla sandwich, with creme filling",SR Legacy,2.66,20.47,74.61,0.5,493.0,unknown
171867,"Cookies, Marie biscuit",SR Legacy,7.05,10.58,70.54,3.5,406.0,unknown
174966,"Cookies, raisin, soft-type",SR Legacy,4.1,13.6,68.0,1.2,401.0,unknown
174967,"Cookies, shortbread, commercially prepared, plain",SR Legacy,5.37,26.22,63.78,1.3,514.0,unknown
174087,"Cookies, shortbread, reduced fat",SR Legacy,5.37,14.0,75.99,1.3,451.0,unknown
174088,"Cookies, sugar wafer, chocolate-covered",SR Legacy,3.45,27.59,65.99,3.4,526.0,unknown
174970,"Cookies, sugar wafer, with creme filling, sugar free",SR Legacy,3.57,28.57,66.26,14.3,531.0,unknown
172736,"Cookies, sugar wafers with creme filling, regular",SR Legacy,3.84,23.24,70.64,1.6,502.0,unknown
174971,"Cookies, sugar, commercially prepared, regular (includes vanilla)",SR Legacy,5.35,19.55,67.34,1.3,464.0,unknown
174972,"Cookies, sugar, refrigerated dough",SR Legacy,4.0,19.48,61.22,0.9,436.0,unknown
172735,"Cookies, sugar, refrigerated dough, baked",SR Legacy,4.7,23.1,65.6,0.9,489.0,unknown
172737,"Cookies, vanilla sandwich with creme filling",SR Legacy,4.5,20.0,72.1,1.5,483.0,unknown
171868,"Cookies, vanilla sandwich with creme filling, reduced fat",SR Legacy,4.17,10.42,78.16,2.1,423.0,unknown
174974,"Cookies, vanilla wafers, higher fat",SR Legacy,4.9,16.41,72.6,1.6,455.0,unknown
174973,"Cookies, vanilla wafers, lower fat",SR Legacy,5.0,15.2,73.6,1.9,441.0,unknown
169997,"Coriander (cilantro) leaves, raw",SR Legacy,2.13,0.52,3.67,2.8,23.0,unknown
169843,"CRACKER BARREL, coleslaw",SR Legacy,0.89,13.22,13.01,1.6,175.0,unknown
167670,"CRACKER BARREL, grilled sirloin steak",SR Legacy,31.52,8.52,0.0,,203.0,unknown
167669,"CRACKER BARREL, steak fries",SR Legacy,3.26,13.18,30.87,3.5,255.0,unknown
172750,"Cracker, meal",SR Legacy,9.3,1.7,80.9,2.6,383.0,unknown
172740,"Crackers, matzo, plain",SR Legacy,10.0,1.4,83.7,3.0,395.0,unknown
174977,"Crackers, melba toast, plain",SR Legacy,12.1,3.2,76.6,6.3,390.0,unknown
172822,"Crackers, melba toast, plain, without salt",SR Legacy,12.1,3.2,76.6,6.3,390.0,unknown
171838,"Crackers, multigrain",SR Legacy,7.1,20.4,67.6,3.5,482.0,unknown
174981,"Crackers, rusk toast",SR Legacy,13.5,7.2,72.3,,407.0,unknown
175068,"Crackers, saltines, fat-free, low-sodium",SR Legacy,10.5,1.6,82.3,2.7,393.0,unknown
167529,"Crackers, snack, Goya Crackers",SR Legacy,14.25,13.35,64.35,3.8,433.0,unknown
174982,"Crackers, standard snack-type, regular",SR Legacy,6.64,26.43,61.3,2.3,510.0,unknown
175058,"Crackers, standard snack-type, regular, low salt",SR Legacy,7.4,25.3,61.0,1.6,502.0,unknown
171854,"Crackers, toast thins, low sodium",SR Legacy,6.45,16.13,67.66,9.7,442.0,unknown
171856,"Crackers, water biscuits",SR Legacy,7.14,7.14,72.81,7.1,384.0,unknown
171723,"Cranberries, dried, sweetened (Includes foods for USDA's Food Distribution Program)",SR Legacy,0.17,1.09,82.8,5.3,308.0,unknown
171722,"Cranberries, raw",SR Legacy,0.46,0.13,11.97,3.6,46.0,unknown
169804,"Cranberries, wild, bush, raw (Alaska Native)",SR Legacy,1.1,0.2,12.3,6.7,55.0,unknown
168212,"Cranberry juice blend, 100% juice, bottled, with added vitamin C and calcium",SR Legacy,0.27,0.12,10.91,0.1,45.0,unknown
171903,"Cranberry juice cocktail, bottled",SR Legacy,0.0,0.1,13.52,0.0,54.0,unknown
173653,"Cranberry juice cocktail, frozen concentrate",SR Legacy,0.05,0.0,51.45,0.2,201.0,unknown
173654,"Cranberry juice cocktail, frozen concentrate, prepared with water",SR Legacy,0.01,0.0,11.81,0.0,47.0,unknown
2003594,"Cranberry juice, not fortified, from concentrate, shelf stable",Foundation Foods,0.0,0.3375,7.26375,,32.0925,unknown
168117,"Cranberry juice, unsweetened",SR Legacy,0.39,0.13,12.2,0.1,46.0,unknown
173961,"Cranberry sauce, canned, sweetened",SR Legacy,0.9,0.15,40.4,1.1,159.0,unknown
167804,"Cranberry sauce, jellied, canned, OCEAN SPRAY",SR Legacy,1.05,0.04,40.61,1.0,160.0,unknown
167803,"Cranberry sauce, whole, canned, OCEAN SPRAY",SR Legacy,0.75,0.05,40.4,1.2,158.0,unknown
169805,"Cranberry, low bush or lingenberry, raw (Alaska Native)",SR Legacy,0.4,0.5,12.2,,55.0,unknown
169350,"Cress, garden, cooked, boiled, drained, with salt",SR Legacy,1.9,0.6,3.8,0.7,23.0,unknown
168408,"Cress, garden, cooked, boiled, drained, without salt",SR Legacy,1.9,0.6,3.8,0.7,23.0,unknown
168407,"Cress, garden, raw",SR Legacy,2.6,0.7,5.5,1.1,32.0,unknown
172751,"Croutons, plain",SR Legacy,11.9,6.6,73.5,5.1,407.0,unknown
172752,"Croutons, seasoned",SR Legacy,10.8,18.3,63.5,5.0,465.0,unknown
167591,"Crunchmaster, Multi-Grain Crisps, Snack Crackers, Gluten-Free",SR Legacy,10.91,15.92,67.18,7.5,456.0,unknown
173964,"Currants, red and white, raw",SR Legacy,1.4,0.2,13.8,4.3,56.0,unknown
171724,"Currants, zante, dried",SR Legacy,3.43,0.22,76.98,4.4,290.0,unknown
169351,"Dandelion greens, cooked, boiled, drained, with salt",SR Legacy,2.0,0.6,6.4,2.9,33.0,unknown
169227,"Dandelion greens, cooked, boiled, drained, without salt",SR Legacy,2.0,0.6,6.4,2.9,33.0,unknown
169226,"Dandelion greens, raw",SR Legacy,2.7,0.7,9.2,3.5,45.0,unknown
172753,"Danish pastry, cinnamon, enriched",SR Legacy,7.0,22.4,44.6,1.3,403.0,unknown
172824,"Danish pastry, cinnamon, unenriched",SR Legacy,7.0,22.4,44.6,1.2,403.0,unknown
171726,"Dates, deglet noor",SR Legacy,2.45,0.39,75.03,8.0,282.0,unknown
168191,"Dates, medjool",SR Legacy,1.81,0.15,74.97,6.7,277.0,unknown
169023,"DENNY'S, coleslaw",SR Legacy,0.97,15.03,10.88,1.3,183.0,unknown
167672,"DENNY'S, french fries",SR Legacy,3.41,14.13,35.2,3.5,282.0,unknown
169025,"DENNY'S, hash browns",SR Legacy,2.49,8.99,26.59,2.7,197.0,unknown
167673,"DENNY'S, top sirloin steak",SR Legacy,28.9,7.34,0.14,,182.0,unknown
170865,"Dessert topping, powdered",SR Legacy,4.9,39.92,52.54,0.0,577.0,unknown
170867,"Dessert topping, pressurized",SR Legacy,0.98,22.3,16.07,0.0,264.0,unknown
170868,"Dessert topping, semi solid, frozen",SR Legacy,1.25,25.31,23.05,0.0,318.0,unknown
168777,"Desserts, mousse, chocolate, prepared-from-recipe",SR Legacy,4.14,16.0,16.07,0.6,225.0,unknown
169616,"Desserts, rennin, chocolate, dry mix",SR Legacy,2.4,3.3,91.5,5.1,363.0,unknown
168794,"Desserts, rennin, tablets, unsweetened",SR Legacy,1.0,0.1,19.8,0.0,84.0,unknown
168792,"Desserts, rennin, vanilla, dry mix",SR Legacy,0.0,0.0,99.0,0.0,383.0,unknown
170760,"DIGIORNO Pizza, pepperoni topping, rising crust, frozen, baked",SR Legacy,12.46,10.11,31.15,2.3,265.0,unknown
170761,"DIGIORNO Pizza, pepperoni topping, thin crispy crust, frozen, baked",SR Legacy,13.22,12.86,28.67,2.8,283.0,unknown
170363,"DIGIORNO Pizza, supreme topping, rising crust, frozen, baked",SR Legacy,11.74,10.68,27.93,2.3,255.0,unknown
170364,"DIGIORNO Pizza, supreme topping, thin crispy crust, frozen, baked",SR Legacy,11.41,10.8,28.05,2.8,255.0,unknown
172233,"Dill weed, fresh",SR Legacy,3.46,1.12,7.02,2.1,43.0,unknown
169371,"Dock, cooked, boiled, drained, with salt",SR Legacy,1.83,0.64,2.93,,20.0,unknown
170077,"Dock, cooked, boiled, drained, without salt",SR Legacy,1.83,0.64,2.93,2.6,20.0,unknown
170076,"Dock, raw",SR Legacy,2.0,0.7,3.2,2.9,22.0,unknown
172046,"DOMINO'S 14"" EXTRAVAGANZZA FEAST Pizza, Classic Hand-Tossed Crust",SR Legacy,10.33,11.1,25.72,2.0,244.0,unknown
172044,"DOMINO'S 14"" Pepperoni Pizza, Classic Hand-Tossed Crust",SR Legacy,11.25,11.18,31.86,2.1,273.0,unknown
170370,"DOMINO'S 14"" Pepperoni Pizza, Crunchy Thin Crust",SR Legacy,13.88,19.05,25.35,2.6,328.0,unknown
172045,"DOMINO'S 14"" Pepperoni Pizza, Ultimate Deep Dish Crust",SR Legacy,11.52,12.1,31.89,2.4,283.0,unknown
174993,"Doughnuts, cake-type, chocolate, sugared or glazed",SR Legacy,4.5,19.9,57.4,2.2,417.0,unknown
174990,"Doughnuts, cake-type, plain (includes unsugared, old-fashioned)",SR Legacy,5.31,24.93,47.06,1.7,434.0,unknown
174992,"Doughnuts, cake-type, plain, sugared or glazed",SR Legacy,5.2,22.9,50.8,1.5,426.0,unknown
172756,"Doughnuts, french crullers, glazed",SR Legacy,3.1,18.3,59.5,1.2,412.0,unknown
172757,"Doughnuts, yeast-leavened, with creme filling",SR Legacy,6.4,24.5,30.0,0.8,361.0,unknown
172759,"Doughnuts, yeast-leavened, with jelly filling",SR Legacy,5.9,18.7,39.0,0.9,340.0,unknown
169905,"Dove, cooked (includes squab)",SR Legacy,23.9,13.0,0.0,0.0,213.0,unknown
168531,"Drumstick leaves, cooked, boiled, drained, with salt",SR Legacy,5.27,0.93,11.15,2.0,60.0,unknown
168417,"Drumstick leaves, cooked, boiled, drained, without salt",SR Legacy,5.27,0.93,11.15,2.0,60.0,unknown
168416,"Drumstick leaves, raw",SR Legacy,9.4,1.4,8.28,2.0,64.0,unknown
168532,"Drumstick pods, cooked, boiled, drained, with salt",SR Legacy,2.09,0.19,8.18,4.2,36.0,unknown
170484,"Drumstick pods, cooked, boiled, drained, without salt",SR Legacy,2.09,0.19,8.18,4.2,36.0,unknown
170483,"Drumstick pods, raw",SR Legacy,2.1,0.2,8.53,3.2,37.0,unknown
173461,Dulce de Leche,SR Legacy,6.84,7.35,55.35,0.0,315.0,unknown
168192,"Durian, raw or frozen",SR Legacy,1.47,5.33,27.09,3.8,147.0,unknown
171727,"Elderberries, raw",SR Legacy,0.66,0.5,18.4,7.0,73.0,unknown
168055,"Elk, free range, ground, cooked patties (Shoshone Bannock)",SR Legacy,29.45,2.8,0.0,,143.0,unknown
168056,"Elk, free range, ground, raw (Shoshone Bannock)",SR Legacy,20.14,1.8,0.0,0.0,97.0,unknown
168057,"Elk, free range, roast, eye of round, cooked (Shoshone Bannock)",SR Legacy,30.56,2.85,0.0,0.0,148.0,unknown
167652,"Elk, free range, roast, eye of round, raw (Shoshone Bannock)",SR Legacy,19.74,2.1,0.0,0.0,98.0,unknown
174477,"Emu, fan fillet, cooked, broiled",SR Legacy,31.27,2.3,0.0,0.0,154.0,unknown
174476,"Emu, fan fillet, raw",SR Legacy,22.5,0.8,0.0,0.0,103.0,unknown
174478,"Emu, flat fillet, raw",SR Legacy,22.25,0.74,0.0,0.0,102.0,unknown
172834,"Emu, full rump, cooked, broiled",SR Legacy,33.67,2.68,0.0,0.0,168.0,unknown
174479,"Emu, full rump, raw",SR Legacy,22.83,1.64,0.0,0.0,112.0,unknown
172833,"Emu, ground, cooked, pan-broiled",SR Legacy,28.43,4.65,0.0,0.0,163.0,unknown
172832,"Emu, ground, raw",SR Legacy,22.77,4.03,0.0,0.0,134.0,unknown
172835,"Emu, inside drum, raw",SR Legacy,22.22,1.49,0.0,0.0,108.0,unknown
172836,"Emu, inside drums, cooked, broiled",SR Legacy,32.38,2.01,0.0,0.0,156.0,unknown
172837,"Emu, outside drum, raw",SR Legacy,23.08,0.48,0.0,0.0,103.0,unknown
174480,"Emu, top loin, cooked, broiled",SR Legacy,29.07,3.13,0.0,0.0,152.0,unknown
168412,"Endive, raw",SR Legacy,1.25,0.2,3.35,3.1,17.0,unknown
175063,"English muffins, plain, enriched, without calcium propionate(includes sourdough)",SR Legacy,7.7,1.8,46.0,2.7,235.0,unknown
172828,"English muffins, plain, unenriched, with calcium propionate (includes sourdough)",SR Legacy,7.7,1.8,46.0,2.7,235.0,unknown
173238,"English muffins, plain, unenriched, without calcium propionate (includes sourdough)",SR Legacy,7.7,1.8,46.0,2.7,235.0,unknown
174093,"English muffins, whole grain white",SR Legacy,7.02,1.75,50.17,3.5,245.0,unknown
169398,"Epazote, raw",SR Legacy,0.33,0.52,7.44,3.8,32.0,unknown
170078,"Eppaw, raw",SR Legacy,4.6,1.8,31.68,,150.0,unknown
168413,"Escarole, cooked, boiled, drained, no salt added",SR Legacy,1.15,0.18,3.07,2.8,15.0,unknown
172455,"Falafel, home-prepared",SR Legacy,13.31,17.8,31.84,,333.0,unknown
170302,"Fast food, biscuit",SR Legacy,7.08,18.92,42.82,2.5,370.0,unknown
173295,"Fast Food, Pizza Chain, 14"" pizza, pepperoni topping, regular crust",SR Legacy,11.74,11.91,31.98,2.3,282.0,unknown
173296,"Fast Food, Pizza Chain, 14"" pizza, pepperoni topping, thick crust",SR Legacy,11.49,12.58,31.84,2.2,287.0,unknown
170762,"Fast Food, Pizza Chain, 14"" pizza, pepperoni topping, thin crust",SR Legacy,14.01,17.61,29.0,2.3,331.0,unknown
170300,"Fast foods, coleslaw",SR Legacy,0.95,9.91,14.89,1.9,153.0,unknown
172035,"Fast foods, french toast sticks",SR Legacy,6.0,17.74,41.21,1.4,340.0,unknown
170301,"Fast foods, hush puppies",SR Legacy,6.16,13.25,40.21,2.9,296.0,unknown
172079,"Fast foods, miniature cinnamon rolls",SR Legacy,7.02,17.95,53.38,2.2,403.0,unknown
173275,"Fast foods, sundae, caramel",SR Legacy,4.71,5.98,31.81,0.0,196.0,unknown
173276,"Fast foods, sundae, hot fudge",SR Legacy,3.57,5.46,30.17,0.0,180.0,unknown
168176,"Feijoa, raw",SR Legacy,0.71,0.42,15.21,6.4,61.0,unknown
168584,"Fiddlehead ferns, frozen, unprepared",SR Legacy,4.31,0.35,5.74,,34.0,unknown
169405,"Fiddlehead ferns, raw",SR Legacy,4.55,0.4,5.54,,34.0,unknown
169399,"Fireweed, leaves, raw",SR Legacy,4.71,2.75,19.22,10.6,103.0,unknown
168988,"Fireweed, young leaves, raw (Alaska Native)",SR Legacy,3.0,0.8,6.3,6.0,44.0,unknown
169883,"Fluid replacement, electrolyte solution (include PEDIALYTE)",SR Legacy,0.0,0.0,2.45,0.0,10.0,unknown
167945,"Focaccia, Italian flatbread, plain",SR Legacy,8.77,7.89,35.82,1.8,249.0,unknown
174787,"Formulated bar, LUNA BAR, NUTZ OVER CHOCOLATE",SR Legacy,20.75,12.19,52.49,4.3,403.0,unknown
173132,"Formulated bar, MARS SNACKFOOD US, SNICKERS MARATHON Double Chocolate Nut Bar",SR Legacy,22.35,8.99,51.66,10.5,377.0,unknown
173136,"Formulated bar, MARS SNACKFOOD US, SNICKERS MARATHON Energy Bar, all flavors",SR Legacy,21.91,10.79,50.3,6.7,386.0,unknown
174781,"Formulated bar, MARS SNACKFOOD US, SNICKERS MARATHON MULTIGRAIN CRUNCH BAR",SR Legacy,18.49,13.18,57.27,2.8,422.0,unknown
174786,"Formulated bar, MARS SNACKFOOD US, SNICKERS MARATHON Protein Performance Bar, Caramel Nut Rush",SR Legacy,25.0,12.5,50.5,12.5,415.0,unknown
173137,"Formulated bar, POWER BAR, chocolate",SR Legacy,14.15,3.11,69.63,5.7,363.0,unknown
173158,"Formulated Bar, SOUTH BEACH protein bar",SR Legacy,30.34,15.17,38.4,7.3,412.0,unknown
174792,"Formulated bar, ZONE PERFECT CLASSIC CRUNCH BAR, mixed flavors",SR Legacy,30.0,14.0,45.0,2.0,426.0,unknown
168131,"Frankfurter, low sodium",SR Legacy,12.0,28.51,1.8,0.0,312.0,unknown
172763,"French toast, frozen, ready-to-heat",SR Legacy,7.4,6.1,32.1,1.1,213.0,unknown
169668,"Frostings, glaze, prepared-from-recipe",SR Legacy,0.44,0.53,83.65,0.0,341.0,unknown
168803,"Frostings, white, fluffy, dry mix",SR Legacy,2.3,0.0,94.9,0.0,371.0,unknown
169626,"Frostings, white, fluffy, dry mix, prepared with water",SR Legacy,1.5,0.0,62.6,0.0,244.0,unknown
168812,"Frozen novelties, ice type, italian, restaurant-prepared",SR Legacy,0.03,0.02,13.5,0.0,53.0,unknown
168813,"Frozen novelties, ice type, pop",SR Legacy,0.0,0.24,19.23,0.0,79.0,unknown
168132,"Frozen novelties, ice type, pop, with low calorie sweetener",SR Legacy,0.0,0.0,5.92,0.0,24.0,unknown
170255,"Frozen novelties, juice type, POPSICLE SCRIBBLERS",SR Legacy,0.0,0.24,19.68,0.0,81.0,unknown
170665,"Frozen novelties, KLONDIKE, SLIM-A-BEAR Chocolate Cone",SR Legacy,4.09,4.1,45.32,4.3,224.0,unknown
170260,"Frozen novelties, KLONDIKE, SLIM-A-BEAR Fudge Bar, 98% fat free, no sugar added",SR Legacy,4.31,1.88,30.07,6.0,124.0,unknown
170666,"Frozen novelties, KLONDIKE, SLIM-A-BEAR Vanilla Sandwich",SR Legacy,3.9,5.85,42.75,4.3,239.0,unknown
170667,"Frozen novelties, KLONDIKE, SLIM-A-BEAR, No Sugar Added, Stickless Bar",SR Legacy,5.2,13.0,25.98,3.9,242.0,unknown
170258,"Frozen novelties, No Sugar Added, FUDGSICLE pops",SR Legacy,3.67,1.87,23.11,1.5,124.0,unknown
168581,"Fungi, Cloud ears, dried",SR Legacy,9.25,0.73,73.01,70.1,284.0,unknown
167515,"George Weston Bakeries, Thomas English Muffins",SR Legacy,8.0,1.8,46.0,,232.0,unknown
169765,"Ginger root, pickled, canned, with artificial sweetener",SR Legacy,0.33,0.1,4.83,2.6,20.0,unknown
169231,"Ginger root, raw",SR Legacy,1.82,0.75,17.77,2.0,80.0,unknown
167592,"Glutino, Gluten Free Cookies, Chocolate Vanilla Creme",SR Legacy,2.19,17.89,76.03,2.5,474.0,unknown
167593,"Glutino, Gluten Free Cookies, Vanilla Creme",SR Legacy,2.19,18.79,77.34,0.0,487.0,unknown
173032,"Goji berries, dried",SR Legacy,14.26,0.39,77.06,13.0,349.0,unknown
168530,"Gourd, dishcloth (towelgourd), cooked, boiled, drained, with salt",SR Legacy,0.66,0.34,13.75,2.9,54.0,unknown
168415,"Gourd, dishcloth (towelgourd), cooked, boiled, drained, without salt",SR Legacy,0.66,0.34,14.34,2.9,56.0,unknown
168414,"Gourd, dishcloth (towelgourd), raw",SR Legacy,1.2,0.2,4.35,1.1,20.0,unknown
169353,"Gourd, white-flowered (calabash), cooked, boiled, drained, with salt",SR Legacy,0.6,0.02,3.1,1.2,13.0,unknown
169233,"Gourd, white-flowered (calabash), cooked, boiled, drained, without salt",SR Legacy,0.6,0.02,3.69,1.2,15.0,unknown
169232,"Gourd, white-flowered (calabash), raw",SR Legacy,0.62,0.02,3.39,0.5,14.0,unknown
171168,"Gravy, au jus, canned",SR Legacy,1.2,0.2,2.5,0.0,16.0,unknown
171169,"Gravy, au jus, dry",SR Legacy,9.2,9.63,47.49,,313.0,unknown
171588,"Gravy, brown instant, dry",SR Legacy,8.53,11.85,59.78,3.2,380.0,unknown
171565,"Gravy, brown, dry",SR Legacy,10.74,9.61,59.38,2.0,367.0,unknown
171570,"Gravy, unspecified type, dry",SR Legacy,13.0,8.0,58.0,,344.0,unknown
168196,"Guanabana nectar, canned",SR Legacy,0.11,0.17,14.93,0.1,59.0,unknown
167922,"Heinz, Weight Watcher, Chocolate Eclair, frozen",SR Legacy,4.4,6.9,40.3,2.1,241.0,unknown
169701,"Hominy, canned, white",SR Legacy,1.48,0.88,14.26,2.5,72.0,unknown
169752,"Hominy, canned, yellow",SR Legacy,1.48,0.88,14.26,2.5,72.0,unknown
169808,"Huckleberries, raw (Alaska Native)",SR Legacy,0.4,0.1,8.7,,37.0,unknown
169782,"HUNGRY MAN, Salisbury Steak With Gravy, frozen, unprepared",SR Legacy,7.96,8.53,6.96,1.3,136.0,unknown
174999,"Hush puppies, prepared from recipe",SR Legacy,7.7,13.5,46.0,2.8,337.0,unknown
172323,"Infant formula, ABBOTT NUTRITION, SIMILAC NEOSURE, ready-to-feed, with ARA and DHA",SR Legacy,1.92,3.77,6.94,0.0,69.0,unknown
172326,"Infant formula, ABBOTT NUTRITION, SIMILAC, ADVANCE, with iron, liquid concentrate, not reconstituted",SR Legacy,2.64,6.89,13.52,0.0,127.0,unknown
173561,"Infant formula, ABBOTT NUTRITION, SIMILAC, ADVANCE, with iron, powder, not reconstituted",SR Legacy,10.89,28.87,54.73,0.0,522.0,unknown
173560,"Infant formula, ABBOTT NUTRITION, SIMILAC, ADVANCE, with iron, ready-to-feed",SR Legacy,1.36,3.7,6.77,0.0,66.0,unknown
171396,"Infant formula, ABBOTT NUTRITION, SIMILAC, Expert Care, Diarrhea, ready- to- feed with ARA and DHA",SR Legacy,1.76,3.6,6.67,0.7,66.0,unknown
171399,"Infant formula, ABBOTT NUTRITION, SIMILAC, For Spit Up, powder, with ARA and DHA",SR Legacy,11.0,27.75,55.0,0.0,514.0,unknown
171397,"Infant formula, ABBOTT NUTRITION, SIMILAC, For Spit Up, ready-to-feed, with ARA and DHA",SR Legacy,1.4,3.54,7.19,0.0,66.0,unknown
168971,"Infant formula, ABBOTT NUTRITION, SIMILAC, GO AND GROW, powder, with ARA and DHA",SR Legacy,15.36,27.65,52.2,0.0,512.0,unknown
171395,"Infant formula, ABBOTT NUTRITION, SIMILAC, GO AND GROW, ready-to-feed, with ARA and DHA",SR Legacy,1.97,3.54,6.69,0.0,66.0,unknown
171382,"Infant formula, ABBOTT NUTRITION, SIMILAC, ISOMIL, ADVANCE with iron, liquid concentrate",SR Legacy,3.13,6.98,13.21,0.0,128.0,unknown
171384,"Infant formula, ABBOTT NUTRITION, SIMILAC, ISOMIL, ADVANCE with iron, powder, not reconstituted",SR Legacy,12.6,28.09,53.57,0.0,517.0,unknown
171383,"Infant formula, ABBOTT NUTRITION, SIMILAC, ISOMIL, ADVANCE with iron, ready-to-feed",SR Legacy,1.61,3.59,6.7,0.0,66.0,unknown
173542,"Infant formula, ABBOTT NUTRITION, SIMILAC, ISOMIL, with iron, liquid concentrate",SR Legacy,3.13,6.98,13.21,0.0,128.0,unknown
173543,"Infant formula, ABBOTT NUTRITION, SIMILAC, ISOMIL, with iron, powder, not reconstituted",SR Legacy,12.6,28.09,53.57,0.0,517.0,unknown
173541,"Infant formula, ABBOTT NUTRITION, SIMILAC, ISOMIL, with iron, ready-to-feed",SR Legacy,1.61,3.59,6.7,0.0,66.0,unknown
172324,"Infant formula, ABBOTT NUTRITION, SIMILAC, NEOSURE, powder, with ARA and DHA",SR Legacy,14.42,28.33,51.75,0.0,520.0,unknown
172307,"Infant formula, ABBOTT NUTRITION, SIMILAC, PM 60/40, powder not reconstituted",SR Legacy,11.4,28.71,54.94,0.0,524.0,unknown
172312,"Infant formula, ABBOTT NUTRITION, SIMILAC, with iron, liquid concentrate, not reconstituted",SR Legacy,2.64,6.89,13.76,0.0,127.0,unknown
173546,"Infant formula, ABBOTT NUTRITION, SIMILAC, with iron, powder, not reconstituted",SR Legacy,10.89,28.87,54.73,0.0,522.0,unknown
169786,"Infant Formula, GERBER GOOD START 2, GENTLE PLUS, powder",SR Legacy,10.8,25.1,57.1,0.0,492.0,unknown
170997,"Infant Formula, GERBER GOOD START 2, GENTLE PLUS, ready-to-feed",SR Legacy,1.44,3.34,7.61,0.0,66.0,unknown
169787,"Infant formula, GERBER, GOOD START 2, PROTECT PLUS, powder",SR Legacy,11.1,25.7,56.3,0.0,501.0,unknown
171394,"Infant formula, GERBER, GOOD START 2, PROTECT PLUS, ready-to-feed",SR Legacy,1.44,3.37,7.39,0.0,66.0,unknown
169785,"Infant formula, GERBER, GOOD START, PROTECT PLUS, powder",SR Legacy,11.3,26.1,57.0,0.0,512.0,unknown
170996,"Infant formula, GERBER, GOOD START, PROTECT PLUS, ready-to-feed",SR Legacy,1.44,3.36,7.17,0.0,65.0,unknown
173522,"Infant formula, MEAD JOHNSON, Enfamil 24, ready to feed, with ARA and DHA",SR Legacy,1.64,4.1,6.93,0.0,71.0,unknown
173523,"Infant formula, MEAD JOHNSON, Enfamil Enspire Powder, with ARA and DHA, not reconstituted",SR Legacy,10.5,27.0,57.2,0.0,514.0,unknown
172291,"Infant formula, MEAD JOHNSON, Enfamil for Supplementing, powder, with ARA and DHA, not reconstituted",SR Legacy,11.7,27.0,55.8,0.0,513.0,unknown
172295,"Infant formula, MEAD JOHNSON, Enfamil for Supplementing, ready to feed, with ARA and DHA",SR Legacy,1.51,3.5,7.6,,68.0,unknown
171387,"Infant Formula, MEAD JOHNSON, ENFAMIL GENTLEASE, with iron, prepared from powder",SR Legacy,1.51,3.5,7.6,0.0,68.0,unknown
172304,"Infant formula, MEAD JOHNSON, ENFAMIL LIPIL, with iron, ready-to-feed, with ARA and DHA",SR Legacy,1.38,3.5,7.1,0.0,64.0,unknown
172290,"Infant formula, MEAD JOHNSON, Enfamil Premature 30 Calories, ready to feed, with ARA and DHA",SR Legacy,3.2,4.8,11.13,,101.0,unknown
172289,"Infant formula, MEAD JOHNSON, Enfamil Premature High Protein 24 Calories, ready to feed, with ARA and DHA",SR Legacy,2.8,3.9,8.66,,81.0,unknown
172292,"Infant formula, MEAD JOHNSON, Enfamil Reguline Powder, with ARA and DHA, not reconstituted",SR Legacy,11.7,27.0,55.9,,513.0,unknown
173524,"Infant formula, MEAD JOHNSON, Enfamil Reguline, ready to feed, with ARA and DHA",SR Legacy,1.51,3.5,7.6,,68.0,unknown
172322,"Infant formula, MEAD JOHNSON, ENFAMIL, AR, powder, with ARA and DHA",SR Legacy,12.4,25.0,57.4,0.0,504.0,unknown
172321,"Infant formula, MEAD JOHNSON, ENFAMIL, AR, ready-to-feed, with ARA and DHA",SR Legacy,1.64,3.3,8.73,0.4,71.0,unknown
170986,"Infant Formula, MEAD JOHNSON, ENFAMIL, ENFACARE, ready-to-feed, with ARA and DHA",SR Legacy,2.0,3.8,7.73,0.0,73.0,unknown
172311,"Infant formula, MEAD JOHNSON, ENFAMIL, ENFACARE, with iron, powder, with ARA and DHA",SR Legacy,13.9,26.0,53.8,0.0,505.0,unknown
168970,"Infant formula, MEAD JOHNSON, ENFAMIL, ENFAGROW, GENTLEASE, Toddler transitions, with ARA and DHA, powder",SR Legacy,12.9,26.0,53.5,0.0,500.0,unknown
171389,"Infant Formula, MEAD JOHNSON, ENFAMIL, GENTLEASE, with ARA and DHA powder not reconstituted",SR Legacy,11.7,27.0,56.5,0.0,516.0,unknown
172306,"Infant formula, MEAD JOHNSON, ENFAMIL, Infant, ready-to-feed, with ARA and DHA",SR Legacy,1.31,3.5,7.86,0.0,68.0,unknown
172303,"Infant formula, MEAD JOHNSON, ENFAMIL, Infant, with iron, liquid concentrate, with ARA and DHA, reconstituted",SR Legacy,1.31,3.5,7.86,0.0,68.0,unknown
172302,"Infant formula, MEAD JOHNSON, ENFAMIL, Infant, with iron, powder, with ARA and DHA",SR Legacy,10.8,27.0,56.2,0.0,511.0,unknown
173537,"Infant formula, MEAD JOHNSON, ENFAMIL, LIPIL, low iron, liquid concentrate, with ARA and DHA",SR Legacy,2.76,7.16,14.24,0.0,131.0,unknown
172305,"Infant formula, MEAD JOHNSON, ENFAMIL, LIPIL, low iron, ready to feed, with ARA and DHA",SR Legacy,1.38,3.5,7.18,0.0,64.0,unknown
168966,"Infant Formula, MEAD JOHNSON, ENFAMIL, Newborn, with ARA and DHA, powder",SR Legacy,10.7,27.0,57.6,0.0,516.0,unknown
170994,"Infant Formula, MEAD JOHNSON, ENFAMIL, Newborn, with DHA and ARA, ready-to-feed",SR Legacy,1.38,3.48,7.81,0.0,68.0,unknown
171391,"Infant formula, MEAD JOHNSON, ENFAMIL, NUTRAMIGEN AA, ready-to-feed",SR Legacy,1.84,3.48,6.76,0.0,66.0,unknown
172308,"Infant formula, MEAD JOHNSON, ENFAMIL, NUTRAMIGEN WITH LGG, with iron, powder, not reconstituted, with ARA and DHA",SR Legacy,14.1,27.0,53.6,0.0,514.0,unknown
168973,"Infant formula, MEAD JOHNSON, ENFAMIL, NUTRAMIGEN, PurAmino, powder, not reconstituted",SR Legacy,13.9,26.0,55.68,0.0,512.0,unknown
173544,"Infant formula, MEAD JOHNSON, ENFAMIL, NUTRAMIGEN, with iron, liquid concentrate not reconstituted, with ARA and DHA",SR Legacy,1.84,3.5,7.2,0.0,68.0,unknown
172309,"Infant formula, MEAD JOHNSON, ENFAMIL, NUTRAMIGEN, with iron, ready-to-feed, with ARA and DHA",SR Legacy,1.83,3.5,7.21,0.0,68.0,unknown
168974,"Infant formula, MEAD JOHNSON, ENFAMIL, Premature, 20 calories ready-to-feed Low iron",SR Legacy,1.97,3.34,7.21,0.0,66.0,unknown
169789,"Infant formula, MEAD JOHNSON, ENFAMIL, Premature, 24 calories ready-to-feed Low iron",SR Legacy,1.97,3.34,7.19,0.0,67.0,unknown
171392,"Infant formula, MEAD JOHNSON, ENFAMIL, Premature, with iron, 20 calories, ready-to-feed",SR Legacy,2.2,3.3,6.2,0.0,63.0,unknown
171393,"Infant formula, MEAD JOHNSON, ENFAMIL, Premature, with iron, 24 calories, ready-to-feed",SR Legacy,2.6,3.9,8.88,0.0,81.0,unknown
168968,"Infant Formula, MEAD JOHNSON, ENFAMIL, Premium LIPIL, Infant, Liquid concentrate, not reconstituted",SR Legacy,2.73,6.83,14.42,0.0,129.0,unknown
168967,"Infant Formula, MEAD JOHNSON, ENFAMIL, Premium LIPIL, Infant, powder",SR Legacy,10.8,27.0,57.0,0.0,510.0,unknown
168969,"Infant Formula, MEAD JOHNSON, ENFAMIL, Premium, Infant, Liquid concentrate, not reconstituted",SR Legacy,2.72,7.1,14.34,0.0,129.0,unknown
169791,"Infant Formula, MEAD JOHNSON, ENFAMIL, Premium, Infant, powder",SR Legacy,10.8,27.0,57.0,0.0,510.0,unknown
169790,"Infant Formula, MEAD JOHNSON, ENFAMIL, Premium, Infant, ready-to-feed",SR Legacy,1.38,3.48,7.39,0.0,66.0,unknown
173547,"Infant formula, MEAD JOHNSON, ENFAMIL, PROSOBEE, liquid concentrate, reconstituted, with ARA and DHA",SR Legacy,1.63,3.4,7.58,0.0,67.0,unknown
173545,"Infant formula, MEAD JOHNSON, ENFAMIL, PROSOBEE, with iron, powder, not reconstituted, with ARA and DHA",SR Legacy,12.7,27.0,54.6,0.0,512.0,unknown
172301,"Infant formula, MEAD JOHNSON, ENFAMIL, with iron, powder",SR Legacy,10.8,27.0,56.2,0.0,520.0,unknown
173525,"Infant formula, MEAD JOHNSON, Gentlease, ready to feed, with ARA and DHA",SR Legacy,1.5,3.5,7.61,,68.0,unknown
173552,"Infant formula, MEAD JOHNSON, NEXT STEP PROSOBEE, powder, not reconstituted",SR Legacy,15.6,21.0,57.1,0.0,480.0,unknown
172314,"Infant formula, MEAD JOHNSON, NEXT STEP, PROSOBEE LIPIL, powder, with ARA and DHA",SR Legacy,15.6,21.0,57.1,0.0,480.0,unknown
172315,"Infant formula, MEAD JOHNSON, NEXT STEP, PROSOBEE, LIPIL, ready to feed, with ARA and DHA",SR Legacy,2.14,2.91,8.09,0.0,67.0,unknown
173527,"Infant formula, MEAD JOHNSON, Pregestimil 20 Calories, ready to feed, with ARA and DHA",SR Legacy,1.84,3.7,7.0,,69.0,unknown
172293,"Infant formula, MEAD JOHNSON, Pregestimil 24 Calories, ready to feed, with ARA and DHA",SR Legacy,2.2,4.4,5.95,,72.0,unknown
173538,"Infant formula, MEAD JOHNSON, PREGESTIMIL, with iron, powder, with ARA and DHA, not reconstituted",SR Legacy,14.0,28.0,52.2,0.0,517.0,unknown
173539,"Infant formula, MEAD JOHNSON, PREGESTIMIL, with iron, with ARA and DHA, prepared from powder",SR Legacy,1.86,3.7,6.54,0.0,67.0,unknown
173548,"Infant formula, MEAD JOHNSON, PROSOBEE, with iron, ready to feed, with ARA and DHA",SR Legacy,1.64,3.5,6.47,0.0,64.0,unknown
173540,"Infant formula, MEAD JOHNSON, PROSOBEE, with iron, ready-to-feed",SR Legacy,1.64,3.5,6.11,0.0,63.0,unknown
173553,"Infant formula, MEAD JOHNSON,NEXT STEP PROSOBEE, prepared from powder",SR Legacy,2.14,2.91,8.08,0.0,67.0,unknown
171386,"Infant formula, NESTLE, GOOD START SUPREME, with iron, DHA and ARA, prepared from liquid concentrate",SR Legacy,1.45,3.37,7.39,0.0,66.0,unknown
171385,"Infant formula, NESTLE, GOOD START SUPREME, with iron, DHA and ARA, ready-to-feed",SR Legacy,1.45,3.37,7.39,0.0,66.0,unknown
173535,"Infant formula, NESTLE, GOOD START SUPREME, with iron, liquid concentrate, not reconstituted",SR Legacy,2.79,6.5,14.2,0.0,127.0,unknown
173536,"Infant formula, NESTLE, GOOD START SUPREME, with iron, powder",SR Legacy,11.3,26.1,57.32,0.0,509.0,unknown
169641,Jams and preserves,SR Legacy,0.37,0.07,68.86,1.1,278.0,unknown
169058,"Jams and preserves, no sugar (with sodium saccharin), any flavor",SR Legacy,0.3,0.3,53.42,2.5,132.0,unknown
167706,"Jams, preserves, marmalade, reduced sugar",SR Legacy,0.0,0.1,37.6,1.5,151.0,unknown
169642,Jellies,SR Legacy,0.15,0.02,69.95,1.0,266.0,unknown
169879,"Jellies, no sugar (with sodium saccharin), any flavors",SR Legacy,0.55,0.0,29.6,2.2,121.0,unknown
168145,"Jellies, reduced sugar, home preserved",SR Legacy,0.3,0.03,46.1,0.8,179.0,unknown
168152,"Jujube, Chinese, fresh, dried",SR Legacy,4.72,0.5,72.52,6.0,281.0,unknown
168151,"Jujube, raw",SR Legacy,1.2,0.2,20.23,,79.0,unknown
169354,"Jute, potherb, cooked, boiled, drained, with salt",SR Legacy,3.68,0.2,7.29,2.0,37.0,unknown
168420,"Jute, potherb, cooked, boiled, drained, without salt",SR Legacy,3.68,0.2,7.29,2.0,37.0,unknown
168419,"Jute, potherb, raw",SR Legacy,4.65,0.25,5.8,,34.0,unknown
169241,"Kanpyo, (dried gourd strips)",SR Legacy,8.58,0.56,65.03,9.8,258.0,unknown
170904,"Kefir, lowfat, plain, LIFEWAY",SR Legacy,3.79,1.02,4.77,0.0,43.0,unknown
167936,"Keikitos (muffins), Latino bakery item",SR Legacy,6.81,25.24,53.16,1.2,467.0,unknown
747693,"Ketchup, restaurant",Foundation Foods,1.11,0.55,26.8,,117.0,unknown
170339,"KFC, biscuit",SR Legacy,7.5,17.05,43.55,2.0,358.0,unknown
170340,"KFC, Coleslaw",SR Legacy,0.91,8.64,15.65,2.0,144.0,unknown
173877,"Kielbasa, fully cooked, grilled",SR Legacy,12.45,29.68,5.03,0.0,337.0,unknown
173878,"Kielbasa, fully cooked, pan-fried",SR Legacy,12.36,29.43,4.78,0.0,333.0,unknown
173879,"Kielbasa, fully cooked, unheated",SR Legacy,10.84,29.63,3.72,0.0,325.0,unknown
169357,"Kohlrabi, cooked, boiled, drained, with salt",SR Legacy,1.8,0.11,6.69,1.1,29.0,unknown
168425,"Kohlrabi, cooked, boiled, drained, without salt",SR Legacy,1.8,0.11,6.69,1.1,29.0,unknown
168424,"Kohlrabi, raw",SR Legacy,1.7,0.1,6.2,3.6,27.0,unknown
168154,"Kumquats, raw",SR Legacy,1.88,0.86,15.9,6.5,71.0,unknown
172803,"Leavening agents, baking powder, double-acting, sodium aluminum sulfate",SR Legacy,0.0,0.0,27.7,0.2,53.0,unknown
172804,"Leavening agents, baking powder, double-acting, straight phosphate",SR Legacy,0.1,0.0,24.1,0.2,51.0,unknown
172805,"Leavening agents, baking powder, low-sodium",SR Legacy,0.1,0.4,46.9,2.2,97.0,unknown
175040,"Leavening agents, baking soda",SR Legacy,0.0,0.0,0.0,0.0,0.0,unknown
175043,"Leavening agents, yeast, baker's, active dry",SR Legacy,40.44,7.61,41.22,26.9,325.0,unknown
175042,"Leavening agents, yeast, baker's, compressed",SR Legacy,8.4,1.9,18.1,8.1,105.0,unknown
168535,"Leeks, (bulb and lower leaf-portion), cooked, boiled, drained, with salt",SR Legacy,0.81,0.2,7.62,1.0,31.0,unknown
168426,"Leeks, (bulb and lower leaf-portion), cooked, boiled, drained, without salt",SR Legacy,0.81,0.2,7.62,1.0,31.0,unknown
169246,"Leeks, (bulb and lower leaf-portion), raw",SR Legacy,1.5,0.3,14.15,1.8,61.0,unknown
170485,"Leeks, (bulb and lower-leaf portion), freeze-dried",SR Legacy,15.2,2.1,74.65,10.4,321.0,unknown
169087,"Litchis, dried",SR Legacy,3.8,1.2,70.7,4.6,277.0,unknown
169086,"Litchis, raw",SR Legacy,0.83,0.44,16.53,1.3,66.0,unknown
172048,"LITTLE CAESARS 14"" Original Round Pepperoni Pizza, Regular Crust",SR Legacy,13.59,10.5,31.01,1.7,273.0,unknown
173288,"LITTLE CAESARS 14"" Pepperoni Pizza, Large Deep Dish Crust",SR Legacy,12.93,10.81,29.03,1.5,265.0,unknown
169088,"Loganberries, frozen",SR Legacy,1.52,0.31,13.02,5.3,55.0,unknown
169907,"Longans, dried",SR Legacy,4.9,0.4,74.0,,286.0,unknown
169089,"Longans, raw",SR Legacy,1.31,0.1,15.14,1.1,60.0,unknown
169908,"Loquats, raw",SR Legacy,0.43,0.2,12.14,1.7,47.0,unknown
168536,"Lotus root, cooked, boiled, drained, with salt",SR Legacy,1.58,0.07,16.02,3.1,66.0,unknown
168430,"Lotus root, cooked, boiled, drained, without salt",SR Legacy,1.58,0.07,16.02,3.1,66.0,unknown
169250,"Lotus root, raw",SR Legacy,2.6,0.1,17.23,4.9,74.0,unknown
2747658,"Mahi mahi, frozen, wild caught",Foundation Foods,19.79375,0.3767,0.28655,,83.7115,unknown
174863,"Malt beverage, includes non-alcoholic beer",SR Legacy,0.21,0.12,8.05,0.0,37.0,unknown
167766,"Maraschino cherries, canned, drained",SR Legacy,0.22,0.21,41.97,3.2,165.0,unknown
173589,"Margarine Spread, 40-49% fat, tub",SR Legacy,0.27,44.46,0.0,0.0,401.0,unknown
171432,"Margarine, 80% fat, tub, CANOLA HARVEST Soft Spread (canola, palm and palm kernel oils)",SR Legacy,0.41,80.32,1.39,,730.0,unknown
172346,"Margarine, regular, 80% fat, composite, stick, with salt",SR Legacy,0.16,80.71,0.7,0.0,717.0,unknown
171435,"Margarine, regular, 80% fat, composite, stick, with salt, with added vitamin D",SR Legacy,0.16,80.71,0.7,0.0,717.0,unknown
173585,"Margarine, regular, 80% fat, composite, stick, without salt",SR Legacy,0.16,80.71,0.7,0.0,717.0,unknown
171040,"Margarine, regular, 80% fat, composite, stick, without salt, with added vitamin D",SR Legacy,0.16,80.71,0.7,0.0,717.0,unknown
172347,"Margarine, regular, 80% fat, composite, tub, with salt",SR Legacy,0.22,80.17,0.75,0.0,713.0,unknown
171436,"Margarine, regular, 80% fat, composite, tub, with salt, with added vitamin D",SR Legacy,0.22,80.17,0.75,0.0,713.0,unknown
172349,"Margarine, regular, 80% fat, composite, tub, without salt",SR Legacy,0.22,80.17,0.75,0.0,713.0,unknown
171415,"Margarine,spread, 35-39% fat, tub",SR Legacy,0.23,37.98,1.52,0.0,349.0,unknown
171035,"Margarine-like spread, BENECOL Light Spread",SR Legacy,0.0,38.71,5.71,,357.0,unknown
173609,"Margarine-like spread, SMART BEAT Smart Squeeze",SR Legacy,0.0,2.1,7.1,0.0,47.0,unknown
173608,"Margarine-like spread, SMART BEAT Super Light without saturated fat",SR Legacy,0.0,17.1,0.0,0.0,158.0,unknown
175080,"Martha White Foods, Martha White's Chewy Fudge Brownie Mix, dry",SR Legacy,4.42,6.16,83.58,2.9,407.0,unknown
168004,"Mary's Gone Crackers, Original Crackers, Organic Gluten Free",SR Legacy,12.06,15.63,64.29,16.2,446.0,unknown
167608,"Mashu roots, raw (Alaska Native)",SR Legacy,5.8,2.4,22.6,,135.0,unknown
172064,"McDONALD'S, BIG BREAKFAST",SR Legacy,10.16,19.37,17.5,1.1,285.0,unknown
170720,"McDONALD'S, BIG MAC",SR Legacy,11.82,14.96,20.08,1.6,257.0,unknown
172067,"McDONALD'S, BIG MAC (without Big Mac Sauce)",SR Legacy,12.79,11.57,21.01,1.7,234.0,unknown
173309,"McDONALD'S, Deluxe Breakfast, with syrup and margarine",SR Legacy,7.56,15.23,29.48,1.0,285.0,unknown
170721,"McDONALD'S, french fries",SR Legacy,3.41,15.47,42.58,3.9,323.0,unknown
173298,"McDONALD'S, Hash Brown",SR Legacy,2.48,16.3,28.56,2.8,271.0,unknown
173301,"McDONALD'S, Hot Caramel Sundae",SR Legacy,3.58,4.89,33.36,0.0,188.0,unknown
173302,"McDONALD'S, Hot Fudge Sundae",SR Legacy,4.14,5.91,30.05,0.4,186.0,unknown
173299,"McDONALD'S, Hotcakes (plain)",SR Legacy,6.0,5.84,38.27,1.4,228.0,unknown
173311,"McDONALD'S, Hotcakes (with 2 pats margarine & syrup)",SR Legacy,4.05,8.06,46.08,0.9,272.0,unknown
173303,"McDONALD'S, McFLURRY with M&M'S CANDIES",SR Legacy,4.02,6.46,26.82,0.2,177.0,unknown
173304,"McDONALD'S, McFLURRY with OREO cookies",SR Legacy,3.97,5.66,25.55,0.1,165.0,unknown
170321,"McDONALD'S, QUARTER POUNDER",SR Legacy,14.1,11.55,22.17,1.6,244.0,unknown
170777,"McDONALD'S, RANCH SNACK WRAP, Crispy",SR Legacy,11.48,15.1,23.22,1.3,275.0,unknown
170778,"McDONALD'S, RANCH SNACK WRAP, Grilled",SR Legacy,13.77,10.31,18.43,0.9,222.0,unknown
172074,"McDONALD'S, Side Salad",SR Legacy,1.03,0.19,4.3,1.6,20.0,unknown
172442,Miso,SR Legacy,12.79,6.01,25.37,5.4,198.0,unknown
174213,"Mollusks, abalone, mixed species, cooked, fried",SR Legacy,19.63,6.78,11.05,0.0,189.0,unknown
174212,"Mollusks, abalone, mixed species, raw",SR Legacy,17.1,0.76,6.01,0.0,105.0,unknown
173720,"Mollusks, conch, baked or broiled",SR Legacy,26.3,1.2,1.7,0.0,130.0,unknown
167744,"Mollusks, snail, raw",SR Legacy,16.1,1.4,2.0,0.0,90.0,unknown
171984,"Mollusks, whelk, unspecified, cooked, moist heat",SR Legacy,47.68,0.8,15.52,0.0,275.0,unknown
171983,"Mollusks, whelk, unspecified, raw",SR Legacy,23.84,0.4,7.76,0.0,137.0,unknown
168017,"Mouse nuts, roots (Alaska Native)",SR Legacy,3.9,0.1,16.1,,81.0,unknown
174996,"Muffins, English, mixed-grain (includes granola)",SR Legacy,9.1,1.8,46.3,2.8,235.0,unknown
174994,"Muffins, English, plain, enriched, with ca prop (includes sourdough)",SR Legacy,8.87,1.69,44.17,3.5,227.0,unknown
174995,"Muffins, English, plain, toasted, enriched, with calcium propionate (includes sourdough)",SR Legacy,10.32,2.02,52.65,2.8,270.0,unknown
169913,"Mulberries, raw",SR Legacy,1.44,0.39,9.8,1.7,43.0,unknown
170503,"Mustard greens, cooked, boiled, drained, with salt",SR Legacy,2.56,0.47,4.51,2.0,26.0,unknown
169257,"Mustard greens, cooked, boiled, drained, without salt",SR Legacy,2.56,0.47,4.51,2.0,26.0,unknown
170504,"Mustard greens, frozen, cooked, boiled, drained, with salt",SR Legacy,2.27,0.25,3.11,2.8,19.0,unknown
169259,"Mustard greens, frozen, cooked, boiled, drained, without salt",SR Legacy,2.27,0.25,3.11,2.8,19.0,unknown
169258,"Mustard greens, frozen, unprepared",SR Legacy,2.49,0.27,3.41,3.3,20.0,unknown
169256,"Mustard greens, raw",SR Legacy,2.86,0.42,4.67,3.2,27.0,unknown
326698,"Mustard, prepared, yellow",Foundation Foods,4.25,3.38,5.3,4.3,61.0,unknown
175084,"Nabisco, Nabisco Oreo Crunchies, Cookie Crumb Topping",SR Legacy,4.78,21.5,70.23,3.2,476.0,unknown
173258,"Nabisco, Nabisco Ritz Crackers",SR Legacy,7.23,23.21,63.51,2.3,492.0,unknown
167924,"Nabisco, Nabisco Snackwell's Fat Free Devil's Food Cookie Cakes",SR Legacy,5.0,1.09,74.25,1.6,305.0,unknown
167788,"Nance, canned, syrup, drained",SR Legacy,0.56,1.28,22.79,7.0,95.0,unknown
167789,"Nance, frozen, unsweetened",SR Legacy,0.66,1.16,16.97,7.5,73.0,unknown
167790,"Naranjilla (lulo) pulp, frozen, unsweetened",SR Legacy,0.44,0.22,5.9,1.1,25.0,unknown
172443,Natto,SR Legacy,19.4,11.0,12.68,5.4,211.0,unknown
168905,"Noodles, chinese, chow mein",SR Legacy,10.88,21.24,63.64,6.7,471.0,unknown
169735,"Noodles, flat, crunchy, Chinese restaurant",SR Legacy,10.33,31.72,51.9,1.9,521.0,unknown
168907,"Noodles, japanese, soba, cooked",SR Legacy,5.06,0.1,21.44,,99.0,unknown
168906,"Noodles, japanese, soba, dry",SR Legacy,14.38,0.71,74.62,,336.0,unknown
168909,"Noodles, japanese, somen, cooked",SR Legacy,4.0,0.18,27.54,,131.0,unknown
168908,"Noodles, japanese, somen, dry",SR Legacy,11.35,0.81,74.1,4.3,356.0,unknown
169388,"Nopales, cooked, without salt",SR Legacy,1.35,0.05,3.28,2.0,15.0,unknown
168571,"Nopales, raw",SR Legacy,1.32,0.09,3.33,2.2,16.0,unknown
170892,"Nutritional supplement for people with diabetes, liquid",SR Legacy,4.4,3.08,11.88,2.2,88.0,unknown
170161,"Nuts, beechnuts, dried",SR Legacy,6.2,50.0,33.5,,576.0,unknown
170166,"Nuts, chestnuts, chinese, boiled and steamed",SR Legacy,2.88,0.76,33.64,,153.0,unknown
170165,"Nuts, chestnuts, chinese, dried",SR Legacy,6.82,1.81,79.76,,363.0,unknown
170164,"Nuts, chestnuts, chinese, raw",SR Legacy,4.2,1.11,49.07,,224.0,unknown
170573,"Nuts, chestnuts, chinese, roasted",SR Legacy,4.48,1.19,52.36,,239.0,unknown
168589,"Nuts, chestnuts, japanese, boiled and steamed",SR Legacy,0.82,0.19,12.64,,56.0,unknown
169408,"Nuts, chestnuts, japanese, dried",SR Legacy,5.25,1.24,81.43,,360.0,unknown
169413,"Nuts, chestnuts, japanese, raw",SR Legacy,2.25,0.53,34.91,,154.0,unknown
168590,"Nuts, chestnuts, japanese, roasted",SR Legacy,2.97,0.8,45.13,,201.0,unknown
170176,"Nuts, ginkgo nuts, canned",SR Legacy,2.29,1.62,22.1,9.3,111.0,unknown
170175,"Nuts, ginkgo nuts, dried",SR Legacy,10.35,2.0,72.45,,348.0,unknown
170584,"Nuts, ginkgo nuts, raw",SR Legacy,4.32,1.68,37.6,,182.0,unknown
170177,"Nuts, hickorynuts, dried",SR Legacy,12.72,64.37,18.25,6.4,657.0,unknown
170590,"Nuts, pilinuts, dried",SR Legacy,10.8,79.55,3.98,,719.0,unknown
169915,"Oheloberries, raw",SR Legacy,0.38,0.22,6.84,,28.0,unknown
173573,"Oil, avocado",SR Legacy,0.0,100.0,0.0,0.0,884.0,unknown
171428,"Oil, babassu",SR Legacy,0.0,100.0,0.0,0.0,884.0,unknown
167611,"Oil, bearded seal (Oogruk) (Alaska Native)",SR Legacy,0.56,99.6,0.0,,899.0,unknown
168981,"Oil, beluga, whale (Alaska Native)",SR Legacy,0.0,100.0,0.0,0.0,900.0,unknown
172336,"Oil, canola",SR Legacy,0.0,100.0,0.0,0.0,884.0,unknown
171433,"Oil, cooking and salad, ENOVA, 80% diglycerides",SR Legacy,0.0,100.0,0.0,,884.0,unknown
173563,"Oil, cupu assu",SR Legacy,0.0,100.0,0.0,0.0,884.0,unknown
172360,"Oil, industrial, canola (partially hydrogenated) oil for deep fat frying",SR Legacy,0.0,100.0,0.0,0.0,884.0,unknown
172359,"Oil, industrial, canola for salads, woks and light frying",SR Legacy,0.0,100.0,0.0,0.0,884.0,unknown
172358,"Oil, industrial, canola with antifoaming agent, principal uses salads, woks and light frying",SR Legacy,0.0,100.0,0.0,0.0,884.0,unknown
171042,"Oil, industrial, canola, high oleic",SR Legacy,0.0,100.0,0.0,0.0,900.0,unknown
172357,"Oil, industrial, mid-oleic, sunflower",SR Legacy,0.0,100.0,0.0,0.0,884.0,unknown
172368,"Oil, industrial, palm and palm kernel, filling fat (non-hydrogenated)",SR Legacy,0.0,99.5,0.0,0.0,880.0,unknown
172366,"Oil, industrial, palm kernel (hydrogenated) , used for whipped toppings, non-dairy",SR Legacy,0.0,100.0,0.0,0.0,884.0,unknown
173602,"Oil, industrial, palm kernel (hydrogenated), confection fat, intermediate grade product",SR Legacy,0.0,100.0,0.0,0.0,884.0,unknown
173603,"Oil, industrial, palm kernel (hydrogenated), filling fat",SR Legacy,0.0,100.0,0.0,0.0,884.0,unknown
172337,"Oil, mustard",SR Legacy,0.0,100.0,0.0,0.0,884.0,unknown
171015,"Oil, palm",SR Legacy,0.0,100.0,0.0,0.0,884.0,unknown
171430,"Oil, PAM cooking spray, original",SR Legacy,0.26,78.69,20.69,0.0,792.0,unknown
171027,"Oil, safflower, salad or cooking, high oleic (primary safflower oil of commerce)",SR Legacy,0.0,100.0,0.0,0.0,884.0,unknown
171026,"Oil, safflower, salad or cooking, linoleic, (over 70%)",SR Legacy,0.0,100.0,0.0,0.0,884.0,unknown
171016,"Oil, sesame, salad or cooking",SR Legacy,0.0,100.0,0.0,0.0,884.0,unknown
171429,"Oil, sheanut",SR Legacy,0.0,100.0,0.0,0.0,884.0,unknown
167641,"Oil, spotted seal (Alaska Native)",SR Legacy,0.0,99.32,0.0,0.0,894.0,unknown
172338,"Oil, sunflower, high oleic (70% and over)",SR Legacy,0.0,100.0,0.0,0.0,884.0,unknown
171017,"Oil, sunflower, linoleic (less than 60%)",SR Legacy,0.0,100.0,0.0,0.0,884.0,unknown
171025,"Oil, sunflower, linoleic, (approx. 65%)",SR Legacy,0.0,100.0,0.0,0.0,884.0,unknown
172328,"Oil, sunflower, linoleic, (partially hydrogenated)",SR Legacy,0.0,100.0,0.0,0.0,884.0,unknown
168032,"Oil, walrus (Alaska Native)",SR Legacy,0.0,100.0,0.0,,900.0,unknown
167625,"Oil, whale, bowhead (Alaska Native)",SR Legacy,0.0,100.0,0.0,,900.0,unknown
172452,Okara,SR Legacy,3.52,1.73,12.23,,76.0,unknown
167612,"Oopah (tunicate), whole animal (Alaska Native)",SR Legacy,11.7,2.2,0.0,,67.0,unknown
172947,"Oscar Mayer, Salami (hard)",SR Legacy,25.9,28.7,1.6,0.0,368.0,unknown
174483,"Ostrich, fan, raw",SR Legacy,21.81,2.65,0.0,0.0,117.0,unknown
174482,"Ostrich, ground, cooked, pan-broiled",SR Legacy,26.15,7.07,0.0,0.0,175.0,unknown
174481,"Ostrich, ground, raw",SR Legacy,20.22,8.7,0.0,0.0,165.0,unknown
172840,"Ostrich, inside leg, cooked",SR Legacy,29.01,1.94,0.0,0.0,141.0,unknown
172839,"Ostrich, inside leg, raw",SR Legacy,22.39,1.72,0.0,0.0,111.0,unknown
172842,"Ostrich, inside strip, cooked",SR Legacy,29.37,4.26,0.0,0.0,164.0,unknown
172841,"Ostrich, inside strip, raw",SR Legacy,23.69,2.87,0.0,0.0,127.0,unknown
174484,"Ostrich, outside leg, raw",SR Legacy,22.86,1.96,0.0,0.0,115.0,unknown
174486,"Ostrich, outside strip, cooked",SR Legacy,28.55,3.83,0.0,0.0,156.0,unknown
174485,"Ostrich, outside strip, raw",SR Legacy,23.36,2.21,0.0,0.0,120.0,unknown
172844,"Ostrich, round, raw",SR Legacy,21.99,2.4,0.0,0.0,116.0,unknown
172845,"Ostrich, tenderloin, raw",SR Legacy,22.07,3.19,0.0,0.0,123.0,unknown
174488,"Ostrich, tip trimmed, cooked",SR Legacy,28.49,2.57,0.0,0.0,145.0,unknown
172846,"Ostrich, tip trimmed, raw",SR Legacy,21.85,2.3,0.0,0.0,114.0,unknown
174490,"Ostrich, top loin, cooked",SR Legacy,28.12,3.87,0.0,0.0,155.0,unknown
174489,"Ostrich, top loin, raw",SR Legacy,21.67,2.95,0.0,0.0,119.0,unknown
167613,"Owl, horned, flesh, raw (Alaska Native)",SR Legacy,22.7,5.0,0.0,,136.0,unknown
174106,"Pancakes, gluten-free, frozen, ready-to-heat",SR Legacy,3.31,4.55,40.32,1.5,215.0,unknown
175006,"Pancakes, plain, dry mix, complete, prepared",SR Legacy,5.2,2.5,36.7,1.3,194.0,unknown
175008,"Pancakes, plain, dry mix, incomplete, prepared",SR Legacy,7.8,7.7,28.9,1.9,218.0,unknown
175009,"Pancakes, plain, prepared from recipe",SR Legacy,6.4,9.7,28.3,,227.0,unknown
174086,"Pancakes, plain, reduced fat",SR Legacy,5.71,1.9,57.32,1.0,269.0,unknown
172775,"Pancakes, special dietary, dry mix",SR Legacy,8.9,1.4,73.9,,349.0,unknown
173285,"PAPA JOHN'S 14"" Pepperoni Pizza, Original Crust",SR Legacy,11.97,11.86,30.04,1.2,275.0,unknown
173286,"PAPA JOHN'S 14"" The Works Pizza, Original Crust",SR Legacy,10.27,10.21,26.69,2.5,240.0,unknown
168106,Papad,SR Legacy,25.56,3.25,59.87,18.6,371.0,unknown
170486,"Parsley, freeze-dried",SR Legacy,31.3,5.2,42.38,32.7,271.0,unknown
170416,"Parsley, fresh",SR Legacy,2.97,0.79,6.33,3.3,36.0,unknown
172967,"Pate, truffle flavor",SR Legacy,11.2,28.5,6.3,,327.0,unknown
167682,"Pectin, liquid",SR Legacy,0.0,0.0,2.1,2.1,11.0,unknown
168821,"Pectin, unsweetened, dry mix",SR Legacy,0.3,0.3,90.4,8.6,325.0,unknown
173474,"Peppermint, fresh",SR Legacy,3.75,0.94,14.89,8.0,70.0,unknown
169396,"Peppers, ancho, dried",SR Legacy,11.86,8.2,51.42,21.6,281.0,unknown
2258588,"Peppers, bell, green, raw",Foundation Foods,0.715,0.1063,4.7781,0.9419,22.9291,unknown
2258590,"Peppers, bell, red, raw",Foundation Foods,0.895625,0.1256,6.653175,1.158,31.3256,unknown
2258589,"Peppers, bell, yellow, raw",Foundation Foods,0.819375,0.1211,6.601725,1.071,30.7743,unknown
168577,"Peppers, chili, green, canned",SR Legacy,0.72,0.27,4.6,1.7,21.0,unknown
168570,"Peppers, hot chile, sun-dried",SR Legacy,10.58,5.81,69.86,28.7,324.0,unknown
170497,"Peppers, hot chili, green, raw",SR Legacy,2.0,0.2,9.46,1.5,40.0,unknown
170106,"Peppers, hot chili, red, raw",SR Legacy,1.87,0.44,8.81,1.5,40.0,unknown
169766,"Peppers, hot pickled, canned",SR Legacy,0.8,0.4,4.56,2.6,22.0,unknown
168578,"Peppers, hungarian, raw",SR Legacy,0.8,0.41,6.7,1.0,29.0,unknown
170080,"Peppers, jalapeno, canned, solids and liquids",SR Legacy,0.92,0.94,4.74,2.6,27.0,unknown
168576,"Peppers, jalapeno, raw",SR Legacy,0.91,0.37,6.5,2.8,29.0,unknown
168579,"Peppers, pasilla, dried",SR Legacy,12.35,15.85,51.13,26.8,345.0,unknown
169395,"Peppers, serrano, raw",SR Legacy,1.74,0.44,6.7,3.7,32.0,unknown
170429,"Peppers, sweet, green, canned, solids and liquids",SR Legacy,0.8,0.3,3.9,1.2,18.0,unknown
170109,"Peppers, sweet, green, cooked, boiled, drained, with salt",SR Legacy,0.92,0.2,6.11,1.2,26.0,unknown
170428,"Peppers, sweet, green, cooked, boiled, drained, without salt",SR Legacy,0.92,0.2,6.7,1.2,28.0,unknown
170023,"Peppers, sweet, green, frozen, chopped, boiled, drained, without salt",SR Legacy,0.95,0.18,3.9,0.9,18.0,unknown
170516,"Peppers, sweet, green, frozen, chopped, cooked, boiled, drained, with salt",SR Legacy,0.95,0.18,3.31,0.9,16.0,unknown
170022,"Peppers, sweet, green, frozen, chopped, unprepared",SR Legacy,1.08,0.21,4.45,1.6,20.0,unknown
170427,"Peppers, sweet, green, raw",SR Legacy,0.86,0.17,4.64,1.7,20.0,unknown
170024,"Peppers, sweet, green, sauteed",SR Legacy,0.78,11.85,4.22,1.8,116.0,unknown
168546,"Peppers, sweet, red, canned, solids and liquids",SR Legacy,0.8,0.3,3.9,1.2,18.0,unknown
170515,"Peppers, sweet, red, cooked, boiled, drained, with salt",SR Legacy,0.92,0.2,6.11,1.2,26.0,unknown
170110,"Peppers, sweet, red, cooked, boiled, drained, without salt",SR Legacy,0.92,0.2,6.7,1.2,28.0,unknown
169373,"Peppers, sweet, red, freeze-dried",SR Legacy,17.9,3.0,68.7,21.3,314.0,unknown
168549,"Peppers, sweet, red, frozen, chopped, boiled, drained, with salt",SR Legacy,0.95,0.18,3.31,0.8,16.0,unknown
168548,"Peppers, sweet, red, frozen, chopped, boiled, drained, without salt",SR Legacy,0.95,0.18,3.31,0.8,16.0,unknown
168547,"Peppers, sweet, red, frozen, chopped, unprepared",SR Legacy,1.08,0.21,4.45,1.6,20.0,unknown
170108,"Peppers, sweet, red, raw",SR Legacy,0.99,0.3,6.03,2.1,26.0,unknown
168550,"Peppers, sweet, red, sauteed",SR Legacy,1.04,12.75,6.57,1.8,133.0,unknown
169383,"Peppers, sweet, yellow, raw",SR Legacy,1.0,0.21,6.32,0.9,27.0,unknown
169942,"Persimmons, japanese, dried",SR Legacy,1.38,0.59,73.43,14.5,274.0,unknown
169941,"Persimmons, japanese, raw",SR Legacy,0.58,0.19,18.59,3.6,70.0,unknown
169943,"Persimmons, native, raw",SR Legacy,0.8,0.4,33.5,,127.0,unknown
172791,Phyllo dough,SR Legacy,7.1,6.0,52.6,1.9,299.0,unknown
168560,"Pickle relish, hot dog",SR Legacy,1.5,0.46,23.35,1.5,91.0,unknown
168561,"Pickle relish, sweet",SR Legacy,0.37,0.47,35.06,1.1,130.0,unknown
167521,"Pie Crust, Cookie-type, Chocolate, Ready Crust",SR Legacy,6.08,22.42,64.48,2.7,484.0,unknown
172813,"Pie crust, cookie-type, prepared from recipe, vanilla wafer, chilled",SR Legacy,3.7,36.2,50.2,0.1,531.0,unknown
167930,"Pie crust, refrigerated, regular, baked",SR Legacy,3.41,28.69,58.52,1.4,506.0,unknown
167932,"Pie crust, refrigerated, regular, unbaked",SR Legacy,2.97,25.46,51.11,1.8,445.0,unknown
175022,"Pie crust, standard-type, dry mix",SR Legacy,6.9,31.4,52.1,,518.0,unknown
175023,"Pie crust, standard-type, dry mix, prepared, baked",SR Legacy,6.7,30.4,50.4,1.8,501.0,unknown
175024,"Pie crust, standard-type, frozen, ready-to-bake, enriched",SR Legacy,6.16,26.07,48.62,2.5,457.0,unknown
175025,"Pie crust, standard-type, frozen, ready-to-bake, enriched, baked",SR Legacy,6.5,28.59,56.24,3.3,508.0,unknown
175065,"Pie crust, standard-type, frozen, ready-to-bake, unenriched",SR Legacy,3.9,29.2,44.1,0.9,457.0,unknown
175026,"Pie crust, standard-type, prepared from recipe, baked",SR Legacy,6.4,34.6,47.5,1.7,527.0,unknown
172814,"Pie crust, standard-type, prepared from recipe, unbaked",SR Legacy,5.7,30.8,42.3,3.4,469.0,unknown
175014,"Pie, chocolate creme, commercially prepared",SR Legacy,4.15,22.41,38.44,0.8,353.0,unknown
175015,"Pie, chocolate mousse, prepared from mix, no-bake type",SR Legacy,3.5,15.4,29.6,,260.0,unknown
175019,"Pie, mince, prepared from recipe",SR Legacy,2.6,10.8,48.0,2.6,289.0,unknown
172787,"Pie, pumpkin, commercially prepared",SR Legacy,3.9,9.75,34.83,1.8,243.0,unknown
172788,"Pie, pumpkin, prepared from recipe",SR Legacy,4.5,9.3,26.4,,204.0,unknown
173260,"Pillsbury, Chocolate Chip Cookies, refrigerated dough",SR Legacy,3.82,21.26,60.75,1.7,450.0,unknown
167513,"Pillsbury, Cinnamon Rolls with Icing, refrigerated dough",SR Legacy,4.34,11.27,53.42,1.4,330.0,unknown
173261,"Pillsbury, Crusty French Loaf, refrigerated dough",SR Legacy,8.59,2.88,46.35,2.6,243.0,unknown
168559,"Pimento, canned",SR Legacy,1.1,0.3,5.1,1.9,23.0,unknown
169821,"Pinon Nuts, roasted (Navajo)",SR Legacy,7.41,34.08,51.06,43.4,541.0,unknown
173279,"PIZZA HUT 12"" Pepperoni Pizza, Hand-Tossed Crust",SR Legacy,12.86,11.38,31.55,1.7,280.0,unknown
173280,"PIZZA HUT 12"" Pepperoni Pizza, Pan Crust",SR Legacy,11.97,14.21,30.49,1.8,298.0,unknown
173281,"PIZZA HUT 12"" Super Supreme Pizza, Hand-Tossed Crust",SR Legacy,10.9,10.72,25.62,2.0,243.0,unknown
172052,"PIZZA HUT 14"" Pepperoni Pizza, Hand-Tossed Crust",SR Legacy,12.23,12.63,32.11,2.6,291.0,unknown
172053,"PIZZA HUT 14"" Pepperoni Pizza, Pan Crust",SR Legacy,11.47,13.07,31.79,2.0,291.0,unknown
170369,"PIZZA HUT 14"" Pepperoni Pizza, THIN 'N CRISPY Crust",SR Legacy,14.13,16.17,32.66,2.1,333.0,unknown
172054,"PIZZA HUT 14"" Super Supreme Pizza, Hand-Tossed Crust",SR Legacy,11.34,10.95,26.01,2.3,248.0,unknown
168957,"Pizza rolls, frozen, unprepared",SR Legacy,8.73,9.98,50.72,1.2,328.0,unknown
172096,"Pizza, pepperoni topping, regular crust, frozen, cooked",SR Legacy,14.38,13.13,24.69,2.0,274.0,unknown
170431,Poi,SR Legacy,0.38,0.14,27.23,0.4,112.0,unknown
170518,"Pokeberry shoots, (poke), cooked, boiled, drained, with salt",SR Legacy,2.3,0.4,3.1,1.5,20.0,unknown
170433,"Pokeberry shoots, (poke), cooked, boiled, drained, without salt",SR Legacy,2.3,0.4,3.1,1.5,20.0,unknown
170432,"Pokeberry shoots, (poke), raw",SR Legacy,2.6,0.4,3.7,1.7,23.0,unknown
167787,"Pomegranate juice, bottled",SR Legacy,0.15,0.29,13.13,0.1,54.0,unknown
169134,"Pomegranates, raw",SR Legacy,1.67,1.17,18.7,4.0,83.0,unknown
172086,"POPEYES, biscuit",SR Legacy,6.0,23.71,40.95,3.8,401.0,unknown
172087,"POPEYES, Coleslaw",SR Legacy,0.98,11.18,14.12,1.7,161.0,unknown
172792,"Popovers, dry mix, enriched",SR Legacy,10.4,4.3,71.0,,371.0,unknown
175066,"Popovers, dry mix, unenriched",SR Legacy,10.4,4.3,71.0,,371.0,unknown
174581,Poultry salad sandwich spread,SR Legacy,11.64,13.52,7.41,0.0,200.0,unknown
171104,"Poultry, mechanically deboned, from backs and necks with skin, raw",SR Legacy,11.39,24.73,0.0,0.0,272.0,unknown
171105,"Poultry, mechanically deboned, from backs and necks without skin, raw",SR Legacy,13.79,15.48,0.0,0.0,199.0,unknown
171106,"Poultry, mechanically deboned, from mature hens, raw",SR Legacy,14.72,19.98,0.0,0.0,243.0,unknown
169064,"Pretzels, soft",SR Legacy,8.2,3.1,69.39,1.7,338.0,unknown
174790,"Pretzels, soft, unsalted",SR Legacy,8.2,3.1,71.04,1.7,345.0,unknown
167753,"Prune juice, canned",SR Legacy,0.61,0.03,17.45,1.0,71.0,unknown
167780,Prune puree,SR Legacy,2.1,0.2,65.1,3.3,257.0,unknown
168159,"Prunes, canned, heavy syrup pack, solids and liquids",SR Legacy,0.87,0.2,27.8,3.8,105.0,unknown
168161,"Prunes, dehydrated (low-moisture), stewed",SR Legacy,1.23,0.24,29.7,,113.0,unknown
168160,"Prunes, dehydrated (low-moisture), uncooked",SR Legacy,3.7,0.73,89.07,,339.0,unknown
168146,"Puddings, all flavors except chocolate, low calorie, instant, dry mix",SR Legacy,0.81,0.9,84.66,0.8,350.0,unknown
167741,"Puddings, all flavors except chocolate, low calorie, regular, dry mix",SR Legacy,1.6,0.1,86.04,0.9,351.0,unknown
168143,"Puddings, chocolate flavor, low calorie, instant, dry mix",SR Legacy,5.3,2.4,78.2,6.1,356.0,unknown
167740,"Puddings, chocolate flavor, low calorie, regular, dry mix",SR Legacy,10.08,3.0,74.42,10.1,365.0,unknown
168779,"Puddings, chocolate, dry mix, instant",SR Legacy,2.3,1.9,87.9,3.6,378.0,unknown
169603,"Puddings, chocolate, dry mix, regular",SR Legacy,2.6,2.1,89.3,4.5,362.0,unknown
168778,"Puddings, chocolate, ready-to-eat",SR Legacy,2.09,4.6,23.01,0.0,142.0,unknown
168799,"Puddings, chocolate, ready-to-eat, fat free",SR Legacy,1.93,0.3,20.87,0.3,93.0,unknown
169606,"Puddings, tapioca, dry mix",SR Legacy,0.1,0.1,94.3,0.2,369.0,unknown
170243,"Puddings, tapioca, dry mix, with no added salt",SR Legacy,0.1,0.1,94.3,0.2,369.0,unknown
169614,"Puddings, tapioca, ready-to-eat",SR Legacy,1.95,3.88,21.69,0.0,130.0,unknown
168798,"Puddings, tapioca, ready-to-eat, fat free",SR Legacy,1.44,0.35,21.31,0.0,94.0,unknown
168784,"Puddings, vanilla, dry mix, instant",SR Legacy,0.0,0.6,92.9,0.0,377.0,unknown
169609,"Puddings, vanilla, dry mix, regular",SR Legacy,0.3,0.4,93.5,0.6,379.0,unknown
170644,"Puddings, vanilla, dry mix, regular, with added oil",SR Legacy,0.3,1.1,92.4,0.0,369.0,unknown
169608,"Puddings, vanilla, ready-to-eat",SR Legacy,1.45,3.78,22.6,0.0,130.0,unknown
168797,"Puddings, vanilla, ready-to-eat, fat free",SR Legacy,2.02,0.0,20.16,0.0,89.0,unknown
172790,"Puff pastry, frozen, ready-to-bake",SR Legacy,7.3,38.1,45.1,1.5,551.0,unknown
172738,"Puff pastry, frozen, ready-to-bake, baked",SR Legacy,7.4,38.5,45.7,1.5,558.0,unknown
167754,"Pummelo, raw",SR Legacy,0.76,0.04,9.62,1.0,38.0,unknown
169271,"Pumpkin flowers, cooked, boiled, drained, without salt",SR Legacy,1.09,0.08,3.3,0.9,15.0,unknown
169270,"Pumpkin flowers, raw",SR Legacy,1.03,0.07,3.28,,15.0,unknown
170120,"Pumpkin leaves, cooked, boiled, drained, with salt",SR Legacy,2.72,0.22,3.39,2.7,21.0,unknown
168447,"Pumpkin leaves, cooked, boiled, drained, without salt",SR Legacy,2.72,0.22,3.39,2.7,21.0,unknown
169272,"Pumpkin leaves, raw",SR Legacy,3.15,0.4,2.33,,19.0,unknown
169273,"Pumpkin pie mix, canned",SR Legacy,1.09,0.13,26.39,8.3,104.0,unknown
170527,"Pumpkin, canned, with salt",SR Legacy,1.1,0.28,8.09,2.9,34.0,unknown
168450,"Pumpkin, canned, without salt",SR Legacy,1.1,0.28,8.09,2.9,34.0,unknown
170526,"Pumpkin, cooked, boiled, drained, with salt",SR Legacy,0.72,0.07,4.31,1.1,18.0,unknown
168449,"Pumpkin, cooked, boiled, drained, without salt",SR Legacy,0.72,0.07,4.9,1.1,20.0,unknown
170119,"Pumpkin, flowers, cooked, boiled, drained, with salt",SR Legacy,1.09,0.08,3.18,0.9,15.0,unknown
168448,"Pumpkin, raw",SR Legacy,1.0,0.1,6.5,0.5,26.0,unknown
170121,"Purslane, cooked, boiled, drained, with salt",SR Legacy,1.49,0.19,3.55,,18.0,unknown
169275,"Purslane, cooked, boiled, drained, without salt",SR Legacy,1.49,0.19,3.55,,18.0,unknown
169274,"Purslane, raw",SR Legacy,2.03,0.36,3.39,,20.0,unknown
168163,"Quinces, raw",SR Legacy,0.4,0.1,15.3,1.9,57.0,unknown
168167,"Rambutan, canned, syrup pack",SR Legacy,0.65,0.21,20.87,0.9,82.0,unknown
167756,"Raspberries, canned, red, heavy syrup pack, solids and liquids",SR Legacy,0.83,0.12,23.36,3.3,91.0,unknown
167757,"Raspberries, frozen, red, sweetened",SR Legacy,0.7,0.16,26.16,4.4,103.0,unknown
168209,"Raspberries, frozen, red, unsweetened",SR Legacy,1.15,0.81,12.55,4.3,56.0,unknown
167755,"Raspberries, raw",SR Legacy,1.2,0.65,11.94,6.5,52.0,unknown
168997,"Raspberries, wild (Northern Plains Indians)",SR Legacy,1.12,0.28,13.85,7.5,62.0,unknown
172213,Reddi Wip Fat Free Whipped Topping,SR Legacy,3.0,5.0,25.0,0.4,149.0,unknown
169026,"Restaurant, family style, coleslaw",SR Legacy,0.88,11.78,12.35,1.9,159.0,unknown
169836,"Restaurant, family style, french fries",SR Legacy,3.49,14.04,37.2,3.9,289.0,unknown
169015,"Restaurant, family style, fried mozzarella sticks",SR Legacy,14.75,18.33,25.14,2.0,325.0,unknown
169848,"Restaurant, family style, hash browns",SR Legacy,2.49,8.99,26.59,2.7,197.0,unknown
169016,"Restaurant, family style, sirloin steak",SR Legacy,29.8,8.48,0.0,,195.0,unknown
168071,"Restaurant, Latino, bunuelos (fried yeast bread)",SR Legacy,8.02,26.24,48.57,1.5,462.0,unknown
168069,"Restaurant, Latino, tripe soup",SR Legacy,8.61,2.58,4.07,,74.0,unknown
168169,"Rhubarb, frozen, cooked, with sugar",SR Legacy,0.39,0.05,31.2,2.0,116.0,unknown
168168,"Rhubarb, frozen, uncooked",SR Legacy,0.55,0.11,5.1,1.8,21.0,unknown
167758,"Rhubarb, raw",SR Legacy,0.9,0.2,4.54,1.8,21.0,unknown
168022,"Rhubarb, wild, leaves (Alaska Native)",SR Legacy,4.2,0.5,9.9,,61.0,unknown
172793,"Rolls, dinner, plain, commercially prepared (includes brown-and-serve)",SR Legacy,10.86,6.47,52.04,2.0,310.0,unknown
174107,"Rolls, dinner, sweet",SR Legacy,10.04,7.37,53.58,3.1,321.0,unknown
172795,"Rolls, french",SR Legacy,8.6,4.3,50.2,3.2,277.0,unknown
175031,"Rolls, hard (includes kaiser)",SR Legacy,9.9,4.3,52.7,2.3,293.0,unknown
168126,"Rolls, pumpernickel",SR Legacy,10.8,2.8,51.87,5.4,276.0,unknown
168998,"Rose Hips, wild (Northern Plains Indians)",SR Legacy,1.6,0.34,38.22,24.1,162.0,unknown
168170,"Roselle, raw",SR Legacy,0.96,0.64,11.31,,49.0,unknown
173473,"Rosemary, fresh",SR Legacy,3.31,5.86,20.7,14.1,131.0,unknown
167783,"Rowal, raw",SR Legacy,2.3,2.0,23.9,6.2,111.0,unknown
167597,"Rudi's, Gluten-Free Bakery, Original Sandwich Bread",SR Legacy,3.13,10.7,52.83,3.5,320.0,unknown
170528,"Rutabagas, cooked, boiled, drained, with salt",SR Legacy,0.93,0.18,6.84,1.8,30.0,unknown
168455,"Rutabagas, cooked, boiled, drained, without salt",SR Legacy,0.93,0.18,6.84,1.8,30.0,unknown
168454,"Rutabagas, raw",SR Legacy,1.08,0.16,8.62,2.3,37.0,unknown
168007,"Sage Valley, Gluten Free Vanilla Sandwich Cookies",SR Legacy,3.13,22.15,71.88,1.0,499.0,unknown
169055,"Salad dressing, caesar dressing, regular",SR Legacy,2.17,57.85,3.3,0.5,542.0,unknown
171045,"Salad dressing, caesar, fat-free",SR Legacy,1.47,0.23,30.73,0.2,131.0,unknown
169877,"Salad dressing, caesar, low calorie",SR Legacy,0.3,4.4,18.6,0.1,110.0,unknown
169056,"Salad dressing, coleslaw",SR Legacy,0.85,34.53,22.4,0.0,404.0,unknown
168109,"Salad Dressing, coleslaw, reduced fat",SR Legacy,0.0,20.0,40.0,0.4,329.0,unknown
171414,"Salad dressing, french dressing, commercial, regular",SR Legacy,0.87,39.07,18.79,2.4,419.0,unknown
171020,"Salad dressing, french dressing, commercial, regular, without salt",SR Legacy,0.77,44.81,15.58,0.0,459.0,unknown
171420,"Salad dressing, french dressing, fat-free",SR Legacy,0.2,0.27,32.14,2.2,132.0,unknown
167693,"Salad dressing, french dressing, reduced calorie",SR Legacy,0.4,13.0,27.0,0.0,227.0,unknown
171404,"Salad dressing, french dressing, reduced fat",SR Legacy,0.58,11.52,31.22,1.5,222.0,unknown
171021,"Salad dressing, french dressing, reduced fat, without salt",SR Legacy,0.58,13.46,29.28,1.1,233.0,unknown
171416,"Salad dressing, french, home recipe",SR Legacy,0.1,70.2,3.4,0.0,631.0,unknown
169057,"Salad dressing, green goddess, regular",SR Legacy,1.9,43.33,7.36,0.1,427.0,unknown
171417,"Salad dressing, home recipe, vinegar and oil",SR Legacy,0.0,50.1,2.5,0.0,449.0,unknown
171405,"Salad dressing, italian dressing, commercial, reduced fat",SR Legacy,0.39,6.68,9.99,0.0,102.0,unknown
171019,"Salad dressing, italian dressing, commercial, regular",SR Legacy,0.41,21.12,12.12,0.0,240.0,unknown
171022,"Salad dressing, italian dressing, commercial, regular, without salt",SR Legacy,0.38,28.37,10.43,0.0,292.0,unknown
173590,"Salad dressing, italian dressing, fat-free",SR Legacy,0.97,0.87,8.75,0.6,47.0,unknown
168096,"Salad dressing, italian dressing, reduced calorie",SR Legacy,0.3,20.0,6.7,0.2,200.0,unknown
171023,"Salad dressing, italian dressing, reduced fat, without salt",SR Legacy,0.47,6.38,4.57,0.0,76.0,unknown
171004,"Salad dressing, KRAFT MIRACLE WHIP FREE Nonfat Dressing",SR Legacy,0.2,2.7,15.5,1.9,84.0,unknown
173591,"Salad dressing, ranch dressing, fat-free",SR Legacy,0.25,1.92,26.51,0.1,119.0,unknown
173593,"Salad dressing, ranch dressing, reduced fat",SR Legacy,1.25,12.42,21.33,1.1,196.0,unknown
173592,"Salad dressing, ranch dressing, regular",SR Legacy,1.32,44.54,5.9,0.0,430.0,unknown
171005,"Salad dressing, russian dressing",SR Legacy,0.69,26.18,31.9,0.7,355.0,unknown
171007,"Salad dressing, russian dressing, low calorie",SR Legacy,0.5,4.0,27.6,0.3,141.0,unknown
171036,"Salad dressing, spray-style dressing, assorted flavors",SR Legacy,0.16,10.75,16.6,0.3,165.0,unknown
169875,"Salad dressing, sweet and sour",SR Legacy,0.1,0.0,3.7,0.0,15.0,unknown
172356,"Salad dressing, thousand island dressing, fat-free",SR Legacy,0.55,1.45,29.27,3.3,132.0,unknown
171008,"Salad dressing, thousand island dressing, reduced fat",SR Legacy,0.83,11.32,24.06,1.2,195.0,unknown
171402,"Salad dressing, thousand island, commercial, regular",SR Legacy,1.09,35.06,14.64,0.8,379.0,unknown
168965,"Salisbury steak with gravy, frozen",SR Legacy,6.98,10.47,6.78,1.0,149.0,unknown
170529,"Salsify, cooked, boiled, drained, with salt",SR Legacy,2.73,0.17,15.36,3.1,68.0,unknown
169278,"Salsify, cooked, boiled, drained, without salt",SR Legacy,2.73,0.17,15.36,3.1,68.0,unknown
173468,"Salt, table",SR Legacy,0.0,0.0,0.0,0.0,0.0,unknown
746775,"Salt, table, iodized",Foundation Foods,,,,,0.0,unknown
171409,"Sandwich spread, with chopped pickle, regular, unspecified oils",SR Legacy,0.9,34.0,22.4,0.4,389.0,unknown
167759,"Sapodilla, raw",SR Legacy,0.44,1.1,19.96,5.3,83.0,unknown
167760,"Sapote, mamey, raw",SR Legacy,1.45,0.46,32.1,5.4,124.0,unknown
171603,"Sauce, alfredo mix, dry",SR Legacy,15.32,36.35,36.52,2.0,535.0,unknown
174523,"Sauce, barbecue",SR Legacy,0.82,0.63,40.77,0.9,172.0,unknown
171828,"Sauce, barbecue, BULL'S-EYE, original",SR Legacy,0.91,0.67,39.95,1.0,170.0,unknown
171829,"Sauce, barbecue, KC MASTERPIECE, original",SR Legacy,1.0,0.52,37.92,1.4,160.0,unknown
174544,"Sauce, barbecue, KRAFT, original",SR Legacy,0.74,0.62,40.77,0.4,172.0,unknown
171830,"Sauce, barbecue, OPEN PIT, original",SR Legacy,0.44,1.41,29.45,0.5,132.0,unknown
171827,"Sauce, barbecue, SWEET BABY RAY'S, original",SR Legacy,0.95,0.43,46.08,1.3,192.0,unknown
171605,"Sauce, chili, peppers, hot, immature green, canned",SR Legacy,0.7,0.1,5.0,1.9,20.0,unknown
174067,"Sauce, cocktail, ready-to-serve",SR Legacy,1.36,1.05,28.22,1.8,128.0,unknown
174074,"Sauce, enchilada, red, mild, ready to serve",SR Legacy,0.62,0.91,4.87,0.5,30.0,unknown
172886,"Sauce, hoisin, ready-to-serve",SR Legacy,3.31,3.39,44.08,2.8,220.0,unknown
174525,"Sauce, homemade, white, medium",SR Legacy,3.84,10.63,9.17,0.2,147.0,unknown
174526,"Sauce, homemade, white, thick",SR Legacy,3.99,13.83,11.61,0.3,186.0,unknown
171186,"Sauce, hot chile, sriracha",SR Legacy,1.93,0.93,19.16,2.2,93.0,unknown
171187,"Sauce, hot chile, sriracha, CHA! BY TEXAS PETE",SR Legacy,2.02,0.98,22.73,2.1,108.0,unknown
171188,"Sauce, hot chile, sriracha, TUONG OT SRIRACHA",SR Legacy,1.86,0.9,15.87,2.2,79.0,unknown
171604,"Sauce, peppers, hot, chili, mature red, canned",SR Legacy,0.9,0.6,3.9,0.7,21.0,unknown
171581,"Sauce, pesto, BUITONI, pesto with basil, ready-to-serve, refrigerated",SR Legacy,9.83,37.6,10.09,1.8,418.0,unknown
171582,"Sauce, pesto, CLASSICO, basil pesto, ready-to-serve",SR Legacy,4.16,36.38,6.93,2.1,372.0,unknown
171185,"Sauce, pesto, MEZZETTA, NAPA VALLEY BISTRO, basil pesto, ready-to-serve",SR Legacy,6.69,49.88,5.12,1.3,496.0,unknown
171579,"Sauce, pesto, ready-to-serve, refrigerated",SR Legacy,9.83,37.6,10.09,1.8,418.0,unknown
171580,"Sauce, pesto, ready-to-serve, shelf stable",SR Legacy,5.0,42.42,6.14,1.7,426.0,unknown
172880,"Sauce, pizza, canned, ready-to-serve",SR Legacy,2.18,1.15,8.66,2.0,54.0,unknown
174527,"Sauce, ready-to-serve, pepper or hot",SR Legacy,0.51,0.37,1.75,0.3,11.0,unknown
174528,"Sauce, ready-to-serve, pepper, TABASCO",SR Legacy,1.29,0.76,0.8,0.6,12.0,unknown
171174,"Sauce, sofrito, prepared from recipe",SR Legacy,12.8,18.2,5.46,1.7,237.0,unknown
174543,"Sauce, sweet and sour, prepared-from-recipe",SR Legacy,1.84,0.58,16.72,0.4,79.0,unknown
174066,"Sauce, sweet and sour, ready-to-serve",SR Legacy,0.27,0.02,38.22,0.1,154.0,unknown
171826,"Sauce, tartar, ready-to-serve",SR Legacy,1.0,16.7,13.3,0.5,211.0,unknown
171167,"Sauce, teriyaki, ready-to-serve",SR Legacy,5.93,0.02,15.56,0.1,89.0,unknown
172890,"Sauce, teriyaki, ready-to-serve, reduced sodium",SR Legacy,5.93,0.02,15.58,0.1,89.0,unknown
171610,"Sauce, worcestershire",SR Legacy,0.0,0.0,19.17,0.0,77.0,unknown
169279,"Sauerkraut, canned, solids and liquids",SR Legacy,0.91,0.14,4.28,2.9,19.0,unknown
168008,"Schar, Gluten-Free, Classic White Rolls",SR Legacy,3.34,2.65,50.47,5.1,239.0,unknown
170781,"School Lunch, pizza, pepperoni topping, thick crust, whole grain, frozen, cooked",SR Legacy,14.35,9.82,28.3,4.3,259.0,unknown
170780,"School Lunch, pizza, pepperoni topping, thin crust, whole grain, frozen, cooked",SR Legacy,12.78,8.62,31.24,4.3,254.0,unknown
2747668,"Sea bass, Chilean, frozen, wild caught",Foundation Foods,14.925,16.57,0.1392,,209.3868,unknown
169825,"Sea lion, Steller, fat (Alaska Native)",SR Legacy,0.9,94.0,0.0,,850.0,unknown
173476,"Seasoning mix, dry, chili, original",SR Legacy,10.82,7.3,56.56,10.8,335.0,unknown
172242,"Seasoning mix, dry, sazon, coriander & annatto",SR Legacy,0.0,0.0,0.0,0.0,0.0,unknown
172243,"Seasoning mix, dry, taco, original",SR Legacy,4.5,0.0,58.0,13.3,322.0,unknown
170090,"Seaweed, agar, dried",SR Legacy,6.21,0.3,80.88,7.7,306.0,unknown
169280,"Seaweed, agar, raw",SR Legacy,0.54,0.03,6.75,0.5,26.0,unknown
167602,"Seaweed, Canadian Cultivated EMI-TSUNOMATA, dry",SR Legacy,15.34,1.39,46.24,36.7,259.0,unknown
167603,"Seaweed, Canadian Cultivated EMI-TSUNOMATA, rehydrated",SR Legacy,1.86,0.17,5.62,4.5,31.0,unknown
168456,"Seaweed, irishmoss, raw",SR Legacy,1.51,0.16,12.29,1.3,49.0,unknown
168457,"Seaweed, kelp, raw",SR Legacy,1.68,0.56,9.57,1.3,43.0,unknown
168458,"Seaweed, laver, raw",SR Legacy,5.81,0.28,5.11,0.3,35.0,unknown
170495,"Seaweed, spirulina, dried",SR Legacy,57.47,7.72,23.9,3.6,290.0,unknown
170091,"Seaweed, spirulina, raw",SR Legacy,5.92,0.39,2.42,0.4,26.0,unknown
170496,"Seaweed, wakame, raw",SR Legacy,3.03,0.64,9.14,0.5,45.0,unknown
169715,"Semolina, enriched",SR Legacy,12.68,1.05,72.83,3.9,360.0,unknown
168933,"Semolina, unenriched",SR Legacy,12.68,1.05,72.83,3.9,360.0,unknown
169368,"Sesbania flower, cooked, steamed, with salt",SR Legacy,1.14,0.05,5.1,,21.0,unknown
169281,"Sesbania flower, cooked, steamed, without salt",SR Legacy,1.14,0.05,5.23,,22.0,unknown
168459,"Sesbania flower, raw",SR Legacy,1.28,0.04,6.73,,27.0,unknown
173226,"Shake, fast food, vanilla",SR Legacy,3.37,6.52,19.59,0.9,148.0,unknown
170082,"Shallots, freeze-dried",SR Legacy,12.3,0.5,80.7,15.7,348.0,unknown
170499,"Shallots, raw",SR Legacy,2.5,0.1,16.8,3.2,72.0,unknown
172331,"Shortening frying (heavy duty), palm (hydrogenated)",SR Legacy,0.0,100.0,0.0,0.0,884.0,unknown
172334,"Shortening, confectionery, fractionated palm",SR Legacy,0.0,100.0,0.0,0.0,884.0,unknown
171578,"SMART SOUP, Greek Minestrone",SR Legacy,1.7,0.53,8.4,2.7,40.0,unknown
167654,"Smelt, dried (Alaska Native)",SR Legacy,56.19,17.9,0.0,0.0,386.0,unknown
173159,"Snack, BALANCE, original bar",SR Legacy,28.0,12.0,48.73,3.1,415.0,unknown
174803,"Snack, Mixed Berry Bar",SR Legacy,13.16,10.53,58.84,7.9,383.0,unknown
173150,"Snacks, bagel chips, plain",SR Legacy,12.34,15.14,66.36,4.1,451.0,unknown
174799,"Snacks, CLIF BAR, mixed flavors",SR Legacy,14.71,5.88,65.44,7.4,346.0,unknown
174789,"Snacks, FRITOLAY, SUNCHIPS, Multigrain Snack, Harvest Cheddar flavor",SR Legacy,8.08,22.22,64.7,8.1,491.0,unknown
174784,"Snacks, FRITOLAY, SUNCHIPS, Multigrain Snack, original flavor",SR Legacy,7.95,21.11,67.26,8.8,491.0,unknown
173145,"Snacks, granola bar, chewy, reduced sugar, all flavors",SR Legacy,5.55,12.5,69.4,3.1,412.0,unknown
173153,"Snacks, granola bar, GENERAL MILLS, NATURE VALLEY, CHEWY TRAIL MIX",SR Legacy,5.71,11.43,72.27,3.8,415.0,unknown
174793,"Snacks, granola bar, KASHI GOLEAN, chewy, mixed flavors",SR Legacy,16.67,7.69,63.42,7.7,390.0,unknown
173144,"Snacks, granola bar, KASHI GOLEAN, crunchy, mixed flavors",SR Legacy,17.88,9.23,59.58,5.9,393.0,unknown
174794,"Snacks, granola bar, KASHI TLC Bar, chewy, mixed flavors",SR Legacy,18.57,15.71,53.26,11.4,429.0,unknown
174797,"Snacks, granola bar, KASHI TLC Bar, crunchy, mixed flavors",SR Legacy,15.0,15.0,62.78,10.0,446.0,unknown
174800,"Snacks, granola bar, QUAKER, chewy, 90 Calorie Bar",SR Legacy,4.17,8.33,79.17,4.2,408.0,unknown
173154,"Snacks, granola bar, QUAKER, DIPPS, all flavors",SR Legacy,7.52,20.42,64.96,3.2,480.0,unknown
167952,"Snacks, granola bars, hard, chocolate chip",SR Legacy,7.3,16.3,72.1,4.4,438.0,unknown
167542,"Snacks, granola bars, hard, plain",SR Legacy,10.1,19.8,64.4,5.3,471.0,unknown
173146,"Snacks, granola bites, mixed flavors",SR Legacy,7.17,17.5,66.27,5.7,451.0,unknown
169689,"Snacks, M&M MARS, KUDOS Whole Grain Bar, chocolate chip",SR Legacy,4.47,13.02,72.31,2.6,420.0,unknown
173147,"Snacks, pita chips, salted",SR Legacy,11.79,15.2,68.26,3.8,457.0,unknown
167555,"Snacks, pretzels, hard, plain, salted",SR Legacy,10.04,2.93,80.39,3.4,384.0,unknown
168865,"Snacks, taro chips",SR Legacy,2.3,24.9,68.1,7.2,498.0,unknown
168137,"Snacks, tortilla chips, light (baked with less oil)",SR Legacy,8.7,15.2,73.4,5.7,465.0,unknown
170254,"Snacks, tortilla chips, low fat, unsalted",SR Legacy,11.0,5.7,80.1,5.3,416.0,unknown
168858,"Snacks, tortilla chips, nacho-flavor, reduced fat",SR Legacy,8.7,15.2,71.6,4.8,445.0,unknown
167560,"Snacks, tortilla chips, ranch-flavor",SR Legacy,7.19,24.63,62.74,4.0,501.0,unknown
167970,"Snacks, tortilla chips, taco-flavor",SR Legacy,7.9,24.2,63.1,5.3,480.0,unknown
167561,"Snacks, trail mix, regular",SR Legacy,13.8,29.4,44.9,,462.0,unknown
170654,"Snacks, trail mix, regular, unsalted",SR Legacy,13.8,29.4,44.9,,462.0,unknown
167968,"Snacks, trail mix, tropical",SR Legacy,6.3,17.1,65.6,,442.0,unknown
173152,"Snacks, yucca (cassava) chips, salted",SR Legacy,1.34,25.91,69.23,3.7,515.0,unknown
2747669,"Snapper, frozen, wild caught",Foundation Foods,20.6625,0.5692,0.4413,,89.538,unknown
171613,"Soup, bouillon cubes and granules, low sodium, dry",SR Legacy,16.7,13.89,64.88,0.2,438.0,unknown
174808,"Soup, hot and sour, Chinese restaurant",SR Legacy,2.58,1.21,4.35,0.5,39.0,unknown
171550,"Soup, minestrone, canned, chunky, ready-to-serve",SR Legacy,2.13,1.17,8.64,2.4,53.0,unknown
171153,"Soup, minestrone, canned, condensed",SR Legacy,3.48,2.05,9.17,0.8,68.0,unknown
172913,"Soup, minestrone, canned, prepared with equal volume water",SR Legacy,1.77,1.04,4.66,0.4,34.0,unknown
174530,"Soup, minestrone, canned, reduced sodium, ready-to-serve",SR Legacy,2.0,0.8,9.0,2.4,50.0,unknown
171177,"Soup, ramen noodle, any flavor, dry",SR Legacy,10.17,17.59,60.26,2.9,440.0,unknown
171822,"Soup, ramen noodle, dry, any flavor, reduced fat, reduced sodium",SR Legacy,10.89,2.5,70.95,2.7,350.0,unknown
174532,"Soup, shark fin, restaurant-prepared",SR Legacy,3.2,2.0,3.8,0.0,46.0,unknown
171821,"Soup, wonton, Chinese restaurant",SR Legacy,2.08,0.26,5.25,0.2,32.0,unknown
168028,"Sourdock, young leaves (Alaska Native)",SR Legacy,2.3,0.7,6.5,,42.0,unknown
167761,"Soursop, raw",SR Legacy,1.0,0.3,16.84,3.3,66.0,unknown
168934,"Spaghetti, protein-fortified, cooked, enriched (n x 6.25)",SR Legacy,8.86,0.21,30.88,2.0,164.0,unknown
168937,"Spaghetti, protein-fortified, dry, enriched (n x 6.25)",SR Legacy,21.78,2.23,65.65,2.4,374.0,unknown
171315,"Spices, allspice, ground",SR Legacy,6.09,8.69,72.12,21.6,263.0,unknown
171317,"Spices, basil, dried",SR Legacy,22.98,4.07,47.75,37.7,233.0,unknown
170917,"Spices, bay leaf",SR Legacy,7.61,8.36,74.97,26.3,313.0,unknown
170919,"Spices, cardamom",SR Legacy,10.76,6.7,68.47,28.0,311.0,unknown
171318,"Spices, chervil, dried",SR Legacy,23.2,3.9,49.1,11.3,237.0,unknown
171319,"Spices, chili powder",SR Legacy,13.46,14.28,49.7,34.8,282.0,unknown
171320,"Spices, cinnamon, ground",SR Legacy,3.99,1.24,80.59,53.1,247.0,unknown
171321,"Spices, cloves, ground",SR Legacy,5.97,13.0,65.53,33.9,274.0,unknown
170921,"Spices, coriander leaf, dried",SR Legacy,21.93,4.78,52.1,10.4,279.0,unknown
170924,"Spices, curry powder",SR Legacy,14.29,14.01,55.83,53.2,325.0,unknown
171322,"Spices, dill weed, dried",SR Legacy,19.96,4.36,55.82,13.6,253.0,unknown
170926,"Spices, ginger, ground",SR Legacy,8.98,4.24,71.62,14.1,335.0,unknown
170927,"Spices, mace, ground",SR Legacy,6.71,32.38,50.5,20.2,475.0,unknown
170928,"Spices, marjoram, dried",SR Legacy,12.66,7.04,60.56,40.3,271.0,unknown
171326,"Spices, nutmeg, ground",SR Legacy,5.84,36.31,49.29,20.8,525.0,unknown
171328,"Spices, oregano, dried",SR Legacy,9.0,4.28,68.92,42.5,265.0,unknown
171329,"Spices, paprika",SR Legacy,14.14,12.89,53.99,34.9,282.0,unknown
170930,"Spices, parsley, dried",SR Legacy,26.63,5.48,50.64,26.7,292.0,unknown
170931,"Spices, pepper, black",SR Legacy,10.39,3.26,63.95,25.3,251.0,unknown
170932,"Spices, pepper, red or cayenne",SR Legacy,12.01,17.27,56.63,27.2,318.0,unknown
170933,"Spices, pepper, white",SR Legacy,10.4,2.12,68.61,26.2,296.0,unknown
171331,"Spices, poultry seasoning",SR Legacy,9.59,7.53,65.59,11.3,307.0,unknown
171332,"Spices, pumpkin pie spice",SR Legacy,5.76,12.6,69.28,14.8,342.0,unknown
171333,"Spices, rosemary, dried",SR Legacy,4.88,15.22,64.06,42.6,331.0,unknown
170934,"Spices, saffron",SR Legacy,11.43,5.85,65.37,3.9,310.0,unknown
170935,"Spices, sage, ground",SR Legacy,10.63,12.75,60.73,40.3,315.0,unknown
170936,"Spices, savory, ground",SR Legacy,6.73,5.91,68.73,45.7,272.0,unknown
170937,"Spices, tarragon, dried",SR Legacy,22.77,7.24,50.22,7.4,295.0,unknown
170938,"Spices, thyme, dried",SR Legacy,9.11,7.43,63.94,37.0,276.0,unknown
172231,"Spices, turmeric, ground",SR Legacy,9.68,3.25,67.14,22.7,312.0,unknown
168991,"Stew, moose (Alaska Native)",SR Legacy,6.6,0.5,6.0,0.5,55.0,unknown
168984,"Stew/soup, caribou (Alaska Native)",SR Legacy,3.8,0.7,4.8,0.1,41.0,unknown
169819,"Stinging Nettles, blanched (Northern Plains Indians)",SR Legacy,2.71,0.11,7.49,6.9,42.0,unknown
168172,"Strawberries, canned, heavy syrup pack, solids and liquids",SR Legacy,0.56,0.26,23.53,1.7,92.0,unknown
168174,"Strawberries, frozen, sweetened, sliced",SR Legacy,0.53,0.13,25.92,1.9,96.0,unknown
168173,"Strawberries, frozen, unsweetened (Includes foods for USDA's Food Distribution Program)",SR Legacy,0.43,0.11,9.13,2.1,35.0,unknown
327699,"Strawberries, raw",Foundation Foods,0.64,0.22,7.63,1.8,31.0,unknown
170674,"Sugar, turbinado",SR Legacy,0.0,0.0,99.8,,399.0,unknown
168833,"Sugars, brown",SR Legacy,0.12,0.0,98.09,0.0,380.0,unknown
169655,"Sugars, granulated",SR Legacy,0.0,0.0,99.98,0.0,387.0,unknown
169658,"Sugars, maple",SR Legacy,0.1,0.2,90.9,0.0,354.0,unknown
169656,"Sugars, powdered",SR Legacy,0.0,0.0,99.77,0.0,389.0,unknown
175034,"Sweet rolls, cinnamon, commercially prepared with raisins",SR Legacy,6.2,16.4,50.9,2.4,372.0,unknown
172798,"Sweet rolls, cinnamon, refrigerated dough with frosting",SR Legacy,5.0,12.2,51.6,,333.0,unknown
172799,"Sweet rolls, cinnamon, refrigerated dough with frosting, baked",SR Legacy,5.4,13.2,56.1,,362.0,unknown
170679,"Sweetener, herbal extract powder from Stevia leaf",SR Legacy,0.0,0.0,100.0,0.0,0.0,unknown
170277,"Sweetener, syrup, agave",SR Legacy,0.09,0.45,76.37,0.2,310.0,unknown
170672,"Sweeteners, for baking, brown, contains sugar and sucralose",SR Legacy,0.0,0.0,97.11,,388.0,unknown
170673,"Sweeteners, for baking, contains sugar and sucralose",SR Legacy,0.0,0.0,99.53,,398.0,unknown
170675,"Sweeteners, sugar substitute, granulated, brown",SR Legacy,2.06,0.0,84.77,0.6,347.0,unknown
169657,"Sweeteners, tabletop, aspartame, EQUAL, packets",SR Legacy,2.17,0.0,89.08,0.0,365.0,unknown
169896,"Sweeteners, tabletop, fructose, dry, powder",SR Legacy,0.0,0.0,100.0,0.0,368.0,unknown
168142,"Sweeteners, tabletop, fructose, liquid",SR Legacy,0.0,0.0,76.1,0.1,279.0,unknown
169072,"Sweeteners, tabletop, saccharin (sodium saccharin)",SR Legacy,0.94,0.0,89.11,0.0,360.0,unknown
170257,"Sweeteners, tabletop, sucralose, SPLENDA packets",SR Legacy,0.0,0.0,91.17,0.0,336.0,unknown
167743,"Syrup, Cane",SR Legacy,0.0,0.0,73.14,0.0,269.0,unknown
170276,"Syrup, maple, Canadian",SR Legacy,0.0,0.0,67.38,0.0,270.0,unknown
170681,"Syrup, NESTLE, chocolate",SR Legacy,0.0,0.0,67.21,0.0,269.0,unknown
168835,"Syrups, chocolate, fudge-type",SR Legacy,4.6,8.9,62.9,2.8,350.0,unknown
168834,"Syrups, chocolate, HERSHEY'S Genuine Chocolate Flavored Lite Syrup",SR Legacy,1.4,0.97,34.56,0.0,153.0,unknown
170677,"Syrups, chocolate, HERSHEY'S Sugar free, Genuine Chocolate Flavored, Lite Syrup",SR Legacy,2.87,2.03,14.2,2.9,43.0,unknown
168088,"Syrups, grenadine",SR Legacy,0.0,0.0,66.91,0.0,268.0,unknown
169660,"Syrups, malt",SR Legacy,6.2,0.0,71.3,0.0,318.0,unknown
169661,"Syrups, maple",SR Legacy,0.04,0.06,67.04,0.0,260.0,unknown
169878,"Syrups, sugar free",SR Legacy,0.8,0.0,11.99,0.7,51.0,unknown
169578,"Syrups, table blends, pancake",SR Legacy,0.0,0.0,61.47,0.0,234.0,unknown
169577,"Syrups, table blends, pancake, reduced-calorie",SR Legacy,0.0,0.0,44.55,0.0,165.0,unknown
168838,"Syrups, table blends, pancake, with 2% maple",SR Legacy,0.0,0.1,69.6,0.0,265.0,unknown
170646,"Syrups, table blends, pancake, with 2% maple, with added potassium",SR Legacy,0.0,0.1,69.6,0.0,265.0,unknown
169014,"T.G.I. FRIDAY'S, classic sirloin steak (10 oz)",SR Legacy,31.02,7.83,0.47,,196.0,unknown
169833,"T.G.I. FRIDAY'S, french fries",SR Legacy,3.74,14.82,36.9,4.1,296.0,unknown
169834,"T.G.I. FRIDAY'S, fried mozzarella",SR Legacy,15.82,18.76,25.33,2.2,333.0,unknown
170335,"TACO BELL, BURRITO SUPREME with steak",SR Legacy,9.13,7.27,20.32,2.4,183.0,unknown
170336,"TACO BELL, Nachos",SR Legacy,4.32,21.5,34.91,3.2,350.0,unknown
170337,"TACO BELL, Nachos Supreme",SR Legacy,6.21,12.48,21.39,3.7,223.0,unknown
170733,"TACO BELL, Soft Taco with steak",SR Legacy,11.81,12.1,17.22,1.6,225.0,unknown
170736,"TACO BELL, Taco Salad",SR Legacy,6.69,9.17,15.1,3.0,170.0,unknown
172800,"Taco shells, baked",SR Legacy,6.41,21.79,63.49,6.7,476.0,unknown
175067,"Taco shells, baked, without added salt",SR Legacy,7.2,22.6,62.4,7.5,468.0,unknown
167636,Tamales (Navajo),SR Legacy,6.28,6.12,18.12,3.1,153.0,unknown
167786,"Tamarind nectar, canned",SR Legacy,0.09,0.12,14.73,0.5,57.0,unknown
167763,"Tamarinds, raw",SR Legacy,2.8,0.6,62.5,5.1,239.0,unknown
169925,"Tangerine juice, raw",SR Legacy,0.5,0.2,10.1,0.2,43.0,unknown
168488,"Taro leaves, cooked, steamed, without salt",SR Legacy,2.72,0.41,4.02,2.0,24.0,unknown
168487,"Taro leaves, raw",SR Legacy,4.98,0.74,6.7,3.7,42.0,unknown
169309,"Taro shoots, cooked, without salt",SR Legacy,0.73,0.08,3.2,,14.0,unknown
168489,"Taro shoots, raw",SR Legacy,0.92,0.09,2.32,,11.0,unknown
170543,"Taro, cooked, with salt",SR Legacy,0.52,0.11,34.6,5.1,142.0,unknown
168486,"Taro, cooked, without salt",SR Legacy,0.52,0.11,34.6,5.1,142.0,unknown
170544,"Taro, leaves, cooked, steamed, with salt",SR Legacy,2.72,0.41,3.89,2.0,24.0,unknown
169308,"Taro, raw",SR Legacy,1.5,0.2,26.46,4.1,112.0,unknown
170135,"Taro, shoots, cooked, with salt",SR Legacy,0.73,0.08,3.19,,14.0,unknown
170136,"Taro, tahitian, cooked, with salt",SR Legacy,4.16,0.68,6.85,,44.0,unknown
170455,"Taro, tahitian, cooked, without salt",SR Legacy,4.16,0.68,6.85,,44.0,unknown
169310,"Taro, tahitian, raw",SR Legacy,2.79,0.97,6.91,,44.0,unknown
175069,"Tart, breakfast, low fat",SR Legacy,3.99,5.99,76.8,1.5,372.0,unknown
169828,"Tea, herbal, brewed, Hohoysi (Hopi)",SR Legacy,0.12,0.2,0.0,,2.0,unknown
167620,"Tea, tundra, herb and laborador combination (Alaska Native)",SR Legacy,0.0,0.0,0.2,,1.0,unknown
169811,"Tennis Bread, plain (Apache)",SR Legacy,9.0,1.05,53.26,2.6,258.0,unknown
173470,"Thyme, fresh",SR Legacy,5.56,1.68,24.45,14.0,101.0,unknown
172801,"Toaster pastries, brown-sugar-cinnamon",SR Legacy,4.06,7.98,72.64,2.3,370.0,unknown
172294,"Toddler drink, MEAD JOHNSON, PurAmino Toddler Powder, with ARA and DHA, not reconstituted",SR Legacy,13.9,26.0,55.68,,512.0,unknown
170993,"Toddler formula, MEAD JOHNSON, ENFAGROW PREMIUM (formerly ENFAMIL, LIPIL, NEXT STEP), ready-to-feed",SR Legacy,1.78,3.63,7.18,0.0,64.0,unknown
170992,"Toddler formula, MEAD JOHNSON, ENFAGROW, Toddler Transitions, with ARA and DHA, powder",SR Legacy,12.9,26.9,52.8,0.0,505.0,unknown
173526,"Toddler formula, MEAD JOHNSON, Nutramigen Toddler with LGG Powder, with ARA and DHA, not reconstituted",SR Legacy,12.0,21.0,61.97,,485.0,unknown
168566,"Tomatillos, raw",SR Legacy,0.96,1.02,5.84,1.9,32.0,unknown
167956,"Topping, SMUCKER'S MAGIC SHELL",SR Legacy,2.94,44.1,50.07,2.9,609.0,unknown
169666,"Toppings, nuts in syrup",SR Legacy,4.5,22.0,58.08,2.3,448.0,unknown
168859,"Tortilla chips, low fat, baked without fat",SR Legacy,11.0,5.7,80.2,5.3,448.0,unknown
173143,"Tortilla chips, yellow, plain, salted",SR Legacy,6.62,22.33,67.38,4.7,497.0,unknown
168553,"Tree fern, cooked, with salt",SR Legacy,0.29,0.07,10.78,3.7,40.0,unknown
170464,"Tree fern, cooked, without salt",SR Legacy,0.29,0.07,10.98,3.7,40.0,unknown
169718,Triticale,SR Legacy,13.05,2.09,72.13,,336.0,unknown
167745,"Turtle, green, raw",SR Legacy,19.8,0.5,0.0,0.0,89.0,unknown
168010,"Udi's, Gluten Free, Classic French Dinner Rolls",SR Legacy,7.99,6.4,55.1,3.6,310.0,unknown
167598,"Udi's, Gluten Free, Soft & Delicious White Sandwich Bread",SR Legacy,5.4,8.02,51.15,5.5,298.0,unknown
167600,"Udi's, Gluten Free, Whole Grain Dinner Rolls",SR Legacy,11.8,11.6,44.29,11.2,329.0,unknown
167601,"Van's, Gluten Free, Totally Original Pancakes",SR Legacy,3.31,4.55,40.32,1.5,215.0,unknown
168011,"Van's, Gluten Free, Totally Original Waffles",SR Legacy,2.99,8.22,40.54,,248.0,unknown
173471,Vanilla extract,SR Legacy,0.06,0.06,12.65,0.0,288.0,unknown
172235,"Vanilla extract, imitation, alcohol",SR Legacy,0.05,0.0,2.41,0.0,237.0,unknown
172236,"Vanilla extract, imitation, no alcohol",SR Legacy,0.03,0.0,14.4,0.0,56.0,unknown
169068,Vegetarian fillets,SR Legacy,23.0,18.0,9.0,6.1,290.0,unknown
172241,"Vinegar, balsamic",SR Legacy,0.49,0.0,17.03,,88.0,unknown
173469,"Vinegar, cider",SR Legacy,0.0,0.0,0.93,0.0,21.0,unknown
172237,"Vinegar, distilled",SR Legacy,0.0,0.0,0.04,0.0,18.0,unknown
172240,"Vinegar, red wine",SR Legacy,0.04,0.0,0.27,0.0,19.0,unknown
167519,"Waffle, plain, frozen, ready-to-heat, microwave",SR Legacy,6.71,9.91,45.41,2.4,298.0,unknown
167524,"Waffles, chocolate chip, frozen, ready-to-heat",SR Legacy,5.8,10.1,45.68,1.5,297.0,unknown
174105,"Waffles, gluten-free, frozen, ready-to-heat",SR Legacy,2.72,8.84,43.05,1.4,263.0,unknown
175048,"Waffles, plain, frozen, ready -to-heat, toasted",SR Legacy,7.19,9.61,49.29,2.4,312.0,unknown
175038,"Waffles, plain, frozen, ready-to-heat",SR Legacy,6.47,9.7,42.98,2.2,285.0,unknown
175039,"Waffles, plain, prepared from recipe",SR Legacy,7.9,14.1,32.9,,291.0,unknown
171831,Wasabi,SR Legacy,2.23,10.9,46.13,6.1,292.0,unknown
168583,"Wasabi, root, raw",SR Legacy,4.8,0.63,23.54,7.8,109.0,unknown
170132,"Water convolvulus, cooked, boiled, drained, with salt",SR Legacy,2.08,0.24,3.7,1.9,20.0,unknown
169302,"Water convolvulus, cooked, boiled, drained, without salt",SR Legacy,2.08,0.24,3.7,1.9,20.0,unknown
169301,"Water convolvulus,raw",SR Legacy,2.6,0.2,3.13,2.1,19.0,unknown
174158,"Water, bottled, generic",SR Legacy,0.0,0.0,0.0,0.0,0.0,unknown
173657,"Water, bottled, non-carbonated, NAYA",SR Legacy,0.0,0.0,0.0,,0.0,unknown
170066,"Waterchestnuts, chinese, (matai), raw",SR Legacy,1.4,0.1,23.94,3.0,97.0,unknown
170067,"Waterchestnuts, chinese, canned, solids and liquids",SR Legacy,0.88,0.06,12.3,2.5,50.0,unknown
170068,"Watercress, raw",SR Legacy,2.3,0.1,1.29,0.5,11.0,unknown
170772,"WENDY'S, DAVE'S Hot 'N Juicy 1/4 LB, single",SR Legacy,13.69,15.8,17.73,1.1,268.0,unknown
170726,"WENDY'S, french fries",SR Legacy,3.73,14.1,39.73,4.0,301.0,unknown
170326,"WENDY'S, Frosty Dairy Dessert",SR Legacy,3.49,2.6,23.62,3.3,132.0,unknown
169796,"Whale, beluga, eyes (Alaska Native)",SR Legacy,19.6,23.3,0.0,0.0,291.0,unknown
168979,"Whale, beluga, flipper, raw (Alaska Native)",SR Legacy,19.0,21.7,0.0,0.0,271.0,unknown
167624,"Whale, bowhead, skin and subcutaneous fat (muktuk) (Alaska Native)",SR Legacy,12.6,46.1,0.0,,465.0,unknown
167623,"Whale, bowhead, subcutaneous fat (blubber) (Alaska Native)",SR Legacy,0.4,96.5,0.0,,870.0,unknown
167687,"Whipped topping, frozen, low fat",SR Legacy,3.0,13.1,23.6,0.0,224.0,unknown
173661,"Whiskey sour mix, bottled, with added potassium and sodium",SR Legacy,0.1,0.1,21.4,0.0,84.0,unknown
168035,"Willow, leaves in oil (Alaska Native)",SR Legacy,2.6,61.0,8.1,,592.0,unknown
168036,"Willow, young leaves, chopped (Alaska Native)",SR Legacy,6.1,1.6,20.7,,122.0,unknown
169005,"Wocas, tuber, cooked, Oregon, yellow pond lily (Klamath)",SR Legacy,0.69,0.35,7.06,2.3,34.0,unknown
169401,"Yautia (tannier), raw",SR Legacy,1.46,0.4,23.63,1.5,98.0,unknown
167717,Yeast extract spread,SR Legacy,23.88,0.9,20.42,6.5,185.0,unknown
171372,Zwieback,SR Legacy,10.1,9.7,74.2,2.5,426.0,unknown
